pmt_id,feeder_id,month,injected_energy_kwh,pmt_uptime_pct,avg_temp_c
PMT-0001,F-01,2022-01-01,16893.27,90.04,4.8
PMT-0001,F-01,2022-02-01,20004.06,94.53,11.9
PMT-0001,F-01,2022-03-01,24118.38,85.26,19.6
PMT-0001,F-01,2022-04-01,29236.69,90.36,24.8
PMT-0001,F-01,2022-05-01,31982.88,93.05,30.4
PMT-0001,F-01,2022-06-01,33578.79,89.66,30.7
PMT-0001,F-01,2022-07-01,32206.59,92.01,30.3
PMT-0001,F-01,2022-08-01,28467.5,88.4,25.7
PMT-0001,F-01,2022-09-01,23508.1,89.63,18.2
PMT-0001,F-01,2022-10-01,19370.73,90.89,11.7
PMT-0001,F-01,2022-11-01,16744.79,90.83,4.0
PMT-0001,F-01,2022-12-01,15861.73,86.54,5.1
PMT-0001,F-01,2023-01-01,17764.28,93.09,5.2
PMT-0001,F-01,2023-02-01,19316.62,93.23,10.2
PMT-0001,F-01,2023-03-01,24805.81,94.42,15.4
PMT-0001,F-01,2023-04-01,29004.44,89.51,27.8
PMT-0001,F-01,2023-05-01,30662.87,91.57,31.7
PMT-0001,F-01,2023-06-01,32777.17,96.37,29.9
PMT-0001,F-01,2023-07-01,31555.14,86.75,32.4
PMT-0001,F-01,2023-08-01,26873.61,91.71,27.0
PMT-0001,F-01,2023-09-01,24416.35,91.0,17.0
PMT-0001,F-01,2023-10-01,19962.33,87.73,10.8
PMT-0001,F-01,2023-11-01,16380.08,98.96,5.5
PMT-0001,F-01,2023-12-01,16466.75,91.23,4.2
PMT-0001,F-01,2024-01-01,16905.22,93.46,6.5
PMT-0001,F-01,2024-02-01,20711.92,90.14,11.8
PMT-0001,F-01,2024-03-01,24522.98,94.26,19.5
PMT-0001,F-01,2024-04-01,28766.77,88.23,23.7
PMT-0001,F-01,2024-05-01,30548.57,89.34,31.2
PMT-0001,F-01,2024-06-01,32288.77,94.38,33.9
PMT-0001,F-01,2024-07-01,31708.04,86.11,32.2
PMT-0001,F-01,2024-08-01,28899.56,97.63,25.2
PMT-0001,F-01,2024-09-01,23487.02,86.78,17.0
PMT-0001,F-01,2024-10-01,20349.85,94.45,10.2
PMT-0001,F-01,2024-11-01,16424.04,86.77,5.9
PMT-0001,F-01,2024-12-01,15787.17,92.42,4.6
PMT-0002,F-01,2022-01-01,18261.64,94.71,5.8
PMT-0002,F-01,2022-02-01,20912.04,92.64,10.3
PMT-0002,F-01,2022-03-01,25852.91,97.2,17.4
PMT-0002,F-01,2022-04-01,30254.63,90.25,26.1
PMT-0002,F-01,2022-05-01,34258.28,88.04,31.2
PMT-0002,F-01,2022-06-01,37319.56,92.28,31.8
PMT-0002,F-01,2022-07-01,33696.31,90.94,29.9
PMT-0002,F-01,2022-08-01,32862.87,87.07,24.9
PMT-0002,F-01,2022-09-01,25890.22,94.51,19.1
PMT-0002,F-01,2022-10-01,21770.2,93.8,13.7
PMT-0002,F-01,2022-11-01,17880.97,90.25,5.2
PMT-0002,F-01,2022-12-01,17309.07,90.27,4.3
PMT-0002,F-01,2023-01-01,18745.44,88.2,7.1
PMT-0002,F-01,2023-02-01,22798.57,89.86,13.0
PMT-0002,F-01,2023-03-01,26667.73,87.73,16.9
PMT-0002,F-01,2023-04-01,31752.01,89.06,24.5
PMT-0002,F-01,2023-05-01,31106.98,89.64,30.1
PMT-0002,F-01,2023-06-01,33932.57,92.83,31.7
PMT-0002,F-01,2023-07-01,32823.31,93.06,30.6
PMT-0002,F-01,2023-08-01,29985.03,86.66,26.6
PMT-0002,F-01,2023-09-01,25125.13,89.14,18.3
PMT-0002,F-01,2023-10-01,20649.88,97.67,11.5
PMT-0002,F-01,2023-11-01,18694.44,92.99,6.1
PMT-0002,F-01,2023-12-01,17633.45,91.01,7.0
PMT-0002,F-01,2024-01-01,18222.1,90.2,7.4
PMT-0002,F-01,2024-02-01,23217.92,88.36,9.9
PMT-0002,F-01,2024-03-01,25864.51,90.31,18.8
PMT-0002,F-01,2024-04-01,31471.79,90.28,25.8
PMT-0002,F-01,2024-05-01,34139.3,95.07,29.8
PMT-0002,F-01,2024-06-01,37104.96,88.12,31.3
PMT-0002,F-01,2024-07-01,34588.44,91.08,30.2
PMT-0002,F-01,2024-08-01,31594.42,91.51,24.2
PMT-0002,F-01,2024-09-01,27052.3,90.76,18.1
PMT-0002,F-01,2024-10-01,21990.07,88.23,11.9
PMT-0002,F-01,2024-11-01,18377.8,92.43,2.9
PMT-0002,F-01,2024-12-01,16613.42,88.33,3.0
PMT-0003,F-01,2022-01-01,7707.36,90.98,6.2
PMT-0003,F-01,2022-02-01,8692.36,93.99,11.8
PMT-0003,F-01,2022-03-01,10510.41,88.34,17.0
PMT-0003,F-01,2022-04-01,12579.14,87.42,25.2
PMT-0003,F-01,2022-05-01,14068.5,89.54,29.7
PMT-0003,F-01,2022-06-01,14472.32,92.37,31.3
PMT-0003,F-01,2022-07-01,13709.52,95.22,28.2
PMT-0003,F-01,2022-08-01,12350.72,91.06,25.9
PMT-0003,F-01,2022-09-01,10708.74,94.89,17.9
PMT-0003,F-01,2022-10-01,9257.67,92.92,11.5
PMT-0003,F-01,2022-11-01,7694.96,90.9,6.0
PMT-0003,F-01,2022-12-01,6960.07,91.06,4.8
PMT-0003,F-01,2023-01-01,8288.07,87.32,6.2
PMT-0003,F-01,2023-02-01,8783.39,90.52,10.4
PMT-0003,F-01,2023-03-01,10982.98,88.68,19.0
PMT-0003,F-01,2023-04-01,11763.8,90.0,25.1
PMT-0003,F-01,2023-05-01,13774.74,92.78,29.6
PMT-0003,F-01,2023-06-01,13157.06,91.66,29.5
PMT-0003,F-01,2023-07-01,13577.44,91.76,28.1
PMT-0003,F-01,2023-08-01,12250.89,87.89,26.8
PMT-0003,F-01,2023-09-01,9853.86,94.85,17.0
PMT-0003,F-01,2023-10-01,8540.67,94.13,12.4
PMT-0003,F-01,2023-11-01,7747.75,85.07,3.4
PMT-0003,F-01,2023-12-01,7204.26,91.29,3.3
PMT-0003,F-01,2024-01-01,7511.61,93.34,7.4
PMT-0003,F-01,2024-02-01,8870.38,87.62,9.4
PMT-0003,F-01,2024-03-01,10760.58,97.71,19.0
PMT-0003,F-01,2024-04-01,13124.58,96.0,25.5
PMT-0003,F-01,2024-05-01,13314.07,92.45,28.3
PMT-0003,F-01,2024-06-01,13627.75,89.53,33.5
PMT-0003,F-01,2024-07-01,13222.58,87.26,30.9
PMT-0003,F-01,2024-08-01,11263.85,94.54,27.5
PMT-0003,F-01,2024-09-01,10579.9,88.29,17.6
PMT-0003,F-01,2024-10-01,8207.39,89.45,10.8
PMT-0003,F-01,2024-11-01,7670.18,93.88,6.0
PMT-0003,F-01,2024-12-01,6668.84,87.03,4.1
PMT-0004,F-01,2022-01-01,6369.71,89.06,4.6
PMT-0004,F-01,2022-02-01,7150.38,96.41,11.2
PMT-0004,F-01,2022-03-01,8594.07,90.52,17.6
PMT-0004,F-01,2022-04-01,9846.87,85.03,23.7
PMT-0004,F-01,2022-05-01,10793.44,90.23,29.8
PMT-0004,F-01,2022-06-01,11820.18,92.2,33.8
PMT-0004,F-01,2022-07-01,10752.65,91.99,29.6
PMT-0004,F-01,2022-08-01,10516.31,87.91,27.8
PMT-0004,F-01,2022-09-01,8382.66,86.09,17.8
PMT-0004,F-01,2022-10-01,7200.02,87.04,11.3
PMT-0004,F-01,2022-11-01,6216.17,92.77,5.9
PMT-0004,F-01,2022-12-01,5582.74,92.82,2.9
PMT-0004,F-01,2023-01-01,6268.09,92.71,5.3
PMT-0004,F-01,2023-02-01,7146.31,91.91,11.7
PMT-0004,F-01,2023-03-01,8275.82,96.38,17.1
PMT-0004,F-01,2023-04-01,9764.09,91.79,26.3
PMT-0004,F-01,2023-05-01,11192.91,96.07,30.1
PMT-0004,F-01,2023-06-01,11074.96,96.42,32.4
PMT-0004,F-01,2023-07-01,10565.94,91.01,29.6
PMT-0004,F-01,2023-08-01,9853.35,93.49,26.6
PMT-0004,F-01,2023-09-01,8259.24,91.21,16.4
PMT-0004,F-01,2023-10-01,6919.31,88.36,10.1
PMT-0004,F-01,2023-11-01,6021.91,93.25,5.7
PMT-0004,F-01,2023-12-01,5309.57,87.46,4.3
PMT-0004,F-01,2024-01-01,5585.0,92.45,5.2
PMT-0004,F-01,2024-02-01,6586.69,91.87,9.8
PMT-0004,F-01,2024-03-01,8818.26,87.26,19.3
PMT-0004,F-01,2024-04-01,9787.54,87.98,23.9
PMT-0004,F-01,2024-05-01,10328.96,91.95,30.4
PMT-0004,F-01,2024-06-01,10892.35,95.66,32.6
PMT-0004,F-01,2024-07-01,10924.17,95.66,29.2
PMT-0004,F-01,2024-08-01,9841.06,93.25,25.0
PMT-0004,F-01,2024-09-01,8543.38,90.85,15.9
PMT-0004,F-01,2024-10-01,7002.94,89.1,11.0
PMT-0004,F-01,2024-11-01,6049.27,93.04,5.9
PMT-0004,F-01,2024-12-01,5518.07,92.35,4.2
PMT-0005,F-01,2022-01-01,7780.11,87.17,6.4
PMT-0005,F-01,2022-02-01,8891.35,90.01,12.7
PMT-0005,F-01,2022-03-01,11378.18,92.03,17.7
PMT-0005,F-01,2022-04-01,12985.19,89.83,25.6
PMT-0005,F-01,2022-05-01,13424.85,93.2,29.1
PMT-0005,F-01,2022-06-01,14490.67,90.42,32.0
PMT-0005,F-01,2022-07-01,13833.04,84.29,31.1
PMT-0005,F-01,2022-08-01,13367.8,87.11,24.8
PMT-0005,F-01,2022-09-01,10791.34,89.57,19.2
PMT-0005,F-01,2022-10-01,9122.77,93.67,10.9
PMT-0005,F-01,2022-11-01,7952.38,92.57,7.5
PMT-0005,F-01,2022-12-01,7447.44,91.53,6.0
PMT-0005,F-01,2023-01-01,8141.46,82.6,7.2
PMT-0005,F-01,2023-02-01,9718.89,89.58,10.1
PMT-0005,F-01,2023-03-01,10863.9,84.64,16.5
PMT-0005,F-01,2023-04-01,13545.7,87.58,25.7
PMT-0005,F-01,2023-05-01,14539.43,90.08,31.0
PMT-0005,F-01,2023-06-01,14408.96,88.63,31.6
PMT-0005,F-01,2023-07-01,14079.05,87.79,30.7
PMT-0005,F-01,2023-08-01,12867.3,90.14,25.8
PMT-0005,F-01,2023-09-01,10546.89,94.95,17.4
PMT-0005,F-01,2023-10-01,8926.91,96.1,10.9
PMT-0005,F-01,2023-11-01,8165.49,88.95,4.5
PMT-0005,F-01,2023-12-01,7579.89,91.0,5.5
PMT-0005,F-01,2024-01-01,7964.92,88.83,6.5
PMT-0005,F-01,2024-02-01,8790.71,87.65,10.0
PMT-0005,F-01,2024-03-01,11104.22,90.46,20.1
PMT-0005,F-01,2024-04-01,12821.97,89.9,24.2
PMT-0005,F-01,2024-05-01,14345.62,87.3,30.0
PMT-0005,F-01,2024-06-01,13969.63,90.98,32.3
PMT-0005,F-01,2024-07-01,14705.05,91.43,30.2
PMT-0005,F-01,2024-08-01,12844.9,85.73,27.3
PMT-0005,F-01,2024-09-01,9854.05,90.75,19.4
PMT-0005,F-01,2024-10-01,9244.48,88.2,14.4
PMT-0005,F-01,2024-11-01,7812.35,86.79,6.4
PMT-0005,F-01,2024-12-01,7335.52,93.36,5.0
PMT-0006,F-01,2022-01-01,13720.47,87.16,6.4
PMT-0006,F-01,2022-02-01,16243.95,91.68,10.5
PMT-0006,F-01,2022-03-01,19181.99,93.29,17.5
PMT-0006,F-01,2022-04-01,23178.52,92.82,26.4
PMT-0006,F-01,2022-05-01,24746.46,94.51,32.0
PMT-0006,F-01,2022-06-01,25128.22,89.41,31.7
PMT-0006,F-01,2022-07-01,24499.61,92.75,30.3
PMT-0006,F-01,2022-08-01,22447.53,91.89,25.3
PMT-0006,F-01,2022-09-01,18490.06,95.99,17.4
PMT-0006,F-01,2022-10-01,16236.66,91.47,10.4
PMT-0006,F-01,2022-11-01,13574.7,91.99,5.9
PMT-0006,F-01,2022-12-01,13033.92,93.32,4.9
PMT-0006,F-01,2023-01-01,13217.31,94.21,7.2
PMT-0006,F-01,2023-02-01,16053.58,89.54,9.8
PMT-0006,F-01,2023-03-01,19925.65,91.05,15.5
PMT-0006,F-01,2023-04-01,22984.22,89.59,23.0
PMT-0006,F-01,2023-05-01,25113.17,89.21,31.3
PMT-0006,F-01,2023-06-01,26230.97,95.8,30.9
PMT-0006,F-01,2023-07-01,25782.23,87.66,30.0
PMT-0006,F-01,2023-08-01,22456.66,86.84,23.8
PMT-0006,F-01,2023-09-01,19261.84,90.43,18.7
PMT-0006,F-01,2023-10-01,16034.45,92.56,7.8
PMT-0006,F-01,2023-11-01,13593.1,90.42,5.9
PMT-0006,F-01,2023-12-01,13091.88,95.33,3.4
PMT-0006,F-01,2024-01-01,13210.33,92.1,5.3
PMT-0006,F-01,2024-02-01,15792.59,87.91,12.0
PMT-0006,F-01,2024-03-01,19539.44,89.02,18.6
PMT-0006,F-01,2024-04-01,23688.49,93.6,25.8
PMT-0006,F-01,2024-05-01,25113.06,88.42,28.9
PMT-0006,F-01,2024-06-01,25097.3,90.6,32.7
PMT-0006,F-01,2024-07-01,24452.57,89.66,30.5
PMT-0006,F-01,2024-08-01,23035.88,92.97,26.4
PMT-0006,F-01,2024-09-01,19185.53,89.57,17.3
PMT-0006,F-01,2024-10-01,15749.77,89.88,10.3
PMT-0006,F-01,2024-11-01,13128.92,93.29,5.6
PMT-0006,F-01,2024-12-01,12344.2,89.51,0.7
PMT-0007,F-01,2022-01-01,8189.89,93.28,5.3
PMT-0007,F-01,2022-02-01,9762.97,89.24,11.0
PMT-0007,F-01,2022-03-01,12264.46,90.36,16.5
PMT-0007,F-01,2022-04-01,13391.84,89.19,23.5
PMT-0007,F-01,2022-05-01,14664.02,87.98,29.8
PMT-0007,F-01,2022-06-01,15468.5,93.86,33.4
PMT-0007,F-01,2022-07-01,14815.97,87.32,28.8
PMT-0007,F-01,2022-08-01,13345.08,92.52,25.2
PMT-0007,F-01,2022-09-01,11636.39,88.59,19.6
PMT-0007,F-01,2022-10-01,9540.1,89.17,10.4
PMT-0007,F-01,2022-11-01,8438.75,85.73,8.3
PMT-0007,F-01,2022-12-01,7935.78,93.31,3.5
PMT-0007,F-01,2023-01-01,8681.23,92.91,6.2
PMT-0007,F-01,2023-02-01,9962.83,88.9,10.7
PMT-0007,F-01,2023-03-01,11794.94,91.85,19.8
PMT-0007,F-01,2023-04-01,13363.66,94.74,26.1
PMT-0007,F-01,2023-05-01,14949.13,88.54,28.7
PMT-0007,F-01,2023-06-01,15457.9,92.8,33.9
PMT-0007,F-01,2023-07-01,15031.15,89.42,32.6
PMT-0007,F-01,2023-08-01,13683.16,97.78,24.8
PMT-0007,F-01,2023-09-01,11882.38,88.27,17.1
PMT-0007,F-01,2023-10-01,9889.1,88.25,11.6
PMT-0007,F-01,2023-11-01,8411.14,93.78,7.7
PMT-0007,F-01,2023-12-01,7992.71,91.9,3.4
PMT-0007,F-01,2024-01-01,8521.36,84.69,5.2
PMT-0007,F-01,2024-02-01,9945.06,90.61,11.0
PMT-0007,F-01,2024-03-01,12114.18,91.27,19.6
PMT-0007,F-01,2024-04-01,13748.77,88.94,24.8
PMT-0007,F-01,2024-05-01,14944.36,91.67,30.5
PMT-0007,F-01,2024-06-01,15564.64,92.3,32.1
PMT-0007,F-01,2024-07-01,14751.54,91.25,31.0
PMT-0007,F-01,2024-08-01,13776.64,88.28,25.8
PMT-0007,F-01,2024-09-01,11773.33,89.73,17.4
PMT-0007,F-01,2024-10-01,9616.8,86.48,11.0
PMT-0007,F-01,2024-11-01,8464.63,89.98,6.0
PMT-0007,F-01,2024-12-01,7850.19,88.47,3.7
PMT-0008,F-01,2022-01-01,8268.8,87.58,7.6
PMT-0008,F-01,2022-02-01,9672.63,94.26,12.2
PMT-0008,F-01,2022-03-01,11563.2,93.28,18.1
PMT-0008,F-01,2022-04-01,12812.04,83.13,24.6
PMT-0008,F-01,2022-05-01,14834.55,92.08,32.5
PMT-0008,F-01,2022-06-01,14878.51,99.14,30.9
PMT-0008,F-01,2022-07-01,14596.05,89.76,29.5
PMT-0008,F-01,2022-08-01,13295.0,91.36,23.7
PMT-0008,F-01,2022-09-01,11024.38,90.32,17.6
PMT-0008,F-01,2022-10-01,9405.27,91.54,12.1
PMT-0008,F-01,2022-11-01,8377.05,90.8,5.5
PMT-0008,F-01,2022-12-01,7745.25,89.35,5.7
PMT-0008,F-01,2023-01-01,8531.42,90.7,6.8
PMT-0008,F-01,2023-02-01,9967.47,87.42,13.3
PMT-0008,F-01,2023-03-01,11774.73,90.21,16.8
PMT-0008,F-01,2023-04-01,12986.52,88.62,26.1
PMT-0008,F-01,2023-05-01,14080.52,88.73,29.9
PMT-0008,F-01,2023-06-01,14307.89,95.57,33.7
PMT-0008,F-01,2023-07-01,14413.76,83.39,30.0
PMT-0008,F-01,2023-08-01,12466.06,92.12,25.3
PMT-0008,F-01,2023-09-01,10901.96,89.8,15.8
PMT-0008,F-01,2023-10-01,9523.45,91.53,11.2
PMT-0008,F-01,2023-11-01,7914.15,90.35,3.6
PMT-0008,F-01,2023-12-01,8046.8,91.51,5.0
PMT-0008,F-01,2024-01-01,8222.32,88.82,5.3
PMT-0008,F-01,2024-02-01,9973.22,85.16,10.1
PMT-0008,F-01,2024-03-01,11277.76,92.33,19.6
PMT-0008,F-01,2024-04-01,13352.63,87.63,24.8
PMT-0008,F-01,2024-05-01,14177.91,83.89,29.0
PMT-0008,F-01,2024-06-01,14158.41,89.7,31.3
PMT-0008,F-01,2024-07-01,14863.09,90.43,32.1
PMT-0008,F-01,2024-08-01,13084.97,92.44,25.8
PMT-0008,F-01,2024-09-01,11111.69,88.53,19.5
PMT-0008,F-01,2024-10-01,9362.63,93.37,10.3
PMT-0008,F-01,2024-11-01,8224.09,91.29,7.2
PMT-0008,F-01,2024-12-01,7896.87,88.14,4.6
PMT-0009,F-01,2022-01-01,10277.62,89.06,3.9
PMT-0009,F-01,2022-02-01,13289.12,90.17,12.0
PMT-0009,F-01,2022-03-01,13525.04,91.11,17.7
PMT-0009,F-01,2022-04-01,17899.05,91.16,26.5
PMT-0009,F-01,2022-05-01,19329.66,92.24,30.6
PMT-0009,F-01,2022-06-01,19205.5,83.52,34.0
PMT-0009,F-01,2022-07-01,20248.44,89.48,28.3
PMT-0009,F-01,2022-08-01,16910.24,85.66,25.2
PMT-0009,F-01,2022-09-01,15307.15,89.09,17.6
PMT-0009,F-01,2022-10-01,11558.3,89.61,8.2
PMT-0009,F-01,2022-11-01,11575.94,84.89,4.0
PMT-0009,F-01,2022-12-01,7912.37,89.5,2.3
PMT-0009,F-01,2023-01-01,10120.65,98.12,4.3
PMT-0009,F-01,2023-02-01,13838.73,91.76,10.7
PMT-0009,F-01,2023-03-01,14768.13,93.14,18.9
PMT-0009,F-01,2023-04-01,17558.27,89.77,23.9
PMT-0009,F-01,2023-05-01,18324.28,88.78,29.5
PMT-0009,F-01,2023-06-01,18394.95,89.43,32.0
PMT-0009,F-01,2023-07-01,18773.19,83.57,29.7
PMT-0009,F-01,2023-08-01,19712.69,94.24,26.2
PMT-0009,F-01,2023-09-01,17072.15,89.05,17.6
PMT-0009,F-01,2023-10-01,12591.49,85.62,9.8
PMT-0009,F-01,2023-11-01,11232.88,92.6,7.3
PMT-0009,F-01,2023-12-01,10622.43,91.0,4.3
PMT-0009,F-01,2024-01-01,10675.23,96.12,5.7
PMT-0009,F-01,2024-02-01,12757.14,93.72,10.9
PMT-0009,F-01,2024-03-01,13418.18,91.66,19.0
PMT-0009,F-01,2024-04-01,18047.01,92.7,24.3
PMT-0009,F-01,2024-05-01,19460.89,87.6,29.1
PMT-0009,F-01,2024-06-01,17715.74,92.22,32.3
PMT-0009,F-01,2024-07-01,20626.0,92.66,27.2
PMT-0009,F-01,2024-08-01,19137.19,89.2,23.7
PMT-0009,F-01,2024-09-01,14628.41,87.74,17.4
PMT-0009,F-01,2024-10-01,12052.22,91.48,10.3
PMT-0009,F-01,2024-11-01,8740.91,91.75,5.5
PMT-0009,F-01,2024-12-01,8914.87,86.16,4.1
PMT-0010,F-01,2022-01-01,3218.47,90.15,7.8
PMT-0010,F-01,2022-02-01,3905.93,90.87,10.0
PMT-0010,F-01,2022-03-01,4632.15,86.32,19.3
PMT-0010,F-01,2022-04-01,5368.32,85.14,27.3
PMT-0010,F-01,2022-05-01,5861.4,89.52,29.8
PMT-0010,F-01,2022-06-01,6083.26,94.24,31.8
PMT-0010,F-01,2022-07-01,5856.6,90.09,29.7
PMT-0010,F-01,2022-08-01,5471.44,92.97,24.1
PMT-0010,F-01,2022-09-01,4291.88,89.51,18.0
PMT-0010,F-01,2022-10-01,3750.28,92.6,11.6
PMT-0010,F-01,2022-11-01,3326.51,90.95,8.4
PMT-0010,F-01,2022-12-01,3050.15,86.23,5.1
PMT-0010,F-01,2023-01-01,3366.95,85.71,5.1
PMT-0010,F-01,2023-02-01,3837.04,87.96,10.1
PMT-0010,F-01,2023-03-01,4625.28,93.04,18.2
PMT-0010,F-01,2023-04-01,5554.05,93.41,24.3
PMT-0010,F-01,2023-05-01,5707.72,92.08,29.1
PMT-0010,F-01,2023-06-01,6216.08,88.86,34.2
PMT-0010,F-01,2023-07-01,6036.15,93.92,30.1
PMT-0010,F-01,2023-08-01,5265.73,90.99,23.9
PMT-0010,F-01,2023-09-01,4637.79,90.44,18.7
PMT-0010,F-01,2023-10-01,3700.45,93.91,11.5
PMT-0010,F-01,2023-11-01,3238.84,88.81,5.4
PMT-0010,F-01,2023-12-01,2804.16,88.62,4.0
PMT-0010,F-01,2024-01-01,3192.24,96.01,4.2
PMT-0010,F-01,2024-02-01,3819.78,88.33,11.1
PMT-0010,F-01,2024-03-01,4769.68,90.25,19.0
PMT-0010,F-01,2024-04-01,5707.34,88.15,25.9
PMT-0010,F-01,2024-05-01,5724.91,91.66,28.1
PMT-0010,F-01,2024-06-01,6049.41,90.25,31.6
PMT-0010,F-01,2024-07-01,5816.98,86.56,32.6
PMT-0010,F-01,2024-08-01,5303.31,93.19,24.6
PMT-0010,F-01,2024-09-01,4482.8,92.71,17.7
PMT-0010,F-01,2024-10-01,3716.84,91.24,12.0
PMT-0010,F-01,2024-11-01,3112.61,89.04,3.7
PMT-0010,F-01,2024-12-01,3064.94,87.21,4.3
PMT-0011,F-02,2022-01-01,28731.62,100.0,5.1
PMT-0011,F-02,2022-02-01,33362.3,96.54,12.3
PMT-0011,F-02,2022-03-01,41549.45,98.53,14.2
PMT-0011,F-02,2022-04-01,43489.6,91.31,24.8
PMT-0011,F-02,2022-05-01,51625.44,100.0,30.9
PMT-0011,F-02,2022-06-01,56438.45,100.0,33.0
PMT-0011,F-02,2022-07-01,54466.48,95.56,31.8
PMT-0011,F-02,2022-08-01,47913.22,96.95,27.0
PMT-0011,F-02,2022-09-01,40802.08,98.57,18.6
PMT-0011,F-02,2022-10-01,33910.42,100.0,11.1
PMT-0011,F-02,2022-11-01,27208.74,98.78,5.3
PMT-0011,F-02,2022-12-01,25594.49,97.6,3.7
PMT-0011,F-02,2023-01-01,28389.54,96.89,6.5
PMT-0011,F-02,2023-02-01,34063.02,100.0,12.6
PMT-0011,F-02,2023-03-01,40059.58,95.18,16.4
PMT-0011,F-02,2023-04-01,46551.25,100.0,27.3
PMT-0011,F-02,2023-05-01,53448.33,94.26,28.7
PMT-0011,F-02,2023-06-01,52874.24,97.47,30.8
PMT-0011,F-02,2023-07-01,50937.57,97.06,31.1
PMT-0011,F-02,2023-08-01,46744.43,100.0,22.3
PMT-0011,F-02,2023-09-01,38872.28,98.6,18.0
PMT-0011,F-02,2023-10-01,32343.16,100.0,10.6
PMT-0011,F-02,2023-11-01,26370.77,100.0,6.7
PMT-0011,F-02,2023-12-01,25617.37,100.0,4.7
PMT-0011,F-02,2024-01-01,28132.35,100.0,7.5
PMT-0011,F-02,2024-02-01,31937.93,100.0,10.0
PMT-0011,F-02,2024-03-01,39223.17,97.41,18.9
PMT-0011,F-02,2024-04-01,45636.28,96.51,25.7
PMT-0011,F-02,2024-05-01,51531.05,100.0,32.1
PMT-0011,F-02,2024-06-01,54015.33,100.0,33.0
PMT-0011,F-02,2024-07-01,51157.28,100.0,29.5
PMT-0011,F-02,2024-08-01,44953.9,95.53,25.0
PMT-0011,F-02,2024-09-01,38497.09,97.47,17.3
PMT-0011,F-02,2024-10-01,31484.4,100.0,11.8
PMT-0011,F-02,2024-11-01,25064.3,100.0,4.1
PMT-0011,F-02,2024-12-01,26671.94,97.77,2.1
PMT-0012,F-02,2022-01-01,11387.59,97.79,5.5
PMT-0012,F-02,2022-02-01,14236.2,100.0,10.3
PMT-0012,F-02,2022-03-01,16746.22,100.0,17.2
PMT-0012,F-02,2022-04-01,17310.94,100.0,24.6
PMT-0012,F-02,2022-05-01,21343.05,97.82,29.5
PMT-0012,F-02,2022-06-01,21825.77,99.13,32.4
PMT-0012,F-02,2022-07-01,20306.23,99.52,30.0
PMT-0012,F-02,2022-08-01,17324.09,99.44,23.9
PMT-0012,F-02,2022-09-01,15803.66,100.0,17.5
PMT-0012,F-02,2022-10-01,13014.97,97.96,10.2
PMT-0012,F-02,2022-11-01,11685.26,97.9,5.4
PMT-0012,F-02,2022-12-01,10979.1,99.1,4.4
PMT-0012,F-02,2023-01-01,12375.66,94.2,7.5
PMT-0012,F-02,2023-02-01,14467.0,96.33,10.7
PMT-0012,F-02,2023-03-01,18467.91,97.52,18.9
PMT-0012,F-02,2023-04-01,18412.36,99.23,25.9
PMT-0012,F-02,2023-05-01,21906.91,98.26,31.6
PMT-0012,F-02,2023-06-01,19863.99,100.0,33.1
PMT-0012,F-02,2023-07-01,20363.58,100.0,30.4
PMT-0012,F-02,2023-08-01,18371.85,99.7,25.1
PMT-0012,F-02,2023-09-01,15762.11,100.0,17.8
PMT-0012,F-02,2023-10-01,13967.83,95.11,10.1
PMT-0012,F-02,2023-11-01,11487.51,98.31,4.5
PMT-0012,F-02,2023-12-01,10412.39,100.0,1.8
PMT-0012,F-02,2024-01-01,12617.13,100.0,8.2
PMT-0012,F-02,2024-02-01,14074.36,100.0,11.4
PMT-0012,F-02,2024-03-01,15798.97,97.45,16.9
PMT-0012,F-02,2024-04-01,19755.0,98.2,25.1
PMT-0012,F-02,2024-05-01,20565.01,100.0,30.9
PMT-0012,F-02,2024-06-01,20241.75,98.94,32.3
PMT-0012,F-02,2024-07-01,21609.52,99.38,28.7
PMT-0012,F-02,2024-08-01,17847.97,98.5,23.3
PMT-0012,F-02,2024-09-01,15509.92,99.63,17.9
PMT-0012,F-02,2024-10-01,13734.27,97.86,13.0
PMT-0012,F-02,2024-11-01,11664.86,100.0,4.9
PMT-0012,F-02,2024-12-01,11304.3,100.0,2.8
PMT-0013,F-02,2022-01-01,10301.89,100.0,6.1
PMT-0013,F-02,2022-02-01,11946.05,95.89,11.4
PMT-0013,F-02,2022-03-01,14332.85,100.0,19.4
PMT-0013,F-02,2022-04-01,17594.39,100.0,25.2
PMT-0013,F-02,2022-05-01,19857.09,93.55,28.2
PMT-0013,F-02,2022-06-01,19477.84,95.74,32.5
PMT-0013,F-02,2022-07-01,20129.79,95.28,33.2
PMT-0013,F-02,2022-08-01,17088.62,100.0,24.0
PMT-0013,F-02,2022-09-01,14823.85,100.0,18.1
PMT-0013,F-02,2022-10-01,12278.49,97.22,13.4
PMT-0013,F-02,2022-11-01,11149.56,100.0,7.2
PMT-0013,F-02,2022-12-01,10242.53,100.0,1.7
PMT-0013,F-02,2023-01-01,11362.47,100.0,6.2
PMT-0013,F-02,2023-02-01,12159.15,95.48,9.1
PMT-0013,F-02,2023-03-01,15777.22,96.4,18.0
PMT-0013,F-02,2023-04-01,17171.4,99.79,25.4
PMT-0013,F-02,2023-05-01,19371.59,98.59,29.9
PMT-0013,F-02,2023-06-01,20012.55,96.09,30.5
PMT-0013,F-02,2023-07-01,19897.4,100.0,32.0
PMT-0013,F-02,2023-08-01,17210.45,100.0,26.2
PMT-0013,F-02,2023-09-01,15050.28,98.59,19.0
PMT-0013,F-02,2023-10-01,12405.7,99.59,10.7
PMT-0013,F-02,2023-11-01,11029.06,100.0,5.0
PMT-0013,F-02,2023-12-01,10163.45,96.81,4.3
PMT-0013,F-02,2024-01-01,10878.61,96.96,6.7
PMT-0013,F-02,2024-02-01,12321.51,100.0,9.9
PMT-0013,F-02,2024-03-01,15252.06,99.99,18.3
PMT-0013,F-02,2024-04-01,18219.15,100.0,26.1
PMT-0013,F-02,2024-05-01,19764.06,96.58,31.3
PMT-0013,F-02,2024-06-01,19191.93,98.35,32.7
PMT-0013,F-02,2024-07-01,19329.39,98.33,29.3
PMT-0013,F-02,2024-08-01,16101.24,97.99,22.9
PMT-0013,F-02,2024-09-01,14763.65,100.0,18.3
PMT-0013,F-02,2024-10-01,12489.67,100.0,10.9
PMT-0013,F-02,2024-11-01,10831.09,98.8,7.2
PMT-0013,F-02,2024-12-01,10443.19,95.84,4.7
PMT-0014,F-02,2022-01-01,5585.79,94.0,5.9
PMT-0014,F-02,2022-02-01,6742.55,100.0,12.2
PMT-0014,F-02,2022-03-01,7536.58,100.0,19.3
PMT-0014,F-02,2022-04-01,8535.28,100.0,24.9
PMT-0014,F-02,2022-05-01,9219.44,100.0,29.9
PMT-0014,F-02,2022-06-01,9735.29,100.0,34.8
PMT-0014,F-02,2022-07-01,9239.71,100.0,29.1
PMT-0014,F-02,2022-08-01,8531.58,96.25,25.7
PMT-0014,F-02,2022-09-01,7098.83,100.0,19.0
PMT-0014,F-02,2022-10-01,6365.49,100.0,11.2
PMT-0014,F-02,2022-11-01,5279.76,97.44,5.2
PMT-0014,F-02,2022-12-01,5206.04,100.0,2.1
PMT-0014,F-02,2023-01-01,5577.07,100.0,5.5
PMT-0014,F-02,2023-02-01,6532.31,97.37,11.8
PMT-0014,F-02,2023-03-01,7693.07,100.0,17.1
PMT-0014,F-02,2023-04-01,8621.04,100.0,25.4
PMT-0014,F-02,2023-05-01,9640.57,100.0,29.0
PMT-0014,F-02,2023-06-01,9814.74,98.17,31.4
PMT-0014,F-02,2023-07-01,9583.01,95.72,32.1
PMT-0014,F-02,2023-08-01,8454.36,95.59,24.0
PMT-0014,F-02,2023-09-01,7203.2,96.47,17.5
PMT-0014,F-02,2023-10-01,6269.6,97.92,13.7
PMT-0014,F-02,2023-11-01,5232.88,99.47,3.9
PMT-0014,F-02,2023-12-01,5155.64,100.0,3.4
PMT-0014,F-02,2024-01-01,5605.93,99.0,6.2
PMT-0014,F-02,2024-02-01,6499.75,97.67,12.8
PMT-0014,F-02,2024-03-01,7651.96,99.0,16.3
PMT-0014,F-02,2024-04-01,8637.79,100.0,26.3
PMT-0014,F-02,2024-05-01,9317.46,100.0,30.2
PMT-0014,F-02,2024-06-01,9693.62,100.0,32.1
PMT-0014,F-02,2024-07-01,9364.14,98.76,29.1
PMT-0014,F-02,2024-08-01,8665.44,100.0,24.2
PMT-0014,F-02,2024-09-01,7160.66,100.0,17.7
PMT-0014,F-02,2024-10-01,5874.93,100.0,11.8
PMT-0014,F-02,2024-11-01,5220.62,95.81,4.1
PMT-0014,F-02,2024-12-01,5126.21,99.79,1.4
PMT-0015,F-02,2022-01-01,13097.35,99.38,3.6
PMT-0015,F-02,2022-02-01,14779.39,100.0,9.4
PMT-0015,F-02,2022-03-01,17942.43,97.51,20.8
PMT-0015,F-02,2022-04-01,20342.25,100.0,25.7
PMT-0015,F-02,2022-05-01,21110.91,100.0,31.1
PMT-0015,F-02,2022-06-01,19736.66,99.33,31.3
PMT-0015,F-02,2022-07-01,20291.12,99.37,29.7
PMT-0015,F-02,2022-08-01,17567.07,100.0,25.8
PMT-0015,F-02,2022-09-01,14769.01,95.95,18.8
PMT-0015,F-02,2022-10-01,12679.86,98.31,11.0
PMT-0015,F-02,2022-11-01,11487.09,100.0,7.6
PMT-0015,F-02,2022-12-01,11677.17,99.16,5.9
PMT-0015,F-02,2023-01-01,12974.32,100.0,6.2
PMT-0015,F-02,2023-02-01,14993.18,95.58,8.9
PMT-0015,F-02,2023-03-01,16708.97,100.0,17.4
PMT-0015,F-02,2023-04-01,18918.98,97.87,25.3
PMT-0015,F-02,2023-05-01,20703.32,98.44,31.8
PMT-0015,F-02,2023-06-01,21459.93,100.0,31.8
PMT-0015,F-02,2023-07-01,19096.84,100.0,31.3
PMT-0015,F-02,2023-08-01,16846.83,100.0,25.6
PMT-0015,F-02,2023-09-01,15161.52,100.0,20.0
PMT-0015,F-02,2023-10-01,12992.46,100.0,10.5
PMT-0015,F-02,2023-11-01,12466.31,98.68,5.7
PMT-0015,F-02,2023-12-01,11376.51,98.8,6.2
PMT-0015,F-02,2024-01-01,12815.12,92.02,4.5
PMT-0015,F-02,2024-02-01,14713.58,100.0,9.1
PMT-0015,F-02,2024-03-01,17816.35,95.34,18.5
PMT-0015,F-02,2024-04-01,20184.55,99.89,24.5
PMT-0015,F-02,2024-05-01,20605.52,98.51,29.6
PMT-0015,F-02,2024-06-01,20719.74,100.0,32.1
PMT-0015,F-02,2024-07-01,20884.88,99.89,30.2
PMT-0015,F-02,2024-08-01,18630.08,100.0,25.7
PMT-0015,F-02,2024-09-01,14777.2,96.46,17.7
PMT-0015,F-02,2024-10-01,13855.41,100.0,10.9
PMT-0015,F-02,2024-11-01,12276.75,97.69,4.7
PMT-0015,F-02,2024-12-01,11877.94,99.47,3.3
PMT-0016,F-02,2022-01-01,11014.75,94.83,5.2
PMT-0016,F-02,2022-02-01,12618.66,100.0,10.6
PMT-0016,F-02,2022-03-01,15514.37,100.0,16.2
PMT-0016,F-02,2022-04-01,18153.83,98.84,23.8
PMT-0016,F-02,2022-05-01,20645.71,100.0,31.9
PMT-0016,F-02,2022-06-01,21051.91,96.22,32.2
PMT-0016,F-02,2022-07-01,20422.19,99.82,30.3
PMT-0016,F-02,2022-08-01,18156.89,96.12,27.2
PMT-0016,F-02,2022-09-01,15274.91,98.14,17.6
PMT-0016,F-02,2022-10-01,13159.93,94.05,12.0
PMT-0016,F-02,2022-11-01,11271.24,97.28,6.7
PMT-0016,F-02,2022-12-01,10699.61,93.84,6.6
PMT-0016,F-02,2023-01-01,11009.34,100.0,4.7
PMT-0016,F-02,2023-02-01,11940.61,97.81,11.9
PMT-0016,F-02,2023-03-01,15440.73,100.0,17.2
PMT-0016,F-02,2023-04-01,18480.39,100.0,25.5
PMT-0016,F-02,2023-05-01,20135.55,97.86,29.9
PMT-0016,F-02,2023-06-01,21444.69,100.0,31.4
PMT-0016,F-02,2023-07-01,19233.91,100.0,30.7
PMT-0016,F-02,2023-08-01,18436.35,100.0,27.5
PMT-0016,F-02,2023-09-01,14104.79,98.0,18.4
PMT-0016,F-02,2023-10-01,12716.47,100.0,10.6
PMT-0016,F-02,2023-11-01,10781.17,100.0,7.0
PMT-0016,F-02,2023-12-01,10250.95,98.21,5.1
PMT-0016,F-02,2024-01-01,11256.37,99.7,4.4
PMT-0016,F-02,2024-02-01,12858.07,100.0,10.6
PMT-0016,F-02,2024-03-01,15462.88,99.57,16.1
PMT-0016,F-02,2024-04-01,17587.86,98.16,24.6
PMT-0016,F-02,2024-05-01,19792.25,100.0,29.5
PMT-0016,F-02,2024-06-01,21157.47,97.67,31.6
PMT-0016,F-02,2024-07-01,19579.51,99.42,32.0
PMT-0016,F-02,2024-08-01,18465.17,93.01,23.8
PMT-0016,F-02,2024-09-01,15060.74,94.95,17.5
PMT-0016,F-02,2024-10-01,13181.62,98.98,9.9
PMT-0016,F-02,2024-11-01,10261.8,100.0,5.6
PMT-0016,F-02,2024-12-01,10391.11,100.0,4.3
PMT-0017,F-02,2022-01-01,7371.84,100.0,4.2
PMT-0017,F-02,2022-02-01,8575.3,100.0,13.5
PMT-0017,F-02,2022-03-01,10414.57,100.0,16.9
PMT-0017,F-02,2022-04-01,11846.63,100.0,24.3
PMT-0017,F-02,2022-05-01,13306.07,97.65,31.0
PMT-0017,F-02,2022-06-01,12870.73,98.82,31.5
PMT-0017,F-02,2022-07-01,13342.53,99.45,30.8
PMT-0017,F-02,2022-08-01,11746.92,100.0,25.8
PMT-0017,F-02,2022-09-01,9267.7,96.68,18.2
PMT-0017,F-02,2022-10-01,8851.75,100.0,12.3
PMT-0017,F-02,2022-11-01,6934.37,99.0,4.4
PMT-0017,F-02,2022-12-01,6948.74,97.96,1.0
PMT-0017,F-02,2023-01-01,7263.75,98.15,7.0
PMT-0017,F-02,2023-02-01,8782.15,100.0,11.0
PMT-0017,F-02,2023-03-01,10400.37,100.0,17.6
PMT-0017,F-02,2023-04-01,12123.71,98.44,25.7
PMT-0017,F-02,2023-05-01,12449.9,99.65,28.7
PMT-0017,F-02,2023-06-01,12838.14,100.0,30.3
PMT-0017,F-02,2023-07-01,13421.45,100.0,30.0
PMT-0017,F-02,2023-08-01,11441.55,100.0,25.1
PMT-0017,F-02,2023-09-01,9231.78,100.0,17.7
PMT-0017,F-02,2023-10-01,8354.22,100.0,11.8
PMT-0017,F-02,2023-11-01,7489.22,95.81,6.7
PMT-0017,F-02,2023-12-01,7165.66,95.36,5.3
PMT-0017,F-02,2024-01-01,7588.05,97.21,3.5
PMT-0017,F-02,2024-02-01,7988.65,100.0,11.1
PMT-0017,F-02,2024-03-01,9384.52,93.0,17.4
PMT-0017,F-02,2024-04-01,10763.89,100.0,25.2
PMT-0017,F-02,2024-05-01,12791.29,100.0,29.7
PMT-0017,F-02,2024-06-01,13005.2,97.75,32.3
PMT-0017,F-02,2024-07-01,12878.66,100.0,31.1
PMT-0017,F-02,2024-08-01,11254.94,100.0,25.2
PMT-0017,F-02,2024-09-01,9735.29,99.67,18.1
PMT-0017,F-02,2024-10-01,8582.96,99.37,10.3
PMT-0017,F-02,2024-11-01,7674.48,100.0,5.6
PMT-0017,F-02,2024-12-01,6846.13,100.0,3.2
PMT-0018,F-02,2022-01-01,7395.38,100.0,6.2
PMT-0018,F-02,2022-02-01,7909.83,100.0,9.0
PMT-0018,F-02,2022-03-01,9442.94,100.0,15.6
PMT-0018,F-02,2022-04-01,11712.19,98.14,22.5
PMT-0018,F-02,2022-05-01,11518.08,99.39,30.0
PMT-0018,F-02,2022-06-01,11625.29,100.0,32.3
PMT-0018,F-02,2022-07-01,11627.56,100.0,30.5
PMT-0018,F-02,2022-08-01,9981.0,97.01,24.6
PMT-0018,F-02,2022-09-01,8715.42,100.0,17.5
PMT-0018,F-02,2022-10-01,7794.03,99.75,12.9
PMT-0018,F-02,2022-11-01,6717.41,97.05,5.1
PMT-0018,F-02,2022-12-01,6549.12,97.41,5.7
PMT-0018,F-02,2023-01-01,7131.02,100.0,5.5
PMT-0018,F-02,2023-02-01,8165.22,100.0,12.0
PMT-0018,F-02,2023-03-01,9193.73,99.0,18.6
PMT-0018,F-02,2023-04-01,10303.0,98.28,25.0
PMT-0018,F-02,2023-05-01,11715.25,100.0,28.8
PMT-0018,F-02,2023-06-01,12205.76,99.0,32.5
PMT-0018,F-02,2023-07-01,11547.33,100.0,32.0
PMT-0018,F-02,2023-08-01,9881.12,98.47,23.8
PMT-0018,F-02,2023-09-01,8737.67,100.0,17.7
PMT-0018,F-02,2023-10-01,7305.66,96.34,10.6
PMT-0018,F-02,2023-11-01,6800.04,100.0,5.2
PMT-0018,F-02,2023-12-01,6538.14,100.0,3.5
PMT-0018,F-02,2024-01-01,7103.17,98.42,5.8
PMT-0018,F-02,2024-02-01,8355.65,100.0,10.5
PMT-0018,F-02,2024-03-01,9758.43,98.64,18.8
PMT-0018,F-02,2024-04-01,10773.5,97.35,25.1
PMT-0018,F-02,2024-05-01,11559.75,97.24,30.4
PMT-0018,F-02,2024-06-01,11779.17,94.31,33.0
PMT-0018,F-02,2024-07-01,11195.56,99.85,31.4
PMT-0018,F-02,2024-08-01,10467.59,95.45,25.2
PMT-0018,F-02,2024-09-01,8756.9,98.95,19.7
PMT-0018,F-02,2024-10-01,7745.75,100.0,9.1
PMT-0018,F-02,2024-11-01,6635.72,98.36,5.3
PMT-0018,F-02,2024-12-01,6453.65,97.55,3.8
PMT-0019,F-02,2022-01-01,9900.6,99.35,6.7
PMT-0019,F-02,2022-02-01,10877.39,100.0,11.2
PMT-0019,F-02,2022-03-01,12573.32,96.14,16.8
PMT-0019,F-02,2022-04-01,15138.1,100.0,24.3
PMT-0019,F-02,2022-05-01,16339.27,100.0,30.0
PMT-0019,F-02,2022-06-01,18126.84,100.0,32.1
PMT-0019,F-02,2022-07-01,17181.2,100.0,30.9
PMT-0019,F-02,2022-08-01,15254.42,100.0,24.2
PMT-0019,F-02,2022-09-01,12599.69,100.0,19.6
PMT-0019,F-02,2022-10-01,11115.67,95.71,11.7
PMT-0019,F-02,2022-11-01,9118.3,100.0,5.4
PMT-0019,F-02,2022-12-01,8417.38,94.09,3.0
PMT-0019,F-02,2023-01-01,9252.45,97.88,9.0
PMT-0019,F-02,2023-02-01,10669.89,100.0,10.3
PMT-0019,F-02,2023-03-01,12528.22,100.0,18.2
PMT-0019,F-02,2023-04-01,15387.55,100.0,24.5
PMT-0019,F-02,2023-05-01,15352.68,97.58,32.2
PMT-0019,F-02,2023-06-01,16773.71,96.16,33.0
PMT-0019,F-02,2023-07-01,17004.77,100.0,29.3
PMT-0019,F-02,2023-08-01,14603.75,100.0,23.7
PMT-0019,F-02,2023-09-01,12245.52,100.0,18.6
PMT-0019,F-02,2023-10-01,10182.35,100.0,10.1
PMT-0019,F-02,2023-11-01,8746.41,95.62,6.7
PMT-0019,F-02,2023-12-01,7894.83,100.0,0.7
PMT-0019,F-02,2024-01-01,8910.92,99.44,4.3
PMT-0019,F-02,2024-02-01,10448.54,98.73,11.1
PMT-0019,F-02,2024-03-01,13086.54,98.5,18.5
PMT-0019,F-02,2024-04-01,15109.24,98.32,25.0
PMT-0019,F-02,2024-05-01,16005.79,100.0,29.6
PMT-0019,F-02,2024-06-01,17250.94,94.4,31.3
PMT-0019,F-02,2024-07-01,17188.82,99.23,29.5
PMT-0019,F-02,2024-08-01,16249.07,97.5,25.1
PMT-0019,F-02,2024-09-01,13233.51,100.0,18.8
PMT-0019,F-02,2024-10-01,10851.3,98.19,9.7
PMT-0019,F-02,2024-11-01,9252.33,100.0,6.0
PMT-0019,F-02,2024-12-01,8686.09,100.0,5.3
PMT-0020,F-02,2022-01-01,15214.98,100.0,5.8
PMT-0020,F-02,2022-02-01,18293.81,100.0,9.9
PMT-0020,F-02,2022-03-01,21302.57,100.0,17.8
PMT-0020,F-02,2022-04-01,25258.94,99.39,22.4
PMT-0020,F-02,2022-05-01,27432.06,100.0,31.6
PMT-0020,F-02,2022-06-01,29226.88,100.0,35.2
PMT-0020,F-02,2022-07-01,29485.35,100.0,31.2
PMT-0020,F-02,2022-08-01,24549.4,97.69,25.9
PMT-0020,F-02,2022-09-01,21659.77,97.43,16.6
PMT-0020,F-02,2022-10-01,17258.31,100.0,11.5
PMT-0020,F-02,2022-11-01,14313.83,97.08,6.1
PMT-0020,F-02,2022-12-01,13821.85,100.0,2.8
PMT-0020,F-02,2023-01-01,15207.79,97.31,5.5
PMT-0020,F-02,2023-02-01,18240.49,98.87,10.8
PMT-0020,F-02,2023-03-01,21554.24,100.0,18.6
PMT-0020,F-02,2023-04-01,25329.79,97.6,25.4
PMT-0020,F-02,2023-05-01,29194.89,95.64,32.1
PMT-0020,F-02,2023-06-01,28651.52,100.0,32.3
PMT-0020,F-02,2023-07-01,28597.04,100.0,31.4
PMT-0020,F-02,2023-08-01,24245.26,100.0,25.2
PMT-0020,F-02,2023-09-01,21473.7,100.0,19.4
PMT-0020,F-02,2023-10-01,17371.86,100.0,11.1
PMT-0020,F-02,2023-11-01,14470.11,98.49,5.0
PMT-0020,F-02,2023-12-01,13699.73,98.94,4.3
PMT-0020,F-02,2024-01-01,14905.73,96.52,7.2
PMT-0020,F-02,2024-02-01,17566.8,99.61,10.0
PMT-0020,F-02,2024-03-01,21748.0,100.0,18.9
PMT-0020,F-02,2024-04-01,24680.28,99.53,27.0
PMT-0020,F-02,2024-05-01,28434.34,93.69,29.7
PMT-0020,F-02,2024-06-01,28583.23,100.0,31.5
PMT-0020,F-02,2024-07-01,27124.0,100.0,30.4
PMT-0020,F-02,2024-08-01,24581.6,100.0,25.7
PMT-0020,F-02,2024-09-01,19997.87,100.0,18.7
PMT-0020,F-02,2024-10-01,17418.38,99.64,10.5
PMT-0020,F-02,2024-11-01,14431.94,100.0,6.8
PMT-0020,F-02,2024-12-01,14347.35,96.21,4.3
PMT-0021,F-03,2022-01-01,9082.18,91.13,5.9
PMT-0021,F-03,2022-02-01,10314.73,86.18,10.3
PMT-0021,F-03,2022-03-01,12208.98,85.14,17.1
PMT-0021,F-03,2022-04-01,12946.81,84.84,24.3
PMT-0021,F-03,2022-05-01,13184.24,83.53,30.1
PMT-0021,F-03,2022-06-01,13288.05,89.13,28.2
PMT-0021,F-03,2022-07-01,14141.81,89.79,30.5
PMT-0021,F-03,2022-08-01,12174.45,85.58,25.0
PMT-0021,F-03,2022-09-01,10137.74,90.28,18.5
PMT-0021,F-03,2022-10-01,9121.25,88.85,13.0
PMT-0021,F-03,2022-11-01,8425.35,84.58,6.9
PMT-0021,F-03,2022-12-01,8497.76,85.66,3.5
PMT-0021,F-03,2023-01-01,8982.46,87.8,5.4
PMT-0021,F-03,2023-02-01,10569.57,88.22,12.0
PMT-0021,F-03,2023-03-01,11558.96,89.87,18.6
PMT-0021,F-03,2023-04-01,13181.73,87.53,24.3
PMT-0021,F-03,2023-05-01,12823.46,83.37,31.2
PMT-0021,F-03,2023-06-01,13986.36,91.16,31.8
PMT-0021,F-03,2023-07-01,13286.81,86.31,31.2
PMT-0021,F-03,2023-08-01,11745.89,82.66,23.7
PMT-0021,F-03,2023-09-01,9588.29,93.21,18.8
PMT-0021,F-03,2023-10-01,9519.22,87.33,8.7
PMT-0021,F-03,2023-11-01,8326.93,88.3,5.6
PMT-0021,F-03,2023-12-01,8557.62,87.95,3.2
PMT-0021,F-03,2024-01-01,9437.66,89.62,6.4
PMT-0021,F-03,2024-02-01,9978.17,89.39,12.5
PMT-0021,F-03,2024-03-01,12367.02,82.12,17.5
PMT-0021,F-03,2024-04-01,13456.06,87.28,24.7
PMT-0021,F-03,2024-05-01,12993.14,87.33,29.6
PMT-0021,F-03,2024-06-01,12752.19,83.42,33.5
PMT-0021,F-03,2024-07-01,14243.59,86.94,30.2
PMT-0021,F-03,2024-08-01,11664.55,82.83,26.3
PMT-0021,F-03,2024-09-01,11000.44,94.05,18.9
PMT-0021,F-03,2024-10-01,10154.03,85.91,9.9
PMT-0021,F-03,2024-11-01,8894.28,86.91,3.6
PMT-0021,F-03,2024-12-01,8399.89,87.43,0.9
PMT-0022,F-03,2022-01-01,16693.53,89.53,6.0
PMT-0022,F-03,2022-02-01,20874.27,86.57,11.0
PMT-0022,F-03,2022-03-01,24200.77,90.18,19.0
PMT-0022,F-03,2022-04-01,28550.26,84.63,23.0
PMT-0022,F-03,2022-05-01,29973.85,86.85,30.5
PMT-0022,F-03,2022-06-01,31690.18,91.83,31.9
PMT-0022,F-03,2022-07-01,29894.44,84.63,31.4
PMT-0022,F-03,2022-08-01,29029.18,84.98,25.2
PMT-0022,F-03,2022-09-01,23530.43,81.66,18.4
PMT-0022,F-03,2022-10-01,21857.33,83.88,10.5
PMT-0022,F-03,2022-11-01,17201.01,83.46,6.1
PMT-0022,F-03,2022-12-01,16232.31,87.3,4.8
PMT-0022,F-03,2023-01-01,17423.92,86.83,8.4
PMT-0022,F-03,2023-02-01,19996.2,84.35,9.0
PMT-0022,F-03,2023-03-01,24161.74,88.4,18.2
PMT-0022,F-03,2023-04-01,27467.09,88.19,25.0
PMT-0022,F-03,2023-05-01,30573.66,87.97,30.6
PMT-0022,F-03,2023-06-01,32830.17,90.05,33.6
PMT-0022,F-03,2023-07-01,29435.34,87.47,29.3
PMT-0022,F-03,2023-08-01,27091.92,81.84,26.0
PMT-0022,F-03,2023-09-01,24078.45,88.41,20.2
PMT-0022,F-03,2023-10-01,19924.86,85.55,11.8
PMT-0022,F-03,2023-11-01,16764.59,90.16,7.0
PMT-0022,F-03,2023-12-01,15087.25,83.21,3.5
PMT-0022,F-03,2024-01-01,17109.01,81.13,5.5
PMT-0022,F-03,2024-02-01,20662.36,87.95,9.3
PMT-0022,F-03,2024-03-01,24001.97,88.16,19.0
PMT-0022,F-03,2024-04-01,28742.56,84.59,25.6
PMT-0022,F-03,2024-05-01,31585.46,89.01,28.4
PMT-0022,F-03,2024-06-01,32118.05,88.69,32.6
PMT-0022,F-03,2024-07-01,30923.26,86.13,28.3
PMT-0022,F-03,2024-08-01,28402.97,84.25,24.8
PMT-0022,F-03,2024-09-01,24901.24,87.36,16.4
PMT-0022,F-03,2024-10-01,19910.94,85.56,10.6
PMT-0022,F-03,2024-11-01,16566.81,89.48,5.2
PMT-0022,F-03,2024-12-01,16105.77,88.69,4.8
PMT-0023,F-03,2022-01-01,6654.45,85.01,5.3
PMT-0023,F-03,2022-02-01,7462.85,87.61,9.3
PMT-0023,F-03,2022-03-01,8825.44,80.87,18.5
PMT-0023,F-03,2022-04-01,10305.78,88.86,24.4
PMT-0023,F-03,2022-05-01,10966.44,87.14,29.5
PMT-0023,F-03,2022-06-01,10899.84,86.98,31.8
PMT-0023,F-03,2022-07-01,11086.19,88.88,30.7
PMT-0023,F-03,2022-08-01,9795.85,86.0,20.7
PMT-0023,F-03,2022-09-01,8055.09,85.1,15.7
PMT-0023,F-03,2022-10-01,6783.65,89.52,11.5
PMT-0023,F-03,2022-11-01,6447.55,87.23,6.4
PMT-0023,F-03,2022-12-01,6231.08,81.98,2.6
PMT-0023,F-03,2023-01-01,6452.6,85.86,5.0
PMT-0023,F-03,2023-02-01,7676.49,86.73,11.5
PMT-0023,F-03,2023-03-01,8405.75,89.48,16.8
PMT-0023,F-03,2023-04-01,10396.25,84.49,25.5
PMT-0023,F-03,2023-05-01,10611.9,82.45,29.4
PMT-0023,F-03,2023-06-01,11081.1,82.31,31.3
PMT-0023,F-03,2023-07-01,10292.87,83.68,30.1
PMT-0023,F-03,2023-08-01,9441.0,84.07,25.5
PMT-0023,F-03,2023-09-01,8333.05,89.46,18.4
PMT-0023,F-03,2023-10-01,7015.71,82.53,11.6
PMT-0023,F-03,2023-11-01,6761.88,81.93,5.4
PMT-0023,F-03,2023-12-01,6193.68,89.1,2.1
PMT-0023,F-03,2024-01-01,6488.3,85.49,7.1
PMT-0023,F-03,2024-02-01,8117.26,92.52,10.9
PMT-0023,F-03,2024-03-01,9028.17,90.79,16.5
PMT-0023,F-03,2024-04-01,10518.24,89.29,25.2
PMT-0023,F-03,2024-05-01,10738.2,85.78,30.8
PMT-0023,F-03,2024-06-01,10795.17,84.64,32.6
PMT-0023,F-03,2024-07-01,10599.54,84.36,29.5
PMT-0023,F-03,2024-08-01,9817.99,94.0,24.7
PMT-0023,F-03,2024-09-01,8290.46,84.57,17.4
PMT-0023,F-03,2024-10-01,7387.22,86.44,10.9
PMT-0023,F-03,2024-11-01,6333.42,87.46,5.1
PMT-0023,F-03,2024-12-01,6374.37,87.93,3.5
PMT-0024,F-03,2022-01-01,17704.82,86.19,4.6
PMT-0024,F-03,2022-02-01,20821.65,84.98,9.2
PMT-0024,F-03,2022-03-01,25758.0,92.35,17.6
PMT-0024,F-03,2022-04-01,30882.14,93.45,23.4
PMT-0024,F-03,2022-05-01,32178.37,90.39,27.2
PMT-0024,F-03,2022-06-01,32362.43,86.26,32.6
PMT-0024,F-03,2022-07-01,30710.67,85.57,32.4
PMT-0024,F-03,2022-08-01,28079.22,89.06,23.5
PMT-0024,F-03,2022-09-01,26141.01,92.74,17.8
PMT-0024,F-03,2022-10-01,21485.22,90.27,11.9
PMT-0024,F-03,2022-11-01,17968.56,87.36,5.8
PMT-0024,F-03,2022-12-01,16712.65,85.22,2.7
PMT-0024,F-03,2023-01-01,17436.32,90.88,6.8
PMT-0024,F-03,2023-02-01,20906.61,86.06,10.5
PMT-0024,F-03,2023-03-01,25608.82,87.97,16.7
PMT-0024,F-03,2023-04-01,27505.32,88.19,26.1
PMT-0024,F-03,2023-05-01,32118.92,82.67,30.3
PMT-0024,F-03,2023-06-01,30962.87,87.65,32.1
PMT-0024,F-03,2023-07-01,33452.13,88.34,29.4
PMT-0024,F-03,2023-08-01,27675.25,85.53,25.4
PMT-0024,F-03,2023-09-01,24943.9,87.65,15.0
PMT-0024,F-03,2023-10-01,20791.74,87.44,11.1
PMT-0024,F-03,2023-11-01,16563.54,95.72,6.6
PMT-0024,F-03,2023-12-01,16067.41,85.95,4.5
PMT-0024,F-03,2024-01-01,17325.29,89.85,6.3
PMT-0024,F-03,2024-02-01,20445.96,85.93,8.6
PMT-0024,F-03,2024-03-01,25024.51,88.06,18.7
PMT-0024,F-03,2024-04-01,27662.47,82.74,23.1
PMT-0024,F-03,2024-05-01,32813.35,88.34,31.7
PMT-0024,F-03,2024-06-01,33358.88,89.57,33.4
PMT-0024,F-03,2024-07-01,31760.24,92.41,29.9
PMT-0024,F-03,2024-08-01,26765.94,81.86,24.6
PMT-0024,F-03,2024-09-01,22568.73,86.28,17.5
PMT-0024,F-03,2024-10-01,20792.57,85.23,11.0
PMT-0024,F-03,2024-11-01,16707.83,83.96,6.3
PMT-0024,F-03,2024-12-01,16909.7,91.69,3.5
PMT-0025,F-03,2022-01-01,15740.34,90.07,4.9
PMT-0025,F-03,2022-02-01,18688.71,87.6,10.4
PMT-0025,F-03,2022-03-01,22056.74,90.99,18.6
PMT-0025,F-03,2022-04-01,23898.35,85.63,26.5
PMT-0025,F-03,2022-05-01,29733.57,85.91,29.6
PMT-0025,F-03,2022-06-01,30579.3,86.81,33.4
PMT-0025,F-03,2022-07-01,29810.3,88.14,30.1
PMT-0025,F-03,2022-08-01,25831.8,87.65,24.7
PMT-0025,F-03,2022-09-01,23031.46,87.77,18.6
PMT-0025,F-03,2022-10-01,18140.29,85.69,12.1
PMT-0025,F-03,2022-11-01,15760.74,84.05,7.2
PMT-0025,F-03,2022-12-01,14531.88,85.9,4.8
PMT-0025,F-03,2023-01-01,15561.01,86.65,4.3
PMT-0025,F-03,2023-02-01,18666.18,90.83,11.0
PMT-0025,F-03,2023-03-01,22636.81,86.85,19.0
PMT-0025,F-03,2023-04-01,27134.77,87.48,25.1
PMT-0025,F-03,2023-05-01,28716.04,84.7,28.6
PMT-0025,F-03,2023-06-01,29984.23,91.67,31.4
PMT-0025,F-03,2023-07-01,30347.08,87.59,29.6
PMT-0025,F-03,2023-08-01,25978.01,91.64,25.4
PMT-0025,F-03,2023-09-01,22556.38,89.39,15.7
PMT-0025,F-03,2023-10-01,18284.12,92.05,11.8
PMT-0025,F-03,2023-11-01,15786.24,88.47,5.7
PMT-0025,F-03,2023-12-01,14575.54,84.69,4.3
PMT-0025,F-03,2024-01-01,14555.66,90.37,7.8
PMT-0025,F-03,2024-02-01,16766.79,90.8,14.2
PMT-0025,F-03,2024-03-01,22679.19,89.47,18.4
PMT-0025,F-03,2024-04-01,25972.6,86.01,25.2
PMT-0025,F-03,2024-05-01,27673.75,85.66,32.1
PMT-0025,F-03,2024-06-01,30308.94,88.23,29.9
PMT-0025,F-03,2024-07-01,28223.73,85.76,29.2
PMT-0025,F-03,2024-08-01,25016.83,85.78,24.6
PMT-0025,F-03,2024-09-01,21515.77,83.08,18.2
PMT-0025,F-03,2024-10-01,18320.47,90.85,11.0
PMT-0025,F-03,2024-11-01,15458.24,89.09,7.3
PMT-0025,F-03,2024-12-01,15224.84,84.79,2.3
PMT-0026,F-03,2022-01-01,13683.78,85.76,6.8
PMT-0026,F-03,2022-02-01,15786.82,86.5,11.9
PMT-0026,F-03,2022-03-01,19142.63,87.72,21.1
PMT-0026,F-03,2022-04-01,21475.22,84.85,25.5
PMT-0026,F-03,2022-05-01,25082.07,85.9,27.3
PMT-0026,F-03,2022-06-01,26784.78,92.07,32.6
PMT-0026,F-03,2022-07-01,25607.64,92.76,29.3
PMT-0026,F-03,2022-08-01,22654.7,85.14,24.5
PMT-0026,F-03,2022-09-01,19917.2,86.07,18.5
PMT-0026,F-03,2022-10-01,15895.97,86.89,11.4
PMT-0026,F-03,2022-11-01,12841.39,80.35,6.1
PMT-0026,F-03,2022-12-01,12326.98,86.53,3.1
PMT-0026,F-03,2023-01-01,13633.09,84.7,4.8
PMT-0026,F-03,2023-02-01,15775.85,85.1,11.3
PMT-0026,F-03,2023-03-01,18876.12,89.83,18.9
PMT-0026,F-03,2023-04-01,21999.23,89.28,23.9
PMT-0026,F-03,2023-05-01,25377.65,83.23,29.7
PMT-0026,F-03,2023-06-01,25830.25,85.27,32.7
PMT-0026,F-03,2023-07-01,25767.0,84.73,32.0
PMT-0026,F-03,2023-08-01,22890.27,85.11,25.6
PMT-0026,F-03,2023-09-01,17606.98,85.5,16.4
PMT-0026,F-03,2023-10-01,16652.6,87.56,12.6
PMT-0026,F-03,2023-11-01,13669.64,89.78,6.5
PMT-0026,F-03,2023-12-01,12473.4,80.24,4.5
PMT-0026,F-03,2024-01-01,14316.45,91.11,5.6
PMT-0026,F-03,2024-02-01,16442.72,87.85,12.6
PMT-0026,F-03,2024-03-01,19608.4,83.94,16.1
PMT-0026,F-03,2024-04-01,21764.68,83.59,25.8
PMT-0026,F-03,2024-05-01,24787.98,92.18,31.0
PMT-0026,F-03,2024-06-01,26103.98,89.44,33.2
PMT-0026,F-03,2024-07-01,24344.05,79.5,28.2
PMT-0026,F-03,2024-08-01,21162.08,89.96,24.2
PMT-0026,F-03,2024-09-01,18703.27,79.64,16.6
PMT-0026,F-03,2024-10-01,15975.13,91.29,12.6
PMT-0026,F-03,2024-11-01,13539.29,86.55,5.9
PMT-0026,F-03,2024-12-01,12182.48,86.78,3.1
PMT-0027,F-03,2022-01-01,14049.36,87.51,4.1
PMT-0027,F-03,2022-02-01,14911.32,84.4,11.5
PMT-0027,F-03,2022-03-01,19196.0,90.11,17.1
PMT-0027,F-03,2022-04-01,21198.81,87.92,23.8
PMT-0027,F-03,2022-05-01,23522.83,87.14,30.9
PMT-0027,F-03,2022-06-01,22904.58,84.32,32.0
PMT-0027,F-03,2022-07-01,23444.62,90.8,27.7
PMT-0027,F-03,2022-08-01,20484.44,87.94,25.3
PMT-0027,F-03,2022-09-01,15857.96,89.87,16.2
PMT-0027,F-03,2022-10-01,14845.07,90.14,11.0
PMT-0027,F-03,2022-11-01,12901.6,89.04,6.0
PMT-0027,F-03,2022-12-01,12647.3,86.82,3.2
PMT-0027,F-03,2023-01-01,13039.27,85.03,6.8
PMT-0027,F-03,2023-02-01,15216.03,91.31,12.2
PMT-0027,F-03,2023-03-01,17117.04,88.75,18.7
PMT-0027,F-03,2023-04-01,22329.52,90.21,25.2
PMT-0027,F-03,2023-05-01,23887.81,85.73,30.1
PMT-0027,F-03,2023-06-01,23782.25,88.95,32.8
PMT-0027,F-03,2023-07-01,24028.82,89.04,29.2
PMT-0027,F-03,2023-08-01,19957.98,89.54,26.9
PMT-0027,F-03,2023-09-01,17554.29,90.46,18.9
PMT-0027,F-03,2023-10-01,14557.87,85.69,10.5
PMT-0027,F-03,2023-11-01,12384.63,87.86,6.4
PMT-0027,F-03,2023-12-01,11156.4,83.99,3.9
PMT-0027,F-03,2024-01-01,11915.52,91.88,6.0
PMT-0027,F-03,2024-02-01,15470.06,82.37,9.2
PMT-0027,F-03,2024-03-01,16669.11,89.46,19.7
PMT-0027,F-03,2024-04-01,21575.27,89.13,24.3
PMT-0027,F-03,2024-05-01,22917.2,90.67,30.5
PMT-0027,F-03,2024-06-01,21987.87,85.69,30.1
PMT-0027,F-03,2024-07-01,22148.02,81.18,29.5
PMT-0027,F-03,2024-08-01,20077.84,86.95,24.8
PMT-0027,F-03,2024-09-01,17021.18,89.01,18.7
PMT-0027,F-03,2024-10-01,15048.88,84.84,12.2
PMT-0027,F-03,2024-11-01,11962.44,84.11,6.4
PMT-0027,F-03,2024-12-01,10865.91,82.28,4.5
PMT-0028,F-03,2022-01-01,6665.11,85.22,7.1
PMT-0028,F-03,2022-02-01,8040.56,86.32,13.2
PMT-0028,F-03,2022-03-01,9483.49,82.68,20.8
PMT-0028,F-03,2022-04-01,10477.51,87.49,24.9
PMT-0028,F-03,2022-05-01,10907.3,87.13,30.5
PMT-0028,F-03,2022-06-01,11471.12,88.44,32.3
PMT-0028,F-03,2022-07-01,10650.36,87.52,30.4
PMT-0028,F-03,2022-08-01,10234.37,92.36,24.2
PMT-0028,F-03,2022-09-01,8725.13,86.53,17.3
PMT-0028,F-03,2022-10-01,7582.6,91.58,12.9
PMT-0028,F-03,2022-11-01,6443.79,91.48,5.0
PMT-0028,F-03,2022-12-01,6313.68,80.9,2.6
PMT-0028,F-03,2023-01-01,6896.03,86.36,6.5
PMT-0028,F-03,2023-02-01,7682.07,83.44,11.6
PMT-0028,F-03,2023-03-01,8805.42,87.77,21.8
PMT-0028,F-03,2023-04-01,10677.58,85.68,25.1
PMT-0028,F-03,2023-05-01,10571.83,93.59,31.8
PMT-0028,F-03,2023-06-01,10805.51,87.82,31.5
PMT-0028,F-03,2023-07-01,11140.57,89.86,30.4
PMT-0028,F-03,2023-08-01,9498.47,92.32,24.3
PMT-0028,F-03,2023-09-01,8038.63,86.62,17.2
PMT-0028,F-03,2023-10-01,7802.45,85.49,9.3
PMT-0028,F-03,2023-11-01,6391.4,86.63,5.5
PMT-0028,F-03,2023-12-01,5916.26,85.13,4.4
PMT-0028,F-03,2024-01-01,6212.12,83.26,6.7
PMT-0028,F-03,2024-02-01,7583.42,83.03,12.2
PMT-0028,F-03,2024-03-01,8889.48,87.39,18.6
PMT-0028,F-03,2024-04-01,10064.32,95.77,24.7
PMT-0028,F-03,2024-05-01,10652.16,87.99,30.4
PMT-0028,F-03,2024-06-01,11411.22,88.82,33.0
PMT-0028,F-03,2024-07-01,10804.86,95.07,29.9
PMT-0028,F-03,2024-08-01,9567.61,91.75,25.3
PMT-0028,F-03,2024-09-01,8019.59,84.52,17.7
PMT-0028,F-03,2024-10-01,7008.71,88.59,11.5
PMT-0028,F-03,2024-11-01,6444.01,87.76,5.1
PMT-0028,F-03,2024-12-01,5911.5,84.05,5.3
PMT-0029,F-03,2022-01-01,18526.3,83.38,3.7
PMT-0029,F-03,2022-02-01,22046.95,91.32,10.0
PMT-0029,F-03,2022-03-01,26382.09,87.62,16.9
PMT-0029,F-03,2022-04-01,30873.8,92.53,27.9
PMT-0029,F-03,2022-05-01,33566.76,88.29,28.7
PMT-0029,F-03,2022-06-01,33257.56,84.81,31.3
PMT-0029,F-03,2022-07-01,31071.64,89.02,28.7
PMT-0029,F-03,2022-08-01,27830.4,94.53,24.8
PMT-0029,F-03,2022-09-01,24421.97,84.81,20.1
PMT-0029,F-03,2022-10-01,21471.49,83.39,11.1
PMT-0029,F-03,2022-11-01,17929.44,83.47,8.0
PMT-0029,F-03,2022-12-01,16824.93,87.18,3.6
PMT-0029,F-03,2023-01-01,17897.03,85.72,4.4
PMT-0029,F-03,2023-02-01,21651.73,86.24,12.0
PMT-0029,F-03,2023-03-01,26052.02,87.91,19.8
PMT-0029,F-03,2023-04-01,30159.52,89.64,23.4
PMT-0029,F-03,2023-05-01,33532.19,88.08,29.4
PMT-0029,F-03,2023-06-01,33236.78,87.61,30.8
PMT-0029,F-03,2023-07-01,33497.52,85.77,29.4
PMT-0029,F-03,2023-08-01,30043.33,85.49,25.1
PMT-0029,F-03,2023-09-01,25275.02,92.13,18.2
PMT-0029,F-03,2023-10-01,22436.66,89.37,11.6
PMT-0029,F-03,2023-11-01,18359.04,89.1,6.8
PMT-0029,F-03,2023-12-01,16818.88,84.58,5.1
PMT-0029,F-03,2024-01-01,18597.53,90.77,7.3
PMT-0029,F-03,2024-02-01,21640.25,83.92,11.7
PMT-0029,F-03,2024-03-01,25932.6,85.07,16.7
PMT-0029,F-03,2024-04-01,30949.55,86.33,25.0
PMT-0029,F-03,2024-05-01,32823.63,84.63,28.5
PMT-0029,F-03,2024-06-01,35200.89,87.85,31.8
PMT-0029,F-03,2024-07-01,32247.06,87.83,29.5
PMT-0029,F-03,2024-08-01,31058.57,88.1,25.6
PMT-0029,F-03,2024-09-01,25953.12,86.04,19.2
PMT-0029,F-03,2024-10-01,21951.3,84.01,12.1
PMT-0029,F-03,2024-11-01,18654.18,86.1,6.5
PMT-0029,F-03,2024-12-01,17017.09,86.87,4.4
PMT-0030,F-03,2022-01-01,19176.34,87.84,5.8
PMT-0030,F-03,2022-02-01,21613.28,87.08,11.6
PMT-0030,F-03,2022-03-01,27496.57,90.71,17.9
PMT-0030,F-03,2022-04-01,30981.79,82.35,25.2
PMT-0030,F-03,2022-05-01,33282.67,90.66,29.3
PMT-0030,F-03,2022-06-01,34979.71,93.69,31.7
PMT-0030,F-03,2022-07-01,33606.2,86.51,28.6
PMT-0030,F-03,2022-08-01,29985.0,81.31,25.0
PMT-0030,F-03,2022-09-01,25568.74,86.77,18.3
PMT-0030,F-03,2022-10-01,21526.4,89.41,11.5
PMT-0030,F-03,2022-11-01,18755.68,86.66,6.1
PMT-0030,F-03,2022-12-01,17488.94,84.8,2.6
PMT-0030,F-03,2023-01-01,18845.17,87.46,3.9
PMT-0030,F-03,2023-02-01,23026.04,87.66,11.4
PMT-0030,F-03,2023-03-01,25885.16,89.78,19.2
PMT-0030,F-03,2023-04-01,31216.93,88.22,24.1
PMT-0030,F-03,2023-05-01,33601.82,86.92,29.0
PMT-0030,F-03,2023-06-01,34144.15,89.25,32.3
PMT-0030,F-03,2023-07-01,32790.18,80.62,29.6
PMT-0030,F-03,2023-08-01,31282.19,89.78,23.3
PMT-0030,F-03,2023-09-01,26120.23,92.32,19.5
PMT-0030,F-03,2023-10-01,21079.62,80.54,11.5
PMT-0030,F-03,2023-11-01,18082.19,88.62,6.0
PMT-0030,F-03,2023-12-01,16966.71,86.9,4.5
PMT-0030,F-03,2024-01-01,18779.04,79.8,6.6
PMT-0030,F-03,2024-02-01,22264.79,85.91,10.6
PMT-0030,F-03,2024-03-01,27169.08,86.06,16.0
PMT-0030,F-03,2024-04-01,31360.13,85.91,24.0
PMT-0030,F-03,2024-05-01,33806.22,86.23,28.2
PMT-0030,F-03,2024-06-01,33970.1,89.17,33.3
PMT-0030,F-03,2024-07-01,32510.0,84.51,29.6
PMT-0030,F-03,2024-08-01,30847.4,92.34,25.3
PMT-0030,F-03,2024-09-01,25726.17,88.66,18.9
PMT-0030,F-03,2024-10-01,21917.4,87.55,11.1
PMT-0030,F-03,2024-11-01,18692.57,82.12,6.3
PMT-0030,F-03,2024-12-01,17753.95,85.95,4.9
PMT-0031,F-04,2022-01-01,14778.39,93.29,7.7
PMT-0031,F-04,2022-02-01,16883.04,95.46,13.0
PMT-0031,F-04,2022-03-01,20496.38,89.71,17.8
PMT-0031,F-04,2022-04-01,23498.37,97.21,26.0
PMT-0031,F-04,2022-05-01,26062.62,90.12,30.8
PMT-0031,F-04,2022-06-01,26483.84,92.37,32.2
PMT-0031,F-04,2022-07-01,26315.57,90.46,30.0
PMT-0031,F-04,2022-08-01,23456.71,95.31,23.7
PMT-0031,F-04,2022-09-01,19231.54,94.81,17.8
PMT-0031,F-04,2022-10-01,16199.46,86.99,8.6
PMT-0031,F-04,2022-11-01,14550.62,91.22,6.2
PMT-0031,F-04,2022-12-01,13431.04,92.97,3.6
PMT-0031,F-04,2023-01-01,14166.9,96.32,3.4
PMT-0031,F-04,2023-02-01,17177.95,91.13,10.9
PMT-0031,F-04,2023-03-01,20447.85,90.21,18.4
PMT-0031,F-04,2023-04-01,23309.58,88.95,27.0
PMT-0031,F-04,2023-05-01,25187.57,92.9,29.9
PMT-0031,F-04,2023-06-01,26978.62,92.21,31.8
PMT-0031,F-04,2023-07-01,25763.5,94.38,29.7
PMT-0031,F-04,2023-08-01,22628.47,94.14,24.4
PMT-0031,F-04,2023-09-01,19326.75,94.73,17.8
PMT-0031,F-04,2023-10-01,15622.53,90.82,10.8
PMT-0031,F-04,2023-11-01,13729.78,94.47,5.6
PMT-0031,F-04,2023-12-01,13021.49,97.88,5.2
PMT-0031,F-04,2024-01-01,13752.42,86.54,3.7
PMT-0031,F-04,2024-02-01,16142.92,93.1,10.6
PMT-0031,F-04,2024-03-01,19635.98,92.38,18.7
PMT-0031,F-04,2024-04-01,23370.73,93.52,25.8
PMT-0031,F-04,2024-05-01,25450.26,94.68,30.3
PMT-0031,F-04,2024-06-01,26234.85,92.6,31.7
PMT-0031,F-04,2024-07-01,25510.83,93.71,31.1
PMT-0031,F-04,2024-08-01,22735.46,93.04,22.9
PMT-0031,F-04,2024-09-01,19375.56,88.71,18.4
PMT-0031,F-04,2024-10-01,16127.54,100.0,9.4
PMT-0031,F-04,2024-11-01,14157.82,93.51,7.5
PMT-0031,F-04,2024-12-01,12805.69,86.69,6.2
PMT-0032,F-04,2022-01-01,17410.08,97.29,6.6
PMT-0032,F-04,2022-02-01,20260.15,94.99,9.8
PMT-0032,F-04,2022-03-01,23781.85,92.83,16.7
PMT-0032,F-04,2022-04-01,27969.94,94.79,25.1
PMT-0032,F-04,2022-05-01,28418.58,92.83,29.8
PMT-0032,F-04,2022-06-01,29214.9,88.96,30.8
PMT-0032,F-04,2022-07-01,26689.63,93.37,31.9
PMT-0032,F-04,2022-08-01,24237.03,91.84,24.8
PMT-0032,F-04,2022-09-01,21432.44,88.99,16.6
PMT-0032,F-04,2022-10-01,18098.0,98.79,10.3
PMT-0032,F-04,2022-11-01,15853.05,95.33,4.4
PMT-0032,F-04,2022-12-01,15131.73,96.11,3.6
PMT-0032,F-04,2023-01-01,16607.7,98.98,5.4
PMT-0032,F-04,2023-02-01,19316.93,96.7,12.8
PMT-0032,F-04,2023-03-01,22839.27,95.29,16.5
PMT-0032,F-04,2023-04-01,25329.57,91.25,24.4
PMT-0032,F-04,2023-05-01,29106.31,93.2,28.2
PMT-0032,F-04,2023-06-01,29269.78,92.68,32.8
PMT-0032,F-04,2023-07-01,27396.7,93.49,28.5
PMT-0032,F-04,2023-08-01,24857.01,97.67,25.6
PMT-0032,F-04,2023-09-01,21995.33,92.06,17.2
PMT-0032,F-04,2023-10-01,17577.15,91.29,12.9
PMT-0032,F-04,2023-11-01,16710.93,93.78,3.9
PMT-0032,F-04,2023-12-01,14896.64,90.47,7.0
PMT-0032,F-04,2024-01-01,16540.21,94.98,4.9
PMT-0032,F-04,2024-02-01,19601.55,90.25,10.4
PMT-0032,F-04,2024-03-01,22685.09,94.64,17.1
PMT-0032,F-04,2024-04-01,26426.35,97.24,25.6
PMT-0032,F-04,2024-05-01,26617.25,90.09,30.3
PMT-0032,F-04,2024-06-01,27184.22,94.89,33.2
PMT-0032,F-04,2024-07-01,28566.26,90.03,31.1
PMT-0032,F-04,2024-08-01,25947.66,94.97,26.7
PMT-0032,F-04,2024-09-01,21236.07,88.74,15.9
PMT-0032,F-04,2024-10-01,17597.53,94.87,10.3
PMT-0032,F-04,2024-11-01,15327.73,88.64,7.4
PMT-0032,F-04,2024-12-01,15084.75,97.77,2.8
PMT-0033,F-04,2022-01-01,10757.56,89.99,5.4
PMT-0033,F-04,2022-02-01,12496.46,94.65,9.7
PMT-0033,F-04,2022-03-01,14133.76,96.43,19.5
PMT-0033,F-04,2022-04-01,17015.68,89.43,26.0
PMT-0033,F-04,2022-05-01,18048.09,92.22,30.2
PMT-0033,F-04,2022-06-01,20030.92,97.46,32.3
PMT-0033,F-04,2022-07-01,18255.6,97.23,27.4
PMT-0033,F-04,2022-08-01,17011.6,96.78,23.6
PMT-0033,F-04,2022-09-01,14651.69,96.17,19.9
PMT-0033,F-04,2022-10-01,11929.83,92.38,10.4
PMT-0033,F-04,2022-11-01,10122.02,94.38,6.8
PMT-0033,F-04,2022-12-01,9462.61,95.78,5.5
PMT-0033,F-04,2023-01-01,10927.04,91.7,8.7
PMT-0033,F-04,2023-02-01,11741.17,95.34,11.4
PMT-0033,F-04,2023-03-01,14250.27,92.72,17.6
PMT-0033,F-04,2023-04-01,17499.86,97.9,24.5
PMT-0033,F-04,2023-05-01,18564.23,93.58,30.5
PMT-0033,F-04,2023-06-01,19542.25,92.12,34.3
PMT-0033,F-04,2023-07-01,17157.19,93.24,30.4
PMT-0033,F-04,2023-08-01,17252.22,97.95,25.7
PMT-0033,F-04,2023-09-01,14346.65,96.08,17.6
PMT-0033,F-04,2023-10-01,12280.49,90.76,11.0
PMT-0033,F-04,2023-11-01,9955.35,89.98,4.2
PMT-0033,F-04,2023-12-01,9711.24,93.37,5.3
PMT-0033,F-04,2024-01-01,10228.71,94.41,6.1
PMT-0033,F-04,2024-02-01,11267.87,93.69,11.6
PMT-0033,F-04,2024-03-01,14265.45,95.18,18.0
PMT-0033,F-04,2024-04-01,16253.65,94.81,25.4
PMT-0033,F-04,2024-05-01,18865.27,95.1,28.8
PMT-0033,F-04,2024-06-01,20125.28,94.38,29.3
PMT-0033,F-04,2024-07-01,19576.39,93.22,31.4
PMT-0033,F-04,2024-08-01,17772.35,94.98,27.3
PMT-0033,F-04,2024-09-01,15189.1,95.23,17.1
PMT-0033,F-04,2024-10-01,12400.94,93.49,10.5
PMT-0033,F-04,2024-11-01,10642.12,94.26,6.4
PMT-0033,F-04,2024-12-01,9045.07,89.27,0.9
PMT-0034,F-04,2022-01-01,14839.49,82.46,3.9
PMT-0034,F-04,2022-02-01,18328.55,95.05,9.8
PMT-0034,F-04,2022-03-01,22627.49,91.36,17.5
PMT-0034,F-04,2022-04-01,27107.65,94.52,24.4
PMT-0034,F-04,2022-05-01,28643.89,94.65,29.5
PMT-0034,F-04,2022-06-01,30490.85,97.46,30.8
PMT-0034,F-04,2022-07-01,27984.98,90.5,30.9
PMT-0034,F-04,2022-08-01,24843.49,90.23,25.5
PMT-0034,F-04,2022-09-01,22010.06,84.88,18.2
PMT-0034,F-04,2022-10-01,18126.45,92.49,10.9
PMT-0034,F-04,2022-11-01,15548.6,94.93,5.2
PMT-0034,F-04,2022-12-01,14229.87,96.01,0.8
PMT-0034,F-04,2023-01-01,14605.54,94.09,6.5
PMT-0034,F-04,2023-02-01,18376.0,98.13,11.1
PMT-0034,F-04,2023-03-01,21640.44,84.17,17.7
PMT-0034,F-04,2023-04-01,23812.44,86.43,24.0
PMT-0034,F-04,2023-05-01,29324.57,93.81,30.5
PMT-0034,F-04,2023-06-01,28475.4,92.14,31.8
PMT-0034,F-04,2023-07-01,30521.75,91.4,29.1
PMT-0034,F-04,2023-08-01,24797.75,93.42,24.5
PMT-0034,F-04,2023-09-01,22133.45,99.5,18.2
PMT-0034,F-04,2023-10-01,17124.61,95.18,9.3
PMT-0034,F-04,2023-11-01,14655.85,92.15,6.6
PMT-0034,F-04,2023-12-01,14772.07,92.49,5.1
PMT-0034,F-04,2024-01-01,15186.4,91.97,7.5
PMT-0034,F-04,2024-02-01,17590.55,91.77,11.8
PMT-0034,F-04,2024-03-01,21628.35,88.38,17.7
PMT-0034,F-04,2024-04-01,26979.3,92.69,23.5
PMT-0034,F-04,2024-05-01,27819.9,92.09,28.8
PMT-0034,F-04,2024-06-01,29304.22,93.05,32.6
PMT-0034,F-04,2024-07-01,27775.43,96.16,28.8
PMT-0034,F-04,2024-08-01,26672.87,93.75,25.1
PMT-0034,F-04,2024-09-01,22402.95,89.57,16.9
PMT-0034,F-04,2024-10-01,19526.74,88.36,11.0
PMT-0034,F-04,2024-11-01,16705.78,95.73,5.4
PMT-0034,F-04,2024-12-01,15631.62,98.26,4.6
PMT-0035,F-04,2022-01-01,11668.66,96.58,4.2
PMT-0035,F-04,2022-02-01,13139.29,88.25,11.4
PMT-0035,F-04,2022-03-01,16843.89,95.61,16.4
PMT-0035,F-04,2022-04-01,18200.24,92.76,24.5
PMT-0035,F-04,2022-05-01,21012.9,90.13,30.2
PMT-0035,F-04,2022-06-01,21670.67,92.43,33.4
PMT-0035,F-04,2022-07-01,21618.66,92.31,31.5
PMT-0035,F-04,2022-08-01,17720.65,97.92,25.6
PMT-0035,F-04,2022-09-01,16212.38,88.36,19.0
PMT-0035,F-04,2022-10-01,13226.1,96.21,10.9
PMT-0035,F-04,2022-11-01,11440.09,95.3,4.4
PMT-0035,F-04,2022-12-01,10657.36,95.03,4.7
PMT-0035,F-04,2023-01-01,11233.62,91.16,6.3
PMT-0035,F-04,2023-02-01,13893.31,85.39,9.4
PMT-0035,F-04,2023-03-01,16869.72,93.83,17.3
PMT-0035,F-04,2023-04-01,19106.99,85.6,24.8
PMT-0035,F-04,2023-05-01,20302.63,90.96,28.2
PMT-0035,F-04,2023-06-01,21197.2,92.27,30.1
PMT-0035,F-04,2023-07-01,20984.74,92.96,28.9
PMT-0035,F-04,2023-08-01,18469.3,89.99,25.3
PMT-0035,F-04,2023-09-01,16351.94,91.61,18.1
PMT-0035,F-04,2023-10-01,13179.23,86.86,10.9
PMT-0035,F-04,2023-11-01,11135.99,94.29,4.7
PMT-0035,F-04,2023-12-01,10798.35,95.1,4.7
PMT-0035,F-04,2024-01-01,11696.87,90.51,6.5
PMT-0035,F-04,2024-02-01,13066.98,93.81,11.5
PMT-0035,F-04,2024-03-01,15923.76,91.44,19.2
PMT-0035,F-04,2024-04-01,19338.69,90.99,25.6
PMT-0035,F-04,2024-05-01,20655.3,92.32,30.8
PMT-0035,F-04,2024-06-01,20611.65,95.76,28.1
PMT-0035,F-04,2024-07-01,20251.82,93.13,30.2
PMT-0035,F-04,2024-08-01,19052.58,93.36,22.6
PMT-0035,F-04,2024-09-01,15852.55,95.02,17.9
PMT-0035,F-04,2024-10-01,12819.87,94.58,10.7
PMT-0035,F-04,2024-11-01,11104.7,95.01,8.0
PMT-0035,F-04,2024-12-01,10643.57,92.22,5.0
PMT-0036,F-04,2022-01-01,7197.04,86.48,5.5
PMT-0036,F-04,2022-02-01,8393.3,96.14,9.9
PMT-0036,F-04,2022-03-01,9696.53,91.65,18.2
PMT-0036,F-04,2022-04-01,11266.75,93.94,23.7
PMT-0036,F-04,2022-05-01,11473.57,92.57,28.9
PMT-0036,F-04,2022-06-01,11667.74,94.96,31.3
PMT-0036,F-04,2022-07-01,10682.49,95.6,31.8
PMT-0036,F-04,2022-08-01,10567.2,94.05,25.4
PMT-0036,F-04,2022-09-01,8968.36,95.77,18.0
PMT-0036,F-04,2022-10-01,7957.35,92.97,10.3
PMT-0036,F-04,2022-11-01,6517.6,98.88,6.5
PMT-0036,F-04,2022-12-01,6402.09,96.66,4.2
PMT-0036,F-04,2023-01-01,6882.8,95.79,8.2
PMT-0036,F-04,2023-02-01,7575.17,86.47,10.3
PMT-0036,F-04,2023-03-01,8973.02,91.42,17.4
PMT-0036,F-04,2023-04-01,9826.65,93.8,26.9
PMT-0036,F-04,2023-05-01,11285.74,93.68,30.3
PMT-0036,F-04,2023-06-01,10944.36,91.93,31.0
PMT-0036,F-04,2023-07-01,11128.76,93.0,28.9
PMT-0036,F-04,2023-08-01,9357.69,95.6,25.5
PMT-0036,F-04,2023-09-01,7952.95,88.97,19.7
PMT-0036,F-04,2023-10-01,7307.83,95.29,8.4
PMT-0036,F-04,2023-11-01,5901.14,92.16,6.0
PMT-0036,F-04,2023-12-01,6067.97,94.92,2.4
PMT-0036,F-04,2024-01-01,6839.0,92.33,6.2
PMT-0036,F-04,2024-02-01,7754.11,90.05,13.0
PMT-0036,F-04,2024-03-01,8974.09,92.77,18.6
PMT-0036,F-04,2024-04-01,10105.95,92.84,26.4
PMT-0036,F-04,2024-05-01,10458.07,91.26,29.7
PMT-0036,F-04,2024-06-01,10940.45,90.88,32.5
PMT-0036,F-04,2024-07-01,10528.41,90.41,32.0
PMT-0036,F-04,2024-08-01,9200.85,86.03,24.2
PMT-0036,F-04,2024-09-01,7946.79,89.56,15.5
PMT-0036,F-04,2024-10-01,7092.81,93.29,11.4
PMT-0036,F-04,2024-11-01,6476.6,88.52,7.2
PMT-0036,F-04,2024-12-01,5964.34,93.3,5.1
PMT-0037,F-04,2022-01-01,11063.98,91.1,4.3
PMT-0037,F-04,2022-02-01,12137.22,95.61,11.4
PMT-0037,F-04,2022-03-01,15019.06,89.03,18.9
PMT-0037,F-04,2022-04-01,17998.77,92.15,22.9
PMT-0037,F-04,2022-05-01,19211.45,88.79,29.7
PMT-0037,F-04,2022-06-01,20417.43,92.43,32.6
PMT-0037,F-04,2022-07-01,20227.43,88.57,31.1
PMT-0037,F-04,2022-08-01,18027.23,96.79,24.0
PMT-0037,F-04,2022-09-01,14322.29,98.27,14.5
PMT-0037,F-04,2022-10-01,12063.95,96.3,10.9
PMT-0037,F-04,2022-11-01,10479.12,95.49,4.8
PMT-0037,F-04,2022-12-01,9945.98,90.49,6.7
PMT-0037,F-04,2023-01-01,11033.06,86.69,6.0
PMT-0037,F-04,2023-02-01,12398.51,94.3,12.9
PMT-0037,F-04,2023-03-01,14352.63,93.95,18.5
PMT-0037,F-04,2023-04-01,17211.81,89.32,24.8
PMT-0037,F-04,2023-05-01,18839.0,92.3,30.7
PMT-0037,F-04,2023-06-01,19352.59,94.61,29.9
PMT-0037,F-04,2023-07-01,18770.34,94.13,29.1
PMT-0037,F-04,2023-08-01,17509.01,93.58,25.4
PMT-0037,F-04,2023-09-01,14684.54,91.61,16.1
PMT-0037,F-04,2023-10-01,11547.11,92.8,8.0
PMT-0037,F-04,2023-11-01,10716.56,92.18,7.1
PMT-0037,F-04,2023-12-01,9958.43,98.15,3.3
PMT-0037,F-04,2024-01-01,10708.26,92.51,7.0
PMT-0037,F-04,2024-02-01,12510.26,92.77,11.7
PMT-0037,F-04,2024-03-01,14815.09,93.52,18.3
PMT-0037,F-04,2024-04-01,17417.29,91.55,24.9
PMT-0037,F-04,2024-05-01,19096.3,91.85,29.2
PMT-0037,F-04,2024-06-01,20490.28,89.42,31.2
PMT-0037,F-04,2024-07-01,20107.43,93.06,32.7
PMT-0037,F-04,2024-08-01,16709.35,91.1,24.8
PMT-0037,F-04,2024-09-01,14560.77,91.16,19.2
PMT-0037,F-04,2024-10-01,11746.68,96.75,10.2
PMT-0037,F-04,2024-11-01,10724.8,93.24,3.5
PMT-0037,F-04,2024-12-01,9658.61,86.18,2.5
PMT-0038,F-04,2022-01-01,14521.0,97.6,3.6
PMT-0038,F-04,2022-02-01,17066.7,89.23,13.1
PMT-0038,F-04,2022-03-01,21159.16,90.53,19.2
PMT-0038,F-04,2022-04-01,24519.3,88.46,25.5
PMT-0038,F-04,2022-05-01,26277.32,91.37,30.7
PMT-0038,F-04,2022-06-01,26611.84,94.24,32.7
PMT-0038,F-04,2022-07-01,28336.9,90.82,29.6
PMT-0038,F-04,2022-08-01,24127.11,91.52,24.3
PMT-0038,F-04,2022-09-01,21789.72,92.9,17.4
PMT-0038,F-04,2022-10-01,15936.04,95.45,11.1
PMT-0038,F-04,2022-11-01,14593.37,91.96,5.5
PMT-0038,F-04,2022-12-01,13764.07,92.11,5.3
PMT-0038,F-04,2023-01-01,14903.08,95.15,7.0
PMT-0038,F-04,2023-02-01,17957.61,90.35,11.5
PMT-0038,F-04,2023-03-01,15823.09,96.52,18.6
PMT-0038,F-04,2023-04-01,18618.52,92.44,25.7
PMT-0038,F-04,2023-05-01,19703.83,90.62,30.5
PMT-0038,F-04,2023-06-01,28713.55,92.21,32.1
PMT-0038,F-04,2023-07-01,27175.16,96.26,28.0
PMT-0038,F-04,2023-08-01,23267.55,95.28,26.0
PMT-0038,F-04,2023-09-01,20396.58,91.6,17.9
PMT-0038,F-04,2023-10-01,16736.01,100.0,11.9
PMT-0038,F-04,2023-11-01,13766.31,90.19,5.7
PMT-0038,F-04,2023-12-01,13471.27,91.07,6.9
PMT-0038,F-04,2024-01-01,14375.36,87.94,5.8
PMT-0038,F-04,2024-02-01,16646.0,92.45,11.8
PMT-0038,F-04,2024-03-01,19845.29,90.39,17.4
PMT-0038,F-04,2024-04-01,22836.0,94.11,22.9
PMT-0038,F-04,2024-05-01,27873.03,91.63,28.5
PMT-0038,F-04,2024-06-01,26017.75,90.82,33.4
PMT-0038,F-04,2024-07-01,26276.59,89.8,29.6
PMT-0038,F-04,2024-08-01,22925.54,92.2,22.9
PMT-0038,F-04,2024-09-01,20236.82,90.16,18.9
PMT-0038,F-04,2024-10-01,16998.66,93.53,10.8
PMT-0038,F-04,2024-11-01,13525.98,90.09,3.5
PMT-0038,F-04,2024-12-01,13424.88,89.09,5.0
PMT-0039,F-04,2022-01-01,19965.06,94.6,5.1
PMT-0039,F-04,2022-02-01,24376.0,91.44,11.9
PMT-0039,F-04,2022-03-01,30538.39,92.16,17.2
PMT-0039,F-04,2022-04-01,35380.71,90.41,23.4
PMT-0039,F-04,2022-05-01,37633.45,97.82,30.6
PMT-0039,F-04,2022-06-01,40918.57,95.52,31.3
PMT-0039,F-04,2022-07-01,39700.83,94.75,30.4
PMT-0039,F-04,2022-08-01,36064.28,92.77,25.4
PMT-0039,F-04,2022-09-01,28433.05,92.38,17.0
PMT-0039,F-04,2022-10-01,23772.51,91.91,8.4
PMT-0039,F-04,2022-11-01,20596.95,91.19,6.4
PMT-0039,F-04,2022-12-01,18229.93,97.5,4.5
PMT-0039,F-04,2023-01-01,20961.26,94.96,4.6
PMT-0039,F-04,2023-02-01,24718.98,92.68,10.3
PMT-0039,F-04,2023-03-01,30198.86,96.66,18.4
PMT-0039,F-04,2023-04-01,36925.17,90.13,22.5
PMT-0039,F-04,2023-05-01,37419.67,89.49,33.5
PMT-0039,F-04,2023-06-01,40489.8,93.75,34.2
PMT-0039,F-04,2023-07-01,35641.28,91.4,29.0
PMT-0039,F-04,2023-08-01,34060.0,90.96,24.9
PMT-0039,F-04,2023-09-01,29575.15,93.49,18.5
PMT-0039,F-04,2023-10-01,23637.98,87.29,11.4
PMT-0039,F-04,2023-11-01,20658.86,91.04,7.4
PMT-0039,F-04,2023-12-01,19357.63,92.95,4.7
PMT-0039,F-04,2024-01-01,20151.3,90.83,7.3
PMT-0039,F-04,2024-02-01,24305.37,88.46,11.7
PMT-0039,F-04,2024-03-01,29672.95,94.65,18.0
PMT-0039,F-04,2024-04-01,35628.29,94.26,27.5
PMT-0039,F-04,2024-05-01,37863.19,93.7,29.7
PMT-0039,F-04,2024-06-01,37990.59,88.57,33.1
PMT-0039,F-04,2024-07-01,38386.64,90.78,30.3
PMT-0039,F-04,2024-08-01,34363.35,87.81,26.0
PMT-0039,F-04,2024-09-01,28602.28,94.6,19.1
PMT-0039,F-04,2024-10-01,25363.28,91.61,12.5
PMT-0039,F-04,2024-11-01,20566.47,91.46,6.7
PMT-0039,F-04,2024-12-01,18991.88,88.95,4.1
PMT-0040,F-04,2022-01-01,6821.06,87.54,7.1
PMT-0040,F-04,2022-02-01,8207.79,91.12,11.8
PMT-0040,F-04,2022-03-01,9714.57,95.51,17.3
PMT-0040,F-04,2022-04-01,11411.23,92.71,22.9
PMT-0040,F-04,2022-05-01,12684.57,95.09,28.7
PMT-0040,F-04,2022-06-01,13255.22,91.13,31.5
PMT-0040,F-04,2022-07-01,12800.69,88.35,31.0
PMT-0040,F-04,2022-08-01,11897.0,93.8,23.1
PMT-0040,F-04,2022-09-01,8962.91,92.86,20.3
PMT-0040,F-04,2022-10-01,8272.96,98.65,9.3
PMT-0040,F-04,2022-11-01,6881.44,97.22,4.3
PMT-0040,F-04,2022-12-01,6344.86,86.83,1.8
PMT-0040,F-04,2023-01-01,6909.03,93.95,7.4
PMT-0040,F-04,2023-02-01,8326.25,97.23,11.0
PMT-0040,F-04,2023-03-01,9374.26,91.48,17.6
PMT-0040,F-04,2023-04-01,11708.84,92.69,27.4
PMT-0040,F-04,2023-05-01,12306.86,93.1,29.4
PMT-0040,F-04,2023-06-01,13028.43,93.83,32.9
PMT-0040,F-04,2023-07-01,12378.55,90.12,29.3
PMT-0040,F-04,2023-08-01,11510.91,95.24,26.7
PMT-0040,F-04,2023-09-01,10084.6,93.64,15.5
PMT-0040,F-04,2023-10-01,7949.8,90.36,12.5
PMT-0040,F-04,2023-11-01,6900.09,91.32,4.9
PMT-0040,F-04,2023-12-01,6130.53,89.31,3.9
PMT-0040,F-04,2024-01-01,6797.34,92.16,4.9
PMT-0040,F-04,2024-02-01,8138.56,91.52,11.1
PMT-0040,F-04,2024-03-01,9895.5,92.08,17.8
PMT-0040,F-04,2024-04-01,11216.43,88.8,26.8
PMT-0040,F-04,2024-05-01,12288.61,89.07,30.9
PMT-0040,F-04,2024-06-01,12661.41,90.39,33.4
PMT-0040,F-04,2024-07-01,11929.18,90.45,29.8
PMT-0040,F-04,2024-08-01,11134.2,95.4,24.3
PMT-0040,F-04,2024-09-01,9901.8,89.92,17.0
PMT-0040,F-04,2024-10-01,7738.73,89.09,11.3
PMT-0040,F-04,2024-11-01,6549.18,94.0,7.0
PMT-0040,F-04,2024-12-01,6203.42,90.82,7.6
PMT-0041,F-05,2022-01-01,9879.28,87.26,6.0
PMT-0041,F-05,2022-02-01,11766.29,88.99,10.5
PMT-0041,F-05,2022-03-01,13676.05,90.29,17.1
PMT-0041,F-05,2022-04-01,16625.95,83.07,25.9
PMT-0041,F-05,2022-05-01,18072.47,91.87,30.3
PMT-0041,F-05,2022-06-01,18876.58,93.18,30.0
PMT-0041,F-05,2022-07-01,17643.19,92.69,29.1
PMT-0041,F-05,2022-08-01,16676.83,91.63,25.7
PMT-0041,F-05,2022-09-01,13746.71,95.95,17.4
PMT-0041,F-05,2022-10-01,11347.22,93.57,12.4
PMT-0041,F-05,2022-11-01,9779.97,87.84,3.5
PMT-0041,F-05,2022-12-01,9514.93,88.45,4.4
PMT-0041,F-05,2023-01-01,9498.97,87.69,4.1
PMT-0041,F-05,2023-02-01,11426.24,91.11,10.9
PMT-0041,F-05,2023-03-01,14188.52,89.4,19.2
PMT-0041,F-05,2023-04-01,16425.81,86.3,23.7
PMT-0041,F-05,2023-05-01,18039.41,93.88,28.8
PMT-0041,F-05,2023-06-01,18837.04,89.43,31.9
PMT-0041,F-05,2023-07-01,18055.06,87.48,32.0
PMT-0041,F-05,2023-08-01,16787.42,83.85,25.8
PMT-0041,F-05,2023-09-01,13966.75,93.66,19.6
PMT-0041,F-05,2023-10-01,11672.98,90.3,11.3
PMT-0041,F-05,2023-11-01,10138.41,91.47,6.3
PMT-0041,F-05,2023-12-01,9126.96,88.44,3.8
PMT-0041,F-05,2024-01-01,9891.6,88.64,4.0
PMT-0041,F-05,2024-02-01,11687.83,89.98,10.2
PMT-0041,F-05,2024-03-01,14022.25,89.89,18.2
PMT-0041,F-05,2024-04-01,16503.61,88.91,23.6
PMT-0041,F-05,2024-05-01,18016.67,86.4,31.0
PMT-0041,F-05,2024-06-01,19730.67,84.14,31.2
PMT-0041,F-05,2024-07-01,17769.25,90.65,31.3
PMT-0041,F-05,2024-08-01,16567.58,89.52,24.7
PMT-0041,F-05,2024-09-01,13613.92,90.99,15.2
PMT-0041,F-05,2024-10-01,11474.8,91.3,12.4
PMT-0041,F-05,2024-11-01,9492.29,89.02,5.1
PMT-0041,F-05,2024-12-01,9368.84,85.76,5.0
PMT-0042,F-05,2022-01-01,14085.25,85.15,6.2
PMT-0042,F-05,2022-02-01,17060.73,88.04,11.2
PMT-0042,F-05,2022-03-01,19619.86,90.27,16.7
PMT-0042,F-05,2022-04-01,22582.29,92.96,24.5
PMT-0042,F-05,2022-05-01,24710.11,91.27,30.7
PMT-0042,F-05,2022-06-01,25992.83,81.51,32.8
PMT-0042,F-05,2022-07-01,24237.18,89.18,29.5
PMT-0042,F-05,2022-08-01,22372.13,90.3,23.9
PMT-0042,F-05,2022-09-01,18729.89,91.78,18.8
PMT-0042,F-05,2022-10-01,15280.6,91.41,12.4
PMT-0042,F-05,2022-11-01,13936.06,83.92,7.1
PMT-0042,F-05,2022-12-01,12962.36,89.82,4.0
PMT-0042,F-05,2023-01-01,14107.44,93.15,5.9
PMT-0042,F-05,2023-02-01,16358.9,84.14,10.4
PMT-0042,F-05,2023-03-01,19644.26,87.53,18.0
PMT-0042,F-05,2023-04-01,22165.06,90.14,26.2
PMT-0042,F-05,2023-05-01,25164.59,91.56,31.0
PMT-0042,F-05,2023-06-01,25982.5,90.56,30.2
PMT-0042,F-05,2023-07-01,24821.45,91.62,29.7
PMT-0042,F-05,2023-08-01,22006.45,90.73,26.0
PMT-0042,F-05,2023-09-01,18998.13,90.06,16.0
PMT-0042,F-05,2023-10-01,16516.45,91.29,10.9
PMT-0042,F-05,2023-11-01,13700.38,85.95,6.7
PMT-0042,F-05,2023-12-01,13086.27,84.67,3.3
PMT-0042,F-05,2024-01-01,14115.3,90.41,4.2
PMT-0042,F-05,2024-02-01,16786.87,84.45,9.7
PMT-0042,F-05,2024-03-01,19446.15,89.15,18.2
PMT-0042,F-05,2024-04-01,22382.79,92.54,23.8
PMT-0042,F-05,2024-05-01,25026.08,87.47,29.8
PMT-0042,F-05,2024-06-01,25138.97,93.76,33.2
PMT-0042,F-05,2024-07-01,24512.86,88.87,30.0
PMT-0042,F-05,2024-08-01,21669.26,86.4,24.7
PMT-0042,F-05,2024-09-01,19177.46,89.91,18.2
PMT-0042,F-05,2024-10-01,16054.95,87.41,10.9
PMT-0042,F-05,2024-11-01,13194.38,85.91,4.4
PMT-0042,F-05,2024-12-01,12871.98,87.9,3.6
PMT-0043,F-05,2022-01-01,9544.13,85.98,5.0
PMT-0043,F-05,2022-02-01,10544.15,89.55,10.1
PMT-0043,F-05,2022-03-01,13383.93,93.48,16.5
PMT-0043,F-05,2022-04-01,14850.4,87.47,26.4
PMT-0043,F-05,2022-05-01,18159.69,89.43,29.3
PMT-0043,F-05,2022-06-01,16834.74,96.58,31.1
PMT-0043,F-05,2022-07-01,16549.62,88.66,30.2
PMT-0043,F-05,2022-08-01,15279.82,89.92,23.7
PMT-0043,F-05,2022-09-01,12141.59,92.55,17.6
PMT-0043,F-05,2022-10-01,10848.28,93.26,11.8
PMT-0043,F-05,2022-11-01,9538.0,89.66,6.3
PMT-0043,F-05,2022-12-01,8776.62,90.06,3.2
PMT-0043,F-05,2023-01-01,9664.14,85.95,5.5
PMT-0043,F-05,2023-02-01,10957.76,84.88,14.4
PMT-0043,F-05,2023-03-01,14768.38,88.66,20.7
PMT-0043,F-05,2023-04-01,16140.09,89.69,24.5
PMT-0043,F-05,2023-05-01,16456.1,89.65,27.9
PMT-0043,F-05,2023-06-01,16854.56,89.75,29.6
PMT-0043,F-05,2023-07-01,16303.2,88.52,32.1
PMT-0043,F-05,2023-08-01,15120.31,89.64,24.3
PMT-0043,F-05,2023-09-01,12187.02,86.25,16.1
PMT-0043,F-05,2023-10-01,10438.55,90.15,10.5
PMT-0043,F-05,2023-11-01,9507.5,88.56,7.1
PMT-0043,F-05,2023-12-01,8810.11,91.97,4.4
PMT-0043,F-05,2024-01-01,9581.97,90.2,7.6
PMT-0043,F-05,2024-02-01,12273.19,92.2,9.3
PMT-0043,F-05,2024-03-01,13716.36,88.31,17.5
PMT-0043,F-05,2024-04-01,14417.2,88.05,23.4
PMT-0043,F-05,2024-05-01,16682.73,90.29,30.8
PMT-0043,F-05,2024-06-01,16176.23,91.05,30.7
PMT-0043,F-05,2024-07-01,16093.51,85.94,28.1
PMT-0043,F-05,2024-08-01,15179.56,86.89,25.9
PMT-0043,F-05,2024-09-01,13391.87,91.75,19.1
PMT-0043,F-05,2024-10-01,10887.21,89.89,12.4
PMT-0043,F-05,2024-11-01,9774.77,89.56,3.3
PMT-0043,F-05,2024-12-01,8479.85,90.53,4.2
PMT-0044,F-05,2022-01-01,16732.92,86.38,6.6
PMT-0044,F-05,2022-02-01,21319.54,90.58,10.3
PMT-0044,F-05,2022-03-01,25128.03,88.81,17.4
PMT-0044,F-05,2022-04-01,28233.47,85.93,24.4
PMT-0044,F-05,2022-05-01,28257.83,88.04,31.3
PMT-0044,F-05,2022-06-01,30381.78,91.37,30.4
PMT-0044,F-05,2022-07-01,29856.18,90.14,30.7
PMT-0044,F-05,2022-08-01,27498.75,90.11,25.2
PMT-0044,F-05,2022-09-01,22944.95,87.23,17.5
PMT-0044,F-05,2022-10-01,19167.75,87.24,10.5
PMT-0044,F-05,2022-11-01,16775.95,89.67,6.7
PMT-0044,F-05,2022-12-01,15864.86,89.09,4.3
PMT-0044,F-05,2023-01-01,16395.04,88.81,6.0
PMT-0044,F-05,2023-02-01,19932.96,88.33,10.5
PMT-0044,F-05,2023-03-01,23440.8,90.15,17.5
PMT-0044,F-05,2023-04-01,28321.0,91.74,25.2
PMT-0044,F-05,2023-05-01,29242.92,83.95,31.2
PMT-0044,F-05,2023-06-01,29881.51,87.6,31.5
PMT-0044,F-05,2023-07-01,29531.39,90.29,28.7
PMT-0044,F-05,2023-08-01,27355.16,90.35,25.5
PMT-0044,F-05,2023-09-01,22503.62,84.64,19.8
PMT-0044,F-05,2023-10-01,19150.97,84.04,10.7
PMT-0044,F-05,2023-11-01,16436.24,85.84,5.4
PMT-0044,F-05,2023-12-01,15166.89,89.29,4.0
PMT-0044,F-05,2024-01-01,17573.18,85.75,6.9
PMT-0044,F-05,2024-02-01,20177.78,93.98,11.7
PMT-0044,F-05,2024-03-01,24317.38,83.77,16.8
PMT-0044,F-05,2024-04-01,27356.35,92.13,25.0
PMT-0044,F-05,2024-05-01,29887.42,95.25,30.8
PMT-0044,F-05,2024-06-01,30336.44,92.7,34.8
PMT-0044,F-05,2024-07-01,29461.23,88.28,32.0
PMT-0044,F-05,2024-08-01,26255.47,92.19,24.5
PMT-0044,F-05,2024-09-01,22065.42,88.71,18.0
PMT-0044,F-05,2024-10-01,19135.34,93.78,11.0
PMT-0044,F-05,2024-11-01,16267.52,82.32,6.3
PMT-0044,F-05,2024-12-01,15828.94,85.6,2.9
PMT-0045,F-05,2022-01-01,16114.82,82.75,6.4
PMT-0045,F-05,2022-02-01,19296.86,87.11,10.9
PMT-0045,F-05,2022-03-01,22890.1,87.13,17.8
PMT-0045,F-05,2022-04-01,27409.18,86.57,26.7
PMT-0045,F-05,2022-05-01,28627.63,90.04,29.0
PMT-0045,F-05,2022-06-01,32103.96,84.76,31.7
PMT-0045,F-05,2022-07-01,30084.79,85.05,30.8
PMT-0045,F-05,2022-08-01,25832.05,86.3,25.4
PMT-0045,F-05,2022-09-01,22100.3,91.24,19.0
PMT-0045,F-05,2022-10-01,18441.81,88.92,12.1
PMT-0045,F-05,2022-11-01,15481.73,89.43,6.2
PMT-0045,F-05,2022-12-01,15060.54,87.67,3.5
PMT-0045,F-05,2023-01-01,16553.05,86.99,6.6
PMT-0045,F-05,2023-02-01,20159.65,87.73,11.1
PMT-0045,F-05,2023-03-01,24265.97,82.17,18.0
PMT-0045,F-05,2023-04-01,27425.29,87.88,26.9
PMT-0045,F-05,2023-05-01,29375.39,89.23,29.8
PMT-0045,F-05,2023-06-01,31686.36,90.46,32.6
PMT-0045,F-05,2023-07-01,27851.03,85.62,30.0
PMT-0045,F-05,2023-08-01,27044.02,90.28,25.4
PMT-0045,F-05,2023-09-01,22086.33,81.41,18.1
PMT-0045,F-05,2023-10-01,19105.5,90.23,9.6
PMT-0045,F-05,2023-11-01,16973.7,95.22,4.9
PMT-0045,F-05,2023-12-01,15591.09,85.0,4.3
PMT-0045,F-05,2024-01-01,16703.82,96.6,7.2
PMT-0045,F-05,2024-02-01,19389.84,89.13,10.7
PMT-0045,F-05,2024-03-01,23510.83,84.53,22.1
PMT-0045,F-05,2024-04-01,27764.02,83.14,24.0
PMT-0045,F-05,2024-05-01,30063.93,87.72,30.6
PMT-0045,F-05,2024-06-01,30251.87,81.24,32.0
PMT-0045,F-05,2024-07-01,30281.24,89.49,30.0
PMT-0045,F-05,2024-08-01,27662.27,85.77,27.1
PMT-0045,F-05,2024-09-01,21862.2,87.12,16.5
PMT-0045,F-05,2024-10-01,19881.81,89.13,12.6
PMT-0045,F-05,2024-11-01,15606.86,86.45,7.4
PMT-0045,F-05,2024-12-01,15264.35,91.51,4.5
PMT-0046,F-05,2022-01-01,10227.25,89.96,5.0
PMT-0046,F-05,2022-02-01,12039.38,89.6,10.6
PMT-0046,F-05,2022-03-01,12694.24,90.43,17.4
PMT-0046,F-05,2022-04-01,14517.77,92.86,25.6
PMT-0046,F-05,2022-05-01,17186.29,88.24,30.9
PMT-0046,F-05,2022-06-01,16914.17,89.36,30.8
PMT-0046,F-05,2022-07-01,15289.78,90.51,30.1
PMT-0046,F-05,2022-08-01,13456.75,90.53,23.6
PMT-0046,F-05,2022-09-01,13275.9,87.91,16.8
PMT-0046,F-05,2022-10-01,11495.34,89.79,13.4
PMT-0046,F-05,2022-11-01,9445.59,88.59,7.2
PMT-0046,F-05,2022-12-01,9022.87,92.64,4.0
PMT-0046,F-05,2023-01-01,10003.21,91.28,5.9
PMT-0046,F-05,2023-02-01,11202.25,89.52,9.5
PMT-0046,F-05,2023-03-01,13325.87,90.32,18.9
PMT-0046,F-05,2023-04-01,14513.27,90.61,22.5
PMT-0046,F-05,2023-05-01,15887.87,90.36,30.3
PMT-0046,F-05,2023-06-01,15770.73,85.79,31.1
PMT-0046,F-05,2023-07-01,15742.19,92.54,31.3
PMT-0046,F-05,2023-08-01,13409.93,82.1,25.5
PMT-0046,F-05,2023-09-01,12089.66,88.37,18.2
PMT-0046,F-05,2023-10-01,10376.95,86.53,13.0
PMT-0046,F-05,2023-11-01,9388.02,87.5,5.7
PMT-0046,F-05,2023-12-01,8778.36,91.71,2.8
PMT-0046,F-05,2024-01-01,9494.46,90.61,4.7
PMT-0046,F-05,2024-02-01,11077.18,91.24,11.0
PMT-0046,F-05,2024-03-01,12921.47,94.2,16.9
PMT-0046,F-05,2024-04-01,15266.3,91.13,25.9
PMT-0046,F-05,2024-05-01,15789.04,90.31,29.1
PMT-0046,F-05,2024-06-01,15360.11,90.8,32.9
PMT-0046,F-05,2024-07-01,14520.63,90.59,29.8
PMT-0046,F-05,2024-08-01,14256.16,84.94,24.1
PMT-0046,F-05,2024-09-01,11449.89,85.42,18.2
PMT-0046,F-05,2024-10-01,10208.18,93.04,11.5
PMT-0046,F-05,2024-11-01,9452.16,93.78,4.4
PMT-0046,F-05,2024-12-01,8791.43,91.45,3.5
PMT-0047,F-05,2022-01-01,8025.8,93.93,6.5
PMT-0047,F-05,2022-02-01,10099.6,88.99,8.9
PMT-0047,F-05,2022-03-01,11185.65,88.51,17.1
PMT-0047,F-05,2022-04-01,13098.54,92.31,25.3
PMT-0047,F-05,2022-05-01,14616.67,93.53,28.2
PMT-0047,F-05,2022-06-01,15040.43,87.05,32.2
PMT-0047,F-05,2022-07-01,15080.99,85.22,28.7
PMT-0047,F-05,2022-08-01,13911.63,91.89,24.5
PMT-0047,F-05,2022-09-01,11893.2,81.8,21.0
PMT-0047,F-05,2022-10-01,9712.17,86.98,11.1
PMT-0047,F-05,2022-11-01,8308.07,87.92,4.6
PMT-0047,F-05,2022-12-01,7844.54,87.06,4.8
PMT-0047,F-05,2023-01-01,8471.06,92.68,5.7
PMT-0047,F-05,2023-02-01,9800.79,91.76,10.0
PMT-0047,F-05,2023-03-01,11769.59,92.3,18.5
PMT-0047,F-05,2023-04-01,14074.93,91.19,22.6
PMT-0047,F-05,2023-05-01,14173.32,90.05,32.0
PMT-0047,F-05,2023-06-01,15608.42,92.37,31.4
PMT-0047,F-05,2023-07-01,15594.25,90.12,28.2
PMT-0047,F-05,2023-08-01,13556.99,92.12,26.1
PMT-0047,F-05,2023-09-01,11217.91,87.14,19.0
PMT-0047,F-05,2023-10-01,9479.26,88.68,12.8
PMT-0047,F-05,2023-11-01,8057.13,90.04,6.1
PMT-0047,F-05,2023-12-01,7985.93,89.24,2.3
PMT-0047,F-05,2024-01-01,8198.18,88.13,5.9
PMT-0047,F-05,2024-02-01,9508.81,88.68,10.9
PMT-0047,F-05,2024-03-01,12044.16,95.95,16.7
PMT-0047,F-05,2024-04-01,13637.68,87.98,25.2
PMT-0047,F-05,2024-05-01,14216.6,87.57,29.5
PMT-0047,F-05,2024-06-01,15499.28,86.59,33.8
PMT-0047,F-05,2024-07-01,15213.14,86.94,31.5
PMT-0047,F-05,2024-08-01,13051.78,93.52,24.1
PMT-0047,F-05,2024-09-01,12000.25,86.79,17.0
PMT-0047,F-05,2024-10-01,9506.39,90.15,9.7
PMT-0047,F-05,2024-11-01,8180.21,88.46,6.8
PMT-0047,F-05,2024-12-01,7734.94,94.61,3.2
PMT-0048,F-05,2022-01-01,4786.34,94.79,5.8
PMT-0048,F-05,2022-02-01,5467.17,87.09,11.9
PMT-0048,F-05,2022-03-01,7249.87,90.83,18.2
PMT-0048,F-05,2022-04-01,8011.63,93.37,25.3
PMT-0048,F-05,2022-05-01,8209.4,89.1,26.6
PMT-0048,F-05,2022-06-01,7688.79,89.53,33.6
PMT-0048,F-05,2022-07-01,8007.54,89.12,30.1
PMT-0048,F-05,2022-08-01,7027.46,86.94,25.1
PMT-0048,F-05,2022-09-01,6259.93,91.73,20.0
PMT-0048,F-05,2022-10-01,5186.77,90.06,10.0
PMT-0048,F-05,2022-11-01,4928.43,92.34,6.9
PMT-0048,F-05,2022-12-01,4520.04,91.24,3.7
PMT-0048,F-05,2023-01-01,5110.65,81.25,5.5
PMT-0048,F-05,2023-02-01,5787.81,87.86,11.5
PMT-0048,F-05,2023-03-01,6777.32,91.61,16.2
PMT-0048,F-05,2023-04-01,7502.42,93.91,24.2
PMT-0048,F-05,2023-05-01,7905.64,84.96,30.0
PMT-0048,F-05,2023-06-01,8008.01,90.77,30.6
PMT-0048,F-05,2023-07-01,8014.79,90.26,30.5
PMT-0048,F-05,2023-08-01,6824.06,91.63,27.0
PMT-0048,F-05,2023-09-01,6646.63,90.19,16.5
PMT-0048,F-05,2023-10-01,5141.8,89.19,11.6
PMT-0048,F-05,2023-11-01,4648.16,90.45,5.0
PMT-0048,F-05,2023-12-01,4528.36,94.7,2.2
PMT-0048,F-05,2024-01-01,4915.0,86.87,3.7
PMT-0048,F-05,2024-02-01,5515.81,91.77,9.3
PMT-0048,F-05,2024-03-01,6321.63,86.26,19.1
PMT-0048,F-05,2024-04-01,6773.29,89.74,23.2
PMT-0048,F-05,2024-05-01,8159.59,87.26,28.8
PMT-0048,F-05,2024-06-01,7741.11,88.62,32.1
PMT-0048,F-05,2024-07-01,7586.61,89.26,33.7
PMT-0048,F-05,2024-08-01,6802.94,90.11,24.4
PMT-0048,F-05,2024-09-01,6437.95,90.14,15.6
PMT-0048,F-05,2024-10-01,5281.66,94.32,12.2
PMT-0048,F-05,2024-11-01,4900.51,86.86,5.1
PMT-0048,F-05,2024-12-01,4524.81,93.07,4.8
PMT-0049,F-05,2022-01-01,26984.73,92.01,5.6
PMT-0049,F-05,2022-02-01,33525.23,91.81,10.2
PMT-0049,F-05,2022-03-01,41426.54,94.22,18.6
PMT-0049,F-05,2022-04-01,47795.83,87.93,25.1
PMT-0049,F-05,2022-05-01,53297.77,87.85,33.1
PMT-0049,F-05,2022-06-01,54840.4,86.96,32.2
PMT-0049,F-05,2022-07-01,50591.62,91.33,30.6
PMT-0049,F-05,2022-08-01,46984.73,91.59,23.4
PMT-0049,F-05,2022-09-01,40430.91,91.77,19.9
PMT-0049,F-05,2022-10-01,32140.8,84.65,11.0
PMT-0049,F-05,2022-11-01,28121.4,91.97,7.3
PMT-0049,F-05,2022-12-01,25174.42,84.76,3.8
PMT-0049,F-05,2023-01-01,25816.77,88.66,7.5
PMT-0049,F-05,2023-02-01,32694.05,91.11,9.7
PMT-0049,F-05,2023-03-01,39498.62,89.38,17.9
PMT-0049,F-05,2023-04-01,45908.03,83.6,24.1
PMT-0049,F-05,2023-05-01,52529.87,87.93,30.0
PMT-0049,F-05,2023-06-01,54782.99,92.63,30.6
PMT-0049,F-05,2023-07-01,50681.66,85.85,29.9
PMT-0049,F-05,2023-08-01,46481.22,93.48,25.4
PMT-0049,F-05,2023-09-01,38913.25,89.33,19.9
PMT-0049,F-05,2023-10-01,32134.47,88.38,10.9
PMT-0049,F-05,2023-11-01,26772.21,86.02,5.6
PMT-0049,F-05,2023-12-01,24785.23,87.15,6.6
PMT-0049,F-05,2024-01-01,27496.63,86.17,3.3
PMT-0049,F-05,2024-02-01,31847.59,91.29,10.7
PMT-0049,F-05,2024-03-01,38873.13,88.62,18.4
PMT-0049,F-05,2024-04-01,46587.44,89.3,24.6
PMT-0049,F-05,2024-05-01,51362.7,90.52,31.3
PMT-0049,F-05,2024-06-01,52692.56,87.27,31.2
PMT-0049,F-05,2024-07-01,50809.2,91.29,28.7
PMT-0049,F-05,2024-08-01,45753.32,86.4,24.8
PMT-0049,F-05,2024-09-01,39575.01,91.39,19.0
PMT-0049,F-05,2024-10-01,32918.5,85.77,13.5
PMT-0049,F-05,2024-11-01,25955.17,89.04,7.1
PMT-0049,F-05,2024-12-01,25332.81,88.57,5.0
PMT-0050,F-05,2022-01-01,19305.63,88.89,5.1
PMT-0050,F-05,2022-02-01,23255.58,90.82,11.6
PMT-0050,F-05,2022-03-01,27981.17,89.58,18.9
PMT-0050,F-05,2022-04-01,31149.59,91.95,26.1
PMT-0050,F-05,2022-05-01,32144.88,86.43,30.7
PMT-0050,F-05,2022-06-01,31975.02,89.0,34.4
PMT-0050,F-05,2022-07-01,31636.09,89.34,29.6
PMT-0050,F-05,2022-08-01,28946.69,87.95,25.2
PMT-0050,F-05,2022-09-01,25999.76,83.28,15.8
PMT-0050,F-05,2022-10-01,21781.89,85.56,11.7
PMT-0050,F-05,2022-11-01,19209.04,90.76,5.7
PMT-0050,F-05,2022-12-01,18155.14,89.29,4.4
PMT-0050,F-05,2023-01-01,20102.19,86.19,6.2
PMT-0050,F-05,2023-02-01,22401.69,90.31,11.7
PMT-0050,F-05,2023-03-01,28822.49,93.27,19.3
PMT-0050,F-05,2023-04-01,32849.01,89.24,25.0
PMT-0050,F-05,2023-05-01,32202.29,89.89,28.2
PMT-0050,F-05,2023-06-01,34668.91,87.96,33.9
PMT-0050,F-05,2023-07-01,30592.9,91.66,30.1
PMT-0050,F-05,2023-08-01,28267.16,88.28,25.4
PMT-0050,F-05,2023-09-01,26650.81,93.55,16.9
PMT-0050,F-05,2023-10-01,21747.9,87.74,12.4
PMT-0050,F-05,2023-11-01,19825.14,96.04,4.9
PMT-0050,F-05,2023-12-01,18688.91,86.62,3.8
PMT-0050,F-05,2024-01-01,19639.42,83.97,2.3
PMT-0050,F-05,2024-02-01,24106.89,91.13,13.4
PMT-0050,F-05,2024-03-01,28316.3,87.55,19.1
PMT-0050,F-05,2024-04-01,31076.92,90.34,25.2
PMT-0050,F-05,2024-05-01,33936.46,87.13,31.0
PMT-0050,F-05,2024-06-01,35974.21,88.14,29.7
PMT-0050,F-05,2024-07-01,30666.22,91.01,28.3
PMT-0050,F-05,2024-08-01,28253.44,82.84,24.1
PMT-0050,F-05,2024-09-01,26571.46,90.89,18.8
PMT-0050,F-05,2024-10-01,22651.98,96.79,11.1
PMT-0050,F-05,2024-11-01,17713.48,87.35,4.9
PMT-0050,F-05,2024-12-01,16768.48,94.47,3.4
PMT-0051,F-06,2022-01-01,10192.16,94.81,7.7
PMT-0051,F-06,2022-02-01,12109.27,85.39,11.3
PMT-0051,F-06,2022-03-01,14303.93,96.27,17.4
PMT-0051,F-06,2022-04-01,13693.96,92.5,26.1
PMT-0051,F-06,2022-05-01,10837.01,86.84,31.3
PMT-0051,F-06,2022-06-01,10453.42,87.23,33.2
PMT-0051,F-06,2022-07-01,11305.8,88.52,30.3
PMT-0051,F-06,2022-08-01,9700.68,92.16,23.7
PMT-0051,F-06,2022-09-01,9537.95,92.81,17.9
PMT-0051,F-06,2022-10-01,8942.48,94.26,9.3
PMT-0051,F-06,2022-11-01,9376.53,89.4,7.2
PMT-0051,F-06,2022-12-01,9708.0,89.82,4.6
PMT-0051,F-06,2023-01-01,10313.57,91.14,4.2
PMT-0051,F-06,2023-02-01,12751.16,93.58,10.7
PMT-0051,F-06,2023-03-01,14071.17,94.16,18.4
PMT-0051,F-06,2023-04-01,11310.32,91.73,26.0
PMT-0051,F-06,2023-05-01,10621.77,90.43,29.5
PMT-0051,F-06,2023-06-01,10639.36,90.43,29.9
PMT-0051,F-06,2023-07-01,11063.24,88.91,30.0
PMT-0051,F-06,2023-08-01,8523.95,93.85,24.1
PMT-0051,F-06,2023-09-01,8285.1,91.03,16.6
PMT-0051,F-06,2023-10-01,9780.02,93.21,13.9
PMT-0051,F-06,2023-11-01,9466.6,90.8,6.9
PMT-0051,F-06,2023-12-01,9324.33,79.1,2.2
PMT-0051,F-06,2024-01-01,10652.67,94.69,5.8
PMT-0051,F-06,2024-02-01,12243.49,90.36,11.4
PMT-0051,F-06,2024-03-01,14727.91,87.62,17.8
PMT-0051,F-06,2024-04-01,13448.29,91.37,25.8
PMT-0051,F-06,2024-05-01,11215.9,89.39,29.7
PMT-0051,F-06,2024-06-01,10323.57,89.66,32.4
PMT-0051,F-06,2024-07-01,11097.29,89.96,31.0
PMT-0051,F-06,2024-08-01,8512.65,89.89,25.2
PMT-0051,F-06,2024-09-01,8779.43,93.2,17.2
PMT-0051,F-06,2024-10-01,9474.6,89.72,10.8
PMT-0051,F-06,2024-11-01,9773.8,91.99,4.0
PMT-0051,F-06,2024-12-01,9270.83,89.11,2.8
PMT-0052,F-06,2022-01-01,10254.96,86.99,5.1
PMT-0052,F-06,2022-02-01,11553.03,89.82,11.5
PMT-0052,F-06,2022-03-01,14404.39,88.41,18.3
PMT-0052,F-06,2022-04-01,15742.45,90.17,25.6
PMT-0052,F-06,2022-05-01,16947.69,92.02,29.5
PMT-0052,F-06,2022-06-01,17496.27,88.43,33.1
PMT-0052,F-06,2022-07-01,17454.19,95.99,29.6
PMT-0052,F-06,2022-08-01,15677.75,99.7,24.2
PMT-0052,F-06,2022-09-01,13086.03,96.17,17.6
PMT-0052,F-06,2022-10-01,11632.64,94.84,11.2
PMT-0052,F-06,2022-11-01,10008.76,88.88,4.2
PMT-0052,F-06,2022-12-01,9183.63,93.55,5.0
PMT-0052,F-06,2023-01-01,9904.09,87.28,5.0
PMT-0052,F-06,2023-02-01,11802.46,94.26,10.9
PMT-0052,F-06,2023-03-01,14309.35,87.51,19.2
PMT-0052,F-06,2023-04-01,16081.33,92.15,27.2
PMT-0052,F-06,2023-05-01,17637.57,91.14,30.1
PMT-0052,F-06,2023-06-01,16409.53,91.42,33.6
PMT-0052,F-06,2023-07-01,17218.59,92.09,31.0
PMT-0052,F-06,2023-08-01,15017.86,89.32,24.2
PMT-0052,F-06,2023-09-01,13698.58,95.22,17.9
PMT-0052,F-06,2023-10-01,10869.57,90.4,12.5
PMT-0052,F-06,2023-11-01,9660.45,89.41,5.4
PMT-0052,F-06,2023-12-01,9118.59,91.93,2.6
PMT-0052,F-06,2024-01-01,10138.65,84.94,7.0
PMT-0052,F-06,2024-02-01,11462.39,87.76,10.3
PMT-0052,F-06,2024-03-01,13720.42,95.08,19.3
PMT-0052,F-06,2024-04-01,15374.34,91.7,24.0
PMT-0052,F-06,2024-05-01,16778.64,90.11,28.6
PMT-0052,F-06,2024-06-01,17416.92,92.96,32.1
PMT-0052,F-06,2024-07-01,17467.63,90.76,31.2
PMT-0052,F-06,2024-08-01,15340.85,87.02,26.5
PMT-0052,F-06,2024-09-01,13063.09,89.73,18.3
PMT-0052,F-06,2024-10-01,11102.62,86.82,12.5
PMT-0052,F-06,2024-11-01,9569.79,90.29,7.0
PMT-0052,F-06,2024-12-01,9464.41,92.11,5.6
PMT-0053,F-06,2022-01-01,9306.96,90.31,8.3
PMT-0053,F-06,2022-02-01,11406.31,85.71,11.5
PMT-0053,F-06,2022-03-01,13018.85,93.96,19.3
PMT-0053,F-06,2022-04-01,14220.68,95.16,26.7
PMT-0053,F-06,2022-05-01,15707.57,92.17,30.2
PMT-0053,F-06,2022-06-01,15844.67,86.35,30.2
PMT-0053,F-06,2022-07-01,14800.16,93.69,29.8
PMT-0053,F-06,2022-08-01,13676.74,88.04,24.3
PMT-0053,F-06,2022-09-01,12625.41,93.46,17.8
PMT-0053,F-06,2022-10-01,10297.28,88.83,10.5
PMT-0053,F-06,2022-11-01,8861.8,90.51,5.1
PMT-0053,F-06,2022-12-01,8627.7,88.48,3.5
PMT-0053,F-06,2023-01-01,9528.63,93.96,4.6
PMT-0053,F-06,2023-02-01,11324.05,87.62,10.1
PMT-0053,F-06,2023-03-01,13282.94,88.7,18.1
PMT-0053,F-06,2023-04-01,14694.32,90.54,24.8
PMT-0053,F-06,2023-05-01,15932.37,84.29,31.7
PMT-0053,F-06,2023-06-01,15459.92,86.33,29.8
PMT-0053,F-06,2023-07-01,15084.78,88.1,30.3
PMT-0053,F-06,2023-08-01,13097.75,95.35,23.1
PMT-0053,F-06,2023-09-01,12094.88,83.76,17.7
PMT-0053,F-06,2023-10-01,10551.53,90.8,9.7
PMT-0053,F-06,2023-11-01,9165.24,91.79,6.6
PMT-0053,F-06,2023-12-01,8388.56,93.82,5.0
PMT-0053,F-06,2024-01-01,9152.45,94.85,8.0
PMT-0053,F-06,2024-02-01,10989.71,86.84,9.6
PMT-0053,F-06,2024-03-01,13738.52,90.14,19.5
PMT-0053,F-06,2024-04-01,15325.07,98.49,25.4
PMT-0053,F-06,2024-05-01,15763.42,92.02,30.3
PMT-0053,F-06,2024-06-01,16335.8,94.82,33.6
PMT-0053,F-06,2024-07-01,14368.75,85.01,28.9
PMT-0053,F-06,2024-08-01,13989.8,92.22,24.3
PMT-0053,F-06,2024-09-01,11915.65,91.26,19.4
PMT-0053,F-06,2024-10-01,10054.48,90.47,9.6
PMT-0053,F-06,2024-11-01,8959.28,90.84,4.1
PMT-0053,F-06,2024-12-01,8288.32,86.35,2.9
PMT-0054,F-06,2022-01-01,4782.5,88.69,7.2
PMT-0054,F-06,2022-02-01,6048.11,89.18,11.7
PMT-0054,F-06,2022-03-01,7025.48,90.84,16.9
PMT-0054,F-06,2022-04-01,8114.4,92.43,23.7
PMT-0054,F-06,2022-05-01,8706.78,85.79,28.6
PMT-0054,F-06,2022-06-01,8916.1,90.54,31.6
PMT-0054,F-06,2022-07-01,9070.93,92.68,32.2
PMT-0054,F-06,2022-08-01,8223.13,95.68,25.0
PMT-0054,F-06,2022-09-01,7056.42,92.08,19.5
PMT-0054,F-06,2022-10-01,5797.86,94.16,12.4
PMT-0054,F-06,2022-11-01,4736.66,87.63,4.0
PMT-0054,F-06,2022-12-01,4708.48,86.2,5.1
PMT-0054,F-06,2023-01-01,4797.05,89.75,6.3
PMT-0054,F-06,2023-02-01,5652.72,90.95,11.6
PMT-0054,F-06,2023-03-01,6802.61,92.93,17.5
PMT-0054,F-06,2023-04-01,7634.4,87.48,26.7
PMT-0054,F-06,2023-05-01,8612.29,89.77,32.2
PMT-0054,F-06,2023-06-01,8985.84,91.44,34.5
PMT-0054,F-06,2023-07-01,8892.66,88.32,29.9
PMT-0054,F-06,2023-08-01,7755.98,86.24,24.4
PMT-0054,F-06,2023-09-01,6673.98,89.66,18.7
PMT-0054,F-06,2023-10-01,5685.79,90.95,12.1
PMT-0054,F-06,2023-11-01,4861.59,85.92,6.1
PMT-0054,F-06,2023-12-01,4610.09,85.04,5.0
PMT-0054,F-06,2024-01-01,5141.48,95.46,4.9
PMT-0054,F-06,2024-02-01,6022.74,88.76,10.8
PMT-0054,F-06,2024-03-01,7054.78,94.05,17.7
PMT-0054,F-06,2024-04-01,7904.85,95.25,24.2
PMT-0054,F-06,2024-05-01,8981.82,86.91,28.3
PMT-0054,F-06,2024-06-01,9353.27,98.39,33.8
PMT-0054,F-06,2024-07-01,8644.12,92.4,31.7
PMT-0054,F-06,2024-08-01,7501.04,88.1,26.8
PMT-0054,F-06,2024-09-01,6906.08,89.67,17.4
PMT-0054,F-06,2024-10-01,5524.77,92.17,8.1
PMT-0054,F-06,2024-11-01,4918.96,91.71,6.2
PMT-0054,F-06,2024-12-01,4653.59,92.11,3.3
PMT-0055,F-06,2022-01-01,9320.73,89.9,4.7
PMT-0055,F-06,2022-02-01,11160.23,95.71,11.6
PMT-0055,F-06,2022-03-01,13131.3,90.03,18.5
PMT-0055,F-06,2022-04-01,14614.56,96.88,24.1
PMT-0055,F-06,2022-05-01,17080.8,91.73,29.2
PMT-0055,F-06,2022-06-01,16872.4,87.5,33.5
PMT-0055,F-06,2022-07-01,16566.11,98.16,33.7
PMT-0055,F-06,2022-08-01,15172.06,91.23,25.6
PMT-0055,F-06,2022-09-01,12333.92,91.15,17.2
PMT-0055,F-06,2022-10-01,10634.14,84.96,14.1
PMT-0055,F-06,2022-11-01,9224.03,90.18,5.3
PMT-0055,F-06,2022-12-01,8641.09,88.71,2.0
PMT-0055,F-06,2023-01-01,9506.49,91.28,6.9
PMT-0055,F-06,2023-02-01,11080.56,91.87,12.2
PMT-0055,F-06,2023-03-01,13335.88,89.4,18.2
PMT-0055,F-06,2023-04-01,15077.52,91.2,24.0
PMT-0055,F-06,2023-05-01,16904.63,92.08,29.0
PMT-0055,F-06,2023-06-01,17239.13,86.93,31.0
PMT-0055,F-06,2023-07-01,16145.55,92.18,30.9
PMT-0055,F-06,2023-08-01,14790.98,92.36,25.3
PMT-0055,F-06,2023-09-01,12843.44,87.23,17.0
PMT-0055,F-06,2023-10-01,10524.78,96.17,10.8
PMT-0055,F-06,2023-11-01,9267.52,90.41,6.5
PMT-0055,F-06,2023-12-01,8742.66,96.06,5.3
PMT-0055,F-06,2024-01-01,9294.5,92.25,4.1
PMT-0055,F-06,2024-02-01,10976.54,92.26,10.7
PMT-0055,F-06,2024-03-01,12576.73,91.13,16.5
PMT-0055,F-06,2024-04-01,14986.16,95.27,25.3
PMT-0055,F-06,2024-05-01,16686.64,93.22,29.0
PMT-0055,F-06,2024-06-01,16613.84,95.41,31.5
PMT-0055,F-06,2024-07-01,16937.36,86.97,29.2
PMT-0055,F-06,2024-08-01,14392.61,87.77,24.8
PMT-0055,F-06,2024-09-01,12342.31,86.44,17.4
PMT-0055,F-06,2024-10-01,10657.64,94.64,11.0
PMT-0055,F-06,2024-11-01,9002.48,88.51,4.9
PMT-0055,F-06,2024-12-01,8636.56,89.25,3.4
PMT-0056,F-06,2022-01-01,12014.51,90.5,3.8
PMT-0056,F-06,2022-02-01,13655.88,92.91,10.0
PMT-0056,F-06,2022-03-01,16618.86,92.76,17.5
PMT-0056,F-06,2022-04-01,18924.29,91.33,24.8
PMT-0056,F-06,2022-05-01,21335.1,87.18,29.2
PMT-0056,F-06,2022-06-01,21742.24,92.19,32.1
PMT-0056,F-06,2022-07-01,19680.89,91.27,29.4
PMT-0056,F-06,2022-08-01,19246.78,88.83,25.0
PMT-0056,F-06,2022-09-01,15474.6,96.06,18.0
PMT-0056,F-06,2022-10-01,13551.7,90.37,12.4
PMT-0056,F-06,2022-11-01,11706.66,91.47,4.8
PMT-0056,F-06,2022-12-01,10774.67,89.59,4.8
PMT-0056,F-06,2023-01-01,11868.67,88.31,4.5
PMT-0056,F-06,2023-02-01,14205.15,90.05,9.4
PMT-0056,F-06,2023-03-01,15939.04,90.22,19.2
PMT-0056,F-06,2023-04-01,18360.01,87.92,27.5
PMT-0056,F-06,2023-05-01,21565.67,97.16,29.4
PMT-0056,F-06,2023-06-01,21710.59,89.68,32.7
PMT-0056,F-06,2023-07-01,21641.02,95.66,29.2
PMT-0056,F-06,2023-08-01,17859.66,86.56,26.3
PMT-0056,F-06,2023-09-01,15729.5,92.22,18.1
PMT-0056,F-06,2023-10-01,12713.87,93.92,10.1
PMT-0056,F-06,2023-11-01,10713.85,91.37,6.0
PMT-0056,F-06,2023-12-01,10506.56,92.88,1.6
PMT-0056,F-06,2024-01-01,12032.93,91.57,7.1
PMT-0056,F-06,2024-02-01,14070.71,94.36,11.4
PMT-0056,F-06,2024-03-01,16562.01,88.74,17.5
PMT-0056,F-06,2024-04-01,19263.07,89.87,26.1
PMT-0056,F-06,2024-05-01,21276.0,94.14,29.3
PMT-0056,F-06,2024-06-01,20739.95,91.69,29.3
PMT-0056,F-06,2024-07-01,20228.31,87.07,28.7
PMT-0056,F-06,2024-08-01,17926.01,88.78,25.0
PMT-0056,F-06,2024-09-01,15959.71,94.58,17.4
PMT-0056,F-06,2024-10-01,13239.69,86.52,11.2
PMT-0056,F-06,2024-11-01,11584.0,92.38,8.1
PMT-0056,F-06,2024-12-01,10686.09,88.0,3.4
PMT-0057,F-06,2022-01-01,13262.51,92.39,5.7
PMT-0057,F-06,2022-02-01,16359.06,88.16,10.4
PMT-0057,F-06,2022-03-01,19044.25,87.94,18.8
PMT-0057,F-06,2022-04-01,21338.0,90.29,27.3
PMT-0057,F-06,2022-05-01,24065.7,88.79,29.3
PMT-0057,F-06,2022-06-01,22999.28,84.02,32.4
PMT-0057,F-06,2022-07-01,23168.86,94.83,28.2
PMT-0057,F-06,2022-08-01,21267.42,94.45,25.6
PMT-0057,F-06,2022-09-01,18330.98,87.41,18.9
PMT-0057,F-06,2022-10-01,14961.5,85.78,11.2
PMT-0057,F-06,2022-11-01,13158.75,92.81,3.7
PMT-0057,F-06,2022-12-01,12447.62,94.48,6.5
PMT-0057,F-06,2023-01-01,13605.04,92.14,5.0
PMT-0057,F-06,2023-02-01,15997.02,90.86,10.5
PMT-0057,F-06,2023-03-01,19683.42,90.33,18.4
PMT-0057,F-06,2023-04-01,21736.89,93.28,26.5
PMT-0057,F-06,2023-05-01,22817.99,88.26,30.2
PMT-0057,F-06,2023-06-01,22985.0,85.53,31.6
PMT-0057,F-06,2023-07-01,23384.67,89.29,31.6
PMT-0057,F-06,2023-08-01,20998.57,91.32,25.4
PMT-0057,F-06,2023-09-01,17995.32,90.81,16.4
PMT-0057,F-06,2023-10-01,14522.73,86.28,11.4
PMT-0057,F-06,2023-11-01,13093.16,97.44,6.8
PMT-0057,F-06,2023-12-01,12922.89,93.81,3.1
PMT-0057,F-06,2024-01-01,13516.05,93.27,5.1
PMT-0057,F-06,2024-02-01,15168.81,96.72,10.5
PMT-0057,F-06,2024-03-01,18804.18,93.41,17.0
PMT-0057,F-06,2024-04-01,22446.66,90.05,25.3
PMT-0057,F-06,2024-05-01,22211.85,95.01,31.0
PMT-0057,F-06,2024-06-01,23252.96,86.27,31.9
PMT-0057,F-06,2024-07-01,23644.63,86.78,27.7
PMT-0057,F-06,2024-08-01,20609.4,90.71,25.1
PMT-0057,F-06,2024-09-01,17706.09,93.91,18.4
PMT-0057,F-06,2024-10-01,15084.93,93.86,11.7
PMT-0057,F-06,2024-11-01,13035.53,85.67,4.7
PMT-0057,F-06,2024-12-01,12238.67,90.34,4.0
PMT-0058,F-06,2022-01-01,8331.34,84.63,4.3
PMT-0058,F-06,2022-02-01,10173.7,91.63,10.3
PMT-0058,F-06,2022-03-01,12485.6,90.27,18.0
PMT-0058,F-06,2022-04-01,14018.13,90.41,22.4
PMT-0058,F-06,2022-05-01,15280.99,88.61,31.3
PMT-0058,F-06,2022-06-01,15627.12,91.2,30.8
PMT-0058,F-06,2022-07-01,15622.99,88.46,29.5
PMT-0058,F-06,2022-08-01,13312.37,87.62,26.5
PMT-0058,F-06,2022-09-01,11494.14,93.67,18.7
PMT-0058,F-06,2022-10-01,9698.33,85.01,12.2
PMT-0058,F-06,2022-11-01,8311.28,94.33,5.4
PMT-0058,F-06,2022-12-01,7990.06,89.65,1.8
PMT-0058,F-06,2023-01-01,8451.54,85.34,5.3
PMT-0058,F-06,2023-02-01,10039.45,94.24,10.7
PMT-0058,F-06,2023-03-01,11735.98,97.64,19.0
PMT-0058,F-06,2023-04-01,13411.29,93.85,25.5
PMT-0058,F-06,2023-05-01,15027.06,97.43,29.8
PMT-0058,F-06,2023-06-01,14833.03,94.93,30.9
PMT-0058,F-06,2023-07-01,14800.2,86.01,30.1
PMT-0058,F-06,2023-08-01,13076.94,86.99,24.5
PMT-0058,F-06,2023-09-01,11765.02,87.48,15.2
PMT-0058,F-06,2023-10-01,9978.25,92.43,10.7
PMT-0058,F-06,2023-11-01,8557.61,89.64,6.9
PMT-0058,F-06,2023-12-01,7893.59,92.43,5.9
PMT-0058,F-06,2024-01-01,8618.91,92.45,7.7
PMT-0058,F-06,2024-02-01,9948.21,89.44,12.5
PMT-0058,F-06,2024-03-01,12480.46,91.85,19.2
PMT-0058,F-06,2024-04-01,13985.13,88.07,23.8
PMT-0058,F-06,2024-05-01,14939.15,86.91,31.4
PMT-0058,F-06,2024-06-01,15903.77,92.13,33.0
PMT-0058,F-06,2024-07-01,14806.08,90.9,31.6
PMT-0058,F-06,2024-08-01,13082.07,90.16,24.4
PMT-0058,F-06,2024-09-01,11388.44,91.99,19.3
PMT-0058,F-06,2024-10-01,9570.45,96.56,9.5
PMT-0058,F-06,2024-11-01,8589.96,98.61,8.2
PMT-0058,F-06,2024-12-01,7915.96,92.08,4.3
PMT-0059,F-06,2022-01-01,11770.13,92.17,5.4
PMT-0059,F-06,2022-02-01,14096.74,88.89,10.7
PMT-0059,F-06,2022-03-01,16830.74,84.5,18.8
PMT-0059,F-06,2022-04-01,20332.33,91.28,25.8
PMT-0059,F-06,2022-05-01,22784.02,91.54,28.7
PMT-0059,F-06,2022-06-01,23695.4,86.56,31.1
PMT-0059,F-06,2022-07-01,22926.29,93.35,30.2
PMT-0059,F-06,2022-08-01,19863.33,89.97,25.6
PMT-0059,F-06,2022-09-01,17930.37,91.48,18.8
PMT-0059,F-06,2022-10-01,14147.72,86.69,11.2
PMT-0059,F-06,2022-11-01,11899.33,98.81,6.1
PMT-0059,F-06,2022-12-01,10941.25,93.0,6.0
PMT-0059,F-06,2023-01-01,12182.06,83.69,5.1
PMT-0059,F-06,2023-02-01,13801.61,91.11,11.4
PMT-0059,F-06,2023-03-01,17288.16,92.25,17.0
PMT-0059,F-06,2023-04-01,20557.1,89.26,26.4
PMT-0059,F-06,2023-05-01,22433.89,92.45,30.9
PMT-0059,F-06,2023-06-01,22817.58,91.97,31.7
PMT-0059,F-06,2023-07-01,21261.65,89.13,28.1
PMT-0059,F-06,2023-08-01,18144.3,88.92,25.5
PMT-0059,F-06,2023-09-01,16588.27,87.53,17.9
PMT-0059,F-06,2023-10-01,13835.7,94.14,10.1
PMT-0059,F-06,2023-11-01,11744.3,93.11,5.9
PMT-0059,F-06,2023-12-01,11209.79,90.04,5.4
PMT-0059,F-06,2024-01-01,12380.04,88.99,4.5
PMT-0059,F-06,2024-02-01,14834.65,94.03,9.5
PMT-0059,F-06,2024-03-01,16757.17,91.37,17.6
PMT-0059,F-06,2024-04-01,18483.78,85.32,25.8
PMT-0059,F-06,2024-05-01,21588.48,84.54,29.6
PMT-0059,F-06,2024-06-01,22653.64,92.54,31.9
PMT-0059,F-06,2024-07-01,21273.07,91.79,28.1
PMT-0059,F-06,2024-08-01,18890.28,93.71,25.0
PMT-0059,F-06,2024-09-01,16571.91,93.15,18.6
PMT-0059,F-06,2024-10-01,13906.73,89.72,10.6
PMT-0059,F-06,2024-11-01,11421.52,89.79,4.7
PMT-0059,F-06,2024-12-01,11428.9,91.5,3.7
PMT-0060,F-06,2022-01-01,5334.45,91.06,6.6
PMT-0060,F-06,2022-02-01,6348.89,93.41,10.2
PMT-0060,F-06,2022-03-01,8173.21,94.95,19.4
PMT-0060,F-06,2022-04-01,8539.62,89.99,22.9
PMT-0060,F-06,2022-05-01,9600.57,89.29,30.9
PMT-0060,F-06,2022-06-01,9734.71,94.35,33.0
PMT-0060,F-06,2022-07-01,9466.1,94.74,30.7
PMT-0060,F-06,2022-08-01,8862.28,95.98,26.4
PMT-0060,F-06,2022-09-01,7318.63,90.15,19.2
PMT-0060,F-06,2022-10-01,5967.57,94.67,10.0
PMT-0060,F-06,2022-11-01,5253.8,88.39,5.5
PMT-0060,F-06,2022-12-01,4933.93,92.72,2.2
PMT-0060,F-06,2023-01-01,5427.23,91.32,6.4
PMT-0060,F-06,2023-02-01,6405.08,92.39,11.4
PMT-0060,F-06,2023-03-01,7466.56,87.25,16.2
PMT-0060,F-06,2023-04-01,8902.16,88.78,25.5
PMT-0060,F-06,2023-05-01,9557.99,91.75,31.0
PMT-0060,F-06,2023-06-01,9380.02,91.92,32.2
PMT-0060,F-06,2023-07-01,9450.63,86.77,26.8
PMT-0060,F-06,2023-08-01,8789.38,87.21,25.7
PMT-0060,F-06,2023-09-01,7061.62,91.87,18.2
PMT-0060,F-06,2023-10-01,5903.12,92.82,9.4
PMT-0060,F-06,2023-11-01,5385.17,90.21,6.2
PMT-0060,F-06,2023-12-01,5008.15,88.97,3.7
PMT-0060,F-06,2024-01-01,5491.88,90.25,6.4
PMT-0060,F-06,2024-02-01,6180.48,88.1,11.6
PMT-0060,F-06,2024-03-01,7495.06,88.96,17.4
PMT-0060,F-06,2024-04-01,8491.56,89.44,25.5
PMT-0060,F-06,2024-05-01,9810.09,92.27,29.6
PMT-0060,F-06,2024-06-01,10019.69,91.27,32.6
PMT-0060,F-06,2024-07-01,9716.4,90.27,32.1
PMT-0060,F-06,2024-08-01,8473.96,91.83,27.9
PMT-0060,F-06,2024-09-01,7079.93,84.18,18.6
PMT-0060,F-06,2024-10-01,6042.2,93.11,12.0
PMT-0060,F-06,2024-11-01,5406.63,91.35,4.1
PMT-0060,F-06,2024-12-01,5187.03,93.63,5.5
PMT-0061,F-07,2022-01-01,20008.91,97.92,7.3
PMT-0061,F-07,2022-02-01,25630.64,94.17,11.2
PMT-0061,F-07,2022-03-01,27201.64,94.84,16.7
PMT-0061,F-07,2022-04-01,32851.91,92.74,26.5
PMT-0061,F-07,2022-05-01,36842.64,93.77,27.7
PMT-0061,F-07,2022-06-01,36662.63,95.04,31.5
PMT-0061,F-07,2022-07-01,37653.22,100.0,30.4
PMT-0061,F-07,2022-08-01,32168.89,97.44,23.1
PMT-0061,F-07,2022-09-01,28064.53,93.79,17.9
PMT-0061,F-07,2022-10-01,22486.45,93.0,10.3
PMT-0061,F-07,2022-11-01,19909.33,91.04,5.5
PMT-0061,F-07,2022-12-01,18532.68,92.89,4.5
PMT-0061,F-07,2023-01-01,20351.77,98.17,4.5
PMT-0061,F-07,2023-02-01,23171.94,100.0,9.2
PMT-0061,F-07,2023-03-01,27513.35,97.16,18.2
PMT-0061,F-07,2023-04-01,31773.09,97.03,23.5
PMT-0061,F-07,2023-05-01,33267.65,98.04,28.4
PMT-0061,F-07,2023-06-01,36761.35,94.74,32.0
PMT-0061,F-07,2023-07-01,37413.39,94.63,29.7
PMT-0061,F-07,2023-08-01,33530.88,96.15,23.5
PMT-0061,F-07,2023-09-01,28354.45,99.86,18.1
PMT-0061,F-07,2023-10-01,22072.66,95.76,10.3
PMT-0061,F-07,2023-11-01,20385.38,98.76,7.5
PMT-0061,F-07,2023-12-01,18250.44,99.1,4.1
PMT-0061,F-07,2024-01-01,21631.12,98.99,6.0
PMT-0061,F-07,2024-02-01,21620.66,95.32,11.6
PMT-0061,F-07,2024-03-01,30286.46,94.54,16.7
PMT-0061,F-07,2024-04-01,33969.98,95.04,26.6
PMT-0061,F-07,2024-05-01,34418.03,98.27,31.2
PMT-0061,F-07,2024-06-01,34620.94,97.8,31.2
PMT-0061,F-07,2024-07-01,35712.6,98.25,28.4
PMT-0061,F-07,2024-08-01,34218.25,95.38,26.0
PMT-0061,F-07,2024-09-01,26281.03,96.5,17.8
PMT-0061,F-07,2024-10-01,24936.88,90.69,10.7
PMT-0061,F-07,2024-11-01,18411.31,91.96,5.7
PMT-0061,F-07,2024-12-01,18351.35,94.66,6.6
PMT-0062,F-07,2022-01-01,20238.28,96.65,8.0
PMT-0062,F-07,2022-02-01,24402.94,93.76,10.7
PMT-0062,F-07,2022-03-01,30043.56,100.0,17.2
PMT-0062,F-07,2022-04-01,31476.65,92.63,25.7
PMT-0062,F-07,2022-05-01,39092.36,95.48,31.6
PMT-0062,F-07,2022-06-01,38909.84,95.62,30.2
PMT-0062,F-07,2022-07-01,38751.28,97.72,31.1
PMT-0062,F-07,2022-08-01,32510.71,98.21,23.2
PMT-0062,F-07,2022-09-01,28584.62,93.97,20.6
PMT-0062,F-07,2022-10-01,23994.73,97.68,11.8
PMT-0062,F-07,2022-11-01,20186.29,99.34,6.8
PMT-0062,F-07,2022-12-01,18661.29,97.57,4.1
PMT-0062,F-07,2023-01-01,19351.79,100.0,7.6
PMT-0062,F-07,2023-02-01,24146.14,96.26,11.0
PMT-0062,F-07,2023-03-01,28886.93,91.05,18.3
PMT-0062,F-07,2023-04-01,32349.59,100.0,25.4
PMT-0062,F-07,2023-05-01,38816.39,95.53,27.6
PMT-0062,F-07,2023-06-01,39094.46,94.26,31.2
PMT-0062,F-07,2023-07-01,37437.75,96.78,29.4
PMT-0062,F-07,2023-08-01,34431.07,93.26,24.5
PMT-0062,F-07,2023-09-01,29454.29,90.88,19.2
PMT-0062,F-07,2023-10-01,24092.05,94.93,11.6
PMT-0062,F-07,2023-11-01,20051.48,91.19,5.5
PMT-0062,F-07,2023-12-01,18989.15,95.54,2.4
PMT-0062,F-07,2024-01-01,20763.21,98.93,7.3
PMT-0062,F-07,2024-02-01,24796.79,96.73,11.5
PMT-0062,F-07,2024-03-01,28284.44,97.73,16.9
PMT-0062,F-07,2024-04-01,34623.92,95.9,25.4
PMT-0062,F-07,2024-05-01,39521.16,92.7,29.8
PMT-0062,F-07,2024-06-01,39396.17,96.42,30.7
PMT-0062,F-07,2024-07-01,35547.78,95.3,29.5
PMT-0062,F-07,2024-08-01,33912.74,96.65,22.6
PMT-0062,F-07,2024-09-01,28138.78,94.21,20.4
PMT-0062,F-07,2024-10-01,23025.22,91.45,11.1
PMT-0062,F-07,2024-11-01,19590.69,95.26,6.2
PMT-0062,F-07,2024-12-01,19057.82,99.13,4.3
PMT-0063,F-07,2022-01-01,14583.62,99.5,5.7
PMT-0063,F-07,2022-02-01,17418.79,94.45,13.4
PMT-0063,F-07,2022-03-01,19581.73,92.61,18.6
PMT-0063,F-07,2022-04-01,23059.03,95.76,24.0
PMT-0063,F-07,2022-05-01,22644.6,98.12,29.1
PMT-0063,F-07,2022-06-01,23418.29,99.63,31.6
PMT-0063,F-07,2022-07-01,22161.53,98.57,30.7
PMT-0063,F-07,2022-08-01,21481.44,100.0,23.7
PMT-0063,F-07,2022-09-01,17107.3,87.0,17.6
PMT-0063,F-07,2022-10-01,15245.94,93.5,13.8
PMT-0063,F-07,2022-11-01,13865.8,92.05,5.4
PMT-0063,F-07,2022-12-01,13233.81,94.65,4.2
PMT-0063,F-07,2023-01-01,14992.45,97.75,7.2
PMT-0063,F-07,2023-02-01,16726.4,100.0,9.9
PMT-0063,F-07,2023-03-01,19129.21,99.03,15.8
PMT-0063,F-07,2023-04-01,21319.75,97.83,25.1
PMT-0063,F-07,2023-05-01,23167.0,91.69,29.6
PMT-0063,F-07,2023-06-01,25085.54,96.47,33.4
PMT-0063,F-07,2023-07-01,23233.78,95.81,30.4
PMT-0063,F-07,2023-08-01,19537.83,91.72,24.8
PMT-0063,F-07,2023-09-01,17136.01,98.94,18.2
PMT-0063,F-07,2023-10-01,15379.26,92.12,13.3
PMT-0063,F-07,2023-11-01,13123.14,92.98,5.2
PMT-0063,F-07,2023-12-01,14173.92,91.79,5.4
PMT-0063,F-07,2024-01-01,14143.59,91.71,8.0
PMT-0063,F-07,2024-02-01,17191.99,98.02,10.1
PMT-0063,F-07,2024-03-01,20488.1,91.29,17.0
PMT-0063,F-07,2024-04-01,20501.02,92.97,24.9
PMT-0063,F-07,2024-05-01,24262.86,95.24,29.3
PMT-0063,F-07,2024-06-01,23530.79,97.09,31.4
PMT-0063,F-07,2024-07-01,22275.28,93.15,29.4
PMT-0063,F-07,2024-08-01,19174.05,96.46,26.0
PMT-0063,F-07,2024-09-01,17295.73,99.07,20.2
PMT-0063,F-07,2024-10-01,14250.2,94.06,12.0
PMT-0063,F-07,2024-11-01,14397.87,91.6,3.7
PMT-0063,F-07,2024-12-01,13565.94,91.35,4.2
PMT-0064,F-07,2022-01-01,8917.15,97.04,6.7
PMT-0064,F-07,2022-02-01,10359.97,95.01,12.7
PMT-0064,F-07,2022-03-01,11438.19,97.54,18.6
PMT-0064,F-07,2022-04-01,13714.01,95.38,23.9
PMT-0064,F-07,2022-05-01,15763.18,89.99,29.2
PMT-0064,F-07,2022-06-01,17896.24,94.72,32.2
PMT-0064,F-07,2022-07-01,14503.04,92.57,28.7
PMT-0064,F-07,2022-08-01,13180.79,96.19,25.4
PMT-0064,F-07,2022-09-01,11278.02,87.43,17.1
PMT-0064,F-07,2022-10-01,9486.63,96.08,10.2
PMT-0064,F-07,2022-11-01,8712.4,94.68,6.3
PMT-0064,F-07,2022-12-01,8682.91,90.92,4.5
PMT-0064,F-07,2023-01-01,8184.97,100.0,5.4
PMT-0064,F-07,2023-02-01,10677.45,94.44,10.5
PMT-0064,F-07,2023-03-01,12319.5,94.85,18.7
PMT-0064,F-07,2023-04-01,14554.03,96.72,23.1
PMT-0064,F-07,2023-05-01,15846.03,100.0,31.0
PMT-0064,F-07,2023-06-01,16156.66,94.25,30.1
PMT-0064,F-07,2023-07-01,16488.25,89.96,30.5
PMT-0064,F-07,2023-08-01,13086.68,95.5,24.5
PMT-0064,F-07,2023-09-01,11821.32,93.82,17.0
PMT-0064,F-07,2023-10-01,10341.77,90.06,8.7
PMT-0064,F-07,2023-11-01,8234.29,93.59,5.9
PMT-0064,F-07,2023-12-01,7500.36,96.32,4.5
PMT-0064,F-07,2024-01-01,7990.9,93.54,5.5
PMT-0064,F-07,2024-02-01,9693.81,95.94,9.6
PMT-0064,F-07,2024-03-01,11552.81,93.47,18.1
PMT-0064,F-07,2024-04-01,13335.77,94.51,25.7
PMT-0064,F-07,2024-05-01,14121.16,90.75,28.8
PMT-0064,F-07,2024-06-01,14933.25,95.18,31.4
PMT-0064,F-07,2024-07-01,14581.16,90.46,30.8
PMT-0064,F-07,2024-08-01,13408.81,95.61,24.0
PMT-0064,F-07,2024-09-01,11250.1,96.69,17.5
PMT-0064,F-07,2024-10-01,9126.13,93.55,11.3
PMT-0064,F-07,2024-11-01,8102.69,92.18,4.8
PMT-0064,F-07,2024-12-01,7657.17,90.58,3.7
PMT-0065,F-07,2022-01-01,22864.11,97.78,4.8
PMT-0065,F-07,2022-02-01,27280.58,95.83,11.8
PMT-0065,F-07,2022-03-01,32542.29,92.99,18.9
PMT-0065,F-07,2022-04-01,38054.84,99.52,24.4
PMT-0065,F-07,2022-05-01,40401.38,97.77,30.7
PMT-0065,F-07,2022-06-01,42624.91,92.95,32.2
PMT-0065,F-07,2022-07-01,41375.07,94.4,33.1
PMT-0065,F-07,2022-08-01,38300.79,92.71,24.9
PMT-0065,F-07,2022-09-01,32625.94,89.41,18.8
PMT-0065,F-07,2022-10-01,26757.22,92.35,9.9
PMT-0065,F-07,2022-11-01,22078.56,93.8,4.8
PMT-0065,F-07,2022-12-01,20241.12,96.74,2.4
PMT-0065,F-07,2023-01-01,22486.85,100.0,6.0
PMT-0065,F-07,2023-02-01,26037.34,93.58,9.2
PMT-0065,F-07,2023-03-01,32148.04,93.03,19.6
PMT-0065,F-07,2023-04-01,38717.86,92.59,25.4
PMT-0065,F-07,2023-05-01,42249.95,90.94,30.1
PMT-0065,F-07,2023-06-01,43968.23,95.78,31.7
PMT-0065,F-07,2023-07-01,42159.7,96.09,28.7
PMT-0065,F-07,2023-08-01,37076.6,92.77,24.5
PMT-0065,F-07,2023-09-01,31317.98,96.43,18.3
PMT-0065,F-07,2023-10-01,26771.08,96.94,9.9
PMT-0065,F-07,2023-11-01,22191.68,96.27,5.5
PMT-0065,F-07,2023-12-01,19770.69,100.0,3.6
PMT-0065,F-07,2024-01-01,22082.34,91.27,8.3
PMT-0065,F-07,2024-02-01,25807.99,93.74,13.0
PMT-0065,F-07,2024-03-01,30927.57,95.59,18.4
PMT-0065,F-07,2024-04-01,35832.49,96.55,25.1
PMT-0065,F-07,2024-05-01,42016.51,94.99,27.7
PMT-0065,F-07,2024-06-01,41994.87,90.92,32.4
PMT-0065,F-07,2024-07-01,41594.94,95.71,27.9
PMT-0065,F-07,2024-08-01,36336.96,94.39,27.1
PMT-0065,F-07,2024-09-01,30639.41,93.24,19.4
PMT-0065,F-07,2024-10-01,26509.8,97.79,15.0
PMT-0065,F-07,2024-11-01,21775.72,92.56,6.6
PMT-0065,F-07,2024-12-01,20359.17,97.69,5.6
PMT-0066,F-07,2022-01-01,14021.95,94.95,6.2
PMT-0066,F-07,2022-02-01,15825.54,91.13,10.8
PMT-0066,F-07,2022-03-01,19292.28,89.96,18.7
PMT-0066,F-07,2022-04-01,22684.04,93.6,23.8
PMT-0066,F-07,2022-05-01,24651.21,90.45,29.5
PMT-0066,F-07,2022-06-01,25498.49,98.57,32.5
PMT-0066,F-07,2022-07-01,24050.36,100.0,30.7
PMT-0066,F-07,2022-08-01,22086.67,100.0,24.7
PMT-0066,F-07,2022-09-01,19736.51,97.6,18.4
PMT-0066,F-07,2022-10-01,16197.54,97.44,12.5
PMT-0066,F-07,2022-11-01,13606.68,93.96,5.9
PMT-0066,F-07,2022-12-01,12875.81,98.73,1.6
PMT-0066,F-07,2023-01-01,13762.34,92.35,7.6
PMT-0066,F-07,2023-02-01,16205.28,97.4,11.7
PMT-0066,F-07,2023-03-01,19925.67,93.95,18.2
PMT-0066,F-07,2023-04-01,22016.06,97.31,24.7
PMT-0066,F-07,2023-05-01,24825.89,90.17,29.6
PMT-0066,F-07,2023-06-01,25065.48,95.33,31.4
PMT-0066,F-07,2023-07-01,25240.16,96.12,28.8
PMT-0066,F-07,2023-08-01,22115.3,93.91,27.9
PMT-0066,F-07,2023-09-01,19186.03,95.71,17.7
PMT-0066,F-07,2023-10-01,15262.11,87.57,11.0
PMT-0066,F-07,2023-11-01,13342.16,95.77,5.2
PMT-0066,F-07,2023-12-01,12677.98,97.4,4.5
PMT-0066,F-07,2024-01-01,13634.05,97.74,6.8
PMT-0066,F-07,2024-02-01,15916.3,93.68,12.3
PMT-0066,F-07,2024-03-01,19167.47,90.37,19.7
PMT-0066,F-07,2024-04-01,22383.9,94.41,25.1
PMT-0066,F-07,2024-05-01,24480.87,95.23,29.6
PMT-0066,F-07,2024-06-01,25319.38,97.31,32.0
PMT-0066,F-07,2024-07-01,23776.06,96.13,31.5
PMT-0066,F-07,2024-08-01,21086.78,95.25,24.6
PMT-0066,F-07,2024-09-01,15426.2,94.08,17.1
PMT-0066,F-07,2024-10-01,12875.75,98.54,11.2
PMT-0066,F-07,2024-11-01,13207.57,97.24,7.4
PMT-0066,F-07,2024-12-01,12720.86,96.38,2.8
PMT-0067,F-07,2022-01-01,15506.95,94.78,7.2
PMT-0067,F-07,2022-02-01,18041.27,96.4,9.4
PMT-0067,F-07,2022-03-01,22107.42,98.17,20.3
PMT-0067,F-07,2022-04-01,25661.58,97.36,23.8
PMT-0067,F-07,2022-05-01,28871.14,89.25,30.0
PMT-0067,F-07,2022-06-01,28369.77,91.02,31.8
PMT-0067,F-07,2022-07-01,27819.35,94.18,29.7
PMT-0067,F-07,2022-08-01,24231.27,97.5,25.9
PMT-0067,F-07,2022-09-01,21088.4,93.05,17.7
PMT-0067,F-07,2022-10-01,17006.24,95.41,10.9
PMT-0067,F-07,2022-11-01,15269.57,93.11,4.1
PMT-0067,F-07,2022-12-01,14460.47,93.79,2.7
PMT-0067,F-07,2023-01-01,15717.02,98.02,5.4
PMT-0067,F-07,2023-02-01,17523.18,95.69,11.6
PMT-0067,F-07,2023-03-01,21862.2,98.0,16.2
PMT-0067,F-07,2023-04-01,25032.98,96.63,25.2
PMT-0067,F-07,2023-05-01,28486.58,92.31,29.4
PMT-0067,F-07,2023-06-01,28232.64,98.82,34.0
PMT-0067,F-07,2023-07-01,27771.47,94.3,31.0
PMT-0067,F-07,2023-08-01,23572.7,100.0,25.5
PMT-0067,F-07,2023-09-01,21499.08,91.83,19.3
PMT-0067,F-07,2023-10-01,17585.1,90.13,9.9
PMT-0067,F-07,2023-11-01,15197.81,97.98,5.2
PMT-0067,F-07,2023-12-01,14285.03,96.84,3.2
PMT-0067,F-07,2024-01-01,15358.99,95.85,5.1
PMT-0067,F-07,2024-02-01,18320.15,91.89,12.0
PMT-0067,F-07,2024-03-01,22277.47,89.92,19.0
PMT-0067,F-07,2024-04-01,24903.03,94.51,25.0
PMT-0067,F-07,2024-05-01,27711.19,97.26,27.2
PMT-0067,F-07,2024-06-01,27620.83,98.36,30.5
PMT-0067,F-07,2024-07-01,27731.49,96.7,29.4
PMT-0067,F-07,2024-08-01,24563.77,94.6,25.7
PMT-0067,F-07,2024-09-01,21100.08,92.93,18.8
PMT-0067,F-07,2024-10-01,17461.69,93.57,11.1
PMT-0067,F-07,2024-11-01,15621.31,93.73,4.1
PMT-0067,F-07,2024-12-01,14326.96,95.04,3.7
PMT-0068,F-07,2022-01-01,26511.14,94.77,7.4
PMT-0068,F-07,2022-02-01,30062.2,93.74,11.8
PMT-0068,F-07,2022-03-01,38046.59,99.12,18.9
PMT-0068,F-07,2022-04-01,43243.61,94.88,26.0
PMT-0068,F-07,2022-05-01,48532.87,95.73,30.6
PMT-0068,F-07,2022-06-01,48598.69,90.48,32.3
PMT-0068,F-07,2022-07-01,48717.52,93.79,30.7
PMT-0068,F-07,2022-08-01,43186.45,99.66,25.8
PMT-0068,F-07,2022-09-01,36784.28,93.9,19.1
PMT-0068,F-07,2022-10-01,31138.22,95.83,12.8
PMT-0068,F-07,2022-11-01,25333.41,98.23,5.1
PMT-0068,F-07,2022-12-01,23792.97,89.83,4.5
PMT-0068,F-07,2023-01-01,25490.98,94.72,6.3
PMT-0068,F-07,2023-02-01,30507.15,97.22,10.7
PMT-0068,F-07,2023-03-01,36567.34,94.91,17.3
PMT-0068,F-07,2023-04-01,44477.14,93.79,24.6
PMT-0068,F-07,2023-05-01,46079.89,93.02,29.1
PMT-0068,F-07,2023-06-01,51016.38,98.88,31.1
PMT-0068,F-07,2023-07-01,47769.63,93.83,29.5
PMT-0068,F-07,2023-08-01,43034.45,99.24,25.3
PMT-0068,F-07,2023-09-01,37464.48,92.31,17.5
PMT-0068,F-07,2023-10-01,29863.89,99.19,10.7
PMT-0068,F-07,2023-11-01,25161.7,94.82,4.2
PMT-0068,F-07,2023-12-01,23954.42,97.92,4.4
PMT-0068,F-07,2024-01-01,25153.02,97.84,6.5
PMT-0068,F-07,2024-02-01,30162.38,96.38,9.9
PMT-0068,F-07,2024-03-01,36154.52,95.96,17.7
PMT-0068,F-07,2024-04-01,43728.19,93.99,24.7
PMT-0068,F-07,2024-05-01,46257.57,93.81,29.9
PMT-0068,F-07,2024-06-01,49654.73,91.99,31.3
PMT-0068,F-07,2024-07-01,48685.14,90.84,31.8
PMT-0068,F-07,2024-08-01,43525.78,86.99,25.1
PMT-0068,F-07,2024-09-01,35868.16,96.32,19.4
PMT-0068,F-07,2024-10-01,30500.76,94.48,9.3
PMT-0068,F-07,2024-11-01,24490.26,88.36,6.7
PMT-0068,F-07,2024-12-01,22581.21,92.45,5.2
PMT-0069,F-07,2022-01-01,9269.1,93.6,6.6
PMT-0069,F-07,2022-02-01,10432.96,99.16,10.0
PMT-0069,F-07,2022-03-01,11987.32,93.24,16.2
PMT-0069,F-07,2022-04-01,14850.67,91.02,25.2
PMT-0069,F-07,2022-05-01,14741.89,97.71,30.4
PMT-0069,F-07,2022-06-01,16176.38,93.24,30.7
PMT-0069,F-07,2022-07-01,14996.55,95.42,28.8
PMT-0069,F-07,2022-08-01,14163.11,97.01,26.4
PMT-0069,F-07,2022-09-01,12403.52,95.96,17.0
PMT-0069,F-07,2022-10-01,10829.25,96.29,12.2
PMT-0069,F-07,2022-11-01,8707.41,98.86,7.5
PMT-0069,F-07,2022-12-01,8376.01,97.19,3.1
PMT-0069,F-07,2023-01-01,8867.57,99.58,6.0
PMT-0069,F-07,2023-02-01,10900.86,94.65,9.3
PMT-0069,F-07,2023-03-01,12852.58,94.45,17.5
PMT-0069,F-07,2023-04-01,15499.88,97.18,24.2
PMT-0069,F-07,2023-05-01,16456.09,94.95,33.6
PMT-0069,F-07,2023-06-01,16391.58,97.77,32.0
PMT-0069,F-07,2023-07-01,15782.65,90.17,30.5
PMT-0069,F-07,2023-08-01,14292.92,95.49,25.1
PMT-0069,F-07,2023-09-01,11723.54,96.94,21.3
PMT-0069,F-07,2023-10-01,10039.8,93.68,11.1
PMT-0069,F-07,2023-11-01,9297.7,93.19,5.1
PMT-0069,F-07,2023-12-01,8114.73,92.69,5.2
PMT-0069,F-07,2024-01-01,9225.16,93.68,6.3
PMT-0069,F-07,2024-02-01,10963.49,93.64,10.9
PMT-0069,F-07,2024-03-01,12721.15,94.63,18.1
PMT-0069,F-07,2024-04-01,14340.7,98.91,24.5
PMT-0069,F-07,2024-05-01,15522.77,95.72,30.3
PMT-0069,F-07,2024-06-01,15961.09,96.72,33.7
PMT-0069,F-07,2024-07-01,16290.41,98.59,32.5
PMT-0069,F-07,2024-08-01,13716.3,95.09,25.5
PMT-0069,F-07,2024-09-01,11919.81,96.94,18.6
PMT-0069,F-07,2024-10-01,10131.64,91.1,10.9
PMT-0069,F-07,2024-11-01,8884.0,96.51,5.8
PMT-0069,F-07,2024-12-01,7871.28,93.73,5.4
PMT-0070,F-07,2022-01-01,8174.49,97.69,6.8
PMT-0070,F-07,2022-02-01,9789.3,100.0,10.0
PMT-0070,F-07,2022-03-01,11252.4,94.26,17.8
PMT-0070,F-07,2022-04-01,12475.78,90.05,23.1
PMT-0070,F-07,2022-05-01,14221.53,94.48,31.7
PMT-0070,F-07,2022-06-01,14766.87,90.2,33.7
PMT-0070,F-07,2022-07-01,13639.28,97.29,30.9
PMT-0070,F-07,2022-08-01,12584.46,97.98,23.8
PMT-0070,F-07,2022-09-01,11223.78,95.07,17.8
PMT-0070,F-07,2022-10-01,9133.79,91.24,7.9
PMT-0070,F-07,2022-11-01,8095.84,94.17,7.6
PMT-0070,F-07,2022-12-01,7628.1,98.02,1.8
PMT-0070,F-07,2023-01-01,8210.98,93.11,6.7
PMT-0070,F-07,2023-02-01,9712.12,99.15,9.2
PMT-0070,F-07,2023-03-01,11403.59,96.64,19.7
PMT-0070,F-07,2023-04-01,12064.63,99.79,25.1
PMT-0070,F-07,2023-05-01,13961.41,98.52,28.9
PMT-0070,F-07,2023-06-01,14250.69,91.09,32.2
PMT-0070,F-07,2023-07-01,14443.83,97.54,29.6
PMT-0070,F-07,2023-08-01,12656.57,99.65,24.1
PMT-0070,F-07,2023-09-01,10513.32,95.78,17.3
PMT-0070,F-07,2023-10-01,8903.39,93.64,9.9
PMT-0070,F-07,2023-11-01,7630.39,92.51,4.6
PMT-0070,F-07,2023-12-01,7929.56,93.6,2.8
PMT-0070,F-07,2024-01-01,7815.84,94.29,4.7
PMT-0070,F-07,2024-02-01,9468.0,96.64,12.9
PMT-0070,F-07,2024-03-01,11661.14,96.46,18.0
PMT-0070,F-07,2024-04-01,13112.24,98.78,21.6
PMT-0070,F-07,2024-05-01,13978.08,94.19,29.4
PMT-0070,F-07,2024-06-01,14726.74,87.61,32.6
PMT-0070,F-07,2024-07-01,13496.1,94.33,31.0
PMT-0070,F-07,2024-08-01,12600.18,96.66,24.7
PMT-0070,F-07,2024-09-01,10950.61,97.66,17.6
PMT-0070,F-07,2024-10-01,9046.08,94.4,10.6
PMT-0070,F-07,2024-11-01,7834.93,95.26,6.2
PMT-0070,F-07,2024-12-01,7006.07,92.13,5.2
PMT-0071,F-08,2022-01-01,15173.74,84.65,5.2
PMT-0071,F-08,2022-02-01,16671.61,92.27,11.0
PMT-0071,F-08,2022-03-01,20150.44,89.88,17.2
PMT-0071,F-08,2022-04-01,25304.88,86.27,26.2
PMT-0071,F-08,2022-05-01,26117.08,91.13,29.3
PMT-0071,F-08,2022-06-01,29508.32,91.69,33.0
PMT-0071,F-08,2022-07-01,28326.09,84.36,32.3
PMT-0071,F-08,2022-08-01,23939.08,81.19,23.6
PMT-0071,F-08,2022-09-01,19753.39,86.5,18.1
PMT-0071,F-08,2022-10-01,17410.66,89.09,12.0
PMT-0071,F-08,2022-11-01,14180.41,84.52,7.4
PMT-0071,F-08,2022-12-01,14249.66,88.97,4.7
PMT-0071,F-08,2023-01-01,14714.73,89.42,6.6
PMT-0071,F-08,2023-02-01,16815.59,91.75,11.0
PMT-0071,F-08,2023-03-01,19206.42,81.98,18.7
PMT-0071,F-08,2023-04-01,23761.69,88.36,27.0
PMT-0071,F-08,2023-05-01,28037.26,84.57,30.1
PMT-0071,F-08,2023-06-01,28548.87,86.67,31.2
PMT-0071,F-08,2023-07-01,27305.23,86.39,29.5
PMT-0071,F-08,2023-08-01,23222.25,85.55,23.5
PMT-0071,F-08,2023-09-01,21222.02,82.39,17.2
PMT-0071,F-08,2023-10-01,17561.16,88.87,10.8
PMT-0071,F-08,2023-11-01,15227.57,82.09,6.4
PMT-0071,F-08,2023-12-01,13204.99,87.3,3.3
PMT-0071,F-08,2024-01-01,14303.65,87.02,7.1
PMT-0071,F-08,2024-02-01,17104.7,92.56,10.0
PMT-0071,F-08,2024-03-01,20861.23,90.15,16.9
PMT-0071,F-08,2024-04-01,24168.95,87.78,24.7
PMT-0071,F-08,2024-05-01,25483.66,90.22,30.1
PMT-0071,F-08,2024-06-01,28090.11,89.87,31.7
PMT-0071,F-08,2024-07-01,24638.14,88.9,30.5
PMT-0071,F-08,2024-08-01,23320.61,86.87,26.7
PMT-0071,F-08,2024-09-01,18500.77,84.19,17.9
PMT-0071,F-08,2024-10-01,18673.25,85.34,11.9
PMT-0071,F-08,2024-11-01,14602.0,87.89,6.7
PMT-0071,F-08,2024-12-01,12685.44,95.25,4.0
PMT-0072,F-08,2022-01-01,8617.98,84.39,5.3
PMT-0072,F-08,2022-02-01,10227.23,88.62,11.0
PMT-0072,F-08,2022-03-01,12364.85,83.86,17.7
PMT-0072,F-08,2022-04-01,14214.07,82.4,23.8
PMT-0072,F-08,2022-05-01,16196.89,92.44,30.0
PMT-0072,F-08,2022-06-01,16346.26,88.35,31.2
PMT-0072,F-08,2022-07-01,15992.23,84.83,27.5
PMT-0072,F-08,2022-08-01,14278.24,85.95,24.1
PMT-0072,F-08,2022-09-01,12197.25,88.59,19.5
PMT-0072,F-08,2022-10-01,10302.28,92.69,11.6
PMT-0072,F-08,2022-11-01,8714.07,86.75,4.5
PMT-0072,F-08,2022-12-01,8011.11,89.6,5.2
PMT-0072,F-08,2023-01-01,8696.8,88.59,6.4
PMT-0072,F-08,2023-02-01,10113.56,86.99,11.2
PMT-0072,F-08,2023-03-01,12076.9,80.96,16.0
PMT-0072,F-08,2023-04-01,14705.33,89.7,23.8
PMT-0072,F-08,2023-05-01,16183.18,83.0,31.8
PMT-0072,F-08,2023-06-01,16956.14,88.47,32.9
PMT-0072,F-08,2023-07-01,16087.71,88.49,29.5
PMT-0072,F-08,2023-08-01,14693.64,83.98,24.2
PMT-0072,F-08,2023-09-01,12558.45,85.79,19.0
PMT-0072,F-08,2023-10-01,10132.5,88.35,11.1
PMT-0072,F-08,2023-11-01,8514.37,88.39,6.2
PMT-0072,F-08,2023-12-01,7776.48,85.91,2.6
PMT-0072,F-08,2024-01-01,8330.23,86.88,6.3
PMT-0072,F-08,2024-02-01,9975.24,86.89,10.4
PMT-0072,F-08,2024-03-01,12188.9,85.61,17.6
PMT-0072,F-08,2024-04-01,14181.52,88.63,26.1
PMT-0072,F-08,2024-05-01,15750.58,89.23,30.1
PMT-0072,F-08,2024-06-01,16244.08,87.38,32.8
PMT-0072,F-08,2024-07-01,15720.16,87.07,30.7
PMT-0072,F-08,2024-08-01,14482.17,91.67,23.7
PMT-0072,F-08,2024-09-01,12343.21,85.46,18.1
PMT-0072,F-08,2024-10-01,10086.1,88.57,10.3
PMT-0072,F-08,2024-11-01,8562.29,85.02,6.1
PMT-0072,F-08,2024-12-01,7736.14,82.67,4.5
PMT-0073,F-08,2022-01-01,8124.45,83.94,7.0
PMT-0073,F-08,2022-02-01,10297.65,90.71,13.5
PMT-0073,F-08,2022-03-01,11799.55,86.25,17.7
PMT-0073,F-08,2022-04-01,14268.29,86.46,22.9
PMT-0073,F-08,2022-05-01,15389.19,84.55,30.4
PMT-0073,F-08,2022-06-01,15056.16,85.07,31.0
PMT-0073,F-08,2022-07-01,13842.01,84.97,30.8
PMT-0073,F-08,2022-08-01,13368.26,85.42,26.8
PMT-0073,F-08,2022-09-01,12083.24,86.18,16.7
PMT-0073,F-08,2022-10-01,8996.79,86.86,11.0
PMT-0073,F-08,2022-11-01,8587.08,88.73,4.8
PMT-0073,F-08,2022-12-01,7850.49,87.84,2.5
PMT-0073,F-08,2023-01-01,8496.03,88.21,6.6
PMT-0073,F-08,2023-02-01,10245.51,87.68,12.3
PMT-0073,F-08,2023-03-01,11988.11,87.67,16.0
PMT-0073,F-08,2023-04-01,14157.64,87.62,26.6
PMT-0073,F-08,2023-05-01,15970.99,88.78,29.9
PMT-0073,F-08,2023-06-01,14942.37,87.41,32.3
PMT-0073,F-08,2023-07-01,15585.42,90.28,29.1
PMT-0073,F-08,2023-08-01,13044.52,81.64,25.0
PMT-0073,F-08,2023-09-01,11654.84,93.48,16.5
PMT-0073,F-08,2023-10-01,9587.25,86.63,9.2
PMT-0073,F-08,2023-11-01,7871.05,91.55,7.9
PMT-0073,F-08,2023-12-01,7781.04,83.94,4.7
PMT-0073,F-08,2024-01-01,8407.86,80.3,5.0
PMT-0073,F-08,2024-02-01,10192.62,89.13,11.6
PMT-0073,F-08,2024-03-01,11964.93,90.25,19.1
PMT-0073,F-08,2024-04-01,14404.06,88.14,25.1
PMT-0073,F-08,2024-05-01,15428.88,86.17,28.7
PMT-0073,F-08,2024-06-01,14615.66,88.33,31.6
PMT-0073,F-08,2024-07-01,14948.27,84.12,27.8
PMT-0073,F-08,2024-08-01,13128.98,77.78,25.8
PMT-0073,F-08,2024-09-01,11193.72,87.0,20.6
PMT-0073,F-08,2024-10-01,9628.07,83.53,11.9
PMT-0073,F-08,2024-11-01,8569.86,86.93,5.4
PMT-0073,F-08,2024-12-01,7946.24,90.48,2.8
PMT-0074,F-08,2022-01-01,11710.0,88.7,5.8
PMT-0074,F-08,2022-02-01,14463.1,89.07,13.0
PMT-0074,F-08,2022-03-01,16999.29,87.05,18.4
PMT-0074,F-08,2022-04-01,20221.85,91.43,24.5
PMT-0074,F-08,2022-05-01,22630.14,87.84,29.2
PMT-0074,F-08,2022-06-01,22795.31,87.21,31.3
PMT-0074,F-08,2022-07-01,22695.09,92.74,30.7
PMT-0074,F-08,2022-08-01,20163.4,88.6,24.8
PMT-0074,F-08,2022-09-01,17178.6,84.27,20.0
PMT-0074,F-08,2022-10-01,14218.73,86.55,11.4
PMT-0074,F-08,2022-11-01,12119.95,86.38,6.5
PMT-0074,F-08,2022-12-01,11223.56,86.72,6.1
PMT-0074,F-08,2023-01-01,11927.2,87.91,5.9
PMT-0074,F-08,2023-02-01,14100.94,86.73,11.9
PMT-0074,F-08,2023-03-01,17005.89,87.5,15.6
PMT-0074,F-08,2023-04-01,19815.09,89.03,26.3
PMT-0074,F-08,2023-05-01,21570.15,82.52,27.5
PMT-0074,F-08,2023-06-01,22430.59,89.18,32.0
PMT-0074,F-08,2023-07-01,21993.2,84.31,29.5
PMT-0074,F-08,2023-08-01,19854.01,86.3,26.5
PMT-0074,F-08,2023-09-01,17380.73,88.54,17.5
PMT-0074,F-08,2023-10-01,13561.69,87.79,11.9
PMT-0074,F-08,2023-11-01,11897.36,85.52,6.3
PMT-0074,F-08,2023-12-01,10995.36,83.58,1.1
PMT-0074,F-08,2024-01-01,11530.73,87.31,6.8
PMT-0074,F-08,2024-02-01,13881.24,89.89,11.8
PMT-0074,F-08,2024-03-01,16768.39,89.14,17.7
PMT-0074,F-08,2024-04-01,19863.53,85.02,24.8
PMT-0074,F-08,2024-05-01,21833.3,82.68,26.4
PMT-0074,F-08,2024-06-01,23312.28,90.79,33.6
PMT-0074,F-08,2024-07-01,21595.63,86.55,28.7
PMT-0074,F-08,2024-08-01,19318.96,86.45,26.2
PMT-0074,F-08,2024-09-01,16779.5,91.65,19.8
PMT-0074,F-08,2024-10-01,14040.89,85.22,10.2
PMT-0074,F-08,2024-11-01,11655.45,89.14,3.7
PMT-0074,F-08,2024-12-01,11136.18,89.03,4.9
PMT-0075,F-08,2022-01-01,9267.4,87.89,5.3
PMT-0075,F-08,2022-02-01,10767.96,84.98,12.1
PMT-0075,F-08,2022-03-01,12209.41,87.08,17.8
PMT-0075,F-08,2022-04-01,13293.79,91.52,26.3
PMT-0075,F-08,2022-05-01,14119.01,88.3,28.6
PMT-0075,F-08,2022-06-01,13054.6,84.12,32.7
PMT-0075,F-08,2022-07-01,14178.54,87.85,29.0
PMT-0075,F-08,2022-08-01,12480.9,89.25,26.3
PMT-0075,F-08,2022-09-01,11405.57,86.32,18.5
PMT-0075,F-08,2022-10-01,9869.05,86.9,11.0
PMT-0075,F-08,2022-11-01,8910.61,84.37,6.3
PMT-0075,F-08,2022-12-01,8248.45,88.95,3.9
PMT-0075,F-08,2023-01-01,9194.39,84.66,5.5
PMT-0075,F-08,2023-02-01,10273.71,91.95,9.6
PMT-0075,F-08,2023-03-01,12203.52,85.86,16.4
PMT-0075,F-08,2023-04-01,12992.89,90.63,26.0
PMT-0075,F-08,2023-05-01,14482.35,88.43,30.1
PMT-0075,F-08,2023-06-01,14071.08,82.16,31.1
PMT-0075,F-08,2023-07-01,13751.99,89.27,29.1
PMT-0075,F-08,2023-08-01,12597.6,86.52,24.6
PMT-0075,F-08,2023-09-01,10558.31,90.29,17.4
PMT-0075,F-08,2023-10-01,9719.9,86.56,11.8
PMT-0075,F-08,2023-11-01,8078.94,93.34,6.5
PMT-0075,F-08,2023-12-01,8185.53,90.56,3.3
PMT-0075,F-08,2024-01-01,9126.44,89.14,6.6
PMT-0075,F-08,2024-02-01,10385.16,82.54,12.9
PMT-0075,F-08,2024-03-01,12236.35,91.28,18.7
PMT-0075,F-08,2024-04-01,14118.74,86.74,26.0
PMT-0075,F-08,2024-05-01,13532.15,88.91,29.1
PMT-0075,F-08,2024-06-01,15227.67,91.07,30.4
PMT-0075,F-08,2024-07-01,13536.46,85.81,29.7
PMT-0075,F-08,2024-08-01,12520.15,85.39,24.4
PMT-0075,F-08,2024-09-01,11215.23,88.77,15.3
PMT-0075,F-08,2024-10-01,9363.92,88.19,10.2
PMT-0075,F-08,2024-11-01,8518.9,90.91,5.4
PMT-0075,F-08,2024-12-01,8086.36,87.37,3.4
PMT-0076,F-08,2022-01-01,9250.72,91.71,4.6
PMT-0076,F-08,2022-02-01,11357.69,86.55,10.4
PMT-0076,F-08,2022-03-01,13381.69,86.56,17.4
PMT-0076,F-08,2022-04-01,15254.27,87.86,25.3
PMT-0076,F-08,2022-05-01,16646.41,86.83,30.2
PMT-0076,F-08,2022-06-01,17234.01,89.79,32.3
PMT-0076,F-08,2022-07-01,16979.58,89.74,27.3
PMT-0076,F-08,2022-08-01,15360.89,89.57,23.8
PMT-0076,F-08,2022-09-01,12952.65,85.38,17.2
PMT-0076,F-08,2022-10-01,10768.29,89.65,11.6
PMT-0076,F-08,2022-11-01,9374.24,90.94,7.4
PMT-0076,F-08,2022-12-01,9073.53,88.0,2.7
PMT-0076,F-08,2023-01-01,9665.68,89.44,6.1
PMT-0076,F-08,2023-02-01,10889.13,87.1,9.9
PMT-0076,F-08,2023-03-01,13276.32,87.63,18.6
PMT-0076,F-08,2023-04-01,15586.49,86.01,25.5
PMT-0076,F-08,2023-05-01,16520.96,92.11,28.3
PMT-0076,F-08,2023-06-01,17445.07,87.58,31.5
PMT-0076,F-08,2023-07-01,16502.21,85.2,30.0
PMT-0076,F-08,2023-08-01,14762.48,86.84,23.2
PMT-0076,F-08,2023-09-01,12736.54,90.6,18.9
PMT-0076,F-08,2023-10-01,10789.92,87.83,12.1
PMT-0076,F-08,2023-11-01,9363.62,85.4,4.2
PMT-0076,F-08,2023-12-01,8507.04,90.32,2.9
PMT-0076,F-08,2024-01-01,9396.57,86.28,5.4
PMT-0076,F-08,2024-02-01,11318.1,90.51,11.7
PMT-0076,F-08,2024-03-01,12688.1,86.13,18.0
PMT-0076,F-08,2024-04-01,15118.02,89.24,22.7
PMT-0076,F-08,2024-05-01,17386.62,88.57,31.7
PMT-0076,F-08,2024-06-01,17374.68,93.62,31.8
PMT-0076,F-08,2024-07-01,16924.79,89.4,30.5
PMT-0076,F-08,2024-08-01,14396.65,89.45,28.0
PMT-0076,F-08,2024-09-01,12461.83,88.68,17.3
PMT-0076,F-08,2024-10-01,10530.12,84.48,9.4
PMT-0076,F-08,2024-11-01,9526.86,87.46,7.7
PMT-0076,F-08,2024-12-01,8868.07,82.17,8.2
PMT-0077,F-08,2022-01-01,12533.98,87.13,8.0
PMT-0077,F-08,2022-02-01,15633.42,89.43,11.2
PMT-0077,F-08,2022-03-01,18229.49,84.24,19.9
PMT-0077,F-08,2022-04-01,20042.82,91.0,25.4
PMT-0077,F-08,2022-05-01,20182.08,90.15,28.0
PMT-0077,F-08,2022-06-01,22422.24,83.25,32.3
PMT-0077,F-08,2022-07-01,20332.18,86.94,30.9
PMT-0077,F-08,2022-08-01,18936.8,88.12,24.7
PMT-0077,F-08,2022-09-01,15396.49,83.75,18.5
PMT-0077,F-08,2022-10-01,13566.03,88.56,11.4
PMT-0077,F-08,2022-11-01,12821.82,84.68,4.1
PMT-0077,F-08,2022-12-01,11677.92,88.19,1.9
PMT-0077,F-08,2023-01-01,13675.26,83.62,4.7
PMT-0077,F-08,2023-02-01,15719.4,90.28,10.9
PMT-0077,F-08,2023-03-01,18246.95,82.27,17.8
PMT-0077,F-08,2023-04-01,19093.81,88.32,24.9
PMT-0077,F-08,2023-05-01,20179.07,88.37,27.8
PMT-0077,F-08,2023-06-01,19783.84,82.94,31.0
PMT-0077,F-08,2023-07-01,19709.96,88.72,29.8
PMT-0077,F-08,2023-08-01,17966.12,82.79,23.2
PMT-0077,F-08,2023-09-01,15930.96,84.36,17.9
PMT-0077,F-08,2023-10-01,13459.43,84.29,10.0
PMT-0077,F-08,2023-11-01,11797.4,83.8,6.0
PMT-0077,F-08,2023-12-01,12157.17,82.03,6.2
PMT-0077,F-08,2024-01-01,13777.14,90.55,6.1
PMT-0077,F-08,2024-02-01,15615.4,95.22,11.2
PMT-0077,F-08,2024-03-01,16496.0,88.19,17.4
PMT-0077,F-08,2024-04-01,20259.59,84.79,26.4
PMT-0077,F-08,2024-05-01,21602.59,87.06,30.1
PMT-0077,F-08,2024-06-01,22911.5,86.23,32.6
PMT-0077,F-08,2024-07-01,19633.26,88.85,32.0
PMT-0077,F-08,2024-08-01,18156.46,87.6,27.7
PMT-0077,F-08,2024-09-01,15651.67,84.0,17.4
PMT-0077,F-08,2024-10-01,13883.3,83.33,12.5
PMT-0077,F-08,2024-11-01,12429.27,84.71,6.1
PMT-0077,F-08,2024-12-01,11979.62,84.5,4.6
PMT-0078,F-08,2022-01-01,22884.03,86.54,6.5
PMT-0078,F-08,2022-02-01,26935.35,85.61,11.1
PMT-0078,F-08,2022-03-01,34314.6,85.47,18.6
PMT-0078,F-08,2022-04-01,38422.28,90.25,25.1
PMT-0078,F-08,2022-05-01,41958.67,88.61,29.5
PMT-0078,F-08,2022-06-01,41572.44,84.43,31.5
PMT-0078,F-08,2022-07-01,40081.8,85.21,28.2
PMT-0078,F-08,2022-08-01,37583.82,88.27,25.4
PMT-0078,F-08,2022-09-01,31253.94,85.61,17.0
PMT-0078,F-08,2022-10-01,27960.99,87.79,10.9
PMT-0078,F-08,2022-11-01,24219.11,87.3,5.3
PMT-0078,F-08,2022-12-01,21387.84,90.38,5.1
PMT-0078,F-08,2023-01-01,22808.49,87.05,7.0
PMT-0078,F-08,2023-02-01,26901.3,91.02,11.7
PMT-0078,F-08,2023-03-01,32043.33,86.02,17.2
PMT-0078,F-08,2023-04-01,36640.79,89.37,25.0
PMT-0078,F-08,2023-05-01,40121.53,83.83,30.3
PMT-0078,F-08,2023-06-01,42481.78,86.21,30.8
PMT-0078,F-08,2023-07-01,42698.86,84.01,30.0
PMT-0078,F-08,2023-08-01,36047.61,90.94,24.1
PMT-0078,F-08,2023-09-01,31846.37,89.15,18.9
PMT-0078,F-08,2023-10-01,26489.27,87.41,10.7
PMT-0078,F-08,2023-11-01,22248.82,93.04,4.2
PMT-0078,F-08,2023-12-01,21730.89,89.93,4.3
PMT-0078,F-08,2024-01-01,22821.72,88.18,5.3
PMT-0078,F-08,2024-02-01,27061.85,96.05,9.5
PMT-0078,F-08,2024-03-01,32025.02,89.49,18.8
PMT-0078,F-08,2024-04-01,38516.16,84.24,26.1
PMT-0078,F-08,2024-05-01,42310.48,90.29,30.5
PMT-0078,F-08,2024-06-01,44400.13,88.51,31.5
PMT-0078,F-08,2024-07-01,42028.86,84.99,30.5
PMT-0078,F-08,2024-08-01,38116.04,83.32,25.1
PMT-0078,F-08,2024-09-01,32772.48,82.08,17.9
PMT-0078,F-08,2024-10-01,27053.13,89.78,10.4
PMT-0078,F-08,2024-11-01,21941.43,83.85,3.4
PMT-0078,F-08,2024-12-01,20661.99,85.6,5.2
PMT-0079,F-08,2022-01-01,14802.16,89.07,5.0
PMT-0079,F-08,2022-02-01,18426.35,87.85,9.1
PMT-0079,F-08,2022-03-01,22006.27,85.49,17.6
PMT-0079,F-08,2022-04-01,26526.98,87.01,25.3
PMT-0079,F-08,2022-05-01,29042.54,88.69,29.9
PMT-0079,F-08,2022-06-01,30617.4,89.05,31.0
PMT-0079,F-08,2022-07-01,29217.49,90.69,27.8
PMT-0079,F-08,2022-08-01,26293.71,88.15,23.9
PMT-0079,F-08,2022-09-01,21898.57,85.76,16.8
PMT-0079,F-08,2022-10-01,18754.95,89.09,11.6
PMT-0079,F-08,2022-11-01,16276.82,80.22,5.4
PMT-0079,F-08,2022-12-01,13877.6,89.44,5.2
PMT-0079,F-08,2023-01-01,15622.26,87.02,5.6
PMT-0079,F-08,2023-02-01,17911.35,86.07,8.6
PMT-0079,F-08,2023-03-01,22738.63,89.36,19.0
PMT-0079,F-08,2023-04-01,26951.25,87.79,25.2
PMT-0079,F-08,2023-05-01,28295.09,88.95,30.6
PMT-0079,F-08,2023-06-01,29195.94,86.56,33.6
PMT-0079,F-08,2023-07-01,27767.56,87.1,30.2
PMT-0079,F-08,2023-08-01,25044.08,89.11,25.6
PMT-0079,F-08,2023-09-01,22451.26,92.43,18.8
PMT-0079,F-08,2023-10-01,18232.93,88.0,11.4
PMT-0079,F-08,2023-11-01,15527.5,87.09,6.8
PMT-0079,F-08,2023-12-01,14705.47,88.38,5.1
PMT-0079,F-08,2024-01-01,15426.78,83.89,4.4
PMT-0079,F-08,2024-02-01,18193.74,89.64,11.5
PMT-0079,F-08,2024-03-01,21765.24,84.89,18.4
PMT-0079,F-08,2024-04-01,26841.42,89.2,27.2
PMT-0079,F-08,2024-05-01,27747.03,94.33,29.5
PMT-0079,F-08,2024-06-01,28339.09,88.83,34.1
PMT-0079,F-08,2024-07-01,29979.08,89.07,30.6
PMT-0079,F-08,2024-08-01,24909.93,86.11,26.0
PMT-0079,F-08,2024-09-01,21493.81,90.04,17.2
PMT-0079,F-08,2024-10-01,18103.44,90.18,13.1
PMT-0079,F-08,2024-11-01,15375.31,87.88,6.8
PMT-0079,F-08,2024-12-01,14986.16,85.7,5.2
PMT-0080,F-08,2022-01-01,10868.23,86.71,4.9
PMT-0080,F-08,2022-02-01,13432.92,86.14,11.4
PMT-0080,F-08,2022-03-01,15678.03,89.9,17.4
PMT-0080,F-08,2022-04-01,17731.57,84.97,27.0
PMT-0080,F-08,2022-05-01,19899.69,85.35,32.6
PMT-0080,F-08,2022-06-01,20542.0,96.21,32.5
PMT-0080,F-08,2022-07-01,19812.19,92.69,31.0
PMT-0080,F-08,2022-08-01,17716.03,84.71,25.6
PMT-0080,F-08,2022-09-01,15033.05,88.7,19.1
PMT-0080,F-08,2022-10-01,12789.74,88.63,12.0
PMT-0080,F-08,2022-11-01,11064.67,86.11,7.6
PMT-0080,F-08,2022-12-01,10173.86,87.07,5.6
PMT-0080,F-08,2023-01-01,11030.84,88.58,5.1
PMT-0080,F-08,2023-02-01,12720.79,92.11,12.4
PMT-0080,F-08,2023-03-01,15474.65,92.23,19.5
PMT-0080,F-08,2023-04-01,17917.32,86.97,24.3
PMT-0080,F-08,2023-05-01,20316.79,87.76,31.6
PMT-0080,F-08,2023-06-01,20462.11,89.03,32.4
PMT-0080,F-08,2023-07-01,19850.5,87.64,28.5
PMT-0080,F-08,2023-08-01,17898.52,89.66,23.3
PMT-0080,F-08,2023-09-01,15113.92,86.31,20.0
PMT-0080,F-08,2023-10-01,12745.68,85.69,10.7
PMT-0080,F-08,2023-11-01,10934.35,86.87,6.2
PMT-0080,F-08,2023-12-01,10334.12,90.07,3.9
PMT-0080,F-08,2024-01-01,11105.43,87.97,7.2
PMT-0080,F-08,2024-02-01,12850.63,91.15,11.4
PMT-0080,F-08,2024-03-01,15749.08,86.03,19.2
PMT-0080,F-08,2024-04-01,18239.74,89.91,25.7
PMT-0080,F-08,2024-05-01,19822.13,86.47,29.2
PMT-0080,F-08,2024-06-01,20344.32,87.42,31.8
PMT-0080,F-08,2024-07-01,19492.98,81.39,31.4
PMT-0080,F-08,2024-08-01,17768.84,84.3,22.6
PMT-0080,F-08,2024-09-01,14868.01,87.75,17.0
PMT-0080,F-08,2024-10-01,12659.77,83.1,10.6
PMT-0080,F-08,2024-11-01,10954.72,86.85,5.5
PMT-0080,F-08,2024-12-01,10209.72,90.6,5.2
PMT-0081,F-09,2022-01-01,10285.14,91.27,5.5
PMT-0081,F-09,2022-02-01,12174.34,91.08,10.2
PMT-0081,F-09,2022-03-01,13660.63,92.02,15.9
PMT-0081,F-09,2022-04-01,16000.17,88.94,24.2
PMT-0081,F-09,2022-05-01,17080.1,88.29,29.5
PMT-0081,F-09,2022-06-01,18071.07,85.04,32.2
PMT-0081,F-09,2022-07-01,17115.3,91.28,30.1
PMT-0081,F-09,2022-08-01,15590.2,86.1,25.5
PMT-0081,F-09,2022-09-01,13977.65,84.69,19.5
PMT-0081,F-09,2022-10-01,10811.65,89.5,10.9
PMT-0081,F-09,2022-11-01,9614.92,90.57,7.8
PMT-0081,F-09,2022-12-01,9089.31,92.71,2.3
PMT-0081,F-09,2023-01-01,10032.52,88.56,6.6
PMT-0081,F-09,2023-02-01,11559.75,91.57,10.5
PMT-0081,F-09,2023-03-01,14082.25,91.33,18.0
PMT-0081,F-09,2023-04-01,16715.12,92.1,24.8
PMT-0081,F-09,2023-05-01,17250.22,86.41,30.9
PMT-0081,F-09,2023-06-01,18641.7,85.2,32.6
PMT-0081,F-09,2023-07-01,18593.55,92.03,28.8
PMT-0081,F-09,2023-08-01,15781.03,87.68,22.9
PMT-0081,F-09,2023-09-01,13550.41,88.09,15.4
PMT-0081,F-09,2023-10-01,11996.21,81.88,9.0
PMT-0081,F-09,2023-11-01,9583.65,84.31,5.9
PMT-0081,F-09,2023-12-01,9100.86,85.34,3.4
PMT-0081,F-09,2024-01-01,10271.89,82.2,4.4
PMT-0081,F-09,2024-02-01,12148.19,85.17,9.6
PMT-0081,F-09,2024-03-01,14419.46,90.83,18.6
PMT-0081,F-09,2024-04-01,16244.62,88.61,25.0
PMT-0081,F-09,2024-05-01,18242.09,86.68,29.8
PMT-0081,F-09,2024-06-01,18565.23,84.69,33.6
PMT-0081,F-09,2024-07-01,18083.43,90.93,29.1
PMT-0081,F-09,2024-08-01,15632.4,88.76,23.6
PMT-0081,F-09,2024-09-01,13737.28,87.86,17.6
PMT-0081,F-09,2024-10-01,11416.67,87.88,11.0
PMT-0081,F-09,2024-11-01,9696.2,85.8,4.4
PMT-0081,F-09,2024-12-01,9359.73,87.35,4.0
PMT-0082,F-09,2022-01-01,19091.54,91.06,5.2
PMT-0082,F-09,2022-02-01,22885.47,87.36,12.5
PMT-0082,F-09,2022-03-01,26286.54,88.05,18.4
PMT-0082,F-09,2022-04-01,30371.22,91.54,27.3
PMT-0082,F-09,2022-05-01,34384.99,88.87,28.8
PMT-0082,F-09,2022-06-01,33642.85,86.65,31.8
PMT-0082,F-09,2022-07-01,33133.23,89.67,31.4
PMT-0082,F-09,2022-08-01,30468.99,88.39,22.5
PMT-0082,F-09,2022-09-01,25782.36,83.51,18.6
PMT-0082,F-09,2022-10-01,20554.95,87.36,10.2
PMT-0082,F-09,2022-11-01,18880.44,85.08,6.9
PMT-0082,F-09,2022-12-01,17561.89,82.56,4.3
PMT-0082,F-09,2023-01-01,19277.51,92.59,6.8
PMT-0082,F-09,2023-02-01,21594.06,87.3,10.3
PMT-0082,F-09,2023-03-01,25654.95,83.46,17.3
PMT-0082,F-09,2023-04-01,30669.4,83.7,24.5
PMT-0082,F-09,2023-05-01,33956.59,89.02,29.7
PMT-0082,F-09,2023-06-01,34280.31,84.33,30.5
PMT-0082,F-09,2023-07-01,33023.5,89.07,30.4
PMT-0082,F-09,2023-08-01,28242.11,87.16,24.5
PMT-0082,F-09,2023-09-01,24929.34,93.62,19.2
PMT-0082,F-09,2023-10-01,20281.77,82.98,9.6
PMT-0082,F-09,2023-11-01,19465.43,84.19,6.1
PMT-0082,F-09,2023-12-01,17831.59,84.54,3.6
PMT-0082,F-09,2024-01-01,19575.79,87.66,6.0
PMT-0082,F-09,2024-02-01,22613.47,91.56,12.8
PMT-0082,F-09,2024-03-01,26331.0,84.88,16.2
PMT-0082,F-09,2024-04-01,30675.13,94.12,26.2
PMT-0082,F-09,2024-05-01,30785.87,90.17,30.8
PMT-0082,F-09,2024-06-01,31776.36,92.08,31.6
PMT-0082,F-09,2024-07-01,30380.61,84.2,29.4
PMT-0082,F-09,2024-08-01,28174.77,88.63,24.1
PMT-0082,F-09,2024-09-01,23958.33,86.72,17.0
PMT-0082,F-09,2024-10-01,19414.83,86.67,9.8
PMT-0082,F-09,2024-11-01,18239.07,89.23,5.6
PMT-0082,F-09,2024-12-01,17629.06,93.02,4.4
PMT-0083,F-09,2022-01-01,10739.29,89.6,7.3
PMT-0083,F-09,2022-02-01,11889.51,83.21,11.8
PMT-0083,F-09,2022-03-01,15571.98,92.25,17.2
PMT-0083,F-09,2022-04-01,16585.66,88.33,24.8
PMT-0083,F-09,2022-05-01,19025.35,90.81,29.8
PMT-0083,F-09,2022-06-01,17840.52,93.67,30.7
PMT-0083,F-09,2022-07-01,16654.82,89.44,29.9
PMT-0083,F-09,2022-08-01,15249.43,83.04,24.7
PMT-0083,F-09,2022-09-01,13823.57,85.38,17.1
PMT-0083,F-09,2022-10-01,11615.88,91.97,12.4
PMT-0083,F-09,2022-11-01,9743.18,88.49,4.8
PMT-0083,F-09,2022-12-01,9665.43,88.2,2.3
PMT-0083,F-09,2023-01-01,11066.77,91.87,5.6
PMT-0083,F-09,2023-02-01,12145.22,86.7,12.3
PMT-0083,F-09,2023-03-01,14292.53,92.1,17.5
PMT-0083,F-09,2023-04-01,15426.37,91.91,24.5
PMT-0083,F-09,2023-05-01,17402.25,89.41,30.2
PMT-0083,F-09,2023-06-01,17788.08,86.03,33.9
PMT-0083,F-09,2023-07-01,16390.7,82.1,29.7
PMT-0083,F-09,2023-08-01,15762.92,91.2,25.4
PMT-0083,F-09,2023-09-01,13254.47,90.16,17.8
PMT-0083,F-09,2023-10-01,11116.54,84.83,12.5
PMT-0083,F-09,2023-11-01,10002.46,89.73,6.6
PMT-0083,F-09,2023-12-01,9719.26,90.11,5.5
PMT-0083,F-09,2024-01-01,10533.59,85.48,5.3
PMT-0083,F-09,2024-02-01,12607.48,90.27,12.3
PMT-0083,F-09,2024-03-01,15036.95,84.85,18.2
PMT-0083,F-09,2024-04-01,16650.25,88.95,25.6
PMT-0083,F-09,2024-05-01,17835.42,93.02,31.0
PMT-0083,F-09,2024-06-01,18155.99,91.19,33.3
PMT-0083,F-09,2024-07-01,16730.93,85.08,31.2
PMT-0083,F-09,2024-08-01,14928.88,88.09,25.9
PMT-0083,F-09,2024-09-01,13900.48,85.22,16.1
PMT-0083,F-09,2024-10-01,11379.81,91.97,10.1
PMT-0083,F-09,2024-11-01,10391.45,85.12,2.7
PMT-0083,F-09,2024-12-01,9830.79,87.96,5.3
PMT-0084,F-09,2022-01-01,14960.47,85.51,6.0
PMT-0084,F-09,2022-02-01,16543.7,88.19,12.0
PMT-0084,F-09,2022-03-01,21752.7,89.39,19.8
PMT-0084,F-09,2022-04-01,23538.13,89.46,23.7
PMT-0084,F-09,2022-05-01,25050.81,91.15,29.3
PMT-0084,F-09,2022-06-01,24496.2,86.2,30.0
PMT-0084,F-09,2022-07-01,24022.22,83.62,28.1
PMT-0084,F-09,2022-08-01,22754.34,82.48,23.2
PMT-0084,F-09,2022-09-01,19657.36,88.69,18.8
PMT-0084,F-09,2022-10-01,16751.91,88.41,12.2
PMT-0084,F-09,2022-11-01,13564.32,89.61,6.1
PMT-0084,F-09,2022-12-01,12786.45,92.24,3.7
PMT-0084,F-09,2023-01-01,13274.59,91.63,6.7
PMT-0084,F-09,2023-02-01,17731.55,92.59,11.9
PMT-0084,F-09,2023-03-01,20370.58,88.52,17.0
PMT-0084,F-09,2023-04-01,23262.32,92.36,25.4
PMT-0084,F-09,2023-05-01,24463.23,89.93,29.2
PMT-0084,F-09,2023-06-01,25823.86,85.43,32.6
PMT-0084,F-09,2023-07-01,26199.36,87.49,30.0
PMT-0084,F-09,2023-08-01,23772.08,89.1,25.6
PMT-0084,F-09,2023-09-01,18688.08,94.2,19.1
PMT-0084,F-09,2023-10-01,16786.73,88.22,11.0
PMT-0084,F-09,2023-11-01,13716.01,88.39,6.0
PMT-0084,F-09,2023-12-01,13234.37,85.64,4.0
PMT-0084,F-09,2024-01-01,14076.4,87.51,5.1
PMT-0084,F-09,2024-02-01,16631.28,84.98,10.6
PMT-0084,F-09,2024-03-01,20646.91,92.3,18.8
PMT-0084,F-09,2024-04-01,23728.18,86.4,25.7
PMT-0084,F-09,2024-05-01,25986.46,95.01,29.6
PMT-0084,F-09,2024-06-01,24805.58,90.45,30.9
PMT-0084,F-09,2024-07-01,24835.79,89.44,31.2
PMT-0084,F-09,2024-08-01,23874.35,81.86,25.0
PMT-0084,F-09,2024-09-01,20602.07,84.55,19.0
PMT-0084,F-09,2024-10-01,15658.51,89.34,9.3
PMT-0084,F-09,2024-11-01,14736.21,88.8,5.1
PMT-0084,F-09,2024-12-01,12444.93,89.13,3.7
PMT-0085,F-09,2022-01-01,10435.3,89.7,5.7
PMT-0085,F-09,2022-02-01,12868.13,88.29,10.5
PMT-0085,F-09,2022-03-01,14718.84,90.66,18.2
PMT-0085,F-09,2022-04-01,17652.88,92.93,26.1
PMT-0085,F-09,2022-05-01,17449.93,80.73,28.7
PMT-0085,F-09,2022-06-01,19485.34,90.31,33.1
PMT-0085,F-09,2022-07-01,17801.2,85.9,30.4
PMT-0085,F-09,2022-08-01,15077.92,87.06,24.1
PMT-0085,F-09,2022-09-01,13183.22,90.82,17.4
PMT-0085,F-09,2022-10-01,11613.19,86.86,11.6
PMT-0085,F-09,2022-11-01,10465.06,82.23,6.3
PMT-0085,F-09,2022-12-01,10715.89,86.45,3.0
PMT-0085,F-09,2023-01-01,11324.23,83.84,3.8
PMT-0085,F-09,2023-02-01,12597.19,89.95,10.4
PMT-0085,F-09,2023-03-01,15588.49,85.43,17.3
PMT-0085,F-09,2023-04-01,16663.27,89.95,25.2
PMT-0085,F-09,2023-05-01,16624.32,86.06,34.0
PMT-0085,F-09,2023-06-01,17973.17,88.96,30.7
PMT-0085,F-09,2023-07-01,18207.04,85.61,31.0
PMT-0085,F-09,2023-08-01,15900.57,89.4,23.6
PMT-0085,F-09,2023-09-01,13576.94,86.03,19.3
PMT-0085,F-09,2023-10-01,11472.01,84.46,11.3
PMT-0085,F-09,2023-11-01,10792.16,91.1,6.5
PMT-0085,F-09,2023-12-01,10068.25,88.17,5.6
PMT-0085,F-09,2024-01-01,11237.35,86.03,8.6
PMT-0085,F-09,2024-02-01,12904.06,91.31,11.2
PMT-0085,F-09,2024-03-01,15222.29,87.19,18.7
PMT-0085,F-09,2024-04-01,17461.29,93.7,24.6
PMT-0085,F-09,2024-05-01,18133.7,88.44,29.5
PMT-0085,F-09,2024-06-01,18883.83,87.81,34.5
PMT-0085,F-09,2024-07-01,18458.33,88.27,31.3
PMT-0085,F-09,2024-08-01,15274.76,90.6,26.3
PMT-0085,F-09,2024-09-01,13082.12,84.53,17.2
PMT-0085,F-09,2024-10-01,11881.16,87.49,10.8
PMT-0085,F-09,2024-11-01,10224.97,86.36,5.4
PMT-0085,F-09,2024-12-01,9987.49,92.31,2.9
PMT-0086,F-09,2022-01-01,5159.19,93.08,5.2
PMT-0086,F-09,2022-02-01,5800.3,85.2,11.7
PMT-0086,F-09,2022-03-01,6917.23,88.34,20.0
PMT-0086,F-09,2022-04-01,8293.19,83.25,24.9
PMT-0086,F-09,2022-05-01,9024.54,90.67,30.2
PMT-0086,F-09,2022-06-01,9235.09,88.82,32.7
PMT-0086,F-09,2022-07-01,8788.2,94.58,30.8
PMT-0086,F-09,2022-08-01,7864.22,89.53,24.7
PMT-0086,F-09,2022-09-01,6770.34,87.16,17.7
PMT-0086,F-09,2022-10-01,5531.32,89.97,12.4
PMT-0086,F-09,2022-11-01,5011.7,89.4,6.3
PMT-0086,F-09,2022-12-01,4484.82,86.23,2.2
PMT-0086,F-09,2023-01-01,5044.5,90.43,4.4
PMT-0086,F-09,2023-02-01,5847.21,87.91,12.6
PMT-0086,F-09,2023-03-01,7189.07,84.93,17.5
PMT-0086,F-09,2023-04-01,8709.79,87.52,25.4
PMT-0086,F-09,2023-05-01,9125.11,83.97,31.2
PMT-0086,F-09,2023-06-01,9204.41,87.08,30.1
PMT-0086,F-09,2023-07-01,8661.27,92.67,29.4
PMT-0086,F-09,2023-08-01,7909.77,88.04,24.0
PMT-0086,F-09,2023-09-01,7178.76,84.71,17.4
PMT-0086,F-09,2023-10-01,5915.19,89.1,11.4
PMT-0086,F-09,2023-11-01,4855.39,89.03,5.6
PMT-0086,F-09,2023-12-01,4625.44,85.57,3.2
PMT-0086,F-09,2024-01-01,4958.74,85.81,6.3
PMT-0086,F-09,2024-02-01,6053.74,90.65,11.1
PMT-0086,F-09,2024-03-01,7187.81,90.88,18.3
PMT-0086,F-09,2024-04-01,7942.65,84.69,25.7
PMT-0086,F-09,2024-05-01,9193.62,91.97,30.9
PMT-0086,F-09,2024-06-01,9387.3,89.04,29.6
PMT-0086,F-09,2024-07-01,8778.23,91.75,31.2
PMT-0086,F-09,2024-08-01,7967.29,84.36,24.2
PMT-0086,F-09,2024-09-01,6766.78,87.33,17.5
PMT-0086,F-09,2024-10-01,5738.19,91.89,10.2
PMT-0086,F-09,2024-11-01,5088.67,90.64,7.7
PMT-0086,F-09,2024-12-01,4624.22,86.87,2.8
PMT-0087,F-09,2022-01-01,14461.75,87.82,5.9
PMT-0087,F-09,2022-02-01,17360.97,94.64,10.9
PMT-0087,F-09,2022-03-01,20703.97,82.83,18.3
PMT-0087,F-09,2022-04-01,24243.62,92.08,27.1
PMT-0087,F-09,2022-05-01,25996.58,86.58,31.2
PMT-0087,F-09,2022-06-01,27850.52,89.22,33.0
PMT-0087,F-09,2022-07-01,28229.49,92.76,28.8
PMT-0087,F-09,2022-08-01,23376.15,85.73,23.4
PMT-0087,F-09,2022-09-01,20210.41,90.92,18.5
PMT-0087,F-09,2022-10-01,18011.82,88.96,13.6
PMT-0087,F-09,2022-11-01,15294.69,88.44,7.0
PMT-0087,F-09,2022-12-01,14232.65,90.12,2.7
PMT-0087,F-09,2023-01-01,15204.64,88.93,5.6
PMT-0087,F-09,2023-02-01,18379.71,86.38,10.4
PMT-0087,F-09,2023-03-01,21204.39,87.93,17.5
PMT-0087,F-09,2023-04-01,26307.85,88.67,26.5
PMT-0087,F-09,2023-05-01,28309.93,82.21,29.1
PMT-0087,F-09,2023-06-01,28524.92,83.45,31.0
PMT-0087,F-09,2023-07-01,26103.92,86.93,29.2
PMT-0087,F-09,2023-08-01,24134.65,88.52,25.3
PMT-0087,F-09,2023-09-01,21001.76,85.95,17.0
PMT-0087,F-09,2023-10-01,16304.07,88.74,9.7
PMT-0087,F-09,2023-11-01,15577.13,89.36,7.3
PMT-0087,F-09,2023-12-01,14119.05,91.37,5.6
PMT-0087,F-09,2024-01-01,15225.35,86.16,3.9
PMT-0087,F-09,2024-02-01,17433.73,88.6,11.1
PMT-0087,F-09,2024-03-01,20226.57,86.0,16.4
PMT-0087,F-09,2024-04-01,25635.29,91.83,24.7
PMT-0087,F-09,2024-05-01,26695.7,84.98,29.7
PMT-0087,F-09,2024-06-01,28946.74,86.06,32.5
PMT-0087,F-09,2024-07-01,26550.32,89.99,29.8
PMT-0087,F-09,2024-08-01,26300.6,90.75,27.6
PMT-0087,F-09,2024-09-01,20567.0,89.46,18.8
PMT-0087,F-09,2024-10-01,17501.02,88.1,10.7
PMT-0087,F-09,2024-11-01,14259.5,85.12,5.5
PMT-0087,F-09,2024-12-01,13553.88,89.11,2.9
PMT-0088,F-09,2022-01-01,12359.05,85.9,6.2
PMT-0088,F-09,2022-02-01,13868.5,89.99,10.7
PMT-0088,F-09,2022-03-01,17628.77,87.9,17.0
PMT-0088,F-09,2022-04-01,20038.8,88.5,27.4
PMT-0088,F-09,2022-05-01,19467.04,90.95,29.9
PMT-0088,F-09,2022-06-01,20983.08,90.06,32.0
PMT-0088,F-09,2022-07-01,21384.49,85.19,30.8
PMT-0088,F-09,2022-08-01,19368.64,89.84,24.5
PMT-0088,F-09,2022-09-01,15186.12,87.46,19.4
PMT-0088,F-09,2022-10-01,13456.9,82.37,9.9
PMT-0088,F-09,2022-11-01,11890.13,92.51,6.7
PMT-0088,F-09,2022-12-01,10828.09,90.14,5.7
PMT-0088,F-09,2023-01-01,12403.46,89.49,4.6
PMT-0088,F-09,2023-02-01,13968.58,90.19,12.5
PMT-0088,F-09,2023-03-01,16198.42,81.1,17.1
PMT-0088,F-09,2023-04-01,19043.22,92.94,23.8
PMT-0088,F-09,2023-05-01,21548.9,82.42,31.6
PMT-0088,F-09,2023-06-01,20787.46,87.41,31.0
PMT-0088,F-09,2023-07-01,19661.2,91.59,32.7
PMT-0088,F-09,2023-08-01,18657.62,94.16,25.9
PMT-0088,F-09,2023-09-01,15964.15,86.17,17.7
PMT-0088,F-09,2023-10-01,13921.79,84.59,10.1
PMT-0088,F-09,2023-11-01,12855.98,92.24,6.9
PMT-0088,F-09,2023-12-01,10438.89,91.48,4.2
PMT-0088,F-09,2024-01-01,12987.78,81.33,5.3
PMT-0088,F-09,2024-02-01,13990.55,90.71,9.7
PMT-0088,F-09,2024-03-01,17519.4,85.92,18.4
PMT-0088,F-09,2024-04-01,18366.15,81.99,26.9
PMT-0088,F-09,2024-05-01,21506.67,92.16,29.9
PMT-0088,F-09,2024-06-01,21023.36,89.97,33.8
PMT-0088,F-09,2024-07-01,20647.86,86.74,31.0
PMT-0088,F-09,2024-08-01,18378.12,91.49,25.9
PMT-0088,F-09,2024-09-01,15301.42,90.95,21.0
PMT-0088,F-09,2024-10-01,13938.25,82.67,9.1
PMT-0088,F-09,2024-11-01,11785.64,82.95,5.6
PMT-0088,F-09,2024-12-01,11645.49,89.84,4.2
PMT-0089,F-09,2022-01-01,10467.04,91.76,5.6
PMT-0089,F-09,2022-02-01,12204.11,91.35,10.7
PMT-0089,F-09,2022-03-01,15123.62,90.15,17.5
PMT-0089,F-09,2022-04-01,18124.95,86.94,25.2
PMT-0089,F-09,2022-05-01,20470.47,92.75,30.1
PMT-0089,F-09,2022-06-01,20145.68,87.48,31.7
PMT-0089,F-09,2022-07-01,19315.81,86.94,27.8
PMT-0089,F-09,2022-08-01,17138.22,91.38,25.0
PMT-0089,F-09,2022-09-01,15280.01,89.04,18.3
PMT-0089,F-09,2022-10-01,12721.15,86.06,11.3
PMT-0089,F-09,2022-11-01,10329.74,84.96,4.4
PMT-0089,F-09,2022-12-01,10335.93,87.08,2.8
PMT-0089,F-09,2023-01-01,10583.1,88.42,5.6
PMT-0089,F-09,2023-02-01,12549.16,89.51,10.5
PMT-0089,F-09,2023-03-01,15260.82,88.89,17.5
PMT-0089,F-09,2023-04-01,17822.47,86.23,23.6
PMT-0089,F-09,2023-05-01,19628.85,88.09,30.2
PMT-0089,F-09,2023-06-01,20499.77,87.43,32.2
PMT-0089,F-09,2023-07-01,19335.12,83.99,30.4
PMT-0089,F-09,2023-08-01,18279.44,87.58,26.0
PMT-0089,F-09,2023-09-01,15005.18,80.23,19.2
PMT-0089,F-09,2023-10-01,12570.1,88.89,11.3
PMT-0089,F-09,2023-11-01,10566.54,87.16,6.5
PMT-0089,F-09,2023-12-01,9801.91,91.95,2.3
PMT-0089,F-09,2024-01-01,10575.98,87.95,4.9
PMT-0089,F-09,2024-02-01,12318.97,88.85,9.5
PMT-0089,F-09,2024-03-01,15003.17,88.48,17.8
PMT-0089,F-09,2024-04-01,17668.52,91.05,25.7
PMT-0089,F-09,2024-05-01,19550.32,87.54,30.7
PMT-0089,F-09,2024-06-01,19568.54,85.56,31.5
PMT-0089,F-09,2024-07-01,19398.84,90.25,31.9
PMT-0089,F-09,2024-08-01,17095.4,86.25,27.3
PMT-0089,F-09,2024-09-01,15326.91,88.47,17.0
PMT-0089,F-09,2024-10-01,12334.84,92.14,11.2
PMT-0089,F-09,2024-11-01,10748.35,82.15,4.4
PMT-0089,F-09,2024-12-01,9894.83,83.7,2.1
PMT-0090,F-09,2022-01-01,18699.85,88.01,4.8
PMT-0090,F-09,2022-02-01,22167.83,82.5,11.0
PMT-0090,F-09,2022-03-01,26424.3,83.95,18.3
PMT-0090,F-09,2022-04-01,30799.25,88.65,27.7
PMT-0090,F-09,2022-05-01,33459.34,85.84,30.5
PMT-0090,F-09,2022-06-01,37182.36,92.48,31.8
PMT-0090,F-09,2022-07-01,34781.03,91.77,26.9
PMT-0090,F-09,2022-08-01,29575.26,87.24,26.8
PMT-0090,F-09,2022-09-01,26249.92,90.46,19.0
PMT-0090,F-09,2022-10-01,20806.75,88.46,11.6
PMT-0090,F-09,2022-11-01,18252.32,91.64,5.1
PMT-0090,F-09,2022-12-01,16516.34,87.34,2.5
PMT-0090,F-09,2023-01-01,17941.7,84.41,5.5
PMT-0090,F-09,2023-02-01,21727.66,85.12,11.2
PMT-0090,F-09,2023-03-01,26134.88,87.15,17.8
PMT-0090,F-09,2023-04-01,33122.2,89.5,24.1
PMT-0090,F-09,2023-05-01,32257.06,88.97,31.3
PMT-0090,F-09,2023-06-01,36241.57,86.66,31.7
PMT-0090,F-09,2023-07-01,35868.07,90.39,28.8
PMT-0090,F-09,2023-08-01,31607.57,88.66,26.0
PMT-0090,F-09,2023-09-01,25364.51,89.48,17.7
PMT-0090,F-09,2023-10-01,21604.43,87.92,10.6
PMT-0090,F-09,2023-11-01,18409.98,88.65,6.9
PMT-0090,F-09,2023-12-01,17596.14,86.44,4.5
PMT-0090,F-09,2024-01-01,17091.25,87.87,6.5
PMT-0090,F-09,2024-02-01,21669.03,86.87,10.6
PMT-0090,F-09,2024-03-01,25818.2,86.7,20.8
PMT-0090,F-09,2024-04-01,30649.78,85.6,24.8
PMT-0090,F-09,2024-05-01,36449.38,87.53,29.3
PMT-0090,F-09,2024-06-01,35445.44,91.35,31.4
PMT-0090,F-09,2024-07-01,33618.41,87.42,30.1
PMT-0090,F-09,2024-08-01,31917.05,87.73,25.5
PMT-0090,F-09,2024-09-01,26630.3,88.78,18.9
PMT-0090,F-09,2024-10-01,20308.5,87.99,12.6
PMT-0090,F-09,2024-11-01,18567.36,88.23,4.7
PMT-0090,F-09,2024-12-01,15751.18,90.07,4.1
PMT-0091,F-10,2022-01-01,15044.98,90.77,4.9
PMT-0091,F-10,2022-02-01,17214.62,88.44,12.6
PMT-0091,F-10,2022-03-01,21986.49,88.2,18.9
PMT-0091,F-10,2022-04-01,24541.8,88.72,25.1
PMT-0091,F-10,2022-05-01,28167.07,87.72,29.4
PMT-0091,F-10,2022-06-01,27985.22,90.75,31.8
PMT-0091,F-10,2022-07-01,28338.68,92.16,31.1
PMT-0091,F-10,2022-08-01,25309.24,86.99,24.2
PMT-0091,F-10,2022-09-01,22369.83,89.78,18.5
PMT-0091,F-10,2022-10-01,17780.37,86.14,11.4
PMT-0091,F-10,2022-11-01,15288.08,89.3,5.4
PMT-0091,F-10,2022-12-01,13922.93,93.63,3.5
PMT-0091,F-10,2023-01-01,15295.8,88.99,6.8
PMT-0091,F-10,2023-02-01,18158.79,88.17,10.7
PMT-0091,F-10,2023-03-01,22460.18,88.64,17.9
PMT-0091,F-10,2023-04-01,24855.65,86.89,26.3
PMT-0091,F-10,2023-05-01,28269.32,90.71,31.0
PMT-0091,F-10,2023-06-01,27541.7,87.9,33.8
PMT-0091,F-10,2023-07-01,27671.5,91.42,30.5
PMT-0091,F-10,2023-08-01,24465.06,88.07,23.3
PMT-0091,F-10,2023-09-01,21335.84,89.87,17.8
PMT-0091,F-10,2023-10-01,17586.28,87.87,12.0
PMT-0091,F-10,2023-11-01,15769.9,90.99,6.9
PMT-0091,F-10,2023-12-01,13895.45,90.57,3.8
PMT-0091,F-10,2024-01-01,14996.0,84.94,6.1
PMT-0091,F-10,2024-02-01,18271.73,82.46,11.1
PMT-0091,F-10,2024-03-01,21651.55,89.92,19.5
PMT-0091,F-10,2024-04-01,24900.12,86.7,23.9
PMT-0091,F-10,2024-05-01,27814.1,86.34,30.1
PMT-0091,F-10,2024-06-01,28280.8,86.08,33.6
PMT-0091,F-10,2024-07-01,27396.67,93.08,31.6
PMT-0091,F-10,2024-08-01,24825.33,87.63,24.0
PMT-0091,F-10,2024-09-01,20841.27,85.17,16.4
PMT-0091,F-10,2024-10-01,16825.97,87.88,11.8
PMT-0091,F-10,2024-11-01,15761.79,91.02,5.4
PMT-0091,F-10,2024-12-01,13868.0,91.77,3.3
PMT-0092,F-10,2022-01-01,8707.57,90.02,4.7
PMT-0092,F-10,2022-02-01,10333.61,89.08,11.3
PMT-0092,F-10,2022-03-01,11728.1,86.53,17.8
PMT-0092,F-10,2022-04-01,13673.31,93.36,24.7
PMT-0092,F-10,2022-05-01,15146.33,91.13,28.5
PMT-0092,F-10,2022-06-01,16123.45,87.65,30.8
PMT-0092,F-10,2022-07-01,14663.34,87.22,28.9
PMT-0092,F-10,2022-08-01,13612.46,89.62,25.4
PMT-0092,F-10,2022-09-01,11511.08,83.71,18.4
PMT-0092,F-10,2022-10-01,10229.23,93.26,10.3
PMT-0092,F-10,2022-11-01,8528.43,91.14,7.2
PMT-0092,F-10,2022-12-01,7865.24,86.06,3.4
PMT-0092,F-10,2023-01-01,8497.06,90.5,6.8
PMT-0092,F-10,2023-02-01,9908.16,89.52,13.9
PMT-0092,F-10,2023-03-01,12540.27,88.67,18.0
PMT-0092,F-10,2023-04-01,12516.08,89.95,26.9
PMT-0092,F-10,2023-05-01,14775.14,85.65,30.9
PMT-0092,F-10,2023-06-01,14681.32,90.96,31.5
PMT-0092,F-10,2023-07-01,14934.45,83.05,29.9
PMT-0092,F-10,2023-08-01,13804.45,91.63,26.7
PMT-0092,F-10,2023-09-01,11835.65,90.34,16.4
PMT-0092,F-10,2023-10-01,10209.76,94.24,11.7
PMT-0092,F-10,2023-11-01,8578.83,86.93,5.1
PMT-0092,F-10,2023-12-01,7949.26,90.25,6.4
PMT-0092,F-10,2024-01-01,8536.69,94.36,5.7
PMT-0092,F-10,2024-02-01,10042.66,92.46,10.7
PMT-0092,F-10,2024-03-01,12001.02,92.03,16.9
PMT-0092,F-10,2024-04-01,13636.94,94.77,25.7
PMT-0092,F-10,2024-05-01,15410.08,88.28,29.5
PMT-0092,F-10,2024-06-01,15038.61,85.69,31.1
PMT-0092,F-10,2024-07-01,14913.09,83.98,30.6
PMT-0092,F-10,2024-08-01,12992.98,87.61,25.6
PMT-0092,F-10,2024-09-01,11356.66,86.52,19.3
PMT-0092,F-10,2024-10-01,9742.85,92.14,11.5
PMT-0092,F-10,2024-11-01,8250.51,85.2,6.2
PMT-0092,F-10,2024-12-01,7770.83,87.66,6.0
PMT-0093,F-10,2022-01-01,9028.96,84.71,5.1
PMT-0093,F-10,2022-02-01,10329.88,85.18,8.7
PMT-0093,F-10,2022-03-01,12552.39,89.36,18.1
PMT-0093,F-10,2022-04-01,12910.65,88.24,23.6
PMT-0093,F-10,2022-05-01,13588.38,89.97,29.6
PMT-0093,F-10,2022-06-01,14996.75,89.38,30.2
PMT-0093,F-10,2022-07-01,15383.65,89.31,29.5
PMT-0093,F-10,2022-08-01,14203.74,93.43,23.2
PMT-0093,F-10,2022-09-01,12324.84,90.65,18.1
PMT-0093,F-10,2022-10-01,10139.65,89.58,11.2
PMT-0093,F-10,2022-11-01,8847.31,93.22,5.9
PMT-0093,F-10,2022-12-01,8343.49,88.46,4.9
PMT-0093,F-10,2023-01-01,8988.06,84.15,5.8
PMT-0093,F-10,2023-02-01,11024.63,87.15,12.1
PMT-0093,F-10,2023-03-01,13140.25,90.24,16.0
PMT-0093,F-10,2023-04-01,14982.36,86.19,23.5
PMT-0093,F-10,2023-05-01,15556.64,89.95,30.4
PMT-0093,F-10,2023-06-01,16259.68,96.87,34.2
PMT-0093,F-10,2023-07-01,16178.42,89.04,26.9
PMT-0093,F-10,2023-08-01,13839.31,93.14,27.2
PMT-0093,F-10,2023-09-01,12558.48,89.52,17.5
PMT-0093,F-10,2023-10-01,9674.94,87.53,9.7
PMT-0093,F-10,2023-11-01,8759.6,87.6,5.5
PMT-0093,F-10,2023-12-01,8280.77,87.81,3.9
PMT-0093,F-10,2024-01-01,8865.17,91.34,5.3
PMT-0093,F-10,2024-02-01,10605.63,91.63,8.5
PMT-0093,F-10,2024-03-01,12438.12,91.43,17.9
PMT-0093,F-10,2024-04-01,14281.78,86.13,24.4
PMT-0093,F-10,2024-05-01,14168.81,88.61,31.4
PMT-0093,F-10,2024-06-01,16078.76,90.44,32.2
PMT-0093,F-10,2024-07-01,16228.11,89.92,30.4
PMT-0093,F-10,2024-08-01,14654.04,85.24,25.2
PMT-0093,F-10,2024-09-01,11938.25,92.78,19.3
PMT-0093,F-10,2024-10-01,9709.67,90.2,12.7
PMT-0093,F-10,2024-11-01,8924.55,94.88,9.0
PMT-0093,F-10,2024-12-01,8206.15,88.81,4.2
PMT-0094,F-10,2022-01-01,8865.11,91.05,3.7
PMT-0094,F-10,2022-02-01,10955.08,93.53,11.5
PMT-0094,F-10,2022-03-01,14152.53,89.27,18.1
PMT-0094,F-10,2022-04-01,15817.85,91.72,23.9
PMT-0094,F-10,2022-05-01,16884.62,86.74,31.1
PMT-0094,F-10,2022-06-01,17847.83,94.05,32.8
PMT-0094,F-10,2022-07-01,17105.59,95.33,30.9
PMT-0094,F-10,2022-08-01,16256.84,87.65,23.7
PMT-0094,F-10,2022-09-01,12821.56,91.4,17.8
PMT-0094,F-10,2022-10-01,10855.88,88.53,9.1
PMT-0094,F-10,2022-11-01,9204.77,85.95,5.8
PMT-0094,F-10,2022-12-01,8557.25,88.46,3.7
PMT-0094,F-10,2023-01-01,8186.06,91.86,7.3
PMT-0094,F-10,2023-02-01,10910.79,85.92,11.2
PMT-0094,F-10,2023-03-01,14011.26,90.52,19.3
PMT-0094,F-10,2023-04-01,14933.74,91.34,23.7
PMT-0094,F-10,2023-05-01,16722.91,91.79,29.5
PMT-0094,F-10,2023-06-01,16253.88,87.87,32.6
PMT-0094,F-10,2023-07-01,16594.26,90.35,33.0
PMT-0094,F-10,2023-08-01,15830.18,92.48,24.2
PMT-0094,F-10,2023-09-01,12851.11,93.86,18.6
PMT-0094,F-10,2023-10-01,10051.25,91.24,10.0
PMT-0094,F-10,2023-11-01,8777.64,89.46,4.6
PMT-0094,F-10,2023-12-01,8477.29,89.25,4.2
PMT-0094,F-10,2024-01-01,9391.08,91.86,4.7
PMT-0094,F-10,2024-02-01,11203.37,88.99,11.2
PMT-0094,F-10,2024-03-01,13166.88,94.13,17.0
PMT-0094,F-10,2024-04-01,15860.83,90.17,25.3
PMT-0094,F-10,2024-05-01,16932.12,94.86,30.6
PMT-0094,F-10,2024-06-01,17584.59,90.73,35.1
PMT-0094,F-10,2024-07-01,16741.59,85.32,27.8
PMT-0094,F-10,2024-08-01,15016.47,87.56,22.5
PMT-0094,F-10,2024-09-01,13311.56,90.96,16.9
PMT-0094,F-10,2024-10-01,10681.98,92.01,11.3
PMT-0094,F-10,2024-11-01,9291.48,84.6,5.8
PMT-0094,F-10,2024-12-01,8699.17,92.78,1.7
PMT-0095,F-10,2022-01-01,15802.02,91.23,6.8
PMT-0095,F-10,2022-02-01,17820.32,92.07,10.1
PMT-0095,F-10,2022-03-01,22269.1,92.52,18.0
PMT-0095,F-10,2022-04-01,25023.33,92.96,26.6
PMT-0095,F-10,2022-05-01,28881.86,87.71,30.8
PMT-0095,F-10,2022-06-01,28271.63,93.35,33.5
PMT-0095,F-10,2022-07-01,28631.76,90.96,31.5
PMT-0095,F-10,2022-08-01,24412.93,86.13,26.6
PMT-0095,F-10,2022-09-01,22389.23,88.31,21.0
PMT-0095,F-10,2022-10-01,17724.01,94.34,10.2
PMT-0095,F-10,2022-11-01,15131.22,94.44,5.8
PMT-0095,F-10,2022-12-01,14689.02,88.96,3.8
PMT-0095,F-10,2023-01-01,16062.07,83.97,6.1
PMT-0095,F-10,2023-02-01,18824.7,91.03,10.5
PMT-0095,F-10,2023-03-01,23179.29,88.38,17.1
PMT-0095,F-10,2023-04-01,26845.28,90.27,25.8
PMT-0095,F-10,2023-05-01,28150.04,89.06,30.9
PMT-0095,F-10,2023-06-01,27993.32,86.16,32.6
PMT-0095,F-10,2023-07-01,27322.7,93.88,30.7
PMT-0095,F-10,2023-08-01,23719.67,90.79,23.3
PMT-0095,F-10,2023-09-01,20865.7,89.47,19.8
PMT-0095,F-10,2023-10-01,17670.67,87.66,12.1
PMT-0095,F-10,2023-11-01,15262.73,91.03,4.7
PMT-0095,F-10,2023-12-01,14929.01,88.52,5.0
PMT-0095,F-10,2024-01-01,15860.56,87.7,7.0
PMT-0095,F-10,2024-02-01,18075.64,95.54,9.5
PMT-0095,F-10,2024-03-01,20714.89,89.31,19.6
PMT-0095,F-10,2024-04-01,25091.37,88.48,24.7
PMT-0095,F-10,2024-05-01,28589.56,85.12,30.8
PMT-0095,F-10,2024-06-01,28667.29,90.66,31.8
PMT-0095,F-10,2024-07-01,28032.7,88.65,31.0
PMT-0095,F-10,2024-08-01,24348.64,90.05,25.7
PMT-0095,F-10,2024-09-01,21415.02,95.31,17.3
PMT-0095,F-10,2024-10-01,17827.28,85.86,10.4
PMT-0095,F-10,2024-11-01,14975.66,85.05,6.2
PMT-0095,F-10,2024-12-01,14748.27,87.43,3.6
PMT-0096,F-10,2022-01-01,13595.54,92.12,4.5
PMT-0096,F-10,2022-02-01,15465.05,92.08,10.4
PMT-0096,F-10,2022-03-01,19174.34,90.49,18.3
PMT-0096,F-10,2022-04-01,22714.15,95.1,24.4
PMT-0096,F-10,2022-05-01,25225.44,92.5,28.3
PMT-0096,F-10,2022-06-01,26681.05,92.55,31.4
PMT-0096,F-10,2022-07-01,24521.99,86.83,30.3
PMT-0096,F-10,2022-08-01,22585.82,88.88,27.1
PMT-0096,F-10,2022-09-01,18162.42,86.86,17.1
PMT-0096,F-10,2022-10-01,15997.77,92.08,11.4
PMT-0096,F-10,2022-11-01,13491.02,87.98,7.1
PMT-0096,F-10,2022-12-01,12155.3,95.06,4.4
PMT-0096,F-10,2023-01-01,13536.68,92.84,5.2
PMT-0096,F-10,2023-02-01,16346.35,84.41,10.8
PMT-0096,F-10,2023-03-01,19494.45,95.14,18.4
PMT-0096,F-10,2023-04-01,22641.08,95.1,25.7
PMT-0096,F-10,2023-05-01,25264.08,89.71,31.9
PMT-0096,F-10,2023-06-01,24943.74,90.33,33.2
PMT-0096,F-10,2023-07-01,25650.13,85.97,31.9
PMT-0096,F-10,2023-08-01,23281.26,94.21,25.7
PMT-0096,F-10,2023-09-01,18888.36,90.31,17.3
PMT-0096,F-10,2023-10-01,16316.84,91.39,10.8
PMT-0096,F-10,2023-11-01,13145.81,85.14,4.7
PMT-0096,F-10,2023-12-01,12448.15,90.41,4.4
PMT-0096,F-10,2024-01-01,13556.01,88.7,3.0
PMT-0096,F-10,2024-02-01,16142.86,92.25,10.0
PMT-0096,F-10,2024-03-01,18888.31,91.38,19.9
PMT-0096,F-10,2024-04-01,22365.78,89.9,25.3
PMT-0096,F-10,2024-05-01,26228.09,86.69,31.2
PMT-0096,F-10,2024-06-01,25455.17,88.09,31.5
PMT-0096,F-10,2024-07-01,25141.81,94.18,29.9
PMT-0096,F-10,2024-08-01,22927.66,84.95,24.9
PMT-0096,F-10,2024-09-01,19503.31,88.36,19.2
PMT-0096,F-10,2024-10-01,16212.19,88.54,12.5
PMT-0096,F-10,2024-11-01,14057.62,86.66,6.8
PMT-0096,F-10,2024-12-01,12800.22,91.9,6.6
PMT-0097,F-10,2022-01-01,12622.96,89.81,5.0
PMT-0097,F-10,2022-02-01,15165.98,88.87,11.8
PMT-0097,F-10,2022-03-01,17746.78,89.27,19.2
PMT-0097,F-10,2022-04-01,20682.09,91.07,24.6
PMT-0097,F-10,2022-05-01,22890.7,90.02,30.4
PMT-0097,F-10,2022-06-01,23777.91,90.89,34.0
PMT-0097,F-10,2022-07-01,22861.87,90.81,31.4
PMT-0097,F-10,2022-08-01,19752.92,89.13,24.8
PMT-0097,F-10,2022-09-01,17688.49,88.78,18.8
PMT-0097,F-10,2022-10-01,14710.17,85.8,11.2
PMT-0097,F-10,2022-11-01,12816.14,91.46,6.8
PMT-0097,F-10,2022-12-01,11695.26,86.51,0.5
PMT-0097,F-10,2023-01-01,12631.45,89.92,4.8
PMT-0097,F-10,2023-02-01,15771.08,87.37,12.4
PMT-0097,F-10,2023-03-01,17655.09,89.5,19.2
PMT-0097,F-10,2023-04-01,22153.33,87.77,25.5
PMT-0097,F-10,2023-05-01,20678.9,94.03,27.4
PMT-0097,F-10,2023-06-01,24017.07,91.45,33.2
PMT-0097,F-10,2023-07-01,22753.09,92.22,30.1
PMT-0097,F-10,2023-08-01,20289.49,96.22,24.4
PMT-0097,F-10,2023-09-01,17299.72,90.62,16.8
PMT-0097,F-10,2023-10-01,14381.37,88.72,12.1
PMT-0097,F-10,2023-11-01,12640.33,90.83,5.8
PMT-0097,F-10,2023-12-01,12029.09,89.53,5.8
PMT-0097,F-10,2024-01-01,12767.53,92.22,5.6
PMT-0097,F-10,2024-02-01,14934.58,91.12,9.5
PMT-0097,F-10,2024-03-01,18144.48,90.99,18.2
PMT-0097,F-10,2024-04-01,20535.25,89.97,25.0
PMT-0097,F-10,2024-05-01,22553.27,91.48,30.8
PMT-0097,F-10,2024-06-01,22702.07,89.61,31.8
PMT-0097,F-10,2024-07-01,23604.85,89.25,30.7
PMT-0097,F-10,2024-08-01,20370.03,86.25,24.1
PMT-0097,F-10,2024-09-01,17252.11,87.24,19.1
PMT-0097,F-10,2024-10-01,14043.34,85.18,14.6
PMT-0097,F-10,2024-11-01,11681.83,94.65,4.2
PMT-0097,F-10,2024-12-01,11951.88,92.5,4.5
PMT-0098,F-10,2022-01-01,6265.62,88.87,6.8
PMT-0098,F-10,2022-02-01,8036.98,95.07,10.8
PMT-0098,F-10,2022-03-01,9287.65,82.96,18.9
PMT-0098,F-10,2022-04-01,11036.93,90.72,25.3
PMT-0098,F-10,2022-05-01,11519.1,95.91,29.4
PMT-0098,F-10,2022-06-01,12204.35,91.2,31.7
PMT-0098,F-10,2022-07-01,11841.52,84.47,31.5
PMT-0098,F-10,2022-08-01,11012.02,83.86,25.3
PMT-0098,F-10,2022-09-01,8703.15,95.92,16.1
PMT-0098,F-10,2022-10-01,7217.75,89.1,13.0
PMT-0098,F-10,2022-11-01,6583.54,89.91,6.1
PMT-0098,F-10,2022-12-01,5916.37,87.17,3.6
PMT-0098,F-10,2023-01-01,6720.08,90.74,4.5
PMT-0098,F-10,2023-02-01,7815.72,94.15,10.9
PMT-0098,F-10,2023-03-01,9238.17,87.05,19.1
PMT-0098,F-10,2023-04-01,11123.85,87.7,25.9
PMT-0098,F-10,2023-05-01,12089.26,91.41,30.0
PMT-0098,F-10,2023-06-01,12118.73,90.09,32.6
PMT-0098,F-10,2023-07-01,12180.11,89.96,29.1
PMT-0098,F-10,2023-08-01,10993.99,91.31,24.2
PMT-0098,F-10,2023-09-01,9224.66,94.97,19.4
PMT-0098,F-10,2023-10-01,7641.92,94.15,10.4
PMT-0098,F-10,2023-11-01,6444.1,85.9,5.0
PMT-0098,F-10,2023-12-01,6190.65,86.89,0.3
PMT-0098,F-10,2024-01-01,6295.34,93.73,4.4
PMT-0098,F-10,2024-02-01,7914.62,93.68,12.6
PMT-0098,F-10,2024-03-01,9685.91,90.46,17.0
PMT-0098,F-10,2024-04-01,11336.73,87.7,25.1
PMT-0098,F-10,2024-05-01,12196.34,89.02,30.5
PMT-0098,F-10,2024-06-01,12629.05,90.71,32.7
PMT-0098,F-10,2024-07-01,11968.19,91.88,27.6
PMT-0098,F-10,2024-08-01,11037.13,90.86,25.4
PMT-0098,F-10,2024-09-01,9575.54,91.73,19.2
PMT-0098,F-10,2024-10-01,7356.96,89.38,11.8
PMT-0098,F-10,2024-11-01,6645.18,89.47,7.0
PMT-0098,F-10,2024-12-01,6041.33,93.44,2.0
PMT-0099,F-10,2022-01-01,11198.73,88.25,6.6
PMT-0099,F-10,2022-02-01,14284.56,86.65,12.4
PMT-0099,F-10,2022-03-01,16696.25,92.67,17.9
PMT-0099,F-10,2022-04-01,19454.34,91.65,23.8
PMT-0099,F-10,2022-05-01,21152.9,88.37,30.4
PMT-0099,F-10,2022-06-01,22984.44,85.02,32.6
PMT-0099,F-10,2022-07-01,21877.23,92.51,30.4
PMT-0099,F-10,2022-08-01,19218.95,85.36,25.3
PMT-0099,F-10,2022-09-01,16535.98,87.13,17.5
PMT-0099,F-10,2022-10-01,14342.7,90.95,11.5
PMT-0099,F-10,2022-11-01,11766.59,86.38,6.3
PMT-0099,F-10,2022-12-01,10937.38,92.9,5.3
PMT-0099,F-10,2023-01-01,11213.83,91.18,8.0
PMT-0099,F-10,2023-02-01,14240.44,86.04,9.2
PMT-0099,F-10,2023-03-01,16357.82,92.67,19.1
PMT-0099,F-10,2023-04-01,19532.16,89.13,24.2
PMT-0099,F-10,2023-05-01,21735.66,89.7,30.6
PMT-0099,F-10,2023-06-01,23514.3,93.46,33.2
PMT-0099,F-10,2023-07-01,21282.68,91.19,29.6
PMT-0099,F-10,2023-08-01,18731.06,98.55,25.5
PMT-0099,F-10,2023-09-01,16536.05,84.74,19.3
PMT-0099,F-10,2023-10-01,13455.12,88.72,10.1
PMT-0099,F-10,2023-11-01,11201.18,89.86,6.1
PMT-0099,F-10,2023-12-01,11077.15,92.47,3.4
PMT-0099,F-10,2024-01-01,11748.72,92.81,6.7
PMT-0099,F-10,2024-02-01,13983.99,95.95,10.1
PMT-0099,F-10,2024-03-01,16902.07,90.7,18.2
PMT-0099,F-10,2024-04-01,20753.04,89.79,25.2
PMT-0099,F-10,2024-05-01,21111.16,94.2,28.7
PMT-0099,F-10,2024-06-01,22037.48,90.69,32.6
PMT-0099,F-10,2024-07-01,21343.32,88.46,30.7
PMT-0099,F-10,2024-08-01,19731.63,86.13,23.7
PMT-0099,F-10,2024-09-01,17049.66,91.66,18.4
PMT-0099,F-10,2024-10-01,13339.39,92.07,11.2
PMT-0099,F-10,2024-11-01,11707.56,92.88,7.4
PMT-0099,F-10,2024-12-01,11651.61,91.19,4.2
PMT-0100,F-10,2022-01-01,11972.1,87.16,5.5
PMT-0100,F-10,2022-02-01,14117.63,84.01,10.7
PMT-0100,F-10,2022-03-01,18107.42,90.4,18.1
PMT-0100,F-10,2022-04-01,20870.23,89.89,27.3
PMT-0100,F-10,2022-05-01,22827.83,91.27,29.8
PMT-0100,F-10,2022-06-01,22770.57,87.25,32.5
PMT-0100,F-10,2022-07-01,22363.79,88.86,30.5
PMT-0100,F-10,2022-08-01,21977.42,89.64,24.4
PMT-0100,F-10,2022-09-01,16250.75,87.66,19.4
PMT-0100,F-10,2022-10-01,15498.66,92.55,12.5
PMT-0100,F-10,2022-11-01,12849.51,90.11,6.0
PMT-0100,F-10,2022-12-01,12148.29,87.18,4.2
PMT-0100,F-10,2023-01-01,12775.78,90.5,7.2
PMT-0100,F-10,2023-02-01,14812.87,87.57,10.1
PMT-0100,F-10,2023-03-01,17130.67,96.97,17.9
PMT-0100,F-10,2023-04-01,19941.52,88.25,22.8
PMT-0100,F-10,2023-05-01,22744.35,86.55,32.2
PMT-0100,F-10,2023-06-01,22877.36,94.15,32.6
PMT-0100,F-10,2023-07-01,22565.07,91.16,31.7
PMT-0100,F-10,2023-08-01,21261.58,90.89,25.1
PMT-0100,F-10,2023-09-01,18146.29,88.29,19.6
PMT-0100,F-10,2023-10-01,14816.03,92.06,10.0
PMT-0100,F-10,2023-11-01,12699.56,92.93,5.7
PMT-0100,F-10,2023-12-01,11146.67,88.11,3.1
PMT-0100,F-10,2024-01-01,12514.72,88.19,7.2
PMT-0100,F-10,2024-02-01,14901.24,85.0,11.0
PMT-0100,F-10,2024-03-01,17989.57,86.05,20.6
PMT-0100,F-10,2024-04-01,20965.24,88.95,22.7
PMT-0100,F-10,2024-05-01,19005.24,90.54,30.5
PMT-0100,F-10,2024-06-01,21866.74,90.59,30.2
PMT-0100,F-10,2024-07-01,23928.94,89.17,31.3
PMT-0100,F-10,2024-08-01,20759.16,94.26,24.0
PMT-0100,F-10,2024-09-01,17965.04,88.01,17.7
PMT-0100,F-10,2024-10-01,13494.52,92.99,10.8
PMT-0100,F-10,2024-11-01,12915.05,85.01,6.4
PMT-0100,F-10,2024-12-01,11646.81,85.09,4.1
PMT-0101,F-11,2022-01-01,10111.81,89.72,6.2
PMT-0101,F-11,2022-02-01,11805.72,91.39,11.1
PMT-0101,F-11,2022-03-01,13181.13,92.28,18.0
PMT-0101,F-11,2022-04-01,15245.92,95.59,23.0
PMT-0101,F-11,2022-05-01,16181.71,94.91,31.8
PMT-0101,F-11,2022-06-01,16943.6,91.62,33.4
PMT-0101,F-11,2022-07-01,15864.93,91.87,30.6
PMT-0101,F-11,2022-08-01,14445.63,82.53,26.1
PMT-0101,F-11,2022-09-01,12267.48,94.72,16.3
PMT-0101,F-11,2022-10-01,10533.49,93.35,11.1
PMT-0101,F-11,2022-11-01,9603.51,86.53,7.5
PMT-0101,F-11,2022-12-01,9475.51,87.63,3.6
PMT-0101,F-11,2023-01-01,10084.74,91.58,6.5
PMT-0101,F-11,2023-02-01,11490.72,95.69,7.5
PMT-0101,F-11,2023-03-01,13490.66,94.68,15.7
PMT-0101,F-11,2023-04-01,15054.2,90.74,26.9
PMT-0101,F-11,2023-05-01,15453.15,92.81,29.3
PMT-0101,F-11,2023-06-01,16425.8,88.71,31.8
PMT-0101,F-11,2023-07-01,15692.54,95.72,29.7
PMT-0101,F-11,2023-08-01,14417.98,91.53,24.2
PMT-0101,F-11,2023-09-01,12084.1,90.14,19.2
PMT-0101,F-11,2023-10-01,10560.06,91.74,10.1
PMT-0101,F-11,2023-11-01,9417.86,87.29,5.5
PMT-0101,F-11,2023-12-01,9464.36,91.39,5.0
PMT-0101,F-11,2024-01-01,9979.36,97.38,6.3
PMT-0101,F-11,2024-02-01,11490.32,89.73,13.5
PMT-0101,F-11,2024-03-01,13868.16,87.73,18.8
PMT-0101,F-11,2024-04-01,15249.57,88.02,25.1
PMT-0101,F-11,2024-05-01,15832.26,90.1,31.5
PMT-0101,F-11,2024-06-01,16057.82,87.52,31.5
PMT-0101,F-11,2024-07-01,15368.51,87.16,31.3
PMT-0101,F-11,2024-08-01,13966.21,89.29,25.4
PMT-0101,F-11,2024-09-01,12757.08,91.74,20.2
PMT-0101,F-11,2024-10-01,10636.2,94.33,11.3
PMT-0101,F-11,2024-11-01,9357.2,93.52,6.6
PMT-0101,F-11,2024-12-01,9125.59,87.25,4.8
PMT-0102,F-11,2022-01-01,15008.22,90.14,7.1
PMT-0102,F-11,2022-02-01,16840.68,94.18,9.7
PMT-0102,F-11,2022-03-01,21048.99,83.42,18.1
PMT-0102,F-11,2022-04-01,22050.81,91.9,24.9
PMT-0102,F-11,2022-05-01,24072.94,94.19,30.8
PMT-0102,F-11,2022-06-01,24240.34,94.57,33.0
PMT-0102,F-11,2022-07-01,23909.87,89.4,29.3
PMT-0102,F-11,2022-08-01,19669.61,90.43,26.7
PMT-0102,F-11,2022-09-01,17335.75,97.16,20.2
PMT-0102,F-11,2022-10-01,14631.4,95.99,11.7
PMT-0102,F-11,2022-11-01,13903.12,88.87,7.9
PMT-0102,F-11,2022-12-01,14115.17,89.12,2.4
PMT-0102,F-11,2023-01-01,15023.71,93.0,5.5
PMT-0102,F-11,2023-02-01,17175.59,97.68,11.4
PMT-0102,F-11,2023-03-01,20881.94,90.28,15.6
PMT-0102,F-11,2023-04-01,22998.54,92.4,24.0
PMT-0102,F-11,2023-05-01,22889.94,90.6,28.0
PMT-0102,F-11,2023-06-01,23595.48,96.33,32.2
PMT-0102,F-11,2023-07-01,23461.44,89.64,30.5
PMT-0102,F-11,2023-08-01,21056.44,87.12,24.6
PMT-0102,F-11,2023-09-01,19024.37,98.09,17.9
PMT-0102,F-11,2023-10-01,14481.76,91.93,9.5
PMT-0102,F-11,2023-11-01,13806.82,92.1,6.7
PMT-0102,F-11,2023-12-01,13788.04,86.06,2.3
PMT-0102,F-11,2024-01-01,15346.06,87.59,8.1
PMT-0102,F-11,2024-02-01,17277.36,91.28,9.5
PMT-0102,F-11,2024-03-01,21930.38,93.05,18.8
PMT-0102,F-11,2024-04-01,24305.12,89.91,24.6
PMT-0102,F-11,2024-05-01,24626.06,89.79,30.3
PMT-0102,F-11,2024-06-01,23670.83,95.21,31.4
PMT-0102,F-11,2024-07-01,22791.78,93.31,30.2
PMT-0102,F-11,2024-08-01,21443.58,94.54,25.5
PMT-0102,F-11,2024-09-01,17809.98,93.36,18.3
PMT-0102,F-11,2024-10-01,16044.29,88.04,9.3
PMT-0102,F-11,2024-11-01,13732.25,95.16,6.9
PMT-0102,F-11,2024-12-01,13945.63,91.52,3.9
PMT-0103,F-11,2022-01-01,10831.68,89.56,5.8
PMT-0103,F-11,2022-02-01,12500.41,96.44,10.3
PMT-0103,F-11,2022-03-01,14513.86,91.93,16.4
PMT-0103,F-11,2022-04-01,17313.01,91.82,23.0
PMT-0103,F-11,2022-05-01,19129.07,90.4,30.3
PMT-0103,F-11,2022-06-01,21302.93,89.17,32.9
PMT-0103,F-11,2022-07-01,19701.46,96.18,29.8
PMT-0103,F-11,2022-08-01,17618.31,91.41,22.8
PMT-0103,F-11,2022-09-01,14882.49,89.68,18.7
PMT-0103,F-11,2022-10-01,12517.0,94.89,11.1
PMT-0103,F-11,2022-11-01,10417.31,93.47,5.9
PMT-0103,F-11,2022-12-01,9875.41,92.03,2.0
PMT-0103,F-11,2023-01-01,10840.89,86.76,6.4
PMT-0103,F-11,2023-02-01,12328.55,94.06,11.8
PMT-0103,F-11,2023-03-01,15378.14,93.43,17.9
PMT-0103,F-11,2023-04-01,16904.23,95.79,23.2
PMT-0103,F-11,2023-05-01,18859.75,89.44,29.7
PMT-0103,F-11,2023-06-01,20514.17,91.83,31.6
PMT-0103,F-11,2023-07-01,19771.5,89.95,28.7
PMT-0103,F-11,2023-08-01,16944.3,95.6,26.4
PMT-0103,F-11,2023-09-01,14915.37,93.86,19.2
PMT-0103,F-11,2023-10-01,12353.56,87.52,11.0
PMT-0103,F-11,2023-11-01,10303.34,91.68,4.9
PMT-0103,F-11,2023-12-01,9724.99,98.92,2.0
PMT-0103,F-11,2024-01-01,10792.77,88.22,5.5
PMT-0103,F-11,2024-02-01,12638.38,96.0,12.4
PMT-0103,F-11,2024-03-01,15238.8,99.67,19.2
PMT-0103,F-11,2024-04-01,17424.94,92.01,23.0
PMT-0103,F-11,2024-05-01,19655.29,88.28,28.9
PMT-0103,F-11,2024-06-01,18481.05,89.13,32.8
PMT-0103,F-11,2024-07-01,18628.44,94.48,31.8
PMT-0103,F-11,2024-08-01,16531.69,89.38,25.4
PMT-0103,F-11,2024-09-01,14871.21,93.14,18.6
PMT-0103,F-11,2024-10-01,12241.98,93.35,11.5
PMT-0103,F-11,2024-11-01,10598.48,91.23,4.6
PMT-0103,F-11,2024-12-01,10037.49,89.46,4.0
PMT-0104,F-11,2022-01-01,5448.03,95.01,7.5
PMT-0104,F-11,2022-02-01,6501.11,88.99,9.2
PMT-0104,F-11,2022-03-01,8229.75,89.73,18.6
PMT-0104,F-11,2022-04-01,9540.94,94.13,23.9
PMT-0104,F-11,2022-05-01,9835.38,90.34,31.5
PMT-0104,F-11,2022-06-01,10659.82,92.54,32.4
PMT-0104,F-11,2022-07-01,9526.38,94.12,30.2
PMT-0104,F-11,2022-08-01,8681.1,91.18,25.3
PMT-0104,F-11,2022-09-01,7769.07,90.16,18.5
PMT-0104,F-11,2022-10-01,6460.91,95.92,13.2
PMT-0104,F-11,2022-11-01,5547.12,93.87,5.5
PMT-0104,F-11,2022-12-01,5062.3,90.66,2.6
PMT-0104,F-11,2023-01-01,5408.82,91.2,6.2
PMT-0104,F-11,2023-02-01,6134.24,91.53,10.4
PMT-0104,F-11,2023-03-01,7104.84,94.29,17.9
PMT-0104,F-11,2023-04-01,8504.72,95.46,24.2
PMT-0104,F-11,2023-05-01,9821.47,90.93,29.6
PMT-0104,F-11,2023-06-01,9814.38,95.02,32.0
PMT-0104,F-11,2023-07-01,9618.57,91.2,30.1
PMT-0104,F-11,2023-08-01,8665.14,91.99,21.5
PMT-0104,F-11,2023-09-01,7611.66,90.42,18.7
PMT-0104,F-11,2023-10-01,5970.84,90.45,11.3
PMT-0104,F-11,2023-11-01,5493.89,93.29,4.6
PMT-0104,F-11,2023-12-01,5196.43,92.22,3.3
PMT-0104,F-11,2024-01-01,5598.63,87.47,6.0
PMT-0104,F-11,2024-02-01,6471.42,94.9,12.1
PMT-0104,F-11,2024-03-01,7577.25,88.24,16.6
PMT-0104,F-11,2024-04-01,9119.73,91.72,24.8
PMT-0104,F-11,2024-05-01,10088.23,92.34,31.7
PMT-0104,F-11,2024-06-01,10148.53,93.78,31.4
PMT-0104,F-11,2024-07-01,9588.74,89.47,29.2
PMT-0104,F-11,2024-08-01,8583.41,95.68,25.0
PMT-0104,F-11,2024-09-01,7638.21,94.06,16.8
PMT-0104,F-11,2024-10-01,6461.39,95.02,11.7
PMT-0104,F-11,2024-11-01,5319.45,93.83,5.6
PMT-0104,F-11,2024-12-01,5166.37,89.15,4.5
PMT-0105,F-11,2022-01-01,9651.11,89.88,5.1
PMT-0105,F-11,2022-02-01,11313.53,91.96,10.8
PMT-0105,F-11,2022-03-01,14149.17,90.6,17.7
PMT-0105,F-11,2022-04-01,15155.15,89.44,25.9
PMT-0105,F-11,2022-05-01,15733.39,86.49,30.5
PMT-0105,F-11,2022-06-01,16586.65,94.79,32.9
PMT-0105,F-11,2022-07-01,17245.55,92.78,30.4
PMT-0105,F-11,2022-08-01,16142.19,92.18,23.8
PMT-0105,F-11,2022-09-01,12594.09,96.78,17.1
PMT-0105,F-11,2022-10-01,11206.21,89.45,11.1
PMT-0105,F-11,2022-11-01,9660.8,94.87,3.1
PMT-0105,F-11,2022-12-01,8638.68,87.75,3.2
PMT-0105,F-11,2023-01-01,10163.44,88.09,5.8
PMT-0105,F-11,2023-02-01,11885.75,93.78,11.5
PMT-0105,F-11,2023-03-01,13591.18,86.48,17.4
PMT-0105,F-11,2023-04-01,15928.24,94.04,25.1
PMT-0105,F-11,2023-05-01,16987.3,93.3,32.7
PMT-0105,F-11,2023-06-01,17736.26,95.55,30.7
PMT-0105,F-11,2023-07-01,16600.66,88.58,29.5
PMT-0105,F-11,2023-08-01,14598.35,96.33,24.2
PMT-0105,F-11,2023-09-01,13013.96,92.28,19.4
PMT-0105,F-11,2023-10-01,11172.99,99.83,10.0
PMT-0105,F-11,2023-11-01,9358.89,94.25,4.9
PMT-0105,F-11,2023-12-01,9217.84,95.28,3.7
PMT-0105,F-11,2024-01-01,9901.41,92.46,6.3
PMT-0105,F-11,2024-02-01,11392.16,95.45,11.8
PMT-0105,F-11,2024-03-01,13825.02,95.15,19.5
PMT-0105,F-11,2024-04-01,15615.9,90.87,25.5
PMT-0105,F-11,2024-05-01,17835.99,95.68,30.3
PMT-0105,F-11,2024-06-01,17254.4,89.3,31.0
PMT-0105,F-11,2024-07-01,15267.66,92.74,30.1
PMT-0105,F-11,2024-08-01,13980.46,94.06,26.9
PMT-0105,F-11,2024-09-01,12363.83,87.27,18.7
PMT-0105,F-11,2024-10-01,10610.4,90.61,9.7
PMT-0105,F-11,2024-11-01,9281.92,98.29,5.1
PMT-0105,F-11,2024-12-01,8867.18,86.93,3.6
PMT-0106,F-11,2022-01-01,8717.33,91.91,6.3
PMT-0106,F-11,2022-02-01,10567.7,97.01,11.3
PMT-0106,F-11,2022-03-01,12956.38,93.39,17.6
PMT-0106,F-11,2022-04-01,13960.63,92.44,24.1
PMT-0106,F-11,2022-05-01,15523.87,90.63,29.9
PMT-0106,F-11,2022-06-01,15914.71,83.15,29.9
PMT-0106,F-11,2022-07-01,16040.18,95.06,31.5
PMT-0106,F-11,2022-08-01,12907.98,94.26,24.8
PMT-0106,F-11,2022-09-01,11739.65,87.62,17.0
PMT-0106,F-11,2022-10-01,9974.71,92.62,9.9
PMT-0106,F-11,2022-11-01,8793.0,92.46,6.2
PMT-0106,F-11,2022-12-01,8244.8,95.87,1.2
PMT-0106,F-11,2023-01-01,9164.72,88.56,3.9
PMT-0106,F-11,2023-02-01,10357.86,88.92,11.0
PMT-0106,F-11,2023-03-01,12784.22,92.88,18.9
PMT-0106,F-11,2023-04-01,14521.8,89.87,25.3
PMT-0106,F-11,2023-05-01,15247.28,94.55,30.7
PMT-0106,F-11,2023-06-01,15499.02,99.27,30.6
PMT-0106,F-11,2023-07-01,15516.66,94.41,30.2
PMT-0106,F-11,2023-08-01,13285.69,87.6,23.6
PMT-0106,F-11,2023-09-01,12244.77,90.94,17.9
PMT-0106,F-11,2023-10-01,9747.11,91.06,11.0
PMT-0106,F-11,2023-11-01,8484.2,91.78,4.4
PMT-0106,F-11,2023-12-01,8170.08,86.84,4.3
PMT-0106,F-11,2024-01-01,8727.81,91.71,5.9
PMT-0106,F-11,2024-02-01,10407.79,91.33,11.8
PMT-0106,F-11,2024-03-01,12882.86,96.58,18.1
PMT-0106,F-11,2024-04-01,13803.2,96.04,22.2
PMT-0106,F-11,2024-05-01,14977.77,86.04,31.7
PMT-0106,F-11,2024-06-01,15451.94,90.61,32.2
PMT-0106,F-11,2024-07-01,14952.92,90.26,30.0
PMT-0106,F-11,2024-08-01,14503.05,99.13,25.8
PMT-0106,F-11,2024-09-01,12327.53,98.28,16.1
PMT-0106,F-11,2024-10-01,9747.63,93.32,9.4
PMT-0106,F-11,2024-11-01,8667.85,92.05,7.9
PMT-0106,F-11,2024-12-01,8249.28,94.42,4.8
PMT-0107,F-11,2022-01-01,8844.22,87.84,6.7
PMT-0107,F-11,2022-02-01,10937.92,88.1,12.7
PMT-0107,F-11,2022-03-01,12654.45,88.35,20.1
PMT-0107,F-11,2022-04-01,14828.27,93.73,24.3
PMT-0107,F-11,2022-05-01,16270.43,89.84,28.1
PMT-0107,F-11,2022-06-01,16972.48,91.97,31.7
PMT-0107,F-11,2022-07-01,15676.94,90.97,32.1
PMT-0107,F-11,2022-08-01,14508.94,92.63,25.6
PMT-0107,F-11,2022-09-01,12273.57,94.2,19.8
PMT-0107,F-11,2022-10-01,10350.23,95.87,11.1
PMT-0107,F-11,2022-11-01,8778.13,90.35,4.6
PMT-0107,F-11,2022-12-01,8268.04,87.88,3.4
PMT-0107,F-11,2023-01-01,8685.95,94.34,5.7
PMT-0107,F-11,2023-02-01,10718.1,89.21,9.9
PMT-0107,F-11,2023-03-01,12964.63,96.97,19.6
PMT-0107,F-11,2023-04-01,14512.23,91.84,26.9
PMT-0107,F-11,2023-05-01,15923.88,88.12,30.3
PMT-0107,F-11,2023-06-01,16651.87,92.1,30.9
PMT-0107,F-11,2023-07-01,16259.14,88.74,31.3
PMT-0107,F-11,2023-08-01,14364.3,96.68,25.6
PMT-0107,F-11,2023-09-01,11764.84,95.72,16.0
PMT-0107,F-11,2023-10-01,10038.44,92.65,10.6
PMT-0107,F-11,2023-11-01,8310.91,92.29,3.6
PMT-0107,F-11,2023-12-01,7876.25,95.98,2.9
PMT-0107,F-11,2024-01-01,8542.53,85.44,6.5
PMT-0107,F-11,2024-02-01,9746.8,89.24,11.2
PMT-0107,F-11,2024-03-01,12030.2,90.92,17.1
PMT-0107,F-11,2024-04-01,14421.04,99.21,27.1
PMT-0107,F-11,2024-05-01,15261.76,86.7,31.3
PMT-0107,F-11,2024-06-01,15984.75,91.8,31.9
PMT-0107,F-11,2024-07-01,15745.89,87.95,31.1
PMT-0107,F-11,2024-08-01,14017.85,88.71,24.8
PMT-0107,F-11,2024-09-01,12324.23,92.94,17.6
PMT-0107,F-11,2024-10-01,9774.03,91.83,11.1
PMT-0107,F-11,2024-11-01,8678.09,94.99,5.5
PMT-0107,F-11,2024-12-01,7913.14,93.88,4.1
PMT-0108,F-11,2022-01-01,11381.18,96.04,3.9
PMT-0108,F-11,2022-02-01,13886.62,96.29,10.2
PMT-0108,F-11,2022-03-01,16900.56,92.07,19.1
PMT-0108,F-11,2022-04-01,17814.44,93.83,24.8
PMT-0108,F-11,2022-05-01,20745.69,90.07,33.9
PMT-0108,F-11,2022-06-01,20639.57,96.13,29.8
PMT-0108,F-11,2022-07-01,20015.05,95.26,30.4
PMT-0108,F-11,2022-08-01,18795.45,90.54,24.6
PMT-0108,F-11,2022-09-01,15329.02,97.08,18.8
PMT-0108,F-11,2022-10-01,13811.85,92.56,10.7
PMT-0108,F-11,2022-11-01,11109.1,98.05,7.0
PMT-0108,F-11,2022-12-01,10629.12,94.59,3.4
PMT-0108,F-11,2023-01-01,11468.62,90.03,6.5
PMT-0108,F-11,2023-02-01,13226.5,92.67,9.9
PMT-0108,F-11,2023-03-01,17107.19,94.95,18.8
PMT-0108,F-11,2023-04-01,18665.19,93.01,25.3
PMT-0108,F-11,2023-05-01,20358.23,91.88,30.5
PMT-0108,F-11,2023-06-01,21805.73,90.48,29.5
PMT-0108,F-11,2023-07-01,20566.1,87.26,28.7
PMT-0108,F-11,2023-08-01,17943.08,86.37,25.6
PMT-0108,F-11,2023-09-01,15374.06,91.69,18.2
PMT-0108,F-11,2023-10-01,13046.85,92.84,11.8
PMT-0108,F-11,2023-11-01,11255.55,88.68,8.4
PMT-0108,F-11,2023-12-01,10261.47,93.53,4.8
PMT-0108,F-11,2024-01-01,11729.21,92.54,6.1
PMT-0108,F-11,2024-02-01,13464.89,88.59,10.6
PMT-0108,F-11,2024-03-01,14896.8,93.6,18.0
PMT-0108,F-11,2024-04-01,18889.21,88.91,23.3
PMT-0108,F-11,2024-05-01,20991.9,90.2,30.0
PMT-0108,F-11,2024-06-01,21073.95,91.99,33.0
PMT-0108,F-11,2024-07-01,21140.53,88.71,28.7
PMT-0108,F-11,2024-08-01,18439.23,91.55,25.3
PMT-0108,F-11,2024-09-01,15543.29,88.68,17.5
PMT-0108,F-11,2024-10-01,13972.82,94.37,8.3
PMT-0108,F-11,2024-11-01,11022.69,92.6,5.4
PMT-0108,F-11,2024-12-01,10693.68,88.64,6.0
PMT-0109,F-11,2022-01-01,19327.05,91.6,5.9
PMT-0109,F-11,2022-02-01,23014.92,91.38,11.4
PMT-0109,F-11,2022-03-01,27603.25,92.61,19.5
PMT-0109,F-11,2022-04-01,31704.19,86.65,25.1
PMT-0109,F-11,2022-05-01,37147.63,90.5,30.8
PMT-0109,F-11,2022-06-01,38753.62,87.93,31.0
PMT-0109,F-11,2022-07-01,34688.8,93.93,31.9
PMT-0109,F-11,2022-08-01,31680.48,91.34,26.6
PMT-0109,F-11,2022-09-01,26922.29,95.76,17.3
PMT-0109,F-11,2022-10-01,23174.98,94.07,10.6
PMT-0109,F-11,2022-11-01,19864.07,93.43,7.0
PMT-0109,F-11,2022-12-01,18275.04,95.88,4.2
PMT-0109,F-11,2023-01-01,20300.17,90.06,4.8
PMT-0109,F-11,2023-02-01,22588.58,88.08,10.6
PMT-0109,F-11,2023-03-01,27143.19,90.05,18.0
PMT-0109,F-11,2023-04-01,33188.42,92.44,23.1
PMT-0109,F-11,2023-05-01,37345.09,96.61,30.3
PMT-0109,F-11,2023-06-01,39232.42,92.05,30.4
PMT-0109,F-11,2023-07-01,35879.0,90.88,32.8
PMT-0109,F-11,2023-08-01,32686.62,96.72,23.3
PMT-0109,F-11,2023-09-01,28341.03,92.36,19.3
PMT-0109,F-11,2023-10-01,23110.35,91.22,10.7
PMT-0109,F-11,2023-11-01,20160.53,94.06,6.2
PMT-0109,F-11,2023-12-01,18320.53,94.42,3.5
PMT-0109,F-11,2024-01-01,20333.02,94.93,6.9
PMT-0109,F-11,2024-02-01,23196.48,93.76,10.5
PMT-0109,F-11,2024-03-01,28747.84,95.49,16.9
PMT-0109,F-11,2024-04-01,32539.74,92.83,24.8
PMT-0109,F-11,2024-05-01,34866.55,92.4,29.8
PMT-0109,F-11,2024-06-01,35904.16,89.98,30.5
PMT-0109,F-11,2024-07-01,35651.17,89.53,28.4
PMT-0109,F-11,2024-08-01,29865.6,92.42,23.6
PMT-0109,F-11,2024-09-01,28303.69,89.66,18.1
PMT-0109,F-11,2024-10-01,23027.89,91.33,10.6
PMT-0109,F-11,2024-11-01,20113.6,96.56,6.5
PMT-0109,F-11,2024-12-01,18142.6,87.25,3.9
PMT-0110,F-11,2022-01-01,15191.46,91.24,4.7
PMT-0110,F-11,2022-02-01,18130.98,89.48,9.3
PMT-0110,F-11,2022-03-01,21621.68,88.52,17.0
PMT-0110,F-11,2022-04-01,26160.04,91.27,23.4
PMT-0110,F-11,2022-05-01,28670.11,93.07,32.0
PMT-0110,F-11,2022-06-01,29109.81,91.0,31.9
PMT-0110,F-11,2022-07-01,28075.22,94.39,31.5
PMT-0110,F-11,2022-08-01,25317.73,86.79,25.4
PMT-0110,F-11,2022-09-01,21635.66,91.12,19.1
PMT-0110,F-11,2022-10-01,18055.7,90.74,9.9
PMT-0110,F-11,2022-11-01,15393.42,91.33,6.8
PMT-0110,F-11,2022-12-01,14422.59,92.31,4.4
PMT-0110,F-11,2023-01-01,15506.56,88.08,6.7
PMT-0110,F-11,2023-02-01,17908.44,91.83,11.7
PMT-0110,F-11,2023-03-01,21472.68,88.85,17.9
PMT-0110,F-11,2023-04-01,25402.77,90.96,25.2
PMT-0110,F-11,2023-05-01,27532.32,88.86,30.4
PMT-0110,F-11,2023-06-01,28824.27,88.67,33.1
PMT-0110,F-11,2023-07-01,28315.12,91.56,30.6
PMT-0110,F-11,2023-08-01,25234.79,94.3,25.5
PMT-0110,F-11,2023-09-01,21304.77,90.29,17.6
PMT-0110,F-11,2023-10-01,17638.01,88.21,11.1
PMT-0110,F-11,2023-11-01,15214.88,87.45,4.0
PMT-0110,F-11,2023-12-01,13994.04,91.72,3.5
PMT-0110,F-11,2024-01-01,15388.04,91.52,4.4
PMT-0110,F-11,2024-02-01,17404.97,89.45,10.0
PMT-0110,F-11,2024-03-01,21351.65,89.82,17.1
PMT-0110,F-11,2024-04-01,25414.91,89.41,26.1
PMT-0110,F-11,2024-05-01,27749.03,93.38,31.1
PMT-0110,F-11,2024-06-01,28472.06,90.57,29.8
PMT-0110,F-11,2024-07-01,27497.88,93.9,29.7
PMT-0110,F-11,2024-08-01,24796.94,92.4,25.9
PMT-0110,F-11,2024-09-01,21550.38,89.42,19.5
PMT-0110,F-11,2024-10-01,17488.33,90.54,11.0
PMT-0110,F-11,2024-11-01,15121.93,91.12,4.7
PMT-0110,F-11,2024-12-01,14221.74,88.61,5.7
PMT-0111,F-12,2022-01-01,12841.0,88.01,7.3
PMT-0111,F-12,2022-02-01,14891.36,93.65,10.8
PMT-0111,F-12,2022-03-01,18781.48,87.95,19.4
PMT-0111,F-12,2022-04-01,20673.67,86.21,27.2
PMT-0111,F-12,2022-05-01,22550.56,92.41,29.0
PMT-0111,F-12,2022-06-01,22897.95,84.59,31.0
PMT-0111,F-12,2022-07-01,22354.01,86.89,28.2
PMT-0111,F-12,2022-08-01,21469.11,92.01,24.9
PMT-0111,F-12,2022-09-01,17054.06,92.93,17.3
PMT-0111,F-12,2022-10-01,14644.66,83.15,9.0
PMT-0111,F-12,2022-11-01,12595.4,84.09,5.2
PMT-0111,F-12,2022-12-01,11776.91,87.82,3.2
PMT-0111,F-12,2023-01-01,12545.09,90.98,3.9
PMT-0111,F-12,2023-02-01,15001.34,90.54,10.8
PMT-0111,F-12,2023-03-01,18765.71,86.35,17.0
PMT-0111,F-12,2023-04-01,21089.0,85.01,25.8
PMT-0111,F-12,2023-05-01,22020.97,90.49,30.2
PMT-0111,F-12,2023-06-01,23204.67,89.91,31.0
PMT-0111,F-12,2023-07-01,23192.11,82.07,30.1
PMT-0111,F-12,2023-08-01,20947.09,88.44,26.7
PMT-0111,F-12,2023-09-01,17582.64,92.01,17.3
PMT-0111,F-12,2023-10-01,14314.12,92.27,13.3
PMT-0111,F-12,2023-11-01,13308.53,82.91,9.1
PMT-0111,F-12,2023-12-01,11709.59,92.05,3.7
PMT-0111,F-12,2024-01-01,12912.21,93.92,4.7
PMT-0111,F-12,2024-02-01,15303.51,91.64,10.0
PMT-0111,F-12,2024-03-01,18274.32,90.02,18.6
PMT-0111,F-12,2024-04-01,21837.24,92.73,25.5
PMT-0111,F-12,2024-05-01,23205.99,87.56,30.4
PMT-0111,F-12,2024-06-01,22933.07,78.6,31.7
PMT-0111,F-12,2024-07-01,22426.93,84.08,29.3
PMT-0111,F-12,2024-08-01,20613.68,89.97,25.2
PMT-0111,F-12,2024-09-01,17003.74,88.47,17.9
PMT-0111,F-12,2024-10-01,14587.31,82.39,11.1
PMT-0111,F-12,2024-11-01,13027.29,91.87,6.2
PMT-0111,F-12,2024-12-01,11699.95,87.49,2.5
PMT-0112,F-12,2022-01-01,7795.3,88.55,6.0
PMT-0112,F-12,2022-02-01,9045.47,86.08,10.3
PMT-0112,F-12,2022-03-01,10619.05,84.67,17.2
PMT-0112,F-12,2022-04-01,11064.43,95.53,25.6
PMT-0112,F-12,2022-05-01,11792.89,89.37,30.7
PMT-0112,F-12,2022-06-01,11940.0,86.87,32.1
PMT-0112,F-12,2022-07-01,11602.45,88.52,30.2
PMT-0112,F-12,2022-08-01,10810.17,87.05,26.0
PMT-0112,F-12,2022-09-01,9255.02,86.05,19.9
PMT-0112,F-12,2022-10-01,8350.03,89.75,11.5
PMT-0112,F-12,2022-11-01,7386.27,90.4,5.8
PMT-0112,F-12,2022-12-01,7069.42,88.56,4.7
PMT-0112,F-12,2023-01-01,7415.36,92.08,8.2
PMT-0112,F-12,2023-02-01,9008.04,83.68,10.3
PMT-0112,F-12,2023-03-01,10453.41,87.03,16.7
PMT-0112,F-12,2023-04-01,11151.6,90.14,24.6
PMT-0112,F-12,2023-05-01,11499.51,92.05,29.4
PMT-0112,F-12,2023-06-01,11964.8,84.9,33.0
PMT-0112,F-12,2023-07-01,11514.52,86.33,32.1
PMT-0112,F-12,2023-08-01,10250.08,90.76,25.2
PMT-0112,F-12,2023-09-01,9861.98,88.74,17.5
PMT-0112,F-12,2023-10-01,7988.03,93.27,10.7
PMT-0112,F-12,2023-11-01,6507.8,88.72,5.3
PMT-0112,F-12,2023-12-01,6930.63,87.66,4.6
PMT-0112,F-12,2024-01-01,7477.22,89.42,8.5
PMT-0112,F-12,2024-02-01,9093.95,94.9,9.5
PMT-0112,F-12,2024-03-01,10925.26,87.37,16.6
PMT-0112,F-12,2024-04-01,11206.16,90.43,25.2
PMT-0112,F-12,2024-05-01,12375.18,87.88,31.7
PMT-0112,F-12,2024-06-01,11609.02,85.6,32.2
PMT-0112,F-12,2024-07-01,12392.81,88.56,30.7
PMT-0112,F-12,2024-08-01,10493.49,91.97,24.9
PMT-0112,F-12,2024-09-01,8693.24,92.41,17.9
PMT-0112,F-12,2024-10-01,7795.75,88.51,10.3
PMT-0112,F-12,2024-11-01,7233.89,90.25,6.3
PMT-0112,F-12,2024-12-01,7114.74,84.28,3.5
PMT-0113,F-12,2022-01-01,9738.85,91.78,5.1
PMT-0113,F-12,2022-02-01,11410.49,92.9,13.0
PMT-0113,F-12,2022-03-01,13768.22,86.78,17.8
PMT-0113,F-12,2022-04-01,16514.95,96.24,25.8
PMT-0113,F-12,2022-05-01,18439.42,88.02,30.9
PMT-0113,F-12,2022-06-01,19054.43,93.98,31.5
PMT-0113,F-12,2022-07-01,17791.09,89.32,30.6
PMT-0113,F-12,2022-08-01,15562.05,89.8,24.5
PMT-0113,F-12,2022-09-01,13631.9,88.88,18.3
PMT-0113,F-12,2022-10-01,11287.5,93.99,10.7
PMT-0113,F-12,2022-11-01,10016.0,85.03,7.5
PMT-0113,F-12,2022-12-01,8631.96,85.24,5.7
PMT-0113,F-12,2023-01-01,9541.08,89.84,6.4
PMT-0113,F-12,2023-02-01,11566.8,84.0,12.5
PMT-0113,F-12,2023-03-01,13723.17,92.35,17.2
PMT-0113,F-12,2023-04-01,15375.49,89.19,26.4
PMT-0113,F-12,2023-05-01,16527.0,89.74,29.5
PMT-0113,F-12,2023-06-01,18618.21,86.99,31.7
PMT-0113,F-12,2023-07-01,17050.02,88.98,30.9
PMT-0113,F-12,2023-08-01,16582.64,87.5,24.4
PMT-0113,F-12,2023-09-01,13814.81,88.66,17.1
PMT-0113,F-12,2023-10-01,11078.21,93.75,10.0
PMT-0113,F-12,2023-11-01,9310.24,91.33,7.7
PMT-0113,F-12,2023-12-01,9319.28,85.96,3.8
PMT-0113,F-12,2024-01-01,9438.01,86.9,6.7
PMT-0113,F-12,2024-02-01,11277.92,88.42,11.8
PMT-0113,F-12,2024-03-01,13732.17,83.58,19.4
PMT-0113,F-12,2024-04-01,16173.79,88.63,21.4
PMT-0113,F-12,2024-05-01,17290.24,87.23,31.1
PMT-0113,F-12,2024-06-01,17693.61,90.67,30.7
PMT-0113,F-12,2024-07-01,17682.61,86.15,30.2
PMT-0113,F-12,2024-08-01,15487.03,85.66,25.5
PMT-0113,F-12,2024-09-01,13293.06,88.29,18.4
PMT-0113,F-12,2024-10-01,11071.51,86.51,10.6
PMT-0113,F-12,2024-11-01,9621.55,89.09,5.8
PMT-0113,F-12,2024-12-01,8826.07,89.66,4.1
PMT-0114,F-12,2022-01-01,6921.99,89.11,6.6
PMT-0114,F-12,2022-02-01,9087.97,90.46,11.4
PMT-0114,F-12,2022-03-01,10765.63,92.08,17.0
PMT-0114,F-12,2022-04-01,11996.22,89.87,27.1
PMT-0114,F-12,2022-05-01,13101.77,84.43,30.4
PMT-0114,F-12,2022-06-01,13444.94,91.55,33.0
PMT-0114,F-12,2022-07-01,12951.99,86.98,29.7
PMT-0114,F-12,2022-08-01,11154.55,83.75,25.8
PMT-0114,F-12,2022-09-01,10608.89,87.54,16.2
PMT-0114,F-12,2022-10-01,8479.59,88.59,10.7
PMT-0114,F-12,2022-11-01,7679.27,86.42,5.6
PMT-0114,F-12,2022-12-01,7026.82,84.17,2.2
PMT-0114,F-12,2023-01-01,7412.1,89.09,7.0
PMT-0114,F-12,2023-02-01,8757.22,80.41,10.3
PMT-0114,F-12,2023-03-01,11338.91,88.0,17.3
PMT-0114,F-12,2023-04-01,11702.95,87.83,22.8
PMT-0114,F-12,2023-05-01,13008.55,85.59,29.1
PMT-0114,F-12,2023-06-01,14014.33,90.73,30.5
PMT-0114,F-12,2023-07-01,13146.46,92.05,30.5
PMT-0114,F-12,2023-08-01,11162.03,87.33,24.7
PMT-0114,F-12,2023-09-01,10555.97,91.17,17.9
PMT-0114,F-12,2023-10-01,8274.7,86.6,12.3
PMT-0114,F-12,2023-11-01,7647.68,88.89,5.8
PMT-0114,F-12,2023-12-01,6706.78,96.62,4.6
PMT-0114,F-12,2024-01-01,7632.2,87.58,5.7
PMT-0114,F-12,2024-02-01,8664.34,88.79,7.8
PMT-0114,F-12,2024-03-01,10795.57,88.85,17.7
PMT-0114,F-12,2024-04-01,12023.18,81.01,23.5
PMT-0114,F-12,2024-05-01,12689.11,88.78,28.5
PMT-0114,F-12,2024-06-01,14218.19,88.7,33.2
PMT-0114,F-12,2024-07-01,13502.8,91.04,29.7
PMT-0114,F-12,2024-08-01,11278.98,94.51,25.3
PMT-0114,F-12,2024-09-01,10366.48,93.01,18.1
PMT-0114,F-12,2024-10-01,8548.52,91.07,10.2
PMT-0114,F-12,2024-11-01,7501.44,89.71,5.9
PMT-0114,F-12,2024-12-01,6934.65,89.23,4.3
PMT-0115,F-12,2022-01-01,5908.7,90.23,6.3
PMT-0115,F-12,2022-02-01,7164.12,88.55,11.8
PMT-0115,F-12,2022-03-01,8463.81,91.96,17.6
PMT-0115,F-12,2022-04-01,9388.31,87.25,23.9
PMT-0115,F-12,2022-05-01,10103.93,88.29,29.0
PMT-0115,F-12,2022-06-01,10495.01,91.46,31.9
PMT-0115,F-12,2022-07-01,10053.59,91.76,30.3
PMT-0115,F-12,2022-08-01,9646.22,85.64,23.4
PMT-0115,F-12,2022-09-01,8102.98,90.27,17.2
PMT-0115,F-12,2022-10-01,6747.29,89.14,12.2
PMT-0115,F-12,2022-11-01,5831.66,83.13,7.5
PMT-0115,F-12,2022-12-01,5582.66,91.04,2.3
PMT-0115,F-12,2023-01-01,5926.44,92.88,7.7
PMT-0115,F-12,2023-02-01,6791.8,90.53,10.5
PMT-0115,F-12,2023-03-01,8418.8,89.72,17.0
PMT-0115,F-12,2023-04-01,8799.26,91.66,24.2
PMT-0115,F-12,2023-05-01,10366.61,92.28,28.8
PMT-0115,F-12,2023-06-01,11048.15,91.21,31.6
PMT-0115,F-12,2023-07-01,10376.78,88.09,30.3
PMT-0115,F-12,2023-08-01,9464.58,91.47,23.8
PMT-0115,F-12,2023-09-01,7850.76,93.33,17.6
PMT-0115,F-12,2023-10-01,6471.48,87.61,10.1
PMT-0115,F-12,2023-11-01,6006.11,83.71,6.1
PMT-0115,F-12,2023-12-01,5611.13,88.3,4.9
PMT-0115,F-12,2024-01-01,5916.22,88.9,8.1
PMT-0115,F-12,2024-02-01,7125.59,90.64,10.8
PMT-0115,F-12,2024-03-01,8261.13,88.48,19.1
PMT-0115,F-12,2024-04-01,9751.06,88.67,27.4
PMT-0115,F-12,2024-05-01,10569.53,87.91,29.0
PMT-0115,F-12,2024-06-01,10884.86,94.32,30.0
PMT-0115,F-12,2024-07-01,10751.92,92.63,31.3
PMT-0115,F-12,2024-08-01,9100.45,91.84,24.4
PMT-0115,F-12,2024-09-01,8019.35,91.91,19.0
PMT-0115,F-12,2024-10-01,7087.6,92.96,12.1
PMT-0115,F-12,2024-11-01,6026.58,85.02,4.4
PMT-0115,F-12,2024-12-01,5579.0,85.58,2.0
PMT-0116,F-12,2022-01-01,11211.02,89.85,5.3
PMT-0116,F-12,2022-02-01,12590.59,86.19,10.6
PMT-0116,F-12,2022-03-01,15110.95,91.73,19.3
PMT-0116,F-12,2022-04-01,17774.08,88.57,26.4
PMT-0116,F-12,2022-05-01,19628.82,82.44,30.4
PMT-0116,F-12,2022-06-01,20933.14,86.57,32.2
PMT-0116,F-12,2022-07-01,19919.13,85.43,30.9
PMT-0116,F-12,2022-08-01,17206.0,87.93,21.9
PMT-0116,F-12,2022-09-01,15445.27,88.18,17.5
PMT-0116,F-12,2022-10-01,12415.29,89.42,10.9
PMT-0116,F-12,2022-11-01,10624.32,91.67,5.3
PMT-0116,F-12,2022-12-01,10011.49,91.45,4.4
PMT-0116,F-12,2023-01-01,10421.32,90.99,5.7
PMT-0116,F-12,2023-02-01,12707.57,90.7,9.3
PMT-0116,F-12,2023-03-01,15071.75,85.08,17.2
PMT-0116,F-12,2023-04-01,17296.33,92.78,24.9
PMT-0116,F-12,2023-05-01,19717.27,91.87,31.1
PMT-0116,F-12,2023-06-01,20444.85,89.7,32.0
PMT-0116,F-12,2023-07-01,19885.4,84.47,31.8
PMT-0116,F-12,2023-08-01,17261.18,87.28,24.8
PMT-0116,F-12,2023-09-01,14599.23,93.77,17.3
PMT-0116,F-12,2023-10-01,12589.4,89.89,11.1
PMT-0116,F-12,2023-11-01,10712.75,88.76,5.4
PMT-0116,F-12,2023-12-01,10120.2,84.97,3.9
PMT-0116,F-12,2024-01-01,10841.97,92.09,6.7
PMT-0116,F-12,2024-02-01,12656.27,89.44,12.2
PMT-0116,F-12,2024-03-01,15388.12,86.17,20.4
PMT-0116,F-12,2024-04-01,18456.26,86.9,24.9
PMT-0116,F-12,2024-05-01,19775.02,100.0,31.1
PMT-0116,F-12,2024-06-01,19897.85,89.83,34.3
PMT-0116,F-12,2024-07-01,19206.08,94.68,31.1
PMT-0116,F-12,2024-08-01,17596.32,86.15,25.0
PMT-0116,F-12,2024-09-01,14562.57,93.47,17.9
PMT-0116,F-12,2024-10-01,12318.08,88.26,10.9
PMT-0116,F-12,2024-11-01,10721.52,88.28,4.6
PMT-0116,F-12,2024-12-01,10133.6,88.51,3.6
PMT-0117,F-12,2022-01-01,10628.47,92.77,6.7
PMT-0117,F-12,2022-02-01,12067.2,87.62,8.8
PMT-0117,F-12,2022-03-01,14613.06,88.49,16.6
PMT-0117,F-12,2022-04-01,17109.51,92.45,26.0
PMT-0117,F-12,2022-05-01,18509.08,89.29,29.3
PMT-0117,F-12,2022-06-01,18982.47,84.96,31.6
PMT-0117,F-12,2022-07-01,19422.59,92.38,29.0
PMT-0117,F-12,2022-08-01,16070.29,94.11,25.2
PMT-0117,F-12,2022-09-01,14019.67,90.21,18.4
PMT-0117,F-12,2022-10-01,11543.96,89.53,11.4
PMT-0117,F-12,2022-11-01,9932.31,89.17,6.0
PMT-0117,F-12,2022-12-01,10055.34,92.16,2.2
PMT-0117,F-12,2023-01-01,10657.02,92.06,5.9
PMT-0117,F-12,2023-02-01,12075.65,82.94,12.6
PMT-0117,F-12,2023-03-01,13827.35,93.02,19.3
PMT-0117,F-12,2023-04-01,16086.01,90.22,24.0
PMT-0117,F-12,2023-05-01,17905.01,92.18,28.4
PMT-0117,F-12,2023-06-01,18053.95,85.59,30.4
PMT-0117,F-12,2023-07-01,17251.94,83.74,29.5
PMT-0117,F-12,2023-08-01,16313.07,87.08,23.3
PMT-0117,F-12,2023-09-01,13363.55,89.42,17.6
PMT-0117,F-12,2023-10-01,11423.94,86.4,9.6
PMT-0117,F-12,2023-11-01,9796.91,85.72,5.5
PMT-0117,F-12,2023-12-01,9600.01,89.71,5.7
PMT-0117,F-12,2024-01-01,10162.42,93.43,6.6
PMT-0117,F-12,2024-02-01,11936.47,91.58,10.3
PMT-0117,F-12,2024-03-01,14348.48,84.78,20.4
PMT-0117,F-12,2024-04-01,16623.93,90.16,23.5
PMT-0117,F-12,2024-05-01,16885.48,89.77,29.2
PMT-0117,F-12,2024-06-01,17831.66,94.0,32.3
PMT-0117,F-12,2024-07-01,17751.37,90.93,29.8
PMT-0117,F-12,2024-08-01,15555.02,92.5,24.8
PMT-0117,F-12,2024-09-01,13113.03,88.88,19.1
PMT-0117,F-12,2024-10-01,11332.18,88.77,10.2
PMT-0117,F-12,2024-11-01,9909.15,90.69,6.3
PMT-0117,F-12,2024-12-01,9203.31,89.65,3.2
PMT-0118,F-12,2022-01-01,9432.63,89.31,6.5
PMT-0118,F-12,2022-02-01,11007.61,90.8,11.8
PMT-0118,F-12,2022-03-01,12991.98,90.25,17.8
PMT-0118,F-12,2022-04-01,15036.88,88.63,24.7
PMT-0118,F-12,2022-05-01,17010.41,89.05,28.7
PMT-0118,F-12,2022-06-01,17805.63,88.77,32.6
PMT-0118,F-12,2022-07-01,16821.73,86.42,27.3
PMT-0118,F-12,2022-08-01,15460.01,87.55,25.4
PMT-0118,F-12,2022-09-01,13144.9,85.47,16.4
PMT-0118,F-12,2022-10-01,10455.5,87.72,10.3
PMT-0118,F-12,2022-11-01,9320.61,91.81,6.7
PMT-0118,F-12,2022-12-01,8530.37,89.19,2.5
PMT-0118,F-12,2023-01-01,9015.19,88.86,6.4
PMT-0118,F-12,2023-02-01,11307.72,92.13,10.6
PMT-0118,F-12,2023-03-01,12986.7,85.66,17.1
PMT-0118,F-12,2023-04-01,15758.79,92.24,28.1
PMT-0118,F-12,2023-05-01,17118.8,82.72,29.4
PMT-0118,F-12,2023-06-01,18333.21,86.97,31.2
PMT-0118,F-12,2023-07-01,16471.39,88.32,28.9
PMT-0118,F-12,2023-08-01,14777.68,85.89,25.6
PMT-0118,F-12,2023-09-01,12922.73,85.53,19.8
PMT-0118,F-12,2023-10-01,10992.01,87.95,10.6
PMT-0118,F-12,2023-11-01,9015.71,86.91,4.7
PMT-0118,F-12,2023-12-01,8619.86,88.18,5.6
PMT-0118,F-12,2024-01-01,9296.49,88.1,6.0
PMT-0118,F-12,2024-02-01,11250.91,89.63,11.2
PMT-0118,F-12,2024-03-01,13373.42,89.17,19.5
PMT-0118,F-12,2024-04-01,12456.0,91.86,23.4
PMT-0118,F-12,2024-05-01,13431.55,85.38,29.4
PMT-0118,F-12,2024-06-01,17347.76,90.71,31.3
PMT-0118,F-12,2024-07-01,16771.68,95.46,30.8
PMT-0118,F-12,2024-08-01,16066.33,87.91,25.2
PMT-0118,F-12,2024-09-01,13037.16,96.03,19.5
PMT-0118,F-12,2024-10-01,10942.43,93.32,9.1
PMT-0118,F-12,2024-11-01,9116.54,86.28,6.6
PMT-0118,F-12,2024-12-01,8864.69,90.48,4.5
PMT-0119,F-12,2022-01-01,9494.78,93.35,8.2
PMT-0119,F-12,2022-02-01,11394.31,87.01,11.8
PMT-0119,F-12,2022-03-01,14044.45,90.01,16.5
PMT-0119,F-12,2022-04-01,14599.27,85.58,24.7
PMT-0119,F-12,2022-05-01,16269.26,91.92,30.0
PMT-0119,F-12,2022-06-01,17975.42,83.55,33.0
PMT-0119,F-12,2022-07-01,16420.84,91.06,29.6
PMT-0119,F-12,2022-08-01,15396.64,97.24,24.2
PMT-0119,F-12,2022-09-01,13421.9,87.61,17.6
PMT-0119,F-12,2022-10-01,11338.7,81.8,11.3
PMT-0119,F-12,2022-11-01,9410.09,87.03,4.1
PMT-0119,F-12,2022-12-01,8615.83,83.6,4.1
PMT-0119,F-12,2023-01-01,9544.98,91.11,4.3
PMT-0119,F-12,2023-02-01,11598.44,87.9,10.0
PMT-0119,F-12,2023-03-01,13626.91,90.75,17.6
PMT-0119,F-12,2023-04-01,16455.26,88.05,25.0
PMT-0119,F-12,2023-05-01,17002.29,87.51,27.7
PMT-0119,F-12,2023-06-01,17890.77,89.35,30.8
PMT-0119,F-12,2023-07-01,17464.21,90.91,30.1
PMT-0119,F-12,2023-08-01,15147.72,94.07,25.1
PMT-0119,F-12,2023-09-01,13666.68,83.78,20.4
PMT-0119,F-12,2023-10-01,10709.39,86.08,11.4
PMT-0119,F-12,2023-11-01,9711.46,95.23,5.0
PMT-0119,F-12,2023-12-01,8697.62,91.12,2.2
PMT-0119,F-12,2024-01-01,9184.64,87.62,4.5
PMT-0119,F-12,2024-02-01,11086.93,85.01,10.6
PMT-0119,F-12,2024-03-01,12650.95,85.0,18.5
PMT-0119,F-12,2024-04-01,14711.02,88.55,28.1
PMT-0119,F-12,2024-05-01,16672.45,88.96,30.0
PMT-0119,F-12,2024-06-01,17594.23,90.35,32.8
PMT-0119,F-12,2024-07-01,17161.37,86.38,30.3
PMT-0119,F-12,2024-08-01,15400.07,87.44,24.9
PMT-0119,F-12,2024-09-01,13663.0,93.23,17.3
PMT-0119,F-12,2024-10-01,10859.82,85.92,10.5
PMT-0119,F-12,2024-11-01,9872.42,86.22,6.5
PMT-0119,F-12,2024-12-01,9018.66,80.83,5.9
PMT-0120,F-12,2022-01-01,17907.29,87.26,6.3
PMT-0120,F-12,2022-02-01,19532.26,89.92,10.7
PMT-0120,F-12,2022-03-01,24768.46,90.15,17.0
PMT-0120,F-12,2022-04-01,27731.79,87.46,23.5
PMT-0120,F-12,2022-05-01,30205.79,88.13,28.6
PMT-0120,F-12,2022-06-01,32137.19,90.38,31.2
PMT-0120,F-12,2022-07-01,30599.23,89.81,30.5
PMT-0120,F-12,2022-08-01,26721.27,92.58,26.0
PMT-0120,F-12,2022-09-01,23362.35,87.1,20.6
PMT-0120,F-12,2022-10-01,18786.14,88.83,11.9
PMT-0120,F-12,2022-11-01,16908.9,90.59,7.0
PMT-0120,F-12,2022-12-01,15728.92,88.81,4.3
PMT-0120,F-12,2023-01-01,17008.03,96.31,5.9
PMT-0120,F-12,2023-02-01,19847.49,85.36,10.7
PMT-0120,F-12,2023-03-01,24805.22,90.39,18.4
PMT-0120,F-12,2023-04-01,26363.2,91.28,27.3
PMT-0120,F-12,2023-05-01,29170.62,88.94,30.6
PMT-0120,F-12,2023-06-01,29886.93,86.1,32.1
PMT-0120,F-12,2023-07-01,29334.02,87.95,30.2
PMT-0120,F-12,2023-08-01,25921.38,89.34,24.2
PMT-0120,F-12,2023-09-01,22122.06,85.21,18.0
PMT-0120,F-12,2023-10-01,19728.35,82.87,12.5
PMT-0120,F-12,2023-11-01,16266.44,90.95,4.8
PMT-0120,F-12,2023-12-01,15399.7,92.34,5.8
PMT-0120,F-12,2024-01-01,17098.26,83.66,6.5
PMT-0120,F-12,2024-02-01,19639.94,88.86,11.6
PMT-0120,F-12,2024-03-01,22943.97,87.61,19.8
PMT-0120,F-12,2024-04-01,26275.18,85.96,27.1
PMT-0120,F-12,2024-05-01,29578.28,90.14,29.6
PMT-0120,F-12,2024-06-01,27917.63,90.74,33.0
PMT-0120,F-12,2024-07-01,29164.39,90.84,33.1
PMT-0120,F-12,2024-08-01,25415.14,92.6,22.0
PMT-0120,F-12,2024-09-01,21800.62,87.66,18.6
PMT-0120,F-12,2024-10-01,19065.81,90.23,9.8
PMT-0120,F-12,2024-11-01,16686.42,87.21,5.6
PMT-0120,F-12,2024-12-01,15917.19,90.29,6.9
PMT-0121,F-13,2022-01-01,15254.31,91.51,8.0
PMT-0121,F-13,2022-02-01,18094.71,89.26,11.6
PMT-0121,F-13,2022-03-01,20256.25,90.17,18.9
PMT-0121,F-13,2022-04-01,24654.5,85.14,24.2
PMT-0121,F-13,2022-05-01,25434.94,88.01,29.8
PMT-0121,F-13,2022-06-01,26549.53,88.41,32.5
PMT-0121,F-13,2022-07-01,25417.59,95.03,30.5
PMT-0121,F-13,2022-08-01,23775.34,98.75,24.4
PMT-0121,F-13,2022-09-01,20996.45,95.91,17.8
PMT-0121,F-13,2022-10-01,16568.68,93.84,11.5
PMT-0121,F-13,2022-11-01,14898.8,94.51,4.6
PMT-0121,F-13,2022-12-01,14482.67,92.24,6.5
PMT-0121,F-13,2023-01-01,14657.39,88.49,6.0
PMT-0121,F-13,2023-02-01,18573.04,93.56,12.0
PMT-0121,F-13,2023-03-01,21090.27,91.95,17.6
PMT-0121,F-13,2023-04-01,24912.49,94.6,25.5
PMT-0121,F-13,2023-05-01,26922.02,90.92,29.8
PMT-0121,F-13,2023-06-01,25863.9,91.31,33.3
PMT-0121,F-13,2023-07-01,25652.99,92.18,29.5
PMT-0121,F-13,2023-08-01,22586.66,90.69,24.7
PMT-0121,F-13,2023-09-01,20123.42,95.34,17.7
PMT-0121,F-13,2023-10-01,16989.28,91.72,10.5
PMT-0121,F-13,2023-11-01,14361.36,97.91,6.0
PMT-0121,F-13,2023-12-01,13865.73,93.25,5.5
PMT-0121,F-13,2024-01-01,15137.54,86.24,6.4
PMT-0121,F-13,2024-02-01,17944.5,90.7,9.8
PMT-0121,F-13,2024-03-01,21103.15,97.2,19.2
PMT-0121,F-13,2024-04-01,24339.57,93.03,25.4
PMT-0121,F-13,2024-05-01,25185.21,93.75,30.3
PMT-0121,F-13,2024-06-01,27531.89,85.12,32.7
PMT-0121,F-13,2024-07-01,26186.74,86.69,32.9
PMT-0121,F-13,2024-08-01,23523.62,93.71,24.5
PMT-0121,F-13,2024-09-01,19536.33,96.19,17.1
PMT-0121,F-13,2024-10-01,16726.11,91.87,11.1
PMT-0121,F-13,2024-11-01,14616.77,85.33,4.8
PMT-0121,F-13,2024-12-01,13994.87,93.19,4.1
PMT-0122,F-13,2022-01-01,11414.07,91.27,4.1
PMT-0122,F-13,2022-02-01,13680.38,91.49,9.2
PMT-0122,F-13,2022-03-01,15861.15,91.75,17.9
PMT-0122,F-13,2022-04-01,18199.58,89.41,23.6
PMT-0122,F-13,2022-05-01,19693.04,93.49,31.8
PMT-0122,F-13,2022-06-01,21075.67,90.4,30.2
PMT-0122,F-13,2022-07-01,20135.58,90.85,28.6
PMT-0122,F-13,2022-08-01,18065.91,87.88,26.1
PMT-0122,F-13,2022-09-01,15302.91,91.73,18.1
PMT-0122,F-13,2022-10-01,13138.34,88.36,10.9
PMT-0122,F-13,2022-11-01,10578.48,87.06,6.2
PMT-0122,F-13,2022-12-01,10863.38,91.16,3.4
PMT-0122,F-13,2023-01-01,11496.84,87.45,4.3
PMT-0122,F-13,2023-02-01,13387.42,90.76,11.4
PMT-0122,F-13,2023-03-01,15787.51,91.35,18.0
PMT-0122,F-13,2023-04-01,18182.56,88.99,24.9
PMT-0122,F-13,2023-05-01,20104.7,92.17,31.2
PMT-0122,F-13,2023-06-01,19627.42,88.52,30.6
PMT-0122,F-13,2023-07-01,19781.27,91.09,30.0
PMT-0122,F-13,2023-08-01,17209.43,86.91,25.3
PMT-0122,F-13,2023-09-01,15249.11,94.38,18.5
PMT-0122,F-13,2023-10-01,12585.38,87.97,9.9
PMT-0122,F-13,2023-11-01,10807.84,92.55,6.3
PMT-0122,F-13,2023-12-01,10389.9,89.43,3.4
PMT-0122,F-13,2024-01-01,11074.46,88.2,4.4
PMT-0122,F-13,2024-02-01,13273.58,89.01,8.6
PMT-0122,F-13,2024-03-01,15994.85,89.66,18.2
PMT-0122,F-13,2024-04-01,18348.19,85.69,25.0
PMT-0122,F-13,2024-05-01,19898.0,89.84,29.0
PMT-0122,F-13,2024-06-01,20155.55,90.16,30.2
PMT-0122,F-13,2024-07-01,19147.05,89.95,28.1
PMT-0122,F-13,2024-08-01,17978.32,93.24,24.7
PMT-0122,F-13,2024-09-01,15408.52,88.94,19.6
PMT-0122,F-13,2024-10-01,12692.1,91.82,12.6
PMT-0122,F-13,2024-11-01,11142.89,91.5,6.2
PMT-0122,F-13,2024-12-01,10243.04,87.94,2.4
PMT-0123,F-13,2022-01-01,11072.77,88.29,6.3
PMT-0123,F-13,2022-02-01,12767.79,92.58,10.9
PMT-0123,F-13,2022-03-01,14958.12,90.1,18.3
PMT-0123,F-13,2022-04-01,16795.5,90.04,25.1
PMT-0123,F-13,2022-05-01,18274.43,95.7,28.4
PMT-0123,F-13,2022-06-01,18494.02,92.19,31.5
PMT-0123,F-13,2022-07-01,18146.94,90.44,27.5
PMT-0123,F-13,2022-08-01,16992.39,92.07,25.9
PMT-0123,F-13,2022-09-01,14658.65,89.65,17.5
PMT-0123,F-13,2022-10-01,12674.51,88.6,10.3
PMT-0123,F-13,2022-11-01,10810.04,92.29,6.5
PMT-0123,F-13,2022-12-01,10540.29,89.24,4.2
PMT-0123,F-13,2023-01-01,10472.5,92.33,5.7
PMT-0123,F-13,2023-02-01,12332.63,87.39,10.0
PMT-0123,F-13,2023-03-01,15156.57,85.89,20.0
PMT-0123,F-13,2023-04-01,16925.72,91.11,26.1
PMT-0123,F-13,2023-05-01,18076.44,92.4,30.5
PMT-0123,F-13,2023-06-01,19258.99,89.07,34.1
PMT-0123,F-13,2023-07-01,17817.4,92.39,29.6
PMT-0123,F-13,2023-08-01,16502.7,88.64,25.3
PMT-0123,F-13,2023-09-01,15059.57,88.22,20.0
PMT-0123,F-13,2023-10-01,12123.99,95.02,12.4
PMT-0123,F-13,2023-11-01,10757.97,91.68,7.2
PMT-0123,F-13,2023-12-01,10041.9,88.85,1.6
PMT-0123,F-13,2024-01-01,10991.58,88.7,5.5
PMT-0123,F-13,2024-02-01,12702.47,89.06,12.4
PMT-0123,F-13,2024-03-01,15591.58,93.66,19.0
PMT-0123,F-13,2024-04-01,16884.77,92.12,27.6
PMT-0123,F-13,2024-05-01,17819.05,89.2,28.8
PMT-0123,F-13,2024-06-01,18694.59,93.48,32.6
PMT-0123,F-13,2024-07-01,18058.13,93.85,29.4
PMT-0123,F-13,2024-08-01,16806.17,88.73,23.3
PMT-0123,F-13,2024-09-01,14341.5,92.31,19.0
PMT-0123,F-13,2024-10-01,11859.03,89.78,12.1
PMT-0123,F-13,2024-11-01,10151.39,91.64,4.7
PMT-0123,F-13,2024-12-01,9720.58,92.19,4.2
PMT-0124,F-13,2022-01-01,11601.25,91.06,7.5
PMT-0124,F-13,2022-02-01,13419.91,87.44,13.3
PMT-0124,F-13,2022-03-01,16987.03,98.94,18.4
PMT-0124,F-13,2022-04-01,18875.16,91.13,24.2
PMT-0124,F-13,2022-05-01,18313.2,84.69,32.3
PMT-0124,F-13,2022-06-01,19995.65,89.77,32.2
PMT-0124,F-13,2022-07-01,17646.3,89.3,30.8
PMT-0124,F-13,2022-08-01,14808.47,84.93,27.4
PMT-0124,F-13,2022-09-01,13163.58,91.22,18.6
PMT-0124,F-13,2022-10-01,11724.58,92.27,13.6
PMT-0124,F-13,2022-11-01,10723.81,94.08,6.7
PMT-0124,F-13,2022-12-01,10573.5,88.42,4.9
PMT-0124,F-13,2023-01-01,11712.58,86.88,6.0
PMT-0124,F-13,2023-02-01,13919.04,93.93,10.6
PMT-0124,F-13,2023-03-01,16535.14,85.28,18.4
PMT-0124,F-13,2023-04-01,17052.16,93.74,24.5
PMT-0124,F-13,2023-05-01,17310.04,88.93,29.9
PMT-0124,F-13,2023-06-01,17568.23,87.33,30.0
PMT-0124,F-13,2023-07-01,16316.35,89.31,28.7
PMT-0124,F-13,2023-08-01,16320.46,90.47,23.8
PMT-0124,F-13,2023-09-01,14463.66,90.31,17.2
PMT-0124,F-13,2023-10-01,12749.6,95.98,9.7
PMT-0124,F-13,2023-11-01,10927.05,89.2,7.3
PMT-0124,F-13,2023-12-01,10431.39,93.36,4.1
PMT-0124,F-13,2024-01-01,11478.95,96.51,2.5
PMT-0124,F-13,2024-02-01,14060.36,89.05,10.5
PMT-0124,F-13,2024-03-01,15806.73,92.07,18.3
PMT-0124,F-13,2024-04-01,17730.95,91.98,26.4
PMT-0124,F-13,2024-05-01,17784.53,89.57,28.8
PMT-0124,F-13,2024-06-01,17536.82,91.24,32.1
PMT-0124,F-13,2024-07-01,16161.41,94.8,28.5
PMT-0124,F-13,2024-08-01,15058.64,91.1,26.4
PMT-0124,F-13,2024-09-01,12681.02,89.69,17.9
PMT-0124,F-13,2024-10-01,11913.95,92.83,11.0
PMT-0124,F-13,2024-11-01,11040.7,88.7,4.7
PMT-0124,F-13,2024-12-01,10917.56,87.57,5.5
PMT-0125,F-13,2022-01-01,11207.67,90.52,6.3
PMT-0125,F-13,2022-02-01,13055.44,89.6,11.8
PMT-0125,F-13,2022-03-01,15464.26,88.04,16.0
PMT-0125,F-13,2022-04-01,17905.73,94.64,22.2
PMT-0125,F-13,2022-05-01,20134.97,97.34,30.1
PMT-0125,F-13,2022-06-01,20672.21,92.25,31.7
PMT-0125,F-13,2022-07-01,19340.7,91.72,26.7
PMT-0125,F-13,2022-08-01,17969.92,91.71,25.1
PMT-0125,F-13,2022-09-01,15450.41,92.6,17.1
PMT-0125,F-13,2022-10-01,12808.26,99.04,12.8
PMT-0125,F-13,2022-11-01,10848.43,92.37,5.7
PMT-0125,F-13,2022-12-01,10268.62,100.0,3.9
PMT-0125,F-13,2023-01-01,10683.96,85.45,6.5
PMT-0125,F-13,2023-02-01,12781.09,91.69,11.0
PMT-0125,F-13,2023-03-01,15276.98,93.88,17.3
PMT-0125,F-13,2023-04-01,18079.33,91.15,25.6
PMT-0125,F-13,2023-05-01,19428.31,90.14,30.8
PMT-0125,F-13,2023-06-01,20848.91,89.3,31.2
PMT-0125,F-13,2023-07-01,19451.18,89.25,30.6
PMT-0125,F-13,2023-08-01,17819.71,96.82,27.7
PMT-0125,F-13,2023-09-01,14919.98,94.35,17.5
PMT-0125,F-13,2023-10-01,12507.13,89.4,11.4
PMT-0125,F-13,2023-11-01,11036.06,93.17,5.2
PMT-0125,F-13,2023-12-01,9879.7,90.33,4.2
PMT-0125,F-13,2024-01-01,10998.45,88.28,5.4
PMT-0125,F-13,2024-02-01,13034.93,85.37,10.0
PMT-0125,F-13,2024-03-01,15387.4,90.47,18.4
PMT-0125,F-13,2024-04-01,18046.55,93.3,25.1
PMT-0125,F-13,2024-05-01,20169.6,93.14,28.9
PMT-0125,F-13,2024-06-01,20863.2,88.59,33.4
PMT-0125,F-13,2024-07-01,19986.76,91.21,30.4
PMT-0125,F-13,2024-08-01,18084.06,91.0,26.3
PMT-0125,F-13,2024-09-01,15110.73,93.51,18.6
PMT-0125,F-13,2024-10-01,12501.92,89.51,12.3
PMT-0125,F-13,2024-11-01,10714.89,90.76,4.4
PMT-0125,F-13,2024-12-01,10115.4,91.2,2.6
PMT-0126,F-13,2022-01-01,12820.2,92.06,2.9
PMT-0126,F-13,2022-02-01,14307.72,91.03,9.3
PMT-0126,F-13,2022-03-01,17193.89,95.29,17.6
PMT-0126,F-13,2022-04-01,19989.29,88.77,26.2
PMT-0126,F-13,2022-05-01,22431.82,95.52,29.7
PMT-0126,F-13,2022-06-01,21033.26,92.45,32.6
PMT-0126,F-13,2022-07-01,22419.86,92.39,29.6
PMT-0126,F-13,2022-08-01,18398.11,87.49,25.5
PMT-0126,F-13,2022-09-01,17085.38,92.95,18.6
PMT-0126,F-13,2022-10-01,14214.04,89.9,12.0
PMT-0126,F-13,2022-11-01,12341.08,87.89,5.3
PMT-0126,F-13,2022-12-01,11634.0,96.83,2.9
PMT-0126,F-13,2023-01-01,12386.42,83.77,6.9
PMT-0126,F-13,2023-02-01,15798.31,90.47,11.8
PMT-0126,F-13,2023-03-01,17164.42,92.67,16.9
PMT-0126,F-13,2023-04-01,18963.76,85.26,22.5
PMT-0126,F-13,2023-05-01,19638.25,96.41,31.3
PMT-0126,F-13,2023-06-01,19742.91,91.39,31.2
PMT-0126,F-13,2023-07-01,21427.06,90.77,28.6
PMT-0126,F-13,2023-08-01,16932.69,88.2,25.2
PMT-0126,F-13,2023-09-01,15515.88,93.66,18.1
PMT-0126,F-13,2023-10-01,13483.87,91.23,10.8
PMT-0126,F-13,2023-11-01,12464.99,88.48,6.0
PMT-0126,F-13,2023-12-01,10998.8,84.67,3.4
PMT-0126,F-13,2024-01-01,11967.72,94.08,7.2
PMT-0126,F-13,2024-02-01,14770.07,85.61,9.7
PMT-0126,F-13,2024-03-01,17422.72,92.85,18.0
PMT-0126,F-13,2024-04-01,19689.95,91.72,24.9
PMT-0126,F-13,2024-05-01,23352.75,92.34,28.8
PMT-0126,F-13,2024-06-01,20596.1,94.84,29.9
PMT-0126,F-13,2024-07-01,21712.48,86.07,31.7
PMT-0126,F-13,2024-08-01,19444.08,90.53,24.6
PMT-0126,F-13,2024-09-01,16340.53,88.89,17.8
PMT-0126,F-13,2024-10-01,12993.46,84.82,9.2
PMT-0126,F-13,2024-11-01,11500.31,86.99,6.6
PMT-0126,F-13,2024-12-01,12243.78,92.86,5.1
PMT-0127,F-13,2022-01-01,17166.7,90.5,5.5
PMT-0127,F-13,2022-02-01,18776.88,85.02,13.2
PMT-0127,F-13,2022-03-01,22997.34,86.07,19.2
PMT-0127,F-13,2022-04-01,28259.28,88.05,25.0
PMT-0127,F-13,2022-05-01,28509.96,89.0,30.8
PMT-0127,F-13,2022-06-01,30230.58,91.65,31.0
PMT-0127,F-13,2022-07-01,28241.82,87.78,30.2
PMT-0127,F-13,2022-08-01,25535.97,90.07,26.2
PMT-0127,F-13,2022-09-01,22521.44,86.89,16.9
PMT-0127,F-13,2022-10-01,18053.93,87.57,10.5
PMT-0127,F-13,2022-11-01,17350.28,89.21,6.1
PMT-0127,F-13,2022-12-01,15812.17,87.65,5.8
PMT-0127,F-13,2023-01-01,16051.76,94.75,5.7
PMT-0127,F-13,2023-02-01,19674.66,89.23,11.8
PMT-0127,F-13,2023-03-01,23753.76,91.44,19.1
PMT-0127,F-13,2023-04-01,29144.74,87.68,24.9
PMT-0127,F-13,2023-05-01,30193.23,86.47,32.5
PMT-0127,F-13,2023-06-01,28234.88,92.92,32.0
PMT-0127,F-13,2023-07-01,28432.83,87.24,31.3
PMT-0127,F-13,2023-08-01,26574.99,90.69,24.6
PMT-0127,F-13,2023-09-01,21690.72,90.31,17.9
PMT-0127,F-13,2023-10-01,18742.18,92.66,10.6
PMT-0127,F-13,2023-11-01,16291.17,93.18,5.6
PMT-0127,F-13,2023-12-01,15764.59,88.86,4.6
PMT-0127,F-13,2024-01-01,16790.23,89.26,5.7
PMT-0127,F-13,2024-02-01,19864.18,89.45,12.4
PMT-0127,F-13,2024-03-01,24019.95,90.48,18.0
PMT-0127,F-13,2024-04-01,26850.2,90.49,24.5
PMT-0127,F-13,2024-05-01,26589.79,87.18,30.0
PMT-0127,F-13,2024-06-01,27464.39,85.62,31.8
PMT-0127,F-13,2024-07-01,28498.15,92.4,31.7
PMT-0127,F-13,2024-08-01,26233.87,86.52,25.1
PMT-0127,F-13,2024-09-01,21497.63,89.23,17.6
PMT-0127,F-13,2024-10-01,17906.67,94.33,9.5
PMT-0127,F-13,2024-11-01,16229.63,90.34,4.4
PMT-0127,F-13,2024-12-01,14869.86,84.93,4.4
PMT-0128,F-13,2022-01-01,8644.11,86.94,5.2
PMT-0128,F-13,2022-02-01,10435.03,89.98,11.6
PMT-0128,F-13,2022-03-01,11816.37,88.93,17.0
PMT-0128,F-13,2022-04-01,14124.51,90.32,26.0
PMT-0128,F-13,2022-05-01,15604.68,94.2,31.5
PMT-0128,F-13,2022-06-01,16953.61,83.91,30.5
PMT-0128,F-13,2022-07-01,15535.28,91.44,28.9
PMT-0128,F-13,2022-08-01,14640.29,86.92,23.4
PMT-0128,F-13,2022-09-01,12064.5,84.65,16.1
PMT-0128,F-13,2022-10-01,10280.65,86.95,11.6
PMT-0128,F-13,2022-11-01,8695.64,91.08,4.9
PMT-0128,F-13,2022-12-01,8400.59,82.51,5.1
PMT-0128,F-13,2023-01-01,8922.58,90.6,6.6
PMT-0128,F-13,2023-02-01,10212.23,90.14,11.7
PMT-0128,F-13,2023-03-01,12490.28,93.84,20.4
PMT-0128,F-13,2023-04-01,13351.22,94.85,24.7
PMT-0128,F-13,2023-05-01,16073.16,91.91,31.0
PMT-0128,F-13,2023-06-01,16783.22,85.59,32.3
PMT-0128,F-13,2023-07-01,15477.31,90.41,30.5
PMT-0128,F-13,2023-08-01,13978.78,91.12,24.0
PMT-0128,F-13,2023-09-01,12120.07,91.47,19.3
PMT-0128,F-13,2023-10-01,10308.41,91.9,9.7
PMT-0128,F-13,2023-11-01,8824.39,99.97,7.8
PMT-0128,F-13,2023-12-01,7989.16,89.7,3.4
PMT-0128,F-13,2024-01-01,8222.73,89.44,5.8
PMT-0128,F-13,2024-02-01,9753.02,86.51,11.5
PMT-0128,F-13,2024-03-01,12099.53,92.24,18.5
PMT-0128,F-13,2024-04-01,13273.44,88.53,24.4
PMT-0128,F-13,2024-05-01,14003.16,91.45,28.1
PMT-0128,F-13,2024-06-01,14924.25,94.04,33.1
PMT-0128,F-13,2024-07-01,14924.51,93.28,28.0
PMT-0128,F-13,2024-08-01,12031.89,89.89,23.0
PMT-0128,F-13,2024-09-01,10371.14,88.44,17.6
PMT-0128,F-13,2024-10-01,9532.82,90.71,11.8
PMT-0128,F-13,2024-11-01,8224.58,90.32,6.6
PMT-0128,F-13,2024-12-01,7357.62,90.41,4.3
PMT-0129,F-13,2022-01-01,9982.58,90.75,6.6
PMT-0129,F-13,2022-02-01,11552.31,97.1,11.2
PMT-0129,F-13,2022-03-01,14050.87,90.73,19.6
PMT-0129,F-13,2022-04-01,16807.25,91.36,25.9
PMT-0129,F-13,2022-05-01,18758.95,92.29,31.3
PMT-0129,F-13,2022-06-01,18196.91,93.04,34.8
PMT-0129,F-13,2022-07-01,18606.09,92.16,30.2
PMT-0129,F-13,2022-08-01,16616.22,92.09,25.1
PMT-0129,F-13,2022-09-01,14119.36,92.91,19.6
PMT-0129,F-13,2022-10-01,11440.89,87.22,9.8
PMT-0129,F-13,2022-11-01,10350.84,91.49,5.7
PMT-0129,F-13,2022-12-01,9499.57,92.82,5.9
PMT-0129,F-13,2023-01-01,10327.89,90.74,6.4
PMT-0129,F-13,2023-02-01,12005.09,83.13,9.5
PMT-0129,F-13,2023-03-01,14144.67,93.77,18.6
PMT-0129,F-13,2023-04-01,17023.84,93.42,24.6
PMT-0129,F-13,2023-05-01,18011.33,91.93,31.1
PMT-0129,F-13,2023-06-01,18489.14,88.64,31.1
PMT-0129,F-13,2023-07-01,17725.63,87.23,28.4
PMT-0129,F-13,2023-08-01,16057.27,89.72,25.4
PMT-0129,F-13,2023-09-01,14008.86,92.34,17.8
PMT-0129,F-13,2023-10-01,11593.56,89.61,12.9
PMT-0129,F-13,2023-11-01,9759.95,83.97,6.7
PMT-0129,F-13,2023-12-01,8863.24,87.07,3.2
PMT-0129,F-13,2024-01-01,9398.46,94.32,6.5
PMT-0129,F-13,2024-02-01,11601.51,94.29,11.2
PMT-0129,F-13,2024-03-01,13203.43,93.45,18.7
PMT-0129,F-13,2024-04-01,16802.64,86.21,25.7
PMT-0129,F-13,2024-05-01,18219.57,92.77,30.1
PMT-0129,F-13,2024-06-01,16335.21,88.78,33.0
PMT-0129,F-13,2024-07-01,15863.01,95.8,30.4
PMT-0129,F-13,2024-08-01,16371.83,92.58,23.8
PMT-0129,F-13,2024-09-01,12972.38,89.01,19.1
PMT-0129,F-13,2024-10-01,11479.37,91.79,10.4
PMT-0129,F-13,2024-11-01,10073.53,93.37,7.6
PMT-0129,F-13,2024-12-01,9172.67,95.38,5.1
PMT-0130,F-13,2022-01-01,9551.15,93.04,8.4
PMT-0130,F-13,2022-02-01,11247.69,96.74,11.0
PMT-0130,F-13,2022-03-01,12750.29,88.88,20.0
PMT-0130,F-13,2022-04-01,14713.5,89.11,25.3
PMT-0130,F-13,2022-05-01,16172.43,85.86,32.2
PMT-0130,F-13,2022-06-01,17237.57,86.87,33.3
PMT-0130,F-13,2022-07-01,16136.77,87.51,30.8
PMT-0130,F-13,2022-08-01,14616.98,88.96,26.0
PMT-0130,F-13,2022-09-01,12214.89,90.62,18.7
PMT-0130,F-13,2022-10-01,10573.63,90.32,12.4
PMT-0130,F-13,2022-11-01,9002.82,91.95,5.2
PMT-0130,F-13,2022-12-01,8742.92,88.72,3.5
PMT-0130,F-13,2023-01-01,9395.27,89.41,7.9
PMT-0130,F-13,2023-02-01,10816.06,92.77,12.0
PMT-0130,F-13,2023-03-01,13038.64,92.25,18.6
PMT-0130,F-13,2023-04-01,15275.12,87.34,24.7
PMT-0130,F-13,2023-05-01,16072.69,87.58,30.9
PMT-0130,F-13,2023-06-01,16683.32,92.99,32.2
PMT-0130,F-13,2023-07-01,15917.22,92.18,27.3
PMT-0130,F-13,2023-08-01,14963.26,91.1,25.6
PMT-0130,F-13,2023-09-01,11996.31,91.27,18.4
PMT-0130,F-13,2023-10-01,10322.16,89.63,10.8
PMT-0130,F-13,2023-11-01,9133.5,92.64,3.8
PMT-0130,F-13,2023-12-01,8500.65,83.77,4.3
PMT-0130,F-13,2024-01-01,9490.63,89.86,5.4
PMT-0130,F-13,2024-02-01,11481.96,90.53,9.9
PMT-0130,F-13,2024-03-01,13218.04,95.56,17.4
PMT-0130,F-13,2024-04-01,14832.36,87.91,25.4
PMT-0130,F-13,2024-05-01,16432.91,91.77,32.0
PMT-0130,F-13,2024-06-01,16621.29,90.41,35.1
PMT-0130,F-13,2024-07-01,15777.67,92.46,29.2
PMT-0130,F-13,2024-08-01,14283.13,90.55,26.1
PMT-0130,F-13,2024-09-01,12473.21,91.41,17.7
PMT-0130,F-13,2024-10-01,10206.29,94.06,13.0
PMT-0130,F-13,2024-11-01,9090.77,87.99,6.2
PMT-0130,F-13,2024-12-01,8691.0,86.26,4.0
PMT-0131,F-14,2022-01-01,13201.5,95.84,6.5
PMT-0131,F-14,2022-02-01,13946.95,87.97,10.6
PMT-0131,F-14,2022-03-01,20028.4,94.39,20.0
PMT-0131,F-14,2022-04-01,20090.8,99.88,22.7
PMT-0131,F-14,2022-05-01,21171.14,94.28,29.6
PMT-0131,F-14,2022-06-01,24745.53,100.0,32.0
PMT-0131,F-14,2022-07-01,23565.38,94.99,33.6
PMT-0131,F-14,2022-08-01,19443.38,91.44,23.9
PMT-0131,F-14,2022-09-01,17600.81,94.74,15.8
PMT-0131,F-14,2022-10-01,14711.06,93.18,11.2
PMT-0131,F-14,2022-11-01,12900.63,98.36,4.8
PMT-0131,F-14,2022-12-01,11806.33,92.96,4.9
PMT-0131,F-14,2023-01-01,11897.62,95.41,7.0
PMT-0131,F-14,2023-02-01,16406.06,94.53,11.4
PMT-0131,F-14,2023-03-01,18787.83,97.04,18.0
PMT-0131,F-14,2023-04-01,22319.5,93.06,24.6
PMT-0131,F-14,2023-05-01,21801.58,99.33,30.7
PMT-0131,F-14,2023-06-01,24472.75,94.91,31.5
PMT-0131,F-14,2023-07-01,22172.92,95.76,29.9
PMT-0131,F-14,2023-08-01,20137.07,96.75,24.8
PMT-0131,F-14,2023-09-01,18820.05,94.5,16.5
PMT-0131,F-14,2023-10-01,13615.5,98.45,8.4
PMT-0131,F-14,2023-11-01,11250.02,95.13,6.4
PMT-0131,F-14,2023-12-01,11918.44,93.48,3.0
PMT-0131,F-14,2024-01-01,11208.64,93.89,3.5
PMT-0131,F-14,2024-02-01,15016.5,92.96,9.0
PMT-0131,F-14,2024-03-01,17787.87,97.67,18.4
PMT-0131,F-14,2024-04-01,22331.33,99.31,24.8
PMT-0131,F-14,2024-05-01,22414.61,99.12,29.6
PMT-0131,F-14,2024-06-01,23086.3,91.79,32.3
PMT-0131,F-14,2024-07-01,24213.03,92.46,28.2
PMT-0131,F-14,2024-08-01,20321.39,93.86,24.4
PMT-0131,F-14,2024-09-01,18016.54,98.7,18.9
PMT-0131,F-14,2024-10-01,14127.12,96.06,11.2
PMT-0131,F-14,2024-11-01,11802.18,94.53,5.5
PMT-0131,F-14,2024-12-01,11281.34,95.34,4.4
PMT-0132,F-14,2022-01-01,10080.75,95.43,5.4
PMT-0132,F-14,2022-02-01,12220.74,91.12,9.6
PMT-0132,F-14,2022-03-01,14050.92,98.77,18.2
PMT-0132,F-14,2022-04-01,17628.99,95.38,25.2
PMT-0132,F-14,2022-05-01,17189.71,88.14,28.1
PMT-0132,F-14,2022-06-01,18603.44,94.37,32.2
PMT-0132,F-14,2022-07-01,17981.38,98.74,28.7
PMT-0132,F-14,2022-08-01,16419.68,92.07,28.0
PMT-0132,F-14,2022-09-01,14214.7,98.71,18.3
PMT-0132,F-14,2022-10-01,11336.01,97.21,11.4
PMT-0132,F-14,2022-11-01,9943.77,99.4,7.1
PMT-0132,F-14,2022-12-01,9253.32,98.16,4.6
PMT-0132,F-14,2023-01-01,10351.2,95.9,6.9
PMT-0132,F-14,2023-02-01,11104.78,98.29,10.3
PMT-0132,F-14,2023-03-01,13378.01,97.69,18.9
PMT-0132,F-14,2023-04-01,16305.26,96.64,24.9
PMT-0132,F-14,2023-05-01,19110.48,97.08,30.2
PMT-0132,F-14,2023-06-01,19074.19,96.49,30.5
PMT-0132,F-14,2023-07-01,19256.8,96.99,30.1
PMT-0132,F-14,2023-08-01,16572.02,98.43,26.1
PMT-0132,F-14,2023-09-01,13893.26,97.07,17.5
PMT-0132,F-14,2023-10-01,11746.93,95.38,11.7
PMT-0132,F-14,2023-11-01,9960.04,97.07,4.1
PMT-0132,F-14,2023-12-01,9824.97,97.79,1.0
PMT-0132,F-14,2024-01-01,9791.45,87.59,6.1
PMT-0132,F-14,2024-02-01,11451.74,94.78,11.1
PMT-0132,F-14,2024-03-01,14009.63,93.84,17.1
PMT-0132,F-14,2024-04-01,17355.0,96.93,23.1
PMT-0132,F-14,2024-05-01,17392.06,100.0,29.2
PMT-0132,F-14,2024-06-01,18248.92,93.69,32.8
PMT-0132,F-14,2024-07-01,16861.75,98.74,31.0
PMT-0132,F-14,2024-08-01,16432.62,95.59,24.7
PMT-0132,F-14,2024-09-01,13717.42,98.46,17.0
PMT-0132,F-14,2024-10-01,11758.42,98.19,10.2
PMT-0132,F-14,2024-11-01,10215.93,96.91,9.3
PMT-0132,F-14,2024-12-01,9301.33,98.96,4.6
PMT-0133,F-14,2022-01-01,13783.08,94.03,5.9
PMT-0133,F-14,2022-02-01,16205.03,96.34,11.3
PMT-0133,F-14,2022-03-01,20552.97,100.0,18.3
PMT-0133,F-14,2022-04-01,22517.48,92.16,25.3
PMT-0133,F-14,2022-05-01,24076.8,95.17,31.8
PMT-0133,F-14,2022-06-01,25237.64,97.67,31.8
PMT-0133,F-14,2022-07-01,23438.12,94.93,29.7
PMT-0133,F-14,2022-08-01,21576.47,97.95,24.3
PMT-0133,F-14,2022-09-01,17671.41,92.29,18.3
PMT-0133,F-14,2022-10-01,14454.28,97.19,11.7
PMT-0133,F-14,2022-11-01,13478.1,97.89,5.1
PMT-0133,F-14,2022-12-01,12984.39,99.79,3.8
PMT-0133,F-14,2023-01-01,13676.79,89.42,6.9
PMT-0133,F-14,2023-02-01,16859.06,92.11,9.3
PMT-0133,F-14,2023-03-01,18473.61,100.0,19.7
PMT-0133,F-14,2023-04-01,20754.45,100.0,25.2
PMT-0133,F-14,2023-05-01,24271.59,94.72,29.2
PMT-0133,F-14,2023-06-01,24665.29,96.14,31.6
PMT-0133,F-14,2023-07-01,22778.55,94.85,28.7
PMT-0133,F-14,2023-08-01,22260.69,89.92,24.0
PMT-0133,F-14,2023-09-01,18874.11,95.49,20.8
PMT-0133,F-14,2023-10-01,15901.04,92.34,11.4
PMT-0133,F-14,2023-11-01,13061.68,95.95,4.8
PMT-0133,F-14,2023-12-01,13391.57,96.54,3.3
PMT-0133,F-14,2024-01-01,13468.35,100.0,4.3
PMT-0133,F-14,2024-02-01,16501.22,92.63,13.7
PMT-0133,F-14,2024-03-01,20136.98,97.04,17.8
PMT-0133,F-14,2024-04-01,22732.06,94.73,24.9
PMT-0133,F-14,2024-05-01,22859.54,98.99,30.3
PMT-0133,F-14,2024-06-01,24007.76,98.63,32.7
PMT-0133,F-14,2024-07-01,22481.53,96.25,30.4
PMT-0133,F-14,2024-08-01,20932.28,92.18,26.0
PMT-0133,F-14,2024-09-01,18482.67,97.13,19.0
PMT-0133,F-14,2024-10-01,16465.22,96.87,11.1
PMT-0133,F-14,2024-11-01,13475.92,98.65,6.9
PMT-0133,F-14,2024-12-01,12780.93,97.15,4.6
PMT-0134,F-14,2022-01-01,7750.46,97.22,5.5
PMT-0134,F-14,2022-02-01,9580.71,99.0,11.1
PMT-0134,F-14,2022-03-01,9756.96,94.61,16.3
PMT-0134,F-14,2022-04-01,10711.09,92.83,24.5
PMT-0134,F-14,2022-05-01,12255.67,89.89,28.9
PMT-0134,F-14,2022-06-01,10212.96,94.49,30.9
PMT-0134,F-14,2022-07-01,8519.27,92.54,31.6
PMT-0134,F-14,2022-08-01,7713.93,94.24,25.5
PMT-0134,F-14,2022-09-01,8328.46,94.01,18.5
PMT-0134,F-14,2022-10-01,8500.61,97.93,13.4
PMT-0134,F-14,2022-11-01,7156.8,93.64,5.8
PMT-0134,F-14,2022-12-01,7664.76,99.44,3.2
PMT-0134,F-14,2023-01-01,8214.05,91.6,6.3
PMT-0134,F-14,2023-02-01,9023.65,91.45,10.8
PMT-0134,F-14,2023-03-01,10571.17,93.64,18.3
PMT-0134,F-14,2023-04-01,10897.29,94.0,25.2
PMT-0134,F-14,2023-05-01,10085.96,93.31,29.4
PMT-0134,F-14,2023-06-01,12780.77,97.78,32.4
PMT-0134,F-14,2023-07-01,9757.71,97.36,28.5
PMT-0134,F-14,2023-08-01,8789.89,98.01,26.9
PMT-0134,F-14,2023-09-01,8248.57,95.44,19.2
PMT-0134,F-14,2023-10-01,6704.65,95.59,10.9
PMT-0134,F-14,2023-11-01,6451.69,98.96,7.9
PMT-0134,F-14,2023-12-01,7744.4,100.0,2.6
PMT-0134,F-14,2024-01-01,7437.74,90.28,5.8
PMT-0134,F-14,2024-02-01,9146.69,98.61,10.2
PMT-0134,F-14,2024-03-01,10743.39,93.6,20.1
PMT-0134,F-14,2024-04-01,11525.61,94.12,25.3
PMT-0134,F-14,2024-05-01,8821.59,98.72,28.3
PMT-0134,F-14,2024-06-01,9989.93,92.27,31.9
PMT-0134,F-14,2024-07-01,9665.65,100.0,30.1
PMT-0134,F-14,2024-08-01,7630.34,94.56,24.1
PMT-0134,F-14,2024-09-01,8619.85,94.75,16.1
PMT-0134,F-14,2024-10-01,6978.84,97.07,10.5
PMT-0134,F-14,2024-11-01,7239.08,94.35,4.1
PMT-0134,F-14,2024-12-01,7681.79,97.32,0.9
PMT-0135,F-14,2022-01-01,5224.7,92.35,4.8
PMT-0135,F-14,2022-02-01,6164.21,93.3,11.0
PMT-0135,F-14,2022-03-01,7129.07,91.83,17.5
PMT-0135,F-14,2022-04-01,7436.37,94.6,25.0
PMT-0135,F-14,2022-05-01,7865.95,91.56,29.2
PMT-0135,F-14,2022-06-01,7843.35,92.0,32.7
PMT-0135,F-14,2022-07-01,7442.24,96.64,31.2
PMT-0135,F-14,2022-08-01,7028.69,97.42,22.3
PMT-0135,F-14,2022-09-01,6076.63,93.64,18.0
PMT-0135,F-14,2022-10-01,5414.35,96.1,13.1
PMT-0135,F-14,2022-11-01,5121.1,94.74,5.5
PMT-0135,F-14,2022-12-01,4663.68,94.92,2.9
PMT-0135,F-14,2023-01-01,5183.49,95.94,5.6
PMT-0135,F-14,2023-02-01,6128.45,98.1,10.5
PMT-0135,F-14,2023-03-01,7320.88,95.67,17.3
PMT-0135,F-14,2023-04-01,7575.76,95.63,22.3
PMT-0135,F-14,2023-05-01,7989.61,95.34,29.7
PMT-0135,F-14,2023-06-01,7928.05,92.67,30.1
PMT-0135,F-14,2023-07-01,7897.92,96.67,31.6
PMT-0135,F-14,2023-08-01,7085.42,95.19,23.7
PMT-0135,F-14,2023-09-01,6471.15,95.59,17.5
PMT-0135,F-14,2023-10-01,5721.63,98.15,10.1
PMT-0135,F-14,2023-11-01,4942.55,91.4,5.1
PMT-0135,F-14,2023-12-01,5057.08,99.15,5.9
PMT-0135,F-14,2024-01-01,5463.72,100.0,6.4
PMT-0135,F-14,2024-02-01,6190.27,90.47,10.5
PMT-0135,F-14,2024-03-01,7470.36,90.52,15.5
PMT-0135,F-14,2024-04-01,7412.42,100.0,26.3
PMT-0135,F-14,2024-05-01,7671.04,96.8,30.1
PMT-0135,F-14,2024-06-01,8596.09,88.94,32.3
PMT-0135,F-14,2024-07-01,7265.38,98.4,30.1
PMT-0135,F-14,2024-08-01,6496.97,100.0,25.3
PMT-0135,F-14,2024-09-01,6038.31,95.0,18.5
PMT-0135,F-14,2024-10-01,4910.73,100.0,10.6
PMT-0135,F-14,2024-11-01,4942.36,93.13,4.9
PMT-0135,F-14,2024-12-01,4731.16,95.69,1.9
PMT-0136,F-14,2022-01-01,7310.39,95.63,4.1
PMT-0136,F-14,2022-02-01,8490.18,96.16,11.2
PMT-0136,F-14,2022-03-01,9714.32,97.64,18.8
PMT-0136,F-14,2022-04-01,11522.93,91.31,26.6
PMT-0136,F-14,2022-05-01,11028.59,93.38,33.0
PMT-0136,F-14,2022-06-01,11714.86,92.77,31.7
PMT-0136,F-14,2022-07-01,11047.13,98.63,30.0
PMT-0136,F-14,2022-08-01,10202.16,90.96,24.9
PMT-0136,F-14,2022-09-01,9174.55,100.0,16.1
PMT-0136,F-14,2022-10-01,7329.13,97.98,12.7
PMT-0136,F-14,2022-11-01,6868.39,97.32,6.8
PMT-0136,F-14,2022-12-01,6396.8,91.32,4.4
PMT-0136,F-14,2023-01-01,7094.51,92.47,5.2
PMT-0136,F-14,2023-02-01,8326.42,98.83,12.8
PMT-0136,F-14,2023-03-01,9606.3,95.8,17.0
PMT-0136,F-14,2023-04-01,11010.46,97.73,25.1
PMT-0136,F-14,2023-05-01,10871.46,96.23,29.3
PMT-0136,F-14,2023-06-01,11715.82,98.08,34.4
PMT-0136,F-14,2023-07-01,11087.64,94.8,30.1
PMT-0136,F-14,2023-08-01,9971.09,96.18,24.6
PMT-0136,F-14,2023-09-01,8697.02,94.9,18.9
PMT-0136,F-14,2023-10-01,8082.54,91.6,13.4
PMT-0136,F-14,2023-11-01,6691.43,95.57,3.5
PMT-0136,F-14,2023-12-01,6627.48,99.45,3.9
PMT-0136,F-14,2024-01-01,7282.69,98.33,4.2
PMT-0136,F-14,2024-02-01,8394.52,94.68,10.4
PMT-0136,F-14,2024-03-01,10327.28,95.71,19.4
PMT-0136,F-14,2024-04-01,10929.23,92.77,23.6
PMT-0136,F-14,2024-05-01,11589.32,92.25,29.9
PMT-0136,F-14,2024-06-01,11276.21,98.02,30.7
PMT-0136,F-14,2024-07-01,12161.13,95.49,28.8
PMT-0136,F-14,2024-08-01,9920.65,98.88,24.0
PMT-0136,F-14,2024-09-01,8745.29,100.0,17.3
PMT-0136,F-14,2024-10-01,7706.42,97.92,11.6
PMT-0136,F-14,2024-11-01,6423.94,100.0,6.8
PMT-0136,F-14,2024-12-01,6742.79,93.44,5.2
PMT-0137,F-14,2022-01-01,9258.35,97.77,7.8
PMT-0137,F-14,2022-02-01,10780.22,95.45,11.1
PMT-0137,F-14,2022-03-01,12843.8,90.73,17.5
PMT-0137,F-14,2022-04-01,14615.98,96.55,25.6
PMT-0137,F-14,2022-05-01,15486.04,96.07,31.9
PMT-0137,F-14,2022-06-01,16097.93,98.77,31.5
PMT-0137,F-14,2022-07-01,15878.12,98.59,29.0
PMT-0137,F-14,2022-08-01,14035.93,96.61,23.6
PMT-0137,F-14,2022-09-01,11571.34,95.8,19.0
PMT-0137,F-14,2022-10-01,10469.91,95.62,12.5
PMT-0137,F-14,2022-11-01,8799.49,98.42,5.2
PMT-0137,F-14,2022-12-01,8503.9,99.91,4.3
PMT-0137,F-14,2023-01-01,9014.85,99.31,7.2
PMT-0137,F-14,2023-02-01,10562.34,97.93,10.8
PMT-0137,F-14,2023-03-01,12672.53,96.21,17.7
PMT-0137,F-14,2023-04-01,14408.66,90.87,25.9
PMT-0137,F-14,2023-05-01,15703.03,95.93,29.6
PMT-0137,F-14,2023-06-01,16164.79,95.06,29.7
PMT-0137,F-14,2023-07-01,15161.02,93.29,29.9
PMT-0137,F-14,2023-08-01,13922.02,98.95,25.8
PMT-0137,F-14,2023-09-01,12306.29,94.44,16.3
PMT-0137,F-14,2023-10-01,10172.63,91.55,11.4
PMT-0137,F-14,2023-11-01,8785.14,96.46,6.0
PMT-0137,F-14,2023-12-01,8657.75,96.01,4.8
PMT-0137,F-14,2024-01-01,9013.09,94.03,7.2
PMT-0137,F-14,2024-02-01,10448.15,96.63,10.9
PMT-0137,F-14,2024-03-01,12806.26,93.24,16.7
PMT-0137,F-14,2024-04-01,13939.14,95.49,22.3
PMT-0137,F-14,2024-05-01,15020.15,87.56,29.7
PMT-0137,F-14,2024-06-01,15471.07,100.0,30.4
PMT-0137,F-14,2024-07-01,14928.79,97.12,27.9
PMT-0137,F-14,2024-08-01,13801.38,99.7,24.8
PMT-0137,F-14,2024-09-01,12316.82,96.32,17.7
PMT-0137,F-14,2024-10-01,10355.97,94.85,10.6
PMT-0137,F-14,2024-11-01,8662.65,100.0,5.8
PMT-0137,F-14,2024-12-01,8302.54,96.33,5.6
PMT-0138,F-14,2022-01-01,15477.5,90.58,5.4
PMT-0138,F-14,2022-02-01,17977.64,93.33,9.7
PMT-0138,F-14,2022-03-01,22994.79,96.45,17.0
PMT-0138,F-14,2022-04-01,25626.81,97.78,23.2
PMT-0138,F-14,2022-05-01,28838.12,100.0,29.0
PMT-0138,F-14,2022-06-01,31054.64,94.08,31.0
PMT-0138,F-14,2022-07-01,27564.79,99.42,28.6
PMT-0138,F-14,2022-08-01,25837.32,90.3,25.1
PMT-0138,F-14,2022-09-01,21711.17,99.84,21.2
PMT-0138,F-14,2022-10-01,17343.56,95.55,11.5
PMT-0138,F-14,2022-11-01,16000.92,100.0,6.9
PMT-0138,F-14,2022-12-01,14719.65,92.91,3.9
PMT-0138,F-14,2023-01-01,15484.27,95.89,6.0
PMT-0138,F-14,2023-02-01,17475.22,95.03,9.7
PMT-0138,F-14,2023-03-01,22762.88,97.21,16.1
PMT-0138,F-14,2023-04-01,26670.44,93.17,23.7
PMT-0138,F-14,2023-05-01,28501.94,100.0,30.8
PMT-0138,F-14,2023-06-01,28974.46,95.32,33.5
PMT-0138,F-14,2023-07-01,26947.93,96.13,29.7
PMT-0138,F-14,2023-08-01,26147.3,100.0,27.5
PMT-0138,F-14,2023-09-01,22665.64,98.94,19.8
PMT-0138,F-14,2023-10-01,19911.99,94.99,11.0
PMT-0138,F-14,2023-11-01,16138.88,93.94,7.0
PMT-0138,F-14,2023-12-01,14667.18,95.65,3.8
PMT-0138,F-14,2024-01-01,15619.98,98.19,6.5
PMT-0138,F-14,2024-02-01,19907.38,99.26,12.2
PMT-0138,F-14,2024-03-01,22881.49,98.68,19.4
PMT-0138,F-14,2024-04-01,24044.25,98.86,23.8
PMT-0138,F-14,2024-05-01,29003.58,94.16,30.1
PMT-0138,F-14,2024-06-01,28752.45,100.0,32.0
PMT-0138,F-14,2024-07-01,28932.11,100.0,31.3
PMT-0138,F-14,2024-08-01,27560.1,100.0,26.5
PMT-0138,F-14,2024-09-01,22734.14,99.05,20.2
PMT-0138,F-14,2024-10-01,19389.52,99.18,12.3
PMT-0138,F-14,2024-11-01,15644.59,97.7,4.4
PMT-0138,F-14,2024-12-01,14777.58,92.94,3.6
PMT-0139,F-14,2022-01-01,10175.01,95.32,5.2
PMT-0139,F-14,2022-02-01,11159.96,96.04,10.7
PMT-0139,F-14,2022-03-01,13498.06,95.98,19.8
PMT-0139,F-14,2022-04-01,15409.94,93.82,25.9
PMT-0139,F-14,2022-05-01,18049.23,91.82,30.9
PMT-0139,F-14,2022-06-01,20702.87,93.48,33.5
PMT-0139,F-14,2022-07-01,17998.51,96.97,29.1
PMT-0139,F-14,2022-08-01,15894.17,97.39,23.1
PMT-0139,F-14,2022-09-01,14179.95,95.11,17.6
PMT-0139,F-14,2022-10-01,11301.71,89.53,11.3
PMT-0139,F-14,2022-11-01,10005.48,98.54,7.2
PMT-0139,F-14,2022-12-01,9029.49,93.29,2.9
PMT-0139,F-14,2023-01-01,9394.33,92.02,8.6
PMT-0139,F-14,2023-02-01,11281.56,90.6,10.2
PMT-0139,F-14,2023-03-01,13868.96,98.33,18.1
PMT-0139,F-14,2023-04-01,16152.41,96.73,24.6
PMT-0139,F-14,2023-05-01,17588.09,93.44,29.5
PMT-0139,F-14,2023-06-01,18419.86,98.77,34.2
PMT-0139,F-14,2023-07-01,18269.68,98.67,30.4
PMT-0139,F-14,2023-08-01,16951.88,94.39,25.6
PMT-0139,F-14,2023-09-01,14433.62,96.73,18.3
PMT-0139,F-14,2023-10-01,11509.67,96.56,11.8
PMT-0139,F-14,2023-11-01,10018.4,96.0,6.0
PMT-0139,F-14,2023-12-01,8653.74,94.74,4.5
PMT-0139,F-14,2024-01-01,10574.77,96.18,5.4
PMT-0139,F-14,2024-02-01,10806.39,94.63,13.3
PMT-0139,F-14,2024-03-01,14272.48,88.51,17.6
PMT-0139,F-14,2024-04-01,16637.85,96.56,24.8
PMT-0139,F-14,2024-05-01,18433.78,94.59,30.4
PMT-0139,F-14,2024-06-01,19958.42,96.39,33.7
PMT-0139,F-14,2024-07-01,17580.06,98.92,29.6
PMT-0139,F-14,2024-08-01,16502.82,100.0,25.2
PMT-0139,F-14,2024-09-01,13730.17,97.56,18.0
PMT-0139,F-14,2024-10-01,12110.07,89.9,8.7
PMT-0139,F-14,2024-11-01,10080.15,96.79,6.3
PMT-0139,F-14,2024-12-01,9196.49,91.96,6.3
PMT-0140,F-14,2022-01-01,7906.2,100.0,7.0
PMT-0140,F-14,2022-02-01,8603.87,97.94,11.5
PMT-0140,F-14,2022-03-01,10480.95,90.48,18.4
PMT-0140,F-14,2022-04-01,11950.13,95.02,24.8
PMT-0140,F-14,2022-05-01,12464.44,91.01,30.3
PMT-0140,F-14,2022-06-01,13260.41,94.58,31.2
PMT-0140,F-14,2022-07-01,12994.69,96.99,31.0
PMT-0140,F-14,2022-08-01,11482.27,93.89,27.0
PMT-0140,F-14,2022-09-01,9735.02,96.71,18.8
PMT-0140,F-14,2022-10-01,8285.87,92.94,11.9
PMT-0140,F-14,2022-11-01,7782.14,95.54,5.9
PMT-0140,F-14,2022-12-01,7079.93,96.38,3.2
PMT-0140,F-14,2023-01-01,7667.79,98.81,3.8
PMT-0140,F-14,2023-02-01,8695.91,97.66,14.0
PMT-0140,F-14,2023-03-01,10199.8,94.62,18.1
PMT-0140,F-14,2023-04-01,11702.55,99.37,26.9
PMT-0140,F-14,2023-05-01,13401.58,96.53,30.3
PMT-0140,F-14,2023-06-01,13423.69,96.2,32.1
PMT-0140,F-14,2023-07-01,12162.52,93.89,30.1
PMT-0140,F-14,2023-08-01,12332.33,94.23,23.8
PMT-0140,F-14,2023-09-01,10098.78,100.0,19.2
PMT-0140,F-14,2023-10-01,8143.88,100.0,10.9
PMT-0140,F-14,2023-11-01,7719.48,93.61,4.1
PMT-0140,F-14,2023-12-01,7083.07,98.87,2.2
PMT-0140,F-14,2024-01-01,7774.42,96.14,3.6
PMT-0140,F-14,2024-02-01,8476.27,91.6,11.5
PMT-0140,F-14,2024-03-01,10263.27,89.81,19.2
PMT-0140,F-14,2024-04-01,11993.94,94.28,27.6
PMT-0140,F-14,2024-05-01,13097.54,90.37,27.6
PMT-0140,F-14,2024-06-01,13304.27,97.95,32.5
PMT-0140,F-14,2024-07-01,12238.56,96.39,32.3
PMT-0140,F-14,2024-08-01,11654.51,98.55,26.2
PMT-0140,F-14,2024-09-01,10122.07,96.84,15.3
PMT-0140,F-14,2024-10-01,8563.23,98.8,9.2
PMT-0140,F-14,2024-11-01,7204.83,92.48,8.4
PMT-0140,F-14,2024-12-01,7139.28,98.69,3.4
PMT-0141,F-15,2022-01-01,15679.09,91.84,4.8
PMT-0141,F-15,2022-02-01,17558.41,98.54,7.4
PMT-0141,F-15,2022-03-01,21020.65,95.55,18.3
PMT-0141,F-15,2022-04-01,23545.57,93.87,24.6
PMT-0141,F-15,2022-05-01,25931.55,96.01,29.8
PMT-0141,F-15,2022-06-01,26047.95,92.45,32.6
PMT-0141,F-15,2022-07-01,24872.38,96.04,30.2
PMT-0141,F-15,2022-08-01,22867.76,98.62,24.6
PMT-0141,F-15,2022-09-01,19751.99,96.97,19.3
PMT-0141,F-15,2022-10-01,16883.98,92.65,11.0
PMT-0141,F-15,2022-11-01,15097.73,98.84,5.4
PMT-0141,F-15,2022-12-01,14523.7,94.86,4.5
PMT-0141,F-15,2023-01-01,14273.24,90.64,4.5
PMT-0141,F-15,2023-02-01,17552.73,92.27,10.0
PMT-0141,F-15,2023-03-01,20513.33,95.81,18.0
PMT-0141,F-15,2023-04-01,23522.96,96.97,23.2
PMT-0141,F-15,2023-05-01,24044.71,95.3,31.0
PMT-0141,F-15,2023-06-01,24913.56,92.12,32.2
PMT-0141,F-15,2023-07-01,23537.35,93.97,29.6
PMT-0141,F-15,2023-08-01,21835.6,91.66,24.5
PMT-0141,F-15,2023-09-01,18500.16,92.99,17.6
PMT-0141,F-15,2023-10-01,16911.75,96.21,12.3
PMT-0141,F-15,2023-11-01,14210.94,96.43,5.5
PMT-0141,F-15,2023-12-01,13460.13,95.89,4.2
PMT-0141,F-15,2024-01-01,15075.91,90.07,6.3
PMT-0141,F-15,2024-02-01,16796.53,96.16,11.3
PMT-0141,F-15,2024-03-01,20337.78,95.49,17.6
PMT-0141,F-15,2024-04-01,22743.26,100.0,26.9
PMT-0141,F-15,2024-05-01,24265.07,96.23,29.7
PMT-0141,F-15,2024-06-01,24047.31,95.28,31.9
PMT-0141,F-15,2024-07-01,24444.28,94.37,29.1
PMT-0141,F-15,2024-08-01,20984.9,97.05,23.0
PMT-0141,F-15,2024-09-01,18313.14,92.8,19.2
PMT-0141,F-15,2024-10-01,15514.25,94.19,12.0
PMT-0141,F-15,2024-11-01,14643.66,93.97,6.5
PMT-0141,F-15,2024-12-01,13695.09,96.43,2.1
PMT-0142,F-15,2022-01-01,6906.92,92.53,4.8
PMT-0142,F-15,2022-02-01,7938.56,93.83,11.5
PMT-0142,F-15,2022-03-01,9970.47,94.02,18.6
PMT-0142,F-15,2022-04-01,11609.84,95.05,25.1
PMT-0142,F-15,2022-05-01,12408.2,96.59,31.4
PMT-0142,F-15,2022-06-01,12981.39,97.09,31.6
PMT-0142,F-15,2022-07-01,12862.85,99.44,27.1
PMT-0142,F-15,2022-08-01,11138.69,96.07,22.0
PMT-0142,F-15,2022-09-01,9558.5,95.01,18.1
PMT-0142,F-15,2022-10-01,7961.89,91.38,10.6
PMT-0142,F-15,2022-11-01,7086.29,96.65,7.4
PMT-0142,F-15,2022-12-01,6792.18,88.3,4.8
PMT-0142,F-15,2023-01-01,7201.49,99.82,6.2
PMT-0142,F-15,2023-02-01,8183.12,96.41,9.9
PMT-0142,F-15,2023-03-01,9753.23,94.82,19.7
PMT-0142,F-15,2023-04-01,11175.75,95.34,27.0
PMT-0142,F-15,2023-05-01,11652.63,93.86,29.2
PMT-0142,F-15,2023-06-01,12583.56,93.96,30.4
PMT-0142,F-15,2023-07-01,12426.68,97.36,30.3
PMT-0142,F-15,2023-08-01,12035.91,95.54,23.8
PMT-0142,F-15,2023-09-01,9918.21,96.07,17.0
PMT-0142,F-15,2023-10-01,8132.63,95.2,12.2
PMT-0142,F-15,2023-11-01,7068.75,98.39,5.6
PMT-0142,F-15,2023-12-01,6482.05,95.69,4.7
PMT-0142,F-15,2024-01-01,7171.14,94.45,4.8
PMT-0142,F-15,2024-02-01,8529.93,95.83,12.1
PMT-0142,F-15,2024-03-01,10245.88,93.73,17.7
PMT-0142,F-15,2024-04-01,11547.4,97.77,23.9
PMT-0142,F-15,2024-05-01,12461.19,94.43,31.7
PMT-0142,F-15,2024-06-01,13365.34,93.54,31.6
PMT-0142,F-15,2024-07-01,13178.76,87.99,32.1
PMT-0142,F-15,2024-08-01,11903.97,92.24,25.8
PMT-0142,F-15,2024-09-01,9966.48,95.43,17.0
PMT-0142,F-15,2024-10-01,8443.15,95.53,11.2
PMT-0142,F-15,2024-11-01,7132.85,92.8,4.6
PMT-0142,F-15,2024-12-01,6873.28,100.0,2.7
PMT-0143,F-15,2022-01-01,10580.01,92.06,5.7
PMT-0143,F-15,2022-02-01,12938.42,93.74,13.6
PMT-0143,F-15,2022-03-01,15522.35,89.64,16.4
PMT-0143,F-15,2022-04-01,18024.06,95.0,24.1
PMT-0143,F-15,2022-05-01,19956.82,93.56,30.8
PMT-0143,F-15,2022-06-01,20463.44,97.05,32.9
PMT-0143,F-15,2022-07-01,19757.24,95.74,29.3
PMT-0143,F-15,2022-08-01,17593.92,97.11,26.3
PMT-0143,F-15,2022-09-01,14920.23,99.64,18.1
PMT-0143,F-15,2022-10-01,12546.49,93.72,10.3
PMT-0143,F-15,2022-11-01,10473.21,93.4,4.9
PMT-0143,F-15,2022-12-01,10069.81,95.78,4.4
PMT-0143,F-15,2023-01-01,10661.51,93.86,7.1
PMT-0143,F-15,2023-02-01,12373.39,93.81,10.5
PMT-0143,F-15,2023-03-01,15612.84,96.75,17.9
PMT-0143,F-15,2023-04-01,18948.68,92.64,25.7
PMT-0143,F-15,2023-05-01,20365.66,94.4,28.3
PMT-0143,F-15,2023-06-01,21399.47,94.43,32.8
PMT-0143,F-15,2023-07-01,20414.41,95.04,31.5
PMT-0143,F-15,2023-08-01,17714.04,98.3,24.6
PMT-0143,F-15,2023-09-01,15573.58,92.51,20.6
PMT-0143,F-15,2023-10-01,12814.41,95.63,11.1
PMT-0143,F-15,2023-11-01,10390.92,97.11,7.7
PMT-0143,F-15,2023-12-01,9754.21,91.37,5.1
PMT-0143,F-15,2024-01-01,10676.01,99.06,6.8
PMT-0143,F-15,2024-02-01,13265.38,98.02,9.7
PMT-0143,F-15,2024-03-01,15247.26,97.66,17.5
PMT-0143,F-15,2024-04-01,16891.93,97.13,25.1
PMT-0143,F-15,2024-05-01,19648.45,100.0,31.0
PMT-0143,F-15,2024-06-01,20413.27,95.53,30.2
PMT-0143,F-15,2024-07-01,18964.43,95.37,32.3
PMT-0143,F-15,2024-08-01,17635.8,100.0,26.7
PMT-0143,F-15,2024-09-01,14574.26,92.32,19.3
PMT-0143,F-15,2024-10-01,12603.09,92.59,10.5
PMT-0143,F-15,2024-11-01,10328.46,94.08,5.2
PMT-0143,F-15,2024-12-01,9833.03,92.78,3.7
PMT-0144,F-15,2022-01-01,13808.54,95.7,6.5
PMT-0144,F-15,2022-02-01,17074.3,91.03,10.9
PMT-0144,F-15,2022-03-01,20950.05,93.61,16.9
PMT-0144,F-15,2022-04-01,24675.31,97.04,24.8
PMT-0144,F-15,2022-05-01,24962.81,97.75,29.3
PMT-0144,F-15,2022-06-01,26777.5,99.93,29.2
PMT-0144,F-15,2022-07-01,24788.69,91.61,31.4
PMT-0144,F-15,2022-08-01,22400.71,93.89,27.0
PMT-0144,F-15,2022-09-01,20891.98,94.86,19.4
PMT-0144,F-15,2022-10-01,15534.88,90.36,11.7
PMT-0144,F-15,2022-11-01,14751.29,88.17,5.5
PMT-0144,F-15,2022-12-01,14122.23,96.04,4.3
PMT-0144,F-15,2023-01-01,14984.86,96.1,6.0
PMT-0144,F-15,2023-02-01,17246.73,94.59,11.5
PMT-0144,F-15,2023-03-01,20309.73,92.91,18.5
PMT-0144,F-15,2023-04-01,23414.95,99.51,25.9
PMT-0144,F-15,2023-05-01,24437.51,95.31,29.1
PMT-0144,F-15,2023-06-01,27743.72,95.55,33.8
PMT-0144,F-15,2023-07-01,26198.35,92.35,28.1
PMT-0144,F-15,2023-08-01,23588.37,92.96,25.6
PMT-0144,F-15,2023-09-01,20091.94,94.13,16.1
PMT-0144,F-15,2023-10-01,15365.87,95.05,12.3
PMT-0144,F-15,2023-11-01,13430.61,97.76,5.9
PMT-0144,F-15,2023-12-01,13155.07,93.51,4.9
PMT-0144,F-15,2024-01-01,14163.75,96.05,6.1
PMT-0144,F-15,2024-02-01,16612.57,89.1,8.6
PMT-0144,F-15,2024-03-01,21041.59,100.0,17.6
PMT-0144,F-15,2024-04-01,24191.81,98.27,24.4
PMT-0144,F-15,2024-05-01,25482.56,89.47,30.1
PMT-0144,F-15,2024-06-01,26299.0,93.76,33.1
PMT-0144,F-15,2024-07-01,25269.55,93.81,28.7
PMT-0144,F-15,2024-08-01,22505.82,98.11,24.1
PMT-0144,F-15,2024-09-01,19861.48,98.74,18.4
PMT-0144,F-15,2024-10-01,16577.46,94.34,11.7
PMT-0144,F-15,2024-11-01,14223.25,86.21,6.6
PMT-0144,F-15,2024-12-01,13810.29,96.28,4.4
PMT-0145,F-15,2022-01-01,9780.8,96.69,6.9
PMT-0145,F-15,2022-02-01,11327.02,96.35,9.4
PMT-0145,F-15,2022-03-01,14155.25,93.49,17.7
PMT-0145,F-15,2022-04-01,15777.36,96.63,26.2
PMT-0145,F-15,2022-05-01,17383.93,93.97,30.7
PMT-0145,F-15,2022-06-01,18190.49,96.78,31.3
PMT-0145,F-15,2022-07-01,17075.25,100.0,32.5
PMT-0145,F-15,2022-08-01,15956.14,98.88,26.2
PMT-0145,F-15,2022-09-01,13210.48,100.0,15.8
PMT-0145,F-15,2022-10-01,11203.77,93.8,13.5
PMT-0145,F-15,2022-11-01,9684.99,100.0,5.4
PMT-0145,F-15,2022-12-01,9284.65,99.4,2.6
PMT-0145,F-15,2023-01-01,9868.41,93.03,3.8
PMT-0145,F-15,2023-02-01,11334.34,100.0,10.8
PMT-0145,F-15,2023-03-01,14016.46,99.59,17.8
PMT-0145,F-15,2023-04-01,15711.09,91.74,25.8
PMT-0145,F-15,2023-05-01,17138.75,98.2,28.9
PMT-0145,F-15,2023-06-01,18114.63,99.89,35.0
PMT-0145,F-15,2023-07-01,18362.97,98.15,30.6
PMT-0145,F-15,2023-08-01,15384.79,97.49,24.3
PMT-0145,F-15,2023-09-01,13485.32,95.77,18.4
PMT-0145,F-15,2023-10-01,11253.95,97.96,10.5
PMT-0145,F-15,2023-11-01,9757.45,97.83,6.9
PMT-0145,F-15,2023-12-01,9095.27,93.51,3.2
PMT-0145,F-15,2024-01-01,9592.09,91.74,5.7
PMT-0145,F-15,2024-02-01,11593.58,92.0,13.1
PMT-0145,F-15,2024-03-01,13476.81,97.33,17.3
PMT-0145,F-15,2024-04-01,15810.61,97.26,25.6
PMT-0145,F-15,2024-05-01,17261.04,100.0,28.7
PMT-0145,F-15,2024-06-01,18579.65,91.79,32.0
PMT-0145,F-15,2024-07-01,18223.15,98.97,27.7
PMT-0145,F-15,2024-08-01,15629.39,92.77,23.3
PMT-0145,F-15,2024-09-01,13746.3,94.89,17.5
PMT-0145,F-15,2024-10-01,10939.53,96.2,8.4
PMT-0145,F-15,2024-11-01,9709.15,95.22,6.3
PMT-0145,F-15,2024-12-01,9098.77,94.87,2.3
PMT-0146,F-15,2022-01-01,6371.42,93.2,5.1
PMT-0146,F-15,2022-02-01,7373.63,91.02,9.2
PMT-0146,F-15,2022-03-01,8817.75,96.85,19.3
PMT-0146,F-15,2022-04-01,10398.2,91.74,26.8
PMT-0146,F-15,2022-05-01,10984.32,92.22,30.9
PMT-0146,F-15,2022-06-01,11179.44,96.72,34.3
PMT-0146,F-15,2022-07-01,11011.44,94.9,28.3
PMT-0146,F-15,2022-08-01,9545.28,97.03,24.8
PMT-0146,F-15,2022-09-01,8604.64,100.0,18.0
PMT-0146,F-15,2022-10-01,6178.11,94.1,9.8
PMT-0146,F-15,2022-11-01,5290.63,95.49,6.2
PMT-0146,F-15,2022-12-01,4997.59,97.28,1.4
PMT-0146,F-15,2023-01-01,6280.7,97.87,5.9
PMT-0146,F-15,2023-02-01,7158.94,98.12,12.0
PMT-0146,F-15,2023-03-01,8854.21,96.2,19.2
PMT-0146,F-15,2023-04-01,9529.43,95.16,26.0
PMT-0146,F-15,2023-05-01,10574.22,94.36,30.4
PMT-0146,F-15,2023-06-01,11002.05,94.78,33.4
PMT-0146,F-15,2023-07-01,10646.14,94.55,29.6
PMT-0146,F-15,2023-08-01,9690.14,99.65,23.9
PMT-0146,F-15,2023-09-01,8245.07,94.71,19.5
PMT-0146,F-15,2023-10-01,7101.33,94.12,14.3
PMT-0146,F-15,2023-11-01,6156.24,100.0,7.8
PMT-0146,F-15,2023-12-01,5868.44,97.53,3.6
PMT-0146,F-15,2024-01-01,6043.4,91.88,5.1
PMT-0146,F-15,2024-02-01,7354.82,100.0,10.6
PMT-0146,F-15,2024-03-01,8614.92,92.76,19.6
PMT-0146,F-15,2024-04-01,10100.06,94.16,25.1
PMT-0146,F-15,2024-05-01,10202.96,94.61,30.9
PMT-0146,F-15,2024-06-01,10776.56,88.77,32.3
PMT-0146,F-15,2024-07-01,11133.82,96.71,31.3
PMT-0146,F-15,2024-08-01,9518.33,94.88,24.6
PMT-0146,F-15,2024-09-01,8713.06,97.92,16.8
PMT-0146,F-15,2024-10-01,6768.8,93.82,11.0
PMT-0146,F-15,2024-11-01,6094.54,95.39,4.2
PMT-0146,F-15,2024-12-01,5774.85,91.27,5.5
PMT-0147,F-15,2022-01-01,7617.13,93.74,6.3
PMT-0147,F-15,2022-02-01,9102.26,96.62,11.6
PMT-0147,F-15,2022-03-01,10860.26,96.66,21.0
PMT-0147,F-15,2022-04-01,12478.72,93.8,25.2
PMT-0147,F-15,2022-05-01,13781.1,93.91,31.2
PMT-0147,F-15,2022-06-01,12961.1,96.36,30.2
PMT-0147,F-15,2022-07-01,13774.52,94.88,32.4
PMT-0147,F-15,2022-08-01,12167.59,95.47,22.3
PMT-0147,F-15,2022-09-01,10604.3,96.89,18.3
PMT-0147,F-15,2022-10-01,8780.37,93.45,10.2
PMT-0147,F-15,2022-11-01,7481.13,91.89,7.4
PMT-0147,F-15,2022-12-01,7050.3,93.22,4.5
PMT-0147,F-15,2023-01-01,7280.76,90.31,5.2
PMT-0147,F-15,2023-02-01,9065.88,96.7,11.3
PMT-0147,F-15,2023-03-01,11105.39,94.44,18.0
PMT-0147,F-15,2023-04-01,12714.83,100.0,25.4
PMT-0147,F-15,2023-05-01,13916.34,91.56,30.6
PMT-0147,F-15,2023-06-01,14067.2,96.28,31.0
PMT-0147,F-15,2023-07-01,14674.39,99.45,28.9
PMT-0147,F-15,2023-08-01,11824.72,91.51,24.1
PMT-0147,F-15,2023-09-01,9863.23,93.63,18.2
PMT-0147,F-15,2023-10-01,8684.09,99.21,11.3
PMT-0147,F-15,2023-11-01,7270.3,93.62,5.3
PMT-0147,F-15,2023-12-01,7084.96,97.44,4.2
PMT-0147,F-15,2024-01-01,7698.17,92.18,6.8
PMT-0147,F-15,2024-02-01,9227.34,95.03,11.3
PMT-0147,F-15,2024-03-01,10551.48,96.51,18.2
PMT-0147,F-15,2024-04-01,12878.88,94.56,25.8
PMT-0147,F-15,2024-05-01,12663.11,94.79,30.9
PMT-0147,F-15,2024-06-01,13891.98,95.74,30.2
PMT-0147,F-15,2024-07-01,13048.22,97.12,30.8
PMT-0147,F-15,2024-08-01,12578.14,100.0,25.7
PMT-0147,F-15,2024-09-01,10639.58,92.48,18.8
PMT-0147,F-15,2024-10-01,8293.89,93.38,9.8
PMT-0147,F-15,2024-11-01,7559.76,93.08,4.5
PMT-0147,F-15,2024-12-01,7224.93,93.93,3.9
PMT-0148,F-15,2022-01-01,8458.4,99.37,6.2
PMT-0148,F-15,2022-02-01,10192.69,96.18,12.1
PMT-0148,F-15,2022-03-01,11621.21,95.47,16.6
PMT-0148,F-15,2022-04-01,12193.55,92.52,24.7
PMT-0148,F-15,2022-05-01,13455.48,94.57,31.3
PMT-0148,F-15,2022-06-01,12440.19,92.91,32.4
PMT-0148,F-15,2022-07-01,12470.53,99.96,29.9
PMT-0148,F-15,2022-08-01,11043.82,99.19,24.1
PMT-0148,F-15,2022-09-01,9246.58,97.86,19.6
PMT-0148,F-15,2022-10-01,8918.72,97.79,11.0
PMT-0148,F-15,2022-11-01,7662.35,99.5,5.6
PMT-0148,F-15,2022-12-01,7839.73,100.0,5.5
PMT-0148,F-15,2023-01-01,8331.45,95.53,6.8
PMT-0148,F-15,2023-02-01,9831.1,91.96,11.0
PMT-0148,F-15,2023-03-01,11445.41,95.61,16.6
PMT-0148,F-15,2023-04-01,12399.65,96.28,24.7
PMT-0148,F-15,2023-05-01,13628.98,91.02,31.1
PMT-0148,F-15,2023-06-01,12914.26,97.48,30.1
PMT-0148,F-15,2023-07-01,13130.34,89.92,30.2
PMT-0148,F-15,2023-08-01,10833.28,100.0,25.1
PMT-0148,F-15,2023-09-01,10452.02,97.98,17.1
PMT-0148,F-15,2023-10-01,8524.48,99.14,12.4
PMT-0148,F-15,2023-11-01,8199.69,90.71,5.6
PMT-0148,F-15,2023-12-01,8160.04,90.89,3.2
PMT-0148,F-15,2024-01-01,8599.03,97.14,8.5
PMT-0148,F-15,2024-02-01,9957.89,93.14,11.7
PMT-0148,F-15,2024-03-01,11427.48,99.63,15.2
PMT-0148,F-15,2024-04-01,12272.73,94.96,23.1
PMT-0148,F-15,2024-05-01,12687.16,98.45,27.7
PMT-0148,F-15,2024-06-01,12465.95,97.09,32.6
PMT-0148,F-15,2024-07-01,12356.63,97.53,30.6
PMT-0148,F-15,2024-08-01,11402.27,100.0,24.0
PMT-0148,F-15,2024-09-01,9978.46,95.57,18.2
PMT-0148,F-15,2024-10-01,9391.3,93.79,12.3
PMT-0148,F-15,2024-11-01,8410.03,98.29,7.6
PMT-0148,F-15,2024-12-01,7870.15,90.42,5.5
PMT-0149,F-15,2022-01-01,10837.79,97.21,5.3
PMT-0149,F-15,2022-02-01,12860.05,100.0,11.0
PMT-0149,F-15,2022-03-01,16273.39,91.74,17.1
PMT-0149,F-15,2022-04-01,17671.87,94.75,23.9
PMT-0149,F-15,2022-05-01,19738.62,95.76,32.3
PMT-0149,F-15,2022-06-01,19873.54,97.65,31.8
PMT-0149,F-15,2022-07-01,20596.03,93.54,31.2
PMT-0149,F-15,2022-08-01,18203.48,94.2,25.1
PMT-0149,F-15,2022-09-01,15611.27,93.98,18.2
PMT-0149,F-15,2022-10-01,12610.67,97.54,10.4
PMT-0149,F-15,2022-11-01,11466.13,100.0,6.6
PMT-0149,F-15,2022-12-01,10482.12,92.59,4.5
PMT-0149,F-15,2023-01-01,10907.94,91.54,4.9
PMT-0149,F-15,2023-02-01,13178.45,95.61,11.0
PMT-0149,F-15,2023-03-01,16077.65,92.58,17.7
PMT-0149,F-15,2023-04-01,18569.54,94.29,25.3
PMT-0149,F-15,2023-05-01,20037.92,89.62,29.1
PMT-0149,F-15,2023-06-01,20443.38,99.52,31.1
PMT-0149,F-15,2023-07-01,19010.02,93.68,29.4
PMT-0149,F-15,2023-08-01,17710.16,95.79,24.8
PMT-0149,F-15,2023-09-01,15758.26,97.32,18.6
PMT-0149,F-15,2023-10-01,12815.69,96.86,10.1
PMT-0149,F-15,2023-11-01,10365.84,92.86,6.7
PMT-0149,F-15,2023-12-01,10330.95,98.43,5.6
PMT-0149,F-15,2024-01-01,10918.3,92.78,6.5
PMT-0149,F-15,2024-02-01,12699.72,95.79,11.3
PMT-0149,F-15,2024-03-01,15089.7,97.29,18.6
PMT-0149,F-15,2024-04-01,18491.82,96.43,24.1
PMT-0149,F-15,2024-05-01,20661.68,92.99,28.6
PMT-0149,F-15,2024-06-01,21316.77,96.81,29.9
PMT-0149,F-15,2024-07-01,19833.15,96.95,28.1
PMT-0149,F-15,2024-08-01,17191.58,97.12,24.4
PMT-0149,F-15,2024-09-01,15278.73,95.87,17.9
PMT-0149,F-15,2024-10-01,13416.33,97.17,11.1
PMT-0149,F-15,2024-11-01,10795.16,94.83,5.2
PMT-0149,F-15,2024-12-01,10377.75,92.77,4.6
PMT-0150,F-15,2022-01-01,14803.65,88.59,7.0
PMT-0150,F-15,2022-02-01,18271.14,91.66,11.8
PMT-0150,F-15,2022-03-01,20640.03,94.58,17.1
PMT-0150,F-15,2022-04-01,23288.89,95.4,24.8
PMT-0150,F-15,2022-05-01,25460.61,93.1,30.7
PMT-0150,F-15,2022-06-01,26654.94,93.36,31.8
PMT-0150,F-15,2022-07-01,26333.4,91.23,28.0
PMT-0150,F-15,2022-08-01,21916.47,93.25,24.4
PMT-0150,F-15,2022-09-01,20155.1,94.33,18.5
PMT-0150,F-15,2022-10-01,16857.28,93.1,9.7
PMT-0150,F-15,2022-11-01,14308.36,96.76,5.4
PMT-0150,F-15,2022-12-01,13878.6,95.65,2.8
PMT-0150,F-15,2023-01-01,14813.3,93.02,5.5
PMT-0150,F-15,2023-02-01,17364.13,91.5,8.7
PMT-0150,F-15,2023-03-01,20464.39,97.3,18.8
PMT-0150,F-15,2023-04-01,24161.57,99.55,24.5
PMT-0150,F-15,2023-05-01,25214.75,93.4,26.8
PMT-0150,F-15,2023-06-01,26205.28,89.89,32.3
PMT-0150,F-15,2023-07-01,25203.42,92.93,31.2
PMT-0150,F-15,2023-08-01,22690.08,92.18,26.7
PMT-0150,F-15,2023-09-01,19024.68,98.42,18.2
PMT-0150,F-15,2023-10-01,16187.45,95.45,11.1
PMT-0150,F-15,2023-11-01,15010.99,97.88,6.8
PMT-0150,F-15,2023-12-01,13619.4,95.45,5.0
PMT-0150,F-15,2024-01-01,14200.55,93.86,6.3
PMT-0150,F-15,2024-02-01,16778.59,94.09,12.4
PMT-0150,F-15,2024-03-01,20700.7,100.0,15.1
PMT-0150,F-15,2024-04-01,23749.62,93.17,24.6
PMT-0150,F-15,2024-05-01,24969.97,91.19,28.4
PMT-0150,F-15,2024-06-01,26163.03,97.59,30.7
PMT-0150,F-15,2024-07-01,24545.0,91.34,29.2
PMT-0150,F-15,2024-08-01,22179.19,96.21,26.2
PMT-0150,F-15,2024-09-01,19275.63,88.66,16.3
PMT-0150,F-15,2024-10-01,16727.64,92.22,11.3
PMT-0150,F-15,2024-11-01,14580.37,94.06,6.7
PMT-0150,F-15,2024-12-01,14386.42,91.88,2.6
PMT-0151,F-16,2022-01-01,10335.59,92.25,4.5
PMT-0151,F-16,2022-02-01,11506.19,90.59,12.1
PMT-0151,F-16,2022-03-01,13457.5,84.87,18.5
PMT-0151,F-16,2022-04-01,15753.57,84.34,26.8
PMT-0151,F-16,2022-05-01,16889.75,88.16,31.6
PMT-0151,F-16,2022-06-01,18071.32,90.73,34.8
PMT-0151,F-16,2022-07-01,16839.04,92.76,29.3
PMT-0151,F-16,2022-08-01,15444.3,86.84,23.4
PMT-0151,F-16,2022-09-01,12916.57,85.62,18.4
PMT-0151,F-16,2022-10-01,10552.94,85.46,8.6
PMT-0151,F-16,2022-11-01,8719.17,89.16,7.2
PMT-0151,F-16,2022-12-01,8403.93,85.79,5.1
PMT-0151,F-16,2023-01-01,9030.0,83.82,4.7
PMT-0151,F-16,2023-02-01,10836.85,88.03,9.5
PMT-0151,F-16,2023-03-01,13353.8,89.45,16.2
PMT-0151,F-16,2023-04-01,13690.98,89.22,22.8
PMT-0151,F-16,2023-05-01,16517.82,87.32,32.3
PMT-0151,F-16,2023-06-01,17158.47,87.87,30.7
PMT-0151,F-16,2023-07-01,17654.88,88.3,31.0
PMT-0151,F-16,2023-08-01,15346.1,89.95,23.9
PMT-0151,F-16,2023-09-01,12209.07,90.58,18.2
PMT-0151,F-16,2023-10-01,9760.9,90.06,10.4
PMT-0151,F-16,2023-11-01,10118.71,90.44,5.9
PMT-0151,F-16,2023-12-01,8756.04,91.0,4.5
PMT-0151,F-16,2024-01-01,9415.24,86.15,3.5
PMT-0151,F-16,2024-02-01,10901.93,86.96,10.2
PMT-0151,F-16,2024-03-01,13987.61,90.63,17.4
PMT-0151,F-16,2024-04-01,15309.75,91.65,27.7
PMT-0151,F-16,2024-05-01,16695.03,91.59,30.1
PMT-0151,F-16,2024-06-01,17391.56,90.36,31.1
PMT-0151,F-16,2024-07-01,15758.17,85.42,29.9
PMT-0151,F-16,2024-08-01,14874.23,89.83,25.7
PMT-0151,F-16,2024-09-01,11840.0,86.65,19.3
PMT-0151,F-16,2024-10-01,10891.84,86.03,10.4
PMT-0151,F-16,2024-11-01,9127.6,85.72,5.5
PMT-0151,F-16,2024-12-01,8871.7,88.51,2.3
PMT-0152,F-16,2022-01-01,10914.39,88.77,9.6
PMT-0152,F-16,2022-02-01,12691.16,88.38,11.5
PMT-0152,F-16,2022-03-01,15381.59,89.28,17.1
PMT-0152,F-16,2022-04-01,17878.27,87.74,23.9
PMT-0152,F-16,2022-05-01,18860.44,89.83,31.6
PMT-0152,F-16,2022-06-01,21727.11,89.5,33.4
PMT-0152,F-16,2022-07-01,19380.5,85.25,29.2
PMT-0152,F-16,2022-08-01,18453.99,94.56,24.7
PMT-0152,F-16,2022-09-01,15734.09,96.36,17.6
PMT-0152,F-16,2022-10-01,13361.42,88.49,13.4
PMT-0152,F-16,2022-11-01,11142.36,82.36,3.6
PMT-0152,F-16,2022-12-01,9411.97,91.23,3.9
PMT-0152,F-16,2023-01-01,10329.03,91.45,6.1
PMT-0152,F-16,2023-02-01,11788.36,92.45,9.9
PMT-0152,F-16,2023-03-01,14341.72,91.44,18.8
PMT-0152,F-16,2023-04-01,17064.57,88.86,23.4
PMT-0152,F-16,2023-05-01,18498.49,84.07,29.2
PMT-0152,F-16,2023-06-01,18588.49,91.16,32.6
PMT-0152,F-16,2023-07-01,16811.93,91.24,31.2
PMT-0152,F-16,2023-08-01,15672.62,90.69,25.1
PMT-0152,F-16,2023-09-01,13259.09,92.43,18.6
PMT-0152,F-16,2023-10-01,11604.31,86.37,11.1
PMT-0152,F-16,2023-11-01,10204.23,84.91,6.0
PMT-0152,F-16,2023-12-01,9312.59,91.16,2.6
PMT-0152,F-16,2024-01-01,9866.74,90.67,7.1
PMT-0152,F-16,2024-02-01,11964.96,86.13,12.2
PMT-0152,F-16,2024-03-01,14412.91,87.86,18.7
PMT-0152,F-16,2024-04-01,16694.7,87.63,25.4
PMT-0152,F-16,2024-05-01,17714.63,92.46,29.1
PMT-0152,F-16,2024-06-01,18693.34,93.43,32.6
PMT-0152,F-16,2024-07-01,18339.96,86.76,32.2
PMT-0152,F-16,2024-08-01,17425.3,87.43,24.5
PMT-0152,F-16,2024-09-01,14029.56,85.51,17.7
PMT-0152,F-16,2024-10-01,12091.01,84.93,10.4
PMT-0152,F-16,2024-11-01,9896.43,87.84,5.7
PMT-0152,F-16,2024-12-01,9334.11,89.44,5.6
PMT-0153,F-16,2022-01-01,15220.84,92.84,7.1
PMT-0153,F-16,2022-02-01,18523.71,90.8,10.8
PMT-0153,F-16,2022-03-01,21747.4,83.88,18.8
PMT-0153,F-16,2022-04-01,25424.96,92.92,25.0
PMT-0153,F-16,2022-05-01,28542.03,86.89,30.3
PMT-0153,F-16,2022-06-01,29735.9,87.69,32.6
PMT-0153,F-16,2022-07-01,29442.37,82.38,30.6
PMT-0153,F-16,2022-08-01,25297.37,87.56,26.2
PMT-0153,F-16,2022-09-01,21009.91,92.84,21.4
PMT-0153,F-16,2022-10-01,18209.86,89.1,10.5
PMT-0153,F-16,2022-11-01,15590.34,80.57,4.8
PMT-0153,F-16,2022-12-01,13790.68,88.04,4.9
PMT-0153,F-16,2023-01-01,15581.29,86.82,7.2
PMT-0153,F-16,2023-02-01,17845.18,91.63,9.7
PMT-0153,F-16,2023-03-01,21391.85,86.51,17.4
PMT-0153,F-16,2023-04-01,24972.51,85.12,25.6
PMT-0153,F-16,2023-05-01,29413.16,87.53,31.8
PMT-0153,F-16,2023-06-01,29142.29,89.6,32.1
PMT-0153,F-16,2023-07-01,28675.41,88.67,31.4
PMT-0153,F-16,2023-08-01,25277.09,86.43,24.7
PMT-0153,F-16,2023-09-01,20994.06,87.81,18.1
PMT-0153,F-16,2023-10-01,17860.06,88.57,12.9
PMT-0153,F-16,2023-11-01,15403.58,90.77,6.3
PMT-0153,F-16,2023-12-01,13509.25,80.39,2.8
PMT-0153,F-16,2024-01-01,15572.04,91.68,7.0
PMT-0153,F-16,2024-02-01,19492.51,89.84,10.5
PMT-0153,F-16,2024-03-01,21043.07,91.06,19.6
PMT-0153,F-16,2024-04-01,27151.19,88.29,23.5
PMT-0153,F-16,2024-05-01,28959.22,93.04,29.2
PMT-0153,F-16,2024-06-01,30644.4,84.62,31.8
PMT-0153,F-16,2024-07-01,28197.83,88.15,29.6
PMT-0153,F-16,2024-08-01,26502.31,89.22,25.6
PMT-0153,F-16,2024-09-01,22933.54,90.39,18.0
PMT-0153,F-16,2024-10-01,18200.35,87.32,11.2
PMT-0153,F-16,2024-11-01,15266.42,86.96,6.0
PMT-0153,F-16,2024-12-01,14331.26,91.55,3.9
PMT-0154,F-16,2022-01-01,12125.5,86.66,4.0
PMT-0154,F-16,2022-02-01,13539.85,89.04,11.5
PMT-0154,F-16,2022-03-01,16574.05,90.87,19.3
PMT-0154,F-16,2022-04-01,17823.66,88.05,26.0
PMT-0154,F-16,2022-05-01,20704.93,85.73,29.4
PMT-0154,F-16,2022-06-01,20531.02,89.01,32.4
PMT-0154,F-16,2022-07-01,20979.27,90.8,30.1
PMT-0154,F-16,2022-08-01,17675.18,88.67,24.0
PMT-0154,F-16,2022-09-01,15189.05,87.69,19.9
PMT-0154,F-16,2022-10-01,12952.84,86.66,9.8
PMT-0154,F-16,2022-11-01,12096.48,88.64,6.4
PMT-0154,F-16,2022-12-01,11142.39,90.05,3.7
PMT-0154,F-16,2023-01-01,12210.18,92.46,7.7
PMT-0154,F-16,2023-02-01,13661.75,84.08,12.8
PMT-0154,F-16,2023-03-01,16975.67,87.97,19.1
PMT-0154,F-16,2023-04-01,17952.11,79.76,24.4
PMT-0154,F-16,2023-05-01,20357.43,88.88,29.9
PMT-0154,F-16,2023-06-01,19727.79,86.96,32.2
PMT-0154,F-16,2023-07-01,19855.14,87.27,31.0
PMT-0154,F-16,2023-08-01,17684.13,83.02,24.7
PMT-0154,F-16,2023-09-01,14825.18,88.36,19.9
PMT-0154,F-16,2023-10-01,13133.55,91.47,11.5
PMT-0154,F-16,2023-11-01,11702.35,84.6,6.0
PMT-0154,F-16,2023-12-01,10955.4,83.64,4.2
PMT-0154,F-16,2024-01-01,12134.39,90.4,6.7
PMT-0154,F-16,2024-02-01,14613.13,86.06,11.4
PMT-0154,F-16,2024-03-01,16607.47,85.79,17.8
PMT-0154,F-16,2024-04-01,18600.89,89.94,24.5
PMT-0154,F-16,2024-05-01,20670.7,83.05,29.9
PMT-0154,F-16,2024-06-01,19844.31,92.28,32.7
PMT-0154,F-16,2024-07-01,19561.21,92.05,31.5
PMT-0154,F-16,2024-08-01,18806.46,86.07,24.7
PMT-0154,F-16,2024-09-01,16286.87,92.52,18.2
PMT-0154,F-16,2024-10-01,13676.38,90.73,10.2
PMT-0154,F-16,2024-11-01,11876.23,86.48,8.4
PMT-0154,F-16,2024-12-01,10899.63,89.84,4.8
PMT-0155,F-16,2022-01-01,7483.75,94.05,5.8
PMT-0155,F-16,2022-02-01,9145.41,84.25,10.5
PMT-0155,F-16,2022-03-01,10431.3,87.5,17.3
PMT-0155,F-16,2022-04-01,10787.86,85.08,23.8
PMT-0155,F-16,2022-05-01,11597.4,86.86,30.5
PMT-0155,F-16,2022-06-01,10296.47,89.56,33.7
PMT-0155,F-16,2022-07-01,10060.12,90.04,28.6
PMT-0155,F-16,2022-08-01,10103.11,88.38,23.3
PMT-0155,F-16,2022-09-01,7098.51,86.15,19.6
PMT-0155,F-16,2022-10-01,7924.09,91.76,15.3
PMT-0155,F-16,2022-11-01,7249.07,87.14,6.5
PMT-0155,F-16,2022-12-01,6885.24,87.79,4.6
PMT-0155,F-16,2023-01-01,8231.68,90.33,5.1
PMT-0155,F-16,2023-02-01,8199.04,88.19,11.0
PMT-0155,F-16,2023-03-01,9190.22,91.4,18.6
PMT-0155,F-16,2023-04-01,10966.95,90.58,26.6
PMT-0155,F-16,2023-05-01,10271.18,93.17,29.5
PMT-0155,F-16,2023-06-01,10470.25,84.83,30.2
PMT-0155,F-16,2023-07-01,10070.66,87.91,31.0
PMT-0155,F-16,2023-08-01,8771.03,90.26,26.8
PMT-0155,F-16,2023-09-01,7425.32,89.35,17.0
PMT-0155,F-16,2023-10-01,7822.43,89.16,10.8
PMT-0155,F-16,2023-11-01,6885.17,88.06,5.4
PMT-0155,F-16,2023-12-01,7116.69,85.74,3.5
PMT-0155,F-16,2024-01-01,7798.12,88.35,5.0
PMT-0155,F-16,2024-02-01,8967.18,90.45,9.0
PMT-0155,F-16,2024-03-01,9394.82,82.58,17.3
PMT-0155,F-16,2024-04-01,9931.19,87.23,22.5
PMT-0155,F-16,2024-05-01,10058.18,89.14,31.0
PMT-0155,F-16,2024-06-01,10438.89,85.88,32.6
PMT-0155,F-16,2024-07-01,10696.51,87.06,29.7
PMT-0155,F-16,2024-08-01,9400.94,89.91,24.6
PMT-0155,F-16,2024-09-01,8938.62,85.65,19.2
PMT-0155,F-16,2024-10-01,8127.97,81.92,10.8
PMT-0155,F-16,2024-11-01,6640.35,84.28,6.4
PMT-0155,F-16,2024-12-01,6774.54,96.8,3.4
PMT-0156,F-16,2022-01-01,6988.41,90.24,5.6
PMT-0156,F-16,2022-02-01,8368.58,87.69,11.6
PMT-0156,F-16,2022-03-01,9788.98,93.09,18.6
PMT-0156,F-16,2022-04-01,11542.5,90.51,26.6
PMT-0156,F-16,2022-05-01,12091.89,92.91,29.9
PMT-0156,F-16,2022-06-01,12557.79,90.54,31.1
PMT-0156,F-16,2022-07-01,12521.53,89.69,29.4
PMT-0156,F-16,2022-08-01,10781.33,87.39,26.9
PMT-0156,F-16,2022-09-01,9741.94,84.16,16.7
PMT-0156,F-16,2022-10-01,7847.29,87.17,12.3
PMT-0156,F-16,2022-11-01,6701.89,80.97,4.9
PMT-0156,F-16,2022-12-01,6487.18,86.61,3.6
PMT-0156,F-16,2023-01-01,6915.97,90.8,6.5
PMT-0156,F-16,2023-02-01,8216.08,92.72,12.0
PMT-0156,F-16,2023-03-01,9538.76,90.37,18.2
PMT-0156,F-16,2023-04-01,11645.82,92.68,24.5
PMT-0156,F-16,2023-05-01,11041.29,90.23,30.3
PMT-0156,F-16,2023-06-01,11834.11,84.62,32.2
PMT-0156,F-16,2023-07-01,12154.58,88.84,29.0
PMT-0156,F-16,2023-08-01,11487.4,87.13,24.7
PMT-0156,F-16,2023-09-01,9044.2,81.94,19.0
PMT-0156,F-16,2023-10-01,7660.43,88.4,12.4
PMT-0156,F-16,2023-11-01,6703.03,90.81,5.7
PMT-0156,F-16,2023-12-01,6696.77,89.0,3.2
PMT-0156,F-16,2024-01-01,6852.79,89.79,4.7
PMT-0156,F-16,2024-02-01,8345.99,93.73,10.3
PMT-0156,F-16,2024-03-01,9390.9,86.68,19.1
PMT-0156,F-16,2024-04-01,10840.9,88.76,24.6
PMT-0156,F-16,2024-05-01,11827.28,86.85,27.1
PMT-0156,F-16,2024-06-01,12057.36,85.47,28.8
PMT-0156,F-16,2024-07-01,11171.48,90.05,31.1
PMT-0156,F-16,2024-08-01,11000.53,91.1,23.7
PMT-0156,F-16,2024-09-01,9176.53,88.06,17.7
PMT-0156,F-16,2024-10-01,7734.8,86.36,11.8
PMT-0156,F-16,2024-11-01,6496.5,81.34,4.6
PMT-0156,F-16,2024-12-01,6564.67,89.5,4.2
PMT-0157,F-16,2022-01-01,14983.48,89.59,6.1
PMT-0157,F-16,2022-02-01,17789.45,87.22,10.5
PMT-0157,F-16,2022-03-01,21271.55,86.05,16.8
PMT-0157,F-16,2022-04-01,24982.28,86.02,24.9
PMT-0157,F-16,2022-05-01,26711.61,87.46,30.0
PMT-0157,F-16,2022-06-01,28013.88,88.61,32.0
PMT-0157,F-16,2022-07-01,27018.35,89.68,29.6
PMT-0157,F-16,2022-08-01,23986.93,89.19,24.8
PMT-0157,F-16,2022-09-01,20334.12,83.66,17.8
PMT-0157,F-16,2022-10-01,17091.16,86.4,11.3
PMT-0157,F-16,2022-11-01,14171.52,91.33,8.5
PMT-0157,F-16,2022-12-01,14339.25,88.98,2.7
PMT-0157,F-16,2023-01-01,14689.77,86.61,5.7
PMT-0157,F-16,2023-02-01,17907.22,96.35,10.4
PMT-0157,F-16,2023-03-01,21577.89,84.46,20.7
PMT-0157,F-16,2023-04-01,23773.1,90.4,23.6
PMT-0157,F-16,2023-05-01,25271.62,90.68,29.1
PMT-0157,F-16,2023-06-01,26421.63,86.95,32.9
PMT-0157,F-16,2023-07-01,26676.61,87.31,31.0
PMT-0157,F-16,2023-08-01,24187.35,82.86,26.9
PMT-0157,F-16,2023-09-01,19950.93,89.79,17.5
PMT-0157,F-16,2023-10-01,17476.51,89.18,10.1
PMT-0157,F-16,2023-11-01,14627.56,91.19,5.8
PMT-0157,F-16,2023-12-01,13787.93,87.3,3.6
PMT-0157,F-16,2024-01-01,15141.96,92.5,3.6
PMT-0157,F-16,2024-02-01,17982.08,85.74,11.4
PMT-0157,F-16,2024-03-01,21441.83,89.73,19.2
PMT-0157,F-16,2024-04-01,24344.42,88.06,24.5
PMT-0157,F-16,2024-05-01,26743.15,91.56,28.8
PMT-0157,F-16,2024-06-01,28554.61,84.19,31.3
PMT-0157,F-16,2024-07-01,26282.68,89.88,30.1
PMT-0157,F-16,2024-08-01,23284.41,90.78,22.9
PMT-0157,F-16,2024-09-01,20330.52,85.37,17.2
PMT-0157,F-16,2024-10-01,17062.85,91.14,11.6
PMT-0157,F-16,2024-11-01,14757.38,84.37,5.9
PMT-0157,F-16,2024-12-01,13713.67,86.79,2.7
PMT-0158,F-16,2022-01-01,12284.17,86.7,4.5
PMT-0158,F-16,2022-02-01,15371.35,87.68,8.8
PMT-0158,F-16,2022-03-01,17225.96,86.01,17.3
PMT-0158,F-16,2022-04-01,20355.45,87.22,25.1
PMT-0158,F-16,2022-05-01,23204.8,87.32,29.1
PMT-0158,F-16,2022-06-01,23922.93,91.72,31.0
PMT-0158,F-16,2022-07-01,22582.05,88.97,30.7
PMT-0158,F-16,2022-08-01,20411.31,87.38,24.9
PMT-0158,F-16,2022-09-01,17644.88,89.38,17.1
PMT-0158,F-16,2022-10-01,15113.34,89.34,10.3
PMT-0158,F-16,2022-11-01,12653.28,86.93,6.2
PMT-0158,F-16,2022-12-01,12401.78,87.72,3.6
PMT-0158,F-16,2023-01-01,12739.39,92.41,3.6
PMT-0158,F-16,2023-02-01,14786.8,89.27,12.3
PMT-0158,F-16,2023-03-01,17782.34,85.64,19.0
PMT-0158,F-16,2023-04-01,21045.61,91.24,24.4
PMT-0158,F-16,2023-05-01,22776.49,89.88,30.2
PMT-0158,F-16,2023-06-01,24366.92,82.76,30.4
PMT-0158,F-16,2023-07-01,22993.16,85.83,29.7
PMT-0158,F-16,2023-08-01,20517.83,87.02,25.3
PMT-0158,F-16,2023-09-01,17516.72,92.97,17.2
PMT-0158,F-16,2023-10-01,14907.51,90.56,11.9
PMT-0158,F-16,2023-11-01,12484.33,90.09,4.2
PMT-0158,F-16,2023-12-01,12024.34,86.23,5.4
PMT-0158,F-16,2024-01-01,12737.37,88.62,4.9
PMT-0158,F-16,2024-02-01,14601.68,92.55,10.6
PMT-0158,F-16,2024-03-01,16786.21,89.03,17.2
PMT-0158,F-16,2024-04-01,20571.18,91.86,22.9
PMT-0158,F-16,2024-05-01,23726.36,85.61,29.7
PMT-0158,F-16,2024-06-01,22866.88,92.29,31.0
PMT-0158,F-16,2024-07-01,23088.48,87.65,29.9
PMT-0158,F-16,2024-08-01,20602.43,88.65,25.2
PMT-0158,F-16,2024-09-01,17797.4,93.37,16.1
PMT-0158,F-16,2024-10-01,14541.39,85.71,12.0
PMT-0158,F-16,2024-11-01,12305.4,89.95,6.2
PMT-0158,F-16,2024-12-01,11381.05,86.36,2.2
PMT-0159,F-16,2022-01-01,14548.03,86.41,6.2
PMT-0159,F-16,2022-02-01,15796.8,90.22,12.6
PMT-0159,F-16,2022-03-01,18817.34,89.0,17.6
PMT-0159,F-16,2022-04-01,22800.3,86.59,24.7
PMT-0159,F-16,2022-05-01,23745.27,83.34,30.2
PMT-0159,F-16,2022-06-01,24242.75,91.93,32.6
PMT-0159,F-16,2022-07-01,23371.13,87.49,29.1
PMT-0159,F-16,2022-08-01,21727.77,93.69,23.8
PMT-0159,F-16,2022-09-01,18219.98,83.22,16.7
PMT-0159,F-16,2022-10-01,16060.23,85.65,10.0
PMT-0159,F-16,2022-11-01,13794.14,87.39,3.8
PMT-0159,F-16,2022-12-01,12454.52,91.98,4.2
PMT-0159,F-16,2023-01-01,14140.67,90.61,4.4
PMT-0159,F-16,2023-02-01,16546.48,92.47,11.6
PMT-0159,F-16,2023-03-01,19558.14,89.8,18.6
PMT-0159,F-16,2023-04-01,22734.7,88.6,24.7
PMT-0159,F-16,2023-05-01,24295.46,92.38,30.5
PMT-0159,F-16,2023-06-01,25171.8,87.89,30.9
PMT-0159,F-16,2023-07-01,23063.24,85.74,30.2
PMT-0159,F-16,2023-08-01,21849.24,91.78,25.6
PMT-0159,F-16,2023-09-01,18283.35,87.72,17.8
PMT-0159,F-16,2023-10-01,15952.36,90.66,9.7
PMT-0159,F-16,2023-11-01,13207.2,91.36,6.2
PMT-0159,F-16,2023-12-01,12206.78,89.04,3.0
PMT-0159,F-16,2024-01-01,13791.46,90.61,6.5
PMT-0159,F-16,2024-02-01,15431.67,88.53,12.5
PMT-0159,F-16,2024-03-01,19598.33,81.82,16.6
PMT-0159,F-16,2024-04-01,21951.72,88.77,26.4
PMT-0159,F-16,2024-05-01,23778.09,89.01,31.0
PMT-0159,F-16,2024-06-01,24564.54,87.24,30.9
PMT-0159,F-16,2024-07-01,24640.29,92.74,33.2
PMT-0159,F-16,2024-08-01,22051.12,88.11,24.4
PMT-0159,F-16,2024-09-01,18736.85,91.83,16.6
PMT-0159,F-16,2024-10-01,15000.52,87.15,11.5
PMT-0159,F-16,2024-11-01,13213.02,92.28,7.1
PMT-0159,F-16,2024-12-01,12039.48,93.78,4.0
PMT-0160,F-16,2022-01-01,14132.85,90.28,6.9
PMT-0160,F-16,2022-02-01,17474.94,89.32,10.5
PMT-0160,F-16,2022-03-01,19377.96,87.48,20.4
PMT-0160,F-16,2022-04-01,23786.62,89.52,24.8
PMT-0160,F-16,2022-05-01,24164.95,81.91,31.5
PMT-0160,F-16,2022-06-01,24344.53,89.46,31.4
PMT-0160,F-16,2022-07-01,24772.91,87.98,32.7
PMT-0160,F-16,2022-08-01,22500.77,82.22,26.9
PMT-0160,F-16,2022-09-01,18689.27,89.5,19.0
PMT-0160,F-16,2022-10-01,16334.92,89.15,11.8
PMT-0160,F-16,2022-11-01,13929.62,89.41,6.2
PMT-0160,F-16,2022-12-01,12701.79,92.02,4.1
PMT-0160,F-16,2023-01-01,14286.85,89.4,8.1
PMT-0160,F-16,2023-02-01,16423.82,91.93,10.9
PMT-0160,F-16,2023-03-01,20344.07,84.78,19.9
PMT-0160,F-16,2023-04-01,23027.47,87.17,25.9
PMT-0160,F-16,2023-05-01,23988.23,87.26,32.0
PMT-0160,F-16,2023-06-01,24814.27,87.14,33.1
PMT-0160,F-16,2023-07-01,24379.85,85.03,30.2
PMT-0160,F-16,2023-08-01,22353.38,86.55,23.7
PMT-0160,F-16,2023-09-01,18329.41,89.9,19.4
PMT-0160,F-16,2023-10-01,16029.48,91.38,8.1
PMT-0160,F-16,2023-11-01,13753.45,91.97,6.1
PMT-0160,F-16,2023-12-01,13057.01,87.68,2.4
PMT-0160,F-16,2024-01-01,14203.15,92.86,7.3
PMT-0160,F-16,2024-02-01,16115.47,85.34,10.8
PMT-0160,F-16,2024-03-01,19375.26,92.73,18.5
PMT-0160,F-16,2024-04-01,23335.46,78.16,23.7
PMT-0160,F-16,2024-05-01,24243.57,82.77,30.1
PMT-0160,F-16,2024-06-01,25669.93,90.8,31.7
PMT-0160,F-16,2024-07-01,24728.71,84.24,30.1
PMT-0160,F-16,2024-08-01,21250.17,87.19,24.9
PMT-0160,F-16,2024-09-01,18871.7,85.42,18.5
PMT-0160,F-16,2024-10-01,16497.22,86.56,10.7
PMT-0160,F-16,2024-11-01,14288.74,87.76,5.6
PMT-0160,F-16,2024-12-01,13288.44,91.59,3.7
PMT-0161,F-17,2022-01-01,19987.29,100.0,6.6
PMT-0161,F-17,2022-02-01,22386.86,100.0,11.3
PMT-0161,F-17,2022-03-01,26269.5,95.18,19.9
PMT-0161,F-17,2022-04-01,31108.17,94.78,24.7
PMT-0161,F-17,2022-05-01,27427.14,96.73,30.9
PMT-0161,F-17,2022-06-01,28463.58,98.98,30.6
PMT-0161,F-17,2022-07-01,26614.97,98.96,29.3
PMT-0161,F-17,2022-08-01,25333.03,95.3,26.6
PMT-0161,F-17,2022-09-01,20423.71,99.39,17.9
PMT-0161,F-17,2022-10-01,18686.43,97.45,10.8
PMT-0161,F-17,2022-11-01,18340.15,98.32,4.2
PMT-0161,F-17,2022-12-01,18171.53,98.36,3.6
PMT-0161,F-17,2023-01-01,19981.55,100.0,6.9
PMT-0161,F-17,2023-02-01,22728.28,100.0,10.9
PMT-0161,F-17,2023-03-01,25691.44,97.94,18.9
PMT-0161,F-17,2023-04-01,29539.45,93.55,23.1
PMT-0161,F-17,2023-05-01,28617.35,96.74,31.2
PMT-0161,F-17,2023-06-01,30209.67,95.93,33.1
PMT-0161,F-17,2023-07-01,29678.79,98.34,30.5
PMT-0161,F-17,2023-08-01,24646.16,95.59,26.2
PMT-0161,F-17,2023-09-01,22231.64,96.8,17.1
PMT-0161,F-17,2023-10-01,18429.01,95.48,10.0
PMT-0161,F-17,2023-11-01,18250.12,100.0,7.7
PMT-0161,F-17,2023-12-01,18908.65,97.16,5.4
PMT-0161,F-17,2024-01-01,19019.4,100.0,6.5
PMT-0161,F-17,2024-02-01,22336.72,100.0,12.9
PMT-0161,F-17,2024-03-01,26259.94,96.51,17.3
PMT-0161,F-17,2024-04-01,27205.57,100.0,25.5
PMT-0161,F-17,2024-05-01,26317.21,100.0,30.2
PMT-0161,F-17,2024-06-01,28724.22,100.0,32.0
PMT-0161,F-17,2024-07-01,25927.38,99.46,29.7
PMT-0161,F-17,2024-08-01,24889.72,99.75,25.2
PMT-0161,F-17,2024-09-01,20846.7,96.42,16.2
PMT-0161,F-17,2024-10-01,20828.52,100.0,9.5
PMT-0161,F-17,2024-11-01,18390.84,98.74,4.7
PMT-0161,F-17,2024-12-01,18241.98,95.59,4.2
PMT-0162,F-17,2022-01-01,7664.76,99.42,5.5
PMT-0162,F-17,2022-02-01,8951.5,100.0,9.3
PMT-0162,F-17,2022-03-01,10950.93,99.51,18.1
PMT-0162,F-17,2022-04-01,12359.7,99.31,24.9
PMT-0162,F-17,2022-05-01,12741.64,92.34,31.4
PMT-0162,F-17,2022-06-01,14307.78,96.85,32.1
PMT-0162,F-17,2022-07-01,12759.88,97.79,30.8
PMT-0162,F-17,2022-08-01,12104.41,100.0,24.6
PMT-0162,F-17,2022-09-01,10376.27,97.13,18.4
PMT-0162,F-17,2022-10-01,8479.79,99.71,9.6
PMT-0162,F-17,2022-11-01,7516.78,97.07,4.3
PMT-0162,F-17,2022-12-01,7346.53,100.0,1.8
PMT-0162,F-17,2023-01-01,7551.8,98.18,5.0
PMT-0162,F-17,2023-02-01,8826.56,98.8,10.2
PMT-0162,F-17,2023-03-01,10473.92,98.74,18.2
PMT-0162,F-17,2023-04-01,12844.62,100.0,24.0
PMT-0162,F-17,2023-05-01,13339.36,95.7,30.1
PMT-0162,F-17,2023-06-01,13989.39,96.35,31.8
PMT-0162,F-17,2023-07-01,13249.99,99.3,25.3
PMT-0162,F-17,2023-08-01,12038.8,100.0,22.7
PMT-0162,F-17,2023-09-01,9546.03,98.01,18.1
PMT-0162,F-17,2023-10-01,8475.82,97.76,9.7
PMT-0162,F-17,2023-11-01,7396.76,94.16,5.7
PMT-0162,F-17,2023-12-01,7285.24,99.96,1.6
PMT-0162,F-17,2024-01-01,7671.38,93.56,5.9
PMT-0162,F-17,2024-02-01,8939.21,100.0,13.9
PMT-0162,F-17,2024-03-01,10425.54,92.34,18.0
PMT-0162,F-17,2024-04-01,11778.87,100.0,24.7
PMT-0162,F-17,2024-05-01,13091.48,93.82,28.3
PMT-0162,F-17,2024-06-01,14272.53,93.18,31.0
PMT-0162,F-17,2024-07-01,14418.82,98.77,28.9
PMT-0162,F-17,2024-08-01,11853.49,97.62,25.2
PMT-0162,F-17,2024-09-01,10489.69,93.88,20.2
PMT-0162,F-17,2024-10-01,9001.29,98.74,10.9
PMT-0162,F-17,2024-11-01,7298.93,98.27,5.4
PMT-0162,F-17,2024-12-01,6866.15,98.17,3.2
PMT-0163,F-17,2022-01-01,13458.0,100.0,4.4
PMT-0163,F-17,2022-02-01,16199.5,100.0,11.3
PMT-0163,F-17,2022-03-01,18560.27,100.0,18.7
PMT-0163,F-17,2022-04-01,20942.16,97.84,24.9
PMT-0163,F-17,2022-05-01,24602.23,93.53,29.6
PMT-0163,F-17,2022-06-01,24842.63,98.83,31.5
PMT-0163,F-17,2022-07-01,23068.56,92.91,31.0
PMT-0163,F-17,2022-08-01,21638.92,94.7,25.3
PMT-0163,F-17,2022-09-01,18870.02,98.33,17.5
PMT-0163,F-17,2022-10-01,15188.39,99.13,11.4
PMT-0163,F-17,2022-11-01,13060.23,100.0,5.7
PMT-0163,F-17,2022-12-01,12795.77,97.66,5.3
PMT-0163,F-17,2023-01-01,12409.44,100.0,7.8
PMT-0163,F-17,2023-02-01,15936.99,99.12,11.4
PMT-0163,F-17,2023-03-01,18174.95,96.5,17.2
PMT-0163,F-17,2023-04-01,21832.72,99.37,26.3
PMT-0163,F-17,2023-05-01,24821.08,98.72,29.5
PMT-0163,F-17,2023-06-01,26678.47,97.89,31.1
PMT-0163,F-17,2023-07-01,23866.18,97.44,30.6
PMT-0163,F-17,2023-08-01,22296.58,98.58,25.1
PMT-0163,F-17,2023-09-01,18256.86,100.0,19.2
PMT-0163,F-17,2023-10-01,15243.3,99.55,10.4
PMT-0163,F-17,2023-11-01,13081.77,98.22,6.9
PMT-0163,F-17,2023-12-01,12022.54,97.28,4.9
PMT-0163,F-17,2024-01-01,12905.59,100.0,7.1
PMT-0163,F-17,2024-02-01,15431.46,95.38,10.6
PMT-0163,F-17,2024-03-01,19684.95,100.0,18.2
PMT-0163,F-17,2024-04-01,21221.45,99.3,25.4
PMT-0163,F-17,2024-05-01,24684.33,100.0,27.8
PMT-0163,F-17,2024-06-01,25490.72,96.77,32.6
PMT-0163,F-17,2024-07-01,24782.98,94.91,29.1
PMT-0163,F-17,2024-08-01,20870.66,96.57,25.2
PMT-0163,F-17,2024-09-01,18503.89,100.0,21.4
PMT-0163,F-17,2024-10-01,15152.9,100.0,12.9
PMT-0163,F-17,2024-11-01,13155.96,100.0,5.5
PMT-0163,F-17,2024-12-01,11979.4,97.83,5.4
PMT-0164,F-17,2022-01-01,8853.17,100.0,6.3
PMT-0164,F-17,2022-02-01,10525.36,100.0,12.6
PMT-0164,F-17,2022-03-01,12351.22,100.0,17.6
PMT-0164,F-17,2022-04-01,14380.49,98.23,25.3
PMT-0164,F-17,2022-05-01,15029.24,98.45,29.6
PMT-0164,F-17,2022-06-01,15557.23,100.0,32.4
PMT-0164,F-17,2022-07-01,14893.01,100.0,32.4
PMT-0164,F-17,2022-08-01,14268.69,100.0,24.5
PMT-0164,F-17,2022-09-01,12487.58,97.36,19.3
PMT-0164,F-17,2022-10-01,9896.76,98.49,13.3
PMT-0164,F-17,2022-11-01,8536.74,98.36,5.6
PMT-0164,F-17,2022-12-01,7788.74,96.03,4.7
PMT-0164,F-17,2023-01-01,8238.55,97.25,5.9
PMT-0164,F-17,2023-02-01,10279.93,91.38,10.0
PMT-0164,F-17,2023-03-01,12720.96,92.58,17.5
PMT-0164,F-17,2023-04-01,13706.74,97.56,25.3
PMT-0164,F-17,2023-05-01,14904.35,96.2,31.9
PMT-0164,F-17,2023-06-01,15253.52,91.67,32.2
PMT-0164,F-17,2023-07-01,15250.65,99.51,30.8
PMT-0164,F-17,2023-08-01,13446.87,94.17,26.2
PMT-0164,F-17,2023-09-01,11393.09,99.8,17.8
PMT-0164,F-17,2023-10-01,9654.26,94.97,11.0
PMT-0164,F-17,2023-11-01,8541.34,94.16,5.9
PMT-0164,F-17,2023-12-01,8081.33,93.74,4.7
PMT-0164,F-17,2024-01-01,8682.83,100.0,5.3
PMT-0164,F-17,2024-02-01,10392.89,96.52,11.3
PMT-0164,F-17,2024-03-01,12011.42,93.2,18.4
PMT-0164,F-17,2024-04-01,13890.65,100.0,26.2
PMT-0164,F-17,2024-05-01,15223.14,96.81,31.2
PMT-0164,F-17,2024-06-01,15388.94,98.56,34.0
PMT-0164,F-17,2024-07-01,14804.69,100.0,30.3
PMT-0164,F-17,2024-08-01,13735.0,100.0,23.2
PMT-0164,F-17,2024-09-01,11168.58,96.76,18.5
PMT-0164,F-17,2024-10-01,9780.78,95.32,12.4
PMT-0164,F-17,2024-11-01,8485.41,98.13,7.8
PMT-0164,F-17,2024-12-01,8217.87,94.12,3.9
PMT-0165,F-17,2022-01-01,14691.38,99.01,5.9
PMT-0165,F-17,2022-02-01,16799.11,99.55,10.8
PMT-0165,F-17,2022-03-01,19960.85,100.0,16.4
PMT-0165,F-17,2022-04-01,24185.8,96.06,24.9
PMT-0165,F-17,2022-05-01,27998.32,95.23,30.1
PMT-0165,F-17,2022-06-01,27896.89,97.16,30.7
PMT-0165,F-17,2022-07-01,27091.33,95.94,29.2
PMT-0165,F-17,2022-08-01,23672.55,97.47,22.7
PMT-0165,F-17,2022-09-01,20517.56,98.51,19.9
PMT-0165,F-17,2022-10-01,16783.02,96.0,12.2
PMT-0165,F-17,2022-11-01,14441.88,93.85,7.0
PMT-0165,F-17,2022-12-01,14024.32,99.08,3.2
PMT-0165,F-17,2023-01-01,14286.62,98.52,5.3
PMT-0165,F-17,2023-02-01,16982.26,99.66,10.1
PMT-0165,F-17,2023-03-01,21812.82,92.79,18.8
PMT-0165,F-17,2023-04-01,24578.85,99.68,26.1
PMT-0165,F-17,2023-05-01,27192.46,94.36,27.5
PMT-0165,F-17,2023-06-01,28401.51,99.44,31.6
PMT-0165,F-17,2023-07-01,27060.85,98.64,32.1
PMT-0165,F-17,2023-08-01,25600.59,99.22,24.5
PMT-0165,F-17,2023-09-01,20202.05,100.0,18.4
PMT-0165,F-17,2023-10-01,16023.94,97.67,10.6
PMT-0165,F-17,2023-11-01,13921.29,100.0,5.9
PMT-0165,F-17,2023-12-01,13947.89,97.21,4.4
PMT-0165,F-17,2024-01-01,14431.84,100.0,5.4
PMT-0165,F-17,2024-02-01,16999.32,100.0,10.1
PMT-0165,F-17,2024-03-01,20839.68,100.0,17.3
PMT-0165,F-17,2024-04-01,23694.04,98.13,25.2
PMT-0165,F-17,2024-05-01,26015.86,97.75,29.5
PMT-0165,F-17,2024-06-01,28816.92,99.29,31.8
PMT-0165,F-17,2024-07-01,28048.39,100.0,30.5
PMT-0165,F-17,2024-08-01,24984.25,100.0,25.3
PMT-0165,F-17,2024-09-01,20248.78,95.34,17.3
PMT-0165,F-17,2024-10-01,16583.18,98.99,12.9
PMT-0165,F-17,2024-11-01,14013.05,95.68,5.6
PMT-0165,F-17,2024-12-01,14002.1,95.82,3.4
PMT-0166,F-17,2022-01-01,9523.83,98.89,6.8
PMT-0166,F-17,2022-02-01,11561.84,97.08,11.1
PMT-0166,F-17,2022-03-01,13900.71,100.0,16.8
PMT-0166,F-17,2022-04-01,16283.88,96.36,25.2
PMT-0166,F-17,2022-05-01,17793.58,94.63,30.7
PMT-0166,F-17,2022-06-01,17374.3,97.41,32.0
PMT-0166,F-17,2022-07-01,17930.01,100.0,27.4
PMT-0166,F-17,2022-08-01,16464.32,96.74,25.9
PMT-0166,F-17,2022-09-01,13828.98,94.84,19.1
PMT-0166,F-17,2022-10-01,11356.1,95.07,9.5
PMT-0166,F-17,2022-11-01,9547.82,96.75,5.5
PMT-0166,F-17,2022-12-01,9165.72,100.0,2.8
PMT-0166,F-17,2023-01-01,9868.31,97.45,5.7
PMT-0166,F-17,2023-02-01,11920.02,100.0,12.4
PMT-0166,F-17,2023-03-01,14150.73,96.25,15.6
PMT-0166,F-17,2023-04-01,15969.69,100.0,26.3
PMT-0166,F-17,2023-05-01,17203.02,98.73,30.0
PMT-0166,F-17,2023-06-01,18209.53,99.22,31.5
PMT-0166,F-17,2023-07-01,16851.93,100.0,28.5
PMT-0166,F-17,2023-08-01,15859.74,93.19,25.4
PMT-0166,F-17,2023-09-01,14316.2,100.0,19.1
PMT-0166,F-17,2023-10-01,11638.34,97.17,12.3
PMT-0166,F-17,2023-11-01,10257.93,98.08,4.9
PMT-0166,F-17,2023-12-01,9468.29,97.9,3.4
PMT-0166,F-17,2024-01-01,10381.3,100.0,4.9
PMT-0166,F-17,2024-02-01,11339.24,100.0,10.2
PMT-0166,F-17,2024-03-01,13990.24,98.4,18.9
PMT-0166,F-17,2024-04-01,16604.84,99.62,23.6
PMT-0166,F-17,2024-05-01,18367.72,98.86,31.6
PMT-0166,F-17,2024-06-01,18679.13,93.43,31.0
PMT-0166,F-17,2024-07-01,17284.49,94.96,31.3
PMT-0166,F-17,2024-08-01,15825.04,97.72,25.8
PMT-0166,F-17,2024-09-01,14338.07,93.71,19.2
PMT-0166,F-17,2024-10-01,12107.44,98.22,9.1
PMT-0166,F-17,2024-11-01,9869.48,93.17,6.3
PMT-0166,F-17,2024-12-01,9138.17,100.0,1.9
PMT-0167,F-17,2022-01-01,5122.73,100.0,5.1
PMT-0167,F-17,2022-02-01,5782.43,98.18,9.3
PMT-0167,F-17,2022-03-01,7029.52,97.73,16.4
PMT-0167,F-17,2022-04-01,7714.58,94.53,24.5
PMT-0167,F-17,2022-05-01,8710.81,92.89,29.2
PMT-0167,F-17,2022-06-01,9215.15,93.59,32.6
PMT-0167,F-17,2022-07-01,8882.74,99.14,30.6
PMT-0167,F-17,2022-08-01,7918.91,100.0,23.8
PMT-0167,F-17,2022-09-01,6893.1,97.85,19.4
PMT-0167,F-17,2022-10-01,5742.8,100.0,11.6
PMT-0167,F-17,2022-11-01,4811.71,97.36,6.2
PMT-0167,F-17,2022-12-01,4702.59,97.49,5.5
PMT-0167,F-17,2023-01-01,4847.66,98.92,7.0
PMT-0167,F-17,2023-02-01,6137.86,97.28,10.8
PMT-0167,F-17,2023-03-01,6926.38,99.08,16.7
PMT-0167,F-17,2023-04-01,7975.64,99.46,26.5
PMT-0167,F-17,2023-05-01,8510.83,100.0,28.5
PMT-0167,F-17,2023-06-01,9054.26,99.69,31.7
PMT-0167,F-17,2023-07-01,8662.16,97.7,30.1
PMT-0167,F-17,2023-08-01,8075.95,96.55,26.2
PMT-0167,F-17,2023-09-01,6802.6,99.78,17.8
PMT-0167,F-17,2023-10-01,5723.67,93.96,12.2
PMT-0167,F-17,2023-11-01,4899.97,98.91,9.2
PMT-0167,F-17,2023-12-01,4568.93,100.0,3.1
PMT-0167,F-17,2024-01-01,4967.86,100.0,5.5
PMT-0167,F-17,2024-02-01,5837.25,93.53,11.0
PMT-0167,F-17,2024-03-01,6703.1,100.0,18.0
PMT-0167,F-17,2024-04-01,7924.7,99.95,25.4
PMT-0167,F-17,2024-05-01,9085.53,100.0,30.8
PMT-0167,F-17,2024-06-01,8637.79,100.0,31.5
PMT-0167,F-17,2024-07-01,8533.46,98.11,27.8
PMT-0167,F-17,2024-08-01,7755.84,97.72,23.9
PMT-0167,F-17,2024-09-01,6949.44,100.0,17.7
PMT-0167,F-17,2024-10-01,5673.41,94.94,9.3
PMT-0167,F-17,2024-11-01,4798.79,100.0,6.4
PMT-0167,F-17,2024-12-01,4719.12,98.98,3.5
PMT-0168,F-17,2022-01-01,15933.87,100.0,5.5
PMT-0168,F-17,2022-02-01,18463.58,99.32,11.6
PMT-0168,F-17,2022-03-01,23378.64,97.75,17.6
PMT-0168,F-17,2022-04-01,27355.54,100.0,24.1
PMT-0168,F-17,2022-05-01,29485.17,100.0,30.3
PMT-0168,F-17,2022-06-01,30259.55,97.76,32.6
PMT-0168,F-17,2022-07-01,30578.79,97.04,30.6
PMT-0168,F-17,2022-08-01,27478.93,100.0,24.4
PMT-0168,F-17,2022-09-01,22696.11,98.08,16.9
PMT-0168,F-17,2022-10-01,19344.29,95.98,9.7
PMT-0168,F-17,2022-11-01,15750.76,100.0,4.4
PMT-0168,F-17,2022-12-01,14790.14,91.4,3.5
PMT-0168,F-17,2023-01-01,15615.45,96.69,6.0
PMT-0168,F-17,2023-02-01,18116.52,97.68,11.2
PMT-0168,F-17,2023-03-01,22407.14,96.94,17.2
PMT-0168,F-17,2023-04-01,26653.79,98.12,24.6
PMT-0168,F-17,2023-05-01,29279.62,99.48,28.8
PMT-0168,F-17,2023-06-01,31264.65,100.0,30.8
PMT-0168,F-17,2023-07-01,29413.01,98.25,29.4
PMT-0168,F-17,2023-08-01,26529.31,97.96,24.6
PMT-0168,F-17,2023-09-01,21741.03,100.0,17.6
PMT-0168,F-17,2023-10-01,18478.64,100.0,10.0
PMT-0168,F-17,2023-11-01,16404.82,96.87,5.6
PMT-0168,F-17,2023-12-01,14878.3,100.0,4.4
PMT-0168,F-17,2024-01-01,15708.72,100.0,7.2
PMT-0168,F-17,2024-02-01,19897.92,94.21,13.0
PMT-0168,F-17,2024-03-01,22644.61,99.3,19.7
PMT-0168,F-17,2024-04-01,27492.69,100.0,24.4
PMT-0168,F-17,2024-05-01,30155.26,95.18,30.6
PMT-0168,F-17,2024-06-01,30604.97,97.87,33.8
PMT-0168,F-17,2024-07-01,28649.24,92.61,28.7
PMT-0168,F-17,2024-08-01,25958.18,100.0,26.0
PMT-0168,F-17,2024-09-01,22489.59,100.0,18.1
PMT-0168,F-17,2024-10-01,18607.39,97.95,11.5
PMT-0168,F-17,2024-11-01,15818.49,94.86,4.1
PMT-0168,F-17,2024-12-01,14879.95,90.25,4.2
PMT-0169,F-17,2022-01-01,10557.98,94.28,6.5
PMT-0169,F-17,2022-02-01,12493.28,100.0,10.6
PMT-0169,F-17,2022-03-01,15443.68,96.82,18.4
PMT-0169,F-17,2022-04-01,17607.68,95.5,25.2
PMT-0169,F-17,2022-05-01,19151.37,95.36,27.7
PMT-0169,F-17,2022-06-01,21471.85,98.15,32.3
PMT-0169,F-17,2022-07-01,20084.07,99.63,28.7
PMT-0169,F-17,2022-08-01,17097.02,95.47,28.0
PMT-0169,F-17,2022-09-01,14782.45,95.17,19.3
PMT-0169,F-17,2022-10-01,11625.36,99.73,12.2
PMT-0169,F-17,2022-11-01,10185.03,99.98,5.5
PMT-0169,F-17,2022-12-01,9645.74,100.0,3.0
PMT-0169,F-17,2023-01-01,10842.33,92.46,8.9
PMT-0169,F-17,2023-02-01,12635.26,98.43,11.8
PMT-0169,F-17,2023-03-01,15264.49,100.0,18.1
PMT-0169,F-17,2023-04-01,17466.32,100.0,24.4
PMT-0169,F-17,2023-05-01,18296.27,90.02,30.4
PMT-0169,F-17,2023-06-01,19185.85,100.0,32.3
PMT-0169,F-17,2023-07-01,18891.91,95.4,30.2
PMT-0169,F-17,2023-08-01,17497.02,95.23,26.2
PMT-0169,F-17,2023-09-01,14849.39,100.0,17.2
PMT-0169,F-17,2023-10-01,12442.65,99.35,11.4
PMT-0169,F-17,2023-11-01,11019.8,96.41,4.7
PMT-0169,F-17,2023-12-01,9904.88,98.25,4.2
PMT-0169,F-17,2024-01-01,10650.35,100.0,7.4
PMT-0169,F-17,2024-02-01,12578.49,99.88,13.8
PMT-0169,F-17,2024-03-01,14610.11,97.11,18.5
PMT-0169,F-17,2024-04-01,17128.56,95.09,23.9
PMT-0169,F-17,2024-05-01,19481.16,100.0,28.9
PMT-0169,F-17,2024-06-01,19666.63,96.63,30.3
PMT-0169,F-17,2024-07-01,20246.52,99.32,29.6
PMT-0169,F-17,2024-08-01,17555.75,100.0,24.3
PMT-0169,F-17,2024-09-01,15205.51,100.0,16.7
PMT-0169,F-17,2024-10-01,11316.33,93.18,11.6
PMT-0169,F-17,2024-11-01,10325.56,98.73,5.2
PMT-0169,F-17,2024-12-01,10569.14,93.97,3.3
PMT-0170,F-17,2022-01-01,8213.9,100.0,7.1
PMT-0170,F-17,2022-02-01,9684.99,97.6,9.5
PMT-0170,F-17,2022-03-01,11657.78,99.66,19.4
PMT-0170,F-17,2022-04-01,13051.91,98.95,26.4
PMT-0170,F-17,2022-05-01,13676.23,96.97,30.5
PMT-0170,F-17,2022-06-01,14610.56,100.0,33.0
PMT-0170,F-17,2022-07-01,13653.34,97.35,30.4
PMT-0170,F-17,2022-08-01,12465.05,96.14,26.5
PMT-0170,F-17,2022-09-01,10933.52,93.71,19.3
PMT-0170,F-17,2022-10-01,9036.0,100.0,9.4
PMT-0170,F-17,2022-11-01,8017.64,97.2,5.5
PMT-0170,F-17,2022-12-01,7381.14,100.0,4.8
PMT-0170,F-17,2023-01-01,8226.2,99.01,5.6
PMT-0170,F-17,2023-02-01,9417.49,100.0,12.5
PMT-0170,F-17,2023-03-01,11289.04,94.21,21.8
PMT-0170,F-17,2023-04-01,12891.87,100.0,23.8
PMT-0170,F-17,2023-05-01,14138.11,100.0,28.8
PMT-0170,F-17,2023-06-01,14431.34,94.93,31.6
PMT-0170,F-17,2023-07-01,14104.06,100.0,33.0
PMT-0170,F-17,2023-08-01,12892.19,91.4,25.3
PMT-0170,F-17,2023-09-01,10831.21,98.23,18.6
PMT-0170,F-17,2023-10-01,8695.2,97.07,12.2
PMT-0170,F-17,2023-11-01,7963.79,98.57,6.7
PMT-0170,F-17,2023-12-01,7611.14,100.0,7.5
PMT-0170,F-17,2024-01-01,7608.44,98.15,5.2
PMT-0170,F-17,2024-02-01,8704.11,100.0,11.3
PMT-0170,F-17,2024-03-01,10869.09,96.22,20.2
PMT-0170,F-17,2024-04-01,13316.55,97.36,25.8
PMT-0170,F-17,2024-05-01,14109.46,96.96,29.4
PMT-0170,F-17,2024-06-01,14923.19,96.31,34.7
PMT-0170,F-17,2024-07-01,13857.74,100.0,29.0
PMT-0170,F-17,2024-08-01,12960.1,95.77,23.2
PMT-0170,F-17,2024-09-01,11011.88,95.86,16.2
PMT-0170,F-17,2024-10-01,9314.16,95.34,11.7
PMT-0170,F-17,2024-11-01,8139.12,100.0,6.1
PMT-0170,F-17,2024-12-01,7386.81,95.67,4.1
PMT-0171,F-18,2022-01-01,9812.43,96.05,4.8
PMT-0171,F-18,2022-02-01,11800.79,98.89,12.0
PMT-0171,F-18,2022-03-01,14103.14,96.15,17.9
PMT-0171,F-18,2022-04-01,16931.78,95.66,25.7
PMT-0171,F-18,2022-05-01,17885.73,92.13,29.1
PMT-0171,F-18,2022-06-01,18532.31,94.47,33.2
PMT-0171,F-18,2022-07-01,18149.51,91.69,31.4
PMT-0171,F-18,2022-08-01,16199.77,88.16,23.6
PMT-0171,F-18,2022-09-01,14109.7,93.13,17.6
PMT-0171,F-18,2022-10-01,11587.15,95.26,14.0
PMT-0171,F-18,2022-11-01,10075.03,100.0,5.1
PMT-0171,F-18,2022-12-01,9055.96,97.72,3.7
PMT-0171,F-18,2023-01-01,9763.52,95.28,5.6
PMT-0171,F-18,2023-02-01,11580.62,91.51,11.1
PMT-0171,F-18,2023-03-01,13986.36,96.12,17.8
PMT-0171,F-18,2023-04-01,15942.6,97.98,25.1
PMT-0171,F-18,2023-05-01,18417.67,96.41,31.6
PMT-0171,F-18,2023-06-01,18435.06,95.43,32.8
PMT-0171,F-18,2023-07-01,17899.42,91.17,29.8
PMT-0171,F-18,2023-08-01,15696.71,94.53,24.3
PMT-0171,F-18,2023-09-01,14004.75,98.53,16.6
PMT-0171,F-18,2023-10-01,11557.46,97.77,10.0
PMT-0171,F-18,2023-11-01,9646.72,95.61,7.1
PMT-0171,F-18,2023-12-01,9041.75,92.39,5.5
PMT-0171,F-18,2024-01-01,10085.87,95.65,6.3
PMT-0171,F-18,2024-02-01,11511.0,96.18,12.0
PMT-0171,F-18,2024-03-01,13631.94,96.32,19.4
PMT-0171,F-18,2024-04-01,15823.84,95.56,24.0
PMT-0171,F-18,2024-05-01,17664.04,91.98,31.1
PMT-0171,F-18,2024-06-01,18540.41,98.72,32.2
PMT-0171,F-18,2024-07-01,17634.68,90.49,31.8
PMT-0171,F-18,2024-08-01,16015.09,96.98,24.9
PMT-0171,F-18,2024-09-01,13618.85,96.77,18.3
PMT-0171,F-18,2024-10-01,11019.13,96.37,9.5
PMT-0171,F-18,2024-11-01,9864.25,100.0,6.4
PMT-0171,F-18,2024-12-01,9351.52,94.98,3.5
PMT-0172,F-18,2022-01-01,6727.81,97.84,5.8
PMT-0172,F-18,2022-02-01,7884.26,91.2,10.8
PMT-0172,F-18,2022-03-01,10008.13,97.21,18.4
PMT-0172,F-18,2022-04-01,11256.85,88.64,26.2
PMT-0172,F-18,2022-05-01,12702.08,98.49,29.2
PMT-0172,F-18,2022-06-01,13088.76,100.0,29.7
PMT-0172,F-18,2022-07-01,13098.14,98.06,30.8
PMT-0172,F-18,2022-08-01,11036.46,94.2,24.0
PMT-0172,F-18,2022-09-01,9683.43,92.47,18.5
PMT-0172,F-18,2022-10-01,8045.64,94.91,9.3
PMT-0172,F-18,2022-11-01,6539.41,89.04,8.0
PMT-0172,F-18,2022-12-01,6424.4,98.27,4.4
PMT-0172,F-18,2023-01-01,6874.82,95.02,6.2
PMT-0172,F-18,2023-02-01,8081.74,95.43,10.7
PMT-0172,F-18,2023-03-01,9549.54,95.63,17.1
PMT-0172,F-18,2023-04-01,10824.74,93.8,27.9
PMT-0172,F-18,2023-05-01,12499.46,93.4,29.8
PMT-0172,F-18,2023-06-01,13200.96,94.75,32.5
PMT-0172,F-18,2023-07-01,12184.18,89.03,30.6
PMT-0172,F-18,2023-08-01,10850.3,93.88,25.9
PMT-0172,F-18,2023-09-01,9614.61,99.55,18.8
PMT-0172,F-18,2023-10-01,8306.27,92.91,11.3
PMT-0172,F-18,2023-11-01,6698.9,92.83,5.6
PMT-0172,F-18,2023-12-01,6321.88,91.18,4.5
PMT-0172,F-18,2024-01-01,6521.23,90.95,7.4
PMT-0172,F-18,2024-02-01,7956.7,91.47,10.2
PMT-0172,F-18,2024-03-01,9452.85,99.44,16.5
PMT-0172,F-18,2024-04-01,11399.52,89.86,23.9
PMT-0172,F-18,2024-05-01,12440.31,94.96,33.0
PMT-0172,F-18,2024-06-01,12665.65,98.58,30.6
PMT-0172,F-18,2024-07-01,12467.02,90.91,28.8
PMT-0172,F-18,2024-08-01,10987.03,94.43,26.0
PMT-0172,F-18,2024-09-01,9564.05,94.64,18.8
PMT-0172,F-18,2024-10-01,7800.13,90.28,10.5
PMT-0172,F-18,2024-11-01,6746.83,90.65,5.7
PMT-0172,F-18,2024-12-01,6219.57,96.46,4.5
PMT-0173,F-18,2022-01-01,14672.42,100.0,4.1
PMT-0173,F-18,2022-02-01,16515.79,96.44,9.4
PMT-0173,F-18,2022-03-01,21505.95,94.29,19.8
PMT-0173,F-18,2022-04-01,25294.16,99.23,24.6
PMT-0173,F-18,2022-05-01,27703.71,95.85,29.8
PMT-0173,F-18,2022-06-01,30202.38,94.85,28.7
PMT-0173,F-18,2022-07-01,26179.5,92.76,29.2
PMT-0173,F-18,2022-08-01,24254.16,99.75,24.8
PMT-0173,F-18,2022-09-01,19844.14,90.28,17.1
PMT-0173,F-18,2022-10-01,17689.95,95.48,11.5
PMT-0173,F-18,2022-11-01,14737.53,91.77,7.0
PMT-0173,F-18,2022-12-01,14007.67,91.62,2.2
PMT-0173,F-18,2023-01-01,14219.11,99.22,5.1
PMT-0173,F-18,2023-02-01,17751.92,94.81,10.2
PMT-0173,F-18,2023-03-01,20939.47,95.06,19.0
PMT-0173,F-18,2023-04-01,26608.69,97.24,23.8
PMT-0173,F-18,2023-05-01,29289.22,98.3,28.3
PMT-0173,F-18,2023-06-01,28442.98,100.0,31.7
PMT-0173,F-18,2023-07-01,27194.33,95.37,31.7
PMT-0173,F-18,2023-08-01,24641.61,92.68,24.5
PMT-0173,F-18,2023-09-01,20221.11,94.07,17.1
PMT-0173,F-18,2023-10-01,16460.71,95.01,10.1
PMT-0173,F-18,2023-11-01,13580.74,92.32,6.2
PMT-0173,F-18,2023-12-01,13630.25,89.15,4.9
PMT-0173,F-18,2024-01-01,14113.02,94.42,6.1
PMT-0173,F-18,2024-02-01,17556.1,98.63,10.4
PMT-0173,F-18,2024-03-01,20066.09,100.0,16.9
PMT-0173,F-18,2024-04-01,24261.78,91.14,25.0
PMT-0173,F-18,2024-05-01,27010.16,100.0,31.6
PMT-0173,F-18,2024-06-01,28103.32,97.47,32.6
PMT-0173,F-18,2024-07-01,28352.32,93.93,30.6
PMT-0173,F-18,2024-08-01,24464.08,91.88,24.4
PMT-0173,F-18,2024-09-01,20627.51,96.68,17.5
PMT-0173,F-18,2024-10-01,17569.46,92.33,11.5
PMT-0173,F-18,2024-11-01,14232.98,98.62,6.6
PMT-0173,F-18,2024-12-01,13200.3,91.72,5.9
PMT-0174,F-18,2022-01-01,5756.36,96.49,6.0
PMT-0174,F-18,2022-02-01,6696.85,93.5,12.8
PMT-0174,F-18,2022-03-01,8225.37,95.16,17.4
PMT-0174,F-18,2022-04-01,9404.03,96.56,25.1
PMT-0174,F-18,2022-05-01,9640.4,98.67,30.6
PMT-0174,F-18,2022-06-01,10108.62,98.22,30.5
PMT-0174,F-18,2022-07-01,9152.53,97.88,30.5
PMT-0174,F-18,2022-08-01,8521.23,92.58,25.5
PMT-0174,F-18,2022-09-01,7488.63,93.84,20.4
PMT-0174,F-18,2022-10-01,6454.26,96.17,12.1
PMT-0174,F-18,2022-11-01,5785.43,93.15,5.4
PMT-0174,F-18,2022-12-01,5261.24,97.91,4.7
PMT-0174,F-18,2023-01-01,5806.26,97.63,5.8
PMT-0174,F-18,2023-02-01,6885.97,92.48,12.5
PMT-0174,F-18,2023-03-01,8045.03,94.21,16.4
PMT-0174,F-18,2023-04-01,9014.78,95.31,25.0
PMT-0174,F-18,2023-05-01,9474.99,97.5,31.2
PMT-0174,F-18,2023-06-01,9902.95,95.39,32.3
PMT-0174,F-18,2023-07-01,9663.21,98.98,30.7
PMT-0174,F-18,2023-08-01,8450.25,98.54,24.9
PMT-0174,F-18,2023-09-01,7238.12,94.49,19.9
PMT-0174,F-18,2023-10-01,6355.39,93.6,10.4
PMT-0174,F-18,2023-11-01,5763.43,96.87,6.6
PMT-0174,F-18,2023-12-01,5212.01,93.99,2.9
PMT-0174,F-18,2024-01-01,5751.23,95.16,4.9
PMT-0174,F-18,2024-02-01,6666.02,97.18,11.1
PMT-0174,F-18,2024-03-01,8224.0,99.6,19.0
PMT-0174,F-18,2024-04-01,8842.43,92.65,24.5
PMT-0174,F-18,2024-05-01,9360.9,95.41,30.1
PMT-0174,F-18,2024-06-01,9434.95,98.74,33.0
PMT-0174,F-18,2024-07-01,9478.22,98.74,29.4
PMT-0174,F-18,2024-08-01,8466.16,94.87,26.4
PMT-0174,F-18,2024-09-01,7476.16,100.0,17.7
PMT-0174,F-18,2024-10-01,6221.58,91.28,10.5
PMT-0174,F-18,2024-11-01,5742.36,95.07,5.7
PMT-0174,F-18,2024-12-01,5626.51,92.95,5.3
PMT-0175,F-18,2022-01-01,11286.8,96.18,3.7
PMT-0175,F-18,2022-02-01,13738.14,91.16,11.5
PMT-0175,F-18,2022-03-01,16489.78,94.53,17.8
PMT-0175,F-18,2022-04-01,18318.73,98.24,25.0
PMT-0175,F-18,2022-05-01,20590.49,94.95,30.2
PMT-0175,F-18,2022-06-01,22232.31,96.17,32.0
PMT-0175,F-18,2022-07-01,21164.06,89.74,30.7
PMT-0175,F-18,2022-08-01,18761.39,90.22,25.3
PMT-0175,F-18,2022-09-01,15743.83,91.58,18.7
PMT-0175,F-18,2022-10-01,13135.06,100.0,12.0
PMT-0175,F-18,2022-11-01,11169.28,97.69,6.4
PMT-0175,F-18,2022-12-01,10712.78,94.59,2.8
PMT-0175,F-18,2023-01-01,11759.31,97.41,4.1
PMT-0175,F-18,2023-02-01,13492.57,95.47,10.5
PMT-0175,F-18,2023-03-01,16354.91,91.36,19.1
PMT-0175,F-18,2023-04-01,19296.2,97.0,24.0
PMT-0175,F-18,2023-05-01,20475.63,95.58,30.6
PMT-0175,F-18,2023-06-01,21671.59,99.11,32.1
PMT-0175,F-18,2023-07-01,20962.08,93.14,31.0
PMT-0175,F-18,2023-08-01,18670.62,99.53,26.8
PMT-0175,F-18,2023-09-01,16051.21,95.5,19.7
PMT-0175,F-18,2023-10-01,13413.38,92.53,12.3
PMT-0175,F-18,2023-11-01,11541.33,95.76,8.1
PMT-0175,F-18,2023-12-01,10684.6,94.56,3.7
PMT-0175,F-18,2024-01-01,11395.61,95.72,5.3
PMT-0175,F-18,2024-02-01,13672.04,95.64,9.1
PMT-0175,F-18,2024-03-01,16776.11,89.84,17.7
PMT-0175,F-18,2024-04-01,18620.72,94.79,24.9
PMT-0175,F-18,2024-05-01,20810.97,94.31,29.2
PMT-0175,F-18,2024-06-01,21354.06,95.37,30.2
PMT-0175,F-18,2024-07-01,21454.68,89.33,29.6
PMT-0175,F-18,2024-08-01,18949.79,99.31,25.7
PMT-0175,F-18,2024-09-01,15836.03,90.01,19.2
PMT-0175,F-18,2024-10-01,12994.4,95.82,10.8
PMT-0175,F-18,2024-11-01,11472.05,97.55,5.2
PMT-0175,F-18,2024-12-01,11053.76,94.02,3.4
PMT-0176,F-18,2022-01-01,18452.57,97.71,4.5
PMT-0176,F-18,2022-02-01,19605.53,98.33,13.5
PMT-0176,F-18,2022-03-01,26768.48,96.32,17.9
PMT-0176,F-18,2022-04-01,29723.26,95.21,23.8
PMT-0176,F-18,2022-05-01,34524.55,96.34,30.7
PMT-0176,F-18,2022-06-01,33230.29,93.08,33.6
PMT-0176,F-18,2022-07-01,32726.48,94.87,33.0
PMT-0176,F-18,2022-08-01,29697.75,100.0,26.2
PMT-0176,F-18,2022-09-01,26344.67,98.19,17.6
PMT-0176,F-18,2022-10-01,20256.18,95.64,9.9
PMT-0176,F-18,2022-11-01,17974.36,88.43,4.3
PMT-0176,F-18,2022-12-01,16490.52,95.13,5.9
PMT-0176,F-18,2023-01-01,18277.9,98.5,4.5
PMT-0176,F-18,2023-02-01,20361.43,95.18,9.6
PMT-0176,F-18,2023-03-01,26005.98,96.67,17.5
PMT-0176,F-18,2023-04-01,30891.8,95.02,24.3
PMT-0176,F-18,2023-05-01,32492.9,98.91,27.1
PMT-0176,F-18,2023-06-01,34350.99,97.3,31.0
PMT-0176,F-18,2023-07-01,32880.67,97.41,30.0
PMT-0176,F-18,2023-08-01,30777.21,89.93,25.7
PMT-0176,F-18,2023-09-01,26040.66,95.84,18.7
PMT-0176,F-18,2023-10-01,20537.47,95.95,12.1
PMT-0176,F-18,2023-11-01,16162.68,95.23,6.9
PMT-0176,F-18,2023-12-01,16393.15,93.11,3.6
PMT-0176,F-18,2024-01-01,17250.63,97.11,6.4
PMT-0176,F-18,2024-02-01,21301.9,92.82,11.9
PMT-0176,F-18,2024-03-01,26140.16,96.67,16.5
PMT-0176,F-18,2024-04-01,29492.32,94.44,21.8
PMT-0176,F-18,2024-05-01,31767.12,97.4,31.1
PMT-0176,F-18,2024-06-01,35697.51,91.9,32.9
PMT-0176,F-18,2024-07-01,33095.96,92.64,26.5
PMT-0176,F-18,2024-08-01,29861.44,97.18,25.2
PMT-0176,F-18,2024-09-01,25744.03,91.7,17.7
PMT-0176,F-18,2024-10-01,20200.99,90.33,12.9
PMT-0176,F-18,2024-11-01,18102.33,90.6,6.7
PMT-0176,F-18,2024-12-01,15582.11,98.38,4.0
PMT-0177,F-18,2022-01-01,15089.17,93.76,6.4
PMT-0177,F-18,2022-02-01,18817.33,98.17,12.0
PMT-0177,F-18,2022-03-01,21548.85,92.58,16.4
PMT-0177,F-18,2022-04-01,23187.16,95.71,25.3
PMT-0177,F-18,2022-05-01,25080.31,95.69,28.6
PMT-0177,F-18,2022-06-01,27350.32,94.87,30.3
PMT-0177,F-18,2022-07-01,26108.29,96.84,28.9
PMT-0177,F-18,2022-08-01,22292.56,93.97,24.7
PMT-0177,F-18,2022-09-01,19033.23,91.68,17.1
PMT-0177,F-18,2022-10-01,16513.03,99.09,9.9
PMT-0177,F-18,2022-11-01,13898.1,93.17,4.6
PMT-0177,F-18,2022-12-01,13443.2,97.17,3.8
PMT-0177,F-18,2023-01-01,14652.65,94.58,5.8
PMT-0177,F-18,2023-02-01,17274.84,100.0,11.4
PMT-0177,F-18,2023-03-01,20558.31,99.84,19.5
PMT-0177,F-18,2023-04-01,23878.34,98.3,27.4
PMT-0177,F-18,2023-05-01,26106.12,96.94,30.1
PMT-0177,F-18,2023-06-01,25463.23,100.0,31.4
PMT-0177,F-18,2023-07-01,25722.31,92.42,28.5
PMT-0177,F-18,2023-08-01,22439.4,100.0,25.4
PMT-0177,F-18,2023-09-01,18597.56,95.34,18.4
PMT-0177,F-18,2023-10-01,16951.9,91.9,9.3
PMT-0177,F-18,2023-11-01,15235.7,91.18,6.5
PMT-0177,F-18,2023-12-01,13736.41,94.99,3.2
PMT-0177,F-18,2024-01-01,14536.47,91.77,7.6
PMT-0177,F-18,2024-02-01,17583.57,92.5,9.2
PMT-0177,F-18,2024-03-01,21225.61,95.29,17.1
PMT-0177,F-18,2024-04-01,23026.07,95.14,24.0
PMT-0177,F-18,2024-05-01,25322.81,97.64,31.5
PMT-0177,F-18,2024-06-01,25442.74,95.04,33.1
PMT-0177,F-18,2024-07-01,24991.53,90.52,31.1
PMT-0177,F-18,2024-08-01,23394.55,94.88,26.6
PMT-0177,F-18,2024-09-01,19128.47,94.08,18.0
PMT-0177,F-18,2024-10-01,16032.25,90.93,11.9
PMT-0177,F-18,2024-11-01,14171.4,93.03,5.8
PMT-0177,F-18,2024-12-01,13804.49,95.01,3.9
PMT-0178,F-18,2022-01-01,8661.79,93.13,5.3
PMT-0178,F-18,2022-02-01,9994.22,100.0,12.5
PMT-0178,F-18,2022-03-01,11821.51,99.97,18.9
PMT-0178,F-18,2022-04-01,13291.77,93.33,25.6
PMT-0178,F-18,2022-05-01,14808.91,95.03,28.4
PMT-0178,F-18,2022-06-01,13549.12,93.62,33.8
PMT-0178,F-18,2022-07-01,13933.53,99.8,29.1
PMT-0178,F-18,2022-08-01,12102.68,98.79,25.7
PMT-0178,F-18,2022-09-01,10664.36,92.35,18.4
PMT-0178,F-18,2022-10-01,8827.66,92.99,10.4
PMT-0178,F-18,2022-11-01,8165.58,94.31,6.5
PMT-0178,F-18,2022-12-01,8059.33,93.56,4.6
PMT-0178,F-18,2023-01-01,8876.19,94.33,3.6
PMT-0178,F-18,2023-02-01,9329.49,93.8,10.4
PMT-0178,F-18,2023-03-01,11398.57,92.36,18.1
PMT-0178,F-18,2023-04-01,13136.6,94.54,25.7
PMT-0178,F-18,2023-05-01,13674.63,93.19,29.3
PMT-0178,F-18,2023-06-01,14527.96,93.35,30.5
PMT-0178,F-18,2023-07-01,14358.99,96.7,32.3
PMT-0178,F-18,2023-08-01,11533.52,91.7,24.2
PMT-0178,F-18,2023-09-01,10703.85,94.59,18.2
PMT-0178,F-18,2023-10-01,9977.09,90.42,9.3
PMT-0178,F-18,2023-11-01,7985.49,97.01,3.8
PMT-0178,F-18,2023-12-01,7381.04,93.01,3.5
PMT-0178,F-18,2024-01-01,9210.29,92.66,5.7
PMT-0178,F-18,2024-02-01,9042.69,93.01,9.6
PMT-0178,F-18,2024-03-01,10784.11,93.92,16.5
PMT-0178,F-18,2024-04-01,12373.85,93.26,26.7
PMT-0178,F-18,2024-05-01,12869.23,89.79,32.0
PMT-0178,F-18,2024-06-01,14281.18,96.26,31.8
PMT-0178,F-18,2024-07-01,13358.11,90.77,29.2
PMT-0178,F-18,2024-08-01,12218.02,98.43,27.8
PMT-0178,F-18,2024-09-01,10336.56,95.47,19.1
PMT-0178,F-18,2024-10-01,8737.93,89.68,10.0
PMT-0178,F-18,2024-11-01,7578.6,94.74,5.4
PMT-0178,F-18,2024-12-01,7495.66,94.75,1.3
PMT-0179,F-18,2022-01-01,4895.16,98.13,5.7
PMT-0179,F-18,2022-02-01,6339.62,94.37,12.9
PMT-0179,F-18,2022-03-01,7075.37,94.89,18.0
PMT-0179,F-18,2022-04-01,8146.83,97.91,23.6
PMT-0179,F-18,2022-05-01,9096.59,95.63,31.2
PMT-0179,F-18,2022-06-01,8727.61,91.54,33.0
PMT-0179,F-18,2022-07-01,9129.97,94.79,31.3
PMT-0179,F-18,2022-08-01,7732.91,97.27,25.8
PMT-0179,F-18,2022-09-01,6598.37,96.47,21.3
PMT-0179,F-18,2022-10-01,5791.64,96.89,10.0
PMT-0179,F-18,2022-11-01,4999.17,95.31,6.5
PMT-0179,F-18,2022-12-01,4713.21,92.26,5.6
PMT-0179,F-18,2023-01-01,5064.03,93.6,3.8
PMT-0179,F-18,2023-02-01,5925.54,96.45,9.1
PMT-0179,F-18,2023-03-01,6674.04,100.0,20.1
PMT-0179,F-18,2023-04-01,7926.7,99.36,25.5
PMT-0179,F-18,2023-05-01,8695.45,93.08,29.0
PMT-0179,F-18,2023-06-01,8974.14,99.57,30.9
PMT-0179,F-18,2023-07-01,8746.85,94.45,31.5
PMT-0179,F-18,2023-08-01,8132.07,94.86,24.6
PMT-0179,F-18,2023-09-01,7157.01,94.31,17.3
PMT-0179,F-18,2023-10-01,5561.35,92.42,10.1
PMT-0179,F-18,2023-11-01,4988.23,96.93,3.9
PMT-0179,F-18,2023-12-01,4651.11,92.27,3.2
PMT-0179,F-18,2024-01-01,4980.22,93.01,7.3
PMT-0179,F-18,2024-02-01,5898.62,95.62,12.0
PMT-0179,F-18,2024-03-01,6519.38,92.62,14.7
PMT-0179,F-18,2024-04-01,7501.61,97.53,25.9
PMT-0179,F-18,2024-05-01,7816.56,96.54,30.9
PMT-0179,F-18,2024-06-01,8768.28,94.0,31.3
PMT-0179,F-18,2024-07-01,8490.44,93.46,30.6
PMT-0179,F-18,2024-08-01,7979.5,96.46,28.7
PMT-0179,F-18,2024-09-01,6533.77,90.74,19.2
PMT-0179,F-18,2024-10-01,5567.72,96.22,11.4
PMT-0179,F-18,2024-11-01,4833.15,100.0,5.8
PMT-0179,F-18,2024-12-01,4804.15,95.38,4.2
PMT-0180,F-18,2022-01-01,10350.4,92.3,7.4
PMT-0180,F-18,2022-02-01,12282.28,90.81,8.5
PMT-0180,F-18,2022-03-01,14192.27,92.18,18.6
PMT-0180,F-18,2022-04-01,17593.09,95.57,24.9
PMT-0180,F-18,2022-05-01,19273.81,93.16,31.2
PMT-0180,F-18,2022-06-01,20026.66,94.3,32.0
PMT-0180,F-18,2022-07-01,18866.5,98.24,27.5
PMT-0180,F-18,2022-08-01,16859.57,99.91,25.4
PMT-0180,F-18,2022-09-01,14936.35,96.59,18.5
PMT-0180,F-18,2022-10-01,11676.78,89.81,10.1
PMT-0180,F-18,2022-11-01,10439.73,88.8,8.4
PMT-0180,F-18,2022-12-01,9546.34,94.91,4.0
PMT-0180,F-18,2023-01-01,10480.68,93.91,6.9
PMT-0180,F-18,2023-02-01,12323.66,97.57,10.3
PMT-0180,F-18,2023-03-01,14237.49,93.98,17.6
PMT-0180,F-18,2023-04-01,17507.69,94.92,27.0
PMT-0180,F-18,2023-05-01,18834.29,94.34,31.3
PMT-0180,F-18,2023-06-01,18815.05,100.0,32.0
PMT-0180,F-18,2023-07-01,18497.73,95.83,30.1
PMT-0180,F-18,2023-08-01,17437.78,89.63,27.3
PMT-0180,F-18,2023-09-01,14337.04,95.35,16.3
PMT-0180,F-18,2023-10-01,12079.43,97.29,10.1
PMT-0180,F-18,2023-11-01,10569.04,92.31,4.4
PMT-0180,F-18,2023-12-01,9323.06,97.46,2.9
PMT-0180,F-18,2024-01-01,10738.49,99.7,6.6
PMT-0180,F-18,2024-02-01,12264.74,95.72,10.1
PMT-0180,F-18,2024-03-01,14868.62,94.21,19.3
PMT-0180,F-18,2024-04-01,16799.14,96.49,25.5
PMT-0180,F-18,2024-05-01,19871.35,93.4,29.0
PMT-0180,F-18,2024-06-01,19677.73,93.98,32.0
PMT-0180,F-18,2024-07-01,18989.96,98.42,29.8
PMT-0180,F-18,2024-08-01,16492.13,95.93,26.8
PMT-0180,F-18,2024-09-01,14805.61,97.47,16.5
PMT-0180,F-18,2024-10-01,12241.47,93.22,11.4
PMT-0180,F-18,2024-11-01,10217.37,97.33,6.5
PMT-0180,F-18,2024-12-01,9728.73,98.53,2.0
PMT-0181,F-19,2022-01-01,6649.66,97.37,5.5
PMT-0181,F-19,2022-02-01,7854.71,96.8,9.3
PMT-0181,F-19,2022-03-01,9278.13,99.56,15.5
PMT-0181,F-19,2022-04-01,10325.01,96.92,23.8
PMT-0181,F-19,2022-05-01,11157.09,90.0,31.3
PMT-0181,F-19,2022-06-01,11525.85,97.63,32.8
PMT-0181,F-19,2022-07-01,10653.08,98.44,30.0
PMT-0181,F-19,2022-08-01,9327.69,93.86,23.5
PMT-0181,F-19,2022-09-01,8064.88,99.76,18.5
PMT-0181,F-19,2022-10-01,6753.06,96.43,11.3
PMT-0181,F-19,2022-11-01,6265.4,92.21,4.7
PMT-0181,F-19,2022-12-01,6103.58,93.08,2.3
PMT-0181,F-19,2023-01-01,6524.01,93.11,5.1
PMT-0181,F-19,2023-02-01,7406.33,93.76,10.4
PMT-0181,F-19,2023-03-01,8940.24,94.98,16.2
PMT-0181,F-19,2023-04-01,10255.69,92.84,25.9
PMT-0181,F-19,2023-05-01,9907.85,94.47,31.0
PMT-0181,F-19,2023-06-01,10297.02,99.4,32.1
PMT-0181,F-19,2023-07-01,10127.88,100.0,28.6
PMT-0181,F-19,2023-08-01,10021.34,95.69,26.4
PMT-0181,F-19,2023-09-01,8850.58,96.15,17.4
PMT-0181,F-19,2023-10-01,6687.0,97.55,10.9
PMT-0181,F-19,2023-11-01,6255.76,96.53,7.4
PMT-0181,F-19,2023-12-01,5974.86,95.36,5.6
PMT-0181,F-19,2024-01-01,6529.94,94.44,7.7
PMT-0181,F-19,2024-02-01,7623.13,100.0,11.4
PMT-0181,F-19,2024-03-01,8712.75,98.08,17.1
PMT-0181,F-19,2024-04-01,9775.14,92.69,26.2
PMT-0181,F-19,2024-05-01,10083.52,100.0,29.7
PMT-0181,F-19,2024-06-01,10274.52,96.35,32.5
PMT-0181,F-19,2024-07-01,9498.82,98.64,30.6
PMT-0181,F-19,2024-08-01,9072.18,92.91,25.8
PMT-0181,F-19,2024-09-01,8370.86,99.1,17.0
PMT-0181,F-19,2024-10-01,7179.95,96.45,10.1
PMT-0181,F-19,2024-11-01,6031.95,97.21,6.2
PMT-0181,F-19,2024-12-01,6334.79,95.39,2.7
PMT-0182,F-19,2022-01-01,9995.45,97.92,4.4
PMT-0182,F-19,2022-02-01,11823.44,97.09,11.1
PMT-0182,F-19,2022-03-01,12913.52,94.81,17.8
PMT-0182,F-19,2022-04-01,16011.51,100.0,23.4
PMT-0182,F-19,2022-05-01,16479.54,97.36,30.3
PMT-0182,F-19,2022-06-01,17039.08,96.27,29.8
PMT-0182,F-19,2022-07-01,15373.31,90.54,29.1
PMT-0182,F-19,2022-08-01,14294.29,98.59,23.8
PMT-0182,F-19,2022-09-01,11872.51,94.81,17.5
PMT-0182,F-19,2022-10-01,10678.49,98.11,10.1
PMT-0182,F-19,2022-11-01,9680.88,96.04,6.4
PMT-0182,F-19,2022-12-01,9378.15,96.67,4.6
PMT-0182,F-19,2023-01-01,10544.91,90.46,7.1
PMT-0182,F-19,2023-02-01,12206.16,91.44,10.9
PMT-0182,F-19,2023-03-01,13616.51,97.3,19.3
PMT-0182,F-19,2023-04-01,14198.23,98.35,26.1
PMT-0182,F-19,2023-05-01,15697.3,95.53,29.5
PMT-0182,F-19,2023-06-01,15920.28,95.39,32.4
PMT-0182,F-19,2023-07-01,15252.09,99.4,30.5
PMT-0182,F-19,2023-08-01,13921.3,97.71,26.6
PMT-0182,F-19,2023-09-01,11512.35,98.41,19.6
PMT-0182,F-19,2023-10-01,10838.61,100.0,9.1
PMT-0182,F-19,2023-11-01,9631.57,95.46,5.5
PMT-0182,F-19,2023-12-01,9526.62,94.72,4.4
PMT-0182,F-19,2024-01-01,9953.08,94.91,4.9
PMT-0182,F-19,2024-02-01,11301.12,91.61,10.3
PMT-0182,F-19,2024-03-01,14276.7,99.66,19.2
PMT-0182,F-19,2024-04-01,16080.6,91.43,24.4
PMT-0182,F-19,2024-05-01,14645.1,95.24,29.8
PMT-0182,F-19,2024-06-01,15683.69,95.01,32.8
PMT-0182,F-19,2024-07-01,15829.79,94.4,30.8
PMT-0182,F-19,2024-08-01,13668.45,92.31,21.9
PMT-0182,F-19,2024-09-01,13041.73,96.81,16.5
PMT-0182,F-19,2024-10-01,11088.93,96.17,8.3
PMT-0182,F-19,2024-11-01,9476.5,98.35,6.8
PMT-0182,F-19,2024-12-01,9047.71,95.22,4.1
PMT-0183,F-19,2022-01-01,24345.78,94.53,6.2
PMT-0183,F-19,2022-02-01,29661.38,97.45,8.5
PMT-0183,F-19,2022-03-01,35128.46,97.2,18.2
PMT-0183,F-19,2022-04-01,41820.11,100.0,25.6
PMT-0183,F-19,2022-05-01,44144.46,97.94,30.1
PMT-0183,F-19,2022-06-01,47244.91,92.15,33.3
PMT-0183,F-19,2022-07-01,45136.45,98.33,29.2
PMT-0183,F-19,2022-08-01,42267.69,95.8,25.9
PMT-0183,F-19,2022-09-01,35317.17,92.5,17.7
PMT-0183,F-19,2022-10-01,28753.04,95.7,12.1
PMT-0183,F-19,2022-11-01,24358.35,95.08,6.1
PMT-0183,F-19,2022-12-01,23268.64,95.96,1.8
PMT-0183,F-19,2023-01-01,25421.63,91.69,6.5
PMT-0183,F-19,2023-02-01,29423.92,92.72,11.8
PMT-0183,F-19,2023-03-01,35811.75,95.17,19.1
PMT-0183,F-19,2023-04-01,40442.55,97.51,24.7
PMT-0183,F-19,2023-05-01,45748.34,100.0,30.8
PMT-0183,F-19,2023-06-01,46460.43,96.87,31.5
PMT-0183,F-19,2023-07-01,44895.42,94.33,30.4
PMT-0183,F-19,2023-08-01,41614.52,94.61,24.9
PMT-0183,F-19,2023-09-01,35014.78,95.81,17.5
PMT-0183,F-19,2023-10-01,29837.5,95.86,11.2
PMT-0183,F-19,2023-11-01,25480.82,96.13,6.6
PMT-0183,F-19,2023-12-01,23291.08,94.83,3.6
PMT-0183,F-19,2024-01-01,24782.45,97.26,6.9
PMT-0183,F-19,2024-02-01,29384.76,98.22,12.7
PMT-0183,F-19,2024-03-01,35600.65,93.34,21.0
PMT-0183,F-19,2024-04-01,40074.34,97.66,25.2
PMT-0183,F-19,2024-05-01,43625.15,94.39,29.5
PMT-0183,F-19,2024-06-01,46211.37,93.28,31.6
PMT-0183,F-19,2024-07-01,44189.79,96.89,29.7
PMT-0183,F-19,2024-08-01,40942.84,97.07,24.3
PMT-0183,F-19,2024-09-01,34775.39,100.0,16.2
PMT-0183,F-19,2024-10-01,27954.02,92.55,9.5
PMT-0183,F-19,2024-11-01,23983.01,100.0,6.0
PMT-0183,F-19,2024-12-01,23422.28,99.38,3.4
PMT-0184,F-19,2022-01-01,14465.54,96.81,6.8
PMT-0184,F-19,2022-02-01,15609.92,94.83,11.7
PMT-0184,F-19,2022-03-01,18776.49,90.62,19.1
PMT-0184,F-19,2022-04-01,22860.33,93.26,23.7
PMT-0184,F-19,2022-05-01,23943.49,88.4,28.5
PMT-0184,F-19,2022-06-01,23896.96,95.51,31.8
PMT-0184,F-19,2022-07-01,22740.43,100.0,31.3
PMT-0184,F-19,2022-08-01,21753.8,96.23,25.3
PMT-0184,F-19,2022-09-01,18376.77,94.59,18.9
PMT-0184,F-19,2022-10-01,14774.16,98.59,11.1
PMT-0184,F-19,2022-11-01,13408.38,92.11,4.1
PMT-0184,F-19,2022-12-01,11857.02,94.14,5.1
PMT-0184,F-19,2023-01-01,12933.43,100.0,7.9
PMT-0184,F-19,2023-02-01,16932.87,95.34,12.0
PMT-0184,F-19,2023-03-01,18878.46,96.25,19.5
PMT-0184,F-19,2023-04-01,21069.98,93.22,24.5
PMT-0184,F-19,2023-05-01,23774.4,91.78,29.5
PMT-0184,F-19,2023-06-01,25802.68,93.25,33.2
PMT-0184,F-19,2023-07-01,23081.65,93.93,28.5
PMT-0184,F-19,2023-08-01,23064.16,92.9,25.8
PMT-0184,F-19,2023-09-01,19835.19,96.59,19.4
PMT-0184,F-19,2023-10-01,14683.43,94.53,12.5
PMT-0184,F-19,2023-11-01,12874.77,93.82,3.9
PMT-0184,F-19,2023-12-01,12973.61,98.11,3.1
PMT-0184,F-19,2024-01-01,12196.64,94.54,4.2
PMT-0184,F-19,2024-02-01,15287.52,93.45,11.9
PMT-0184,F-19,2024-03-01,18845.57,94.16,16.6
PMT-0184,F-19,2024-04-01,22027.69,92.78,24.5
PMT-0184,F-19,2024-05-01,25957.36,96.1,29.6
PMT-0184,F-19,2024-06-01,25356.83,93.37,31.3
PMT-0184,F-19,2024-07-01,20731.88,94.84,28.4
PMT-0184,F-19,2024-08-01,21912.69,92.65,23.6
PMT-0184,F-19,2024-09-01,19952.44,92.39,18.0
PMT-0184,F-19,2024-10-01,16174.63,98.17,10.0
PMT-0184,F-19,2024-11-01,12707.59,97.83,4.2
PMT-0184,F-19,2024-12-01,12688.91,96.74,3.6
PMT-0185,F-19,2022-01-01,14691.55,97.27,6.1
PMT-0185,F-19,2022-02-01,17034.37,95.25,9.2
PMT-0185,F-19,2022-03-01,20361.29,100.0,16.4
PMT-0185,F-19,2022-04-01,23751.23,95.39,23.2
PMT-0185,F-19,2022-05-01,25078.82,95.69,29.6
PMT-0185,F-19,2022-06-01,25668.23,94.2,32.2
PMT-0185,F-19,2022-07-01,25850.95,97.32,30.9
PMT-0185,F-19,2022-08-01,24140.66,94.72,25.5
PMT-0185,F-19,2022-09-01,19736.47,92.67,17.2
PMT-0185,F-19,2022-10-01,16747.0,94.78,11.3
PMT-0185,F-19,2022-11-01,14186.77,93.17,5.6
PMT-0185,F-19,2022-12-01,13707.36,94.3,3.5
PMT-0185,F-19,2023-01-01,14698.48,91.19,4.7
PMT-0185,F-19,2023-02-01,16307.29,96.29,11.3
PMT-0185,F-19,2023-03-01,19915.35,96.85,17.9
PMT-0185,F-19,2023-04-01,23978.54,97.85,24.7
PMT-0185,F-19,2023-05-01,25776.39,98.38,29.1
PMT-0185,F-19,2023-06-01,20105.66,100.0,33.9
PMT-0185,F-19,2023-07-01,26732.39,94.34,30.9
PMT-0185,F-19,2023-08-01,23739.41,92.21,25.7
PMT-0185,F-19,2023-09-01,19690.14,98.26,15.9
PMT-0185,F-19,2023-10-01,17058.39,94.76,10.5
PMT-0185,F-19,2023-11-01,14033.4,94.66,7.6
PMT-0185,F-19,2023-12-01,13550.82,97.96,4.0
PMT-0185,F-19,2024-01-01,13862.11,98.52,5.5
PMT-0185,F-19,2024-02-01,16670.72,92.56,11.1
PMT-0185,F-19,2024-03-01,20131.7,94.18,18.3
PMT-0185,F-19,2024-04-01,24179.04,97.91,24.7
PMT-0185,F-19,2024-05-01,25952.11,98.9,30.5
PMT-0185,F-19,2024-06-01,25850.84,97.27,30.3
PMT-0185,F-19,2024-07-01,24732.21,94.34,30.9
PMT-0185,F-19,2024-08-01,22883.8,94.21,26.3
PMT-0185,F-19,2024-09-01,19623.96,96.96,18.8
PMT-0185,F-19,2024-10-01,16546.76,97.86,11.8
PMT-0185,F-19,2024-11-01,14427.25,97.62,6.1
PMT-0185,F-19,2024-12-01,12775.84,98.59,2.5
PMT-0186,F-19,2022-01-01,13245.91,99.94,6.1
PMT-0186,F-19,2022-02-01,14954.42,97.54,12.2
PMT-0186,F-19,2022-03-01,18085.01,96.43,17.8
PMT-0186,F-19,2022-04-01,21640.24,95.25,26.9
PMT-0186,F-19,2022-05-01,23259.11,91.03,28.6
PMT-0186,F-19,2022-06-01,25449.98,96.84,31.1
PMT-0186,F-19,2022-07-01,23916.49,97.22,30.1
PMT-0186,F-19,2022-08-01,20850.48,96.67,25.3
PMT-0186,F-19,2022-09-01,17962.36,97.27,18.9
PMT-0186,F-19,2022-10-01,13873.89,97.38,11.5
PMT-0186,F-19,2022-11-01,12717.57,92.22,6.2
PMT-0186,F-19,2022-12-01,11591.45,91.58,5.3
PMT-0186,F-19,2023-01-01,12649.92,99.37,6.7
PMT-0186,F-19,2023-02-01,15089.68,98.49,11.7
PMT-0186,F-19,2023-03-01,17911.53,98.88,17.0
PMT-0186,F-19,2023-04-01,21217.97,97.13,26.1
PMT-0186,F-19,2023-05-01,22569.48,95.83,29.9
PMT-0186,F-19,2023-06-01,23210.84,96.26,34.9
PMT-0186,F-19,2023-07-01,23146.88,98.48,32.4
PMT-0186,F-19,2023-08-01,21080.81,100.0,26.1
PMT-0186,F-19,2023-09-01,18032.64,98.27,17.2
PMT-0186,F-19,2023-10-01,15044.81,93.87,13.0
PMT-0186,F-19,2023-11-01,12124.02,100.0,10.1
PMT-0186,F-19,2023-12-01,12021.29,96.96,5.0
PMT-0186,F-19,2024-01-01,12466.34,90.07,7.4
PMT-0186,F-19,2024-02-01,14368.41,100.0,12.5
PMT-0186,F-19,2024-03-01,17942.04,94.46,18.3
PMT-0186,F-19,2024-04-01,21506.45,92.33,25.3
PMT-0186,F-19,2024-05-01,23580.42,97.11,30.8
PMT-0186,F-19,2024-06-01,24285.04,96.72,33.1
PMT-0186,F-19,2024-07-01,22945.82,96.77,28.7
PMT-0186,F-19,2024-08-01,21273.98,89.14,23.7
PMT-0186,F-19,2024-09-01,17572.3,96.89,20.1
PMT-0186,F-19,2024-10-01,14890.25,97.63,10.2
PMT-0186,F-19,2024-11-01,12206.92,92.58,4.3
PMT-0186,F-19,2024-12-01,11439.8,94.54,1.9
PMT-0187,F-19,2022-01-01,5779.48,99.14,2.4
PMT-0187,F-19,2022-02-01,6960.61,96.6,11.7
PMT-0187,F-19,2022-03-01,8132.25,92.77,17.7
PMT-0187,F-19,2022-04-01,12402.16,98.24,25.3
PMT-0187,F-19,2022-05-01,13990.08,97.74,29.9
PMT-0187,F-19,2022-06-01,13889.75,97.06,30.2
PMT-0187,F-19,2022-07-01,13785.02,99.57,29.7
PMT-0187,F-19,2022-08-01,12217.5,95.78,22.3
PMT-0187,F-19,2022-09-01,10319.4,97.25,18.0
PMT-0187,F-19,2022-10-01,8298.99,98.77,10.2
PMT-0187,F-19,2022-11-01,7350.17,93.09,5.0
PMT-0187,F-19,2022-12-01,7108.07,89.23,3.3
PMT-0187,F-19,2023-01-01,7597.62,95.56,7.5
PMT-0187,F-19,2023-02-01,8439.7,90.93,10.2
PMT-0187,F-19,2023-03-01,10518.29,98.16,17.7
PMT-0187,F-19,2023-04-01,12393.81,94.99,26.0
PMT-0187,F-19,2023-05-01,13963.67,97.15,31.0
PMT-0187,F-19,2023-06-01,14699.56,99.57,30.9
PMT-0187,F-19,2023-07-01,13700.71,100.0,29.9
PMT-0187,F-19,2023-08-01,12530.39,100.0,24.4
PMT-0187,F-19,2023-09-01,10530.33,99.2,19.1
PMT-0187,F-19,2023-10-01,8328.18,95.26,13.0
PMT-0187,F-19,2023-11-01,7319.76,99.88,6.3
PMT-0187,F-19,2023-12-01,6806.46,97.61,2.5
PMT-0187,F-19,2024-01-01,7149.05,95.95,5.9
PMT-0187,F-19,2024-02-01,8595.59,92.96,9.7
PMT-0187,F-19,2024-03-01,10344.65,97.88,16.8
PMT-0187,F-19,2024-04-01,12585.12,96.54,25.3
PMT-0187,F-19,2024-05-01,12979.29,96.17,29.6
PMT-0187,F-19,2024-06-01,13718.08,95.93,30.8
PMT-0187,F-19,2024-07-01,13080.98,98.64,30.8
PMT-0187,F-19,2024-08-01,12463.37,93.91,25.9
PMT-0187,F-19,2024-09-01,10473.54,94.01,18.9
PMT-0187,F-19,2024-10-01,8458.26,93.0,11.9
PMT-0187,F-19,2024-11-01,7185.37,93.53,4.6
PMT-0187,F-19,2024-12-01,6979.7,95.01,4.0
PMT-0188,F-19,2022-01-01,22401.37,94.32,9.3
PMT-0188,F-19,2022-02-01,25460.23,98.16,12.8
PMT-0188,F-19,2022-03-01,31977.63,92.34,15.6
PMT-0188,F-19,2022-04-01,36009.97,91.72,25.2
PMT-0188,F-19,2022-05-01,42254.02,96.4,29.9
PMT-0188,F-19,2022-06-01,41808.25,98.35,34.2
PMT-0188,F-19,2022-07-01,41576.16,91.86,28.5
PMT-0188,F-19,2022-08-01,36324.04,94.67,24.4
PMT-0188,F-19,2022-09-01,32107.37,97.16,18.9
PMT-0188,F-19,2022-10-01,25393.56,99.02,9.9
PMT-0188,F-19,2022-11-01,22463.81,91.46,8.0
PMT-0188,F-19,2022-12-01,20039.85,95.06,1.5
PMT-0188,F-19,2023-01-01,22635.31,92.99,3.1
PMT-0188,F-19,2023-02-01,25499.6,99.14,10.1
PMT-0188,F-19,2023-03-01,31705.48,95.62,16.6
PMT-0188,F-19,2023-04-01,37393.16,96.38,25.0
PMT-0188,F-19,2023-05-01,39842.59,94.46,30.7
PMT-0188,F-19,2023-06-01,40484.59,96.54,31.0
PMT-0188,F-19,2023-07-01,40419.64,96.41,29.6
PMT-0188,F-19,2023-08-01,35071.11,94.16,24.5
PMT-0188,F-19,2023-09-01,31592.61,94.56,15.8
PMT-0188,F-19,2023-10-01,26213.62,93.79,12.2
PMT-0188,F-19,2023-11-01,21377.4,93.27,3.1
PMT-0188,F-19,2023-12-01,21620.7,94.04,3.9
PMT-0188,F-19,2024-01-01,22689.32,100.0,4.3
PMT-0188,F-19,2024-02-01,26054.13,95.47,10.7
PMT-0188,F-19,2024-03-01,31991.54,98.19,20.1
PMT-0188,F-19,2024-04-01,35496.64,94.22,25.3
PMT-0188,F-19,2024-05-01,40853.27,98.48,30.6
PMT-0188,F-19,2024-06-01,40703.56,97.76,29.6
PMT-0188,F-19,2024-07-01,41771.8,90.99,30.1
PMT-0188,F-19,2024-08-01,36735.18,96.37,26.2
PMT-0188,F-19,2024-09-01,31278.76,89.62,18.9
PMT-0188,F-19,2024-10-01,25724.61,95.99,8.7
PMT-0188,F-19,2024-11-01,22473.06,97.65,4.8
PMT-0188,F-19,2024-12-01,20101.56,98.55,2.8
PMT-0189,F-19,2022-01-01,6081.46,94.78,4.7
PMT-0189,F-19,2022-02-01,7357.54,95.23,11.7
PMT-0189,F-19,2022-03-01,8920.39,98.72,18.3
PMT-0189,F-19,2022-04-01,10170.3,96.18,24.5
PMT-0189,F-19,2022-05-01,11109.54,96.2,30.6
PMT-0189,F-19,2022-06-01,11574.52,92.98,33.3
PMT-0189,F-19,2022-07-01,11162.0,96.9,29.2
PMT-0189,F-19,2022-08-01,10191.18,96.17,26.2
PMT-0189,F-19,2022-09-01,8495.54,96.7,19.0
PMT-0189,F-19,2022-10-01,7091.63,100.0,11.6
PMT-0189,F-19,2022-11-01,6164.01,99.55,6.8
PMT-0189,F-19,2022-12-01,5692.1,96.81,5.7
PMT-0189,F-19,2023-01-01,6153.21,100.0,6.8
PMT-0189,F-19,2023-02-01,7167.33,92.11,11.7
PMT-0189,F-19,2023-03-01,8916.54,93.23,19.1
PMT-0189,F-19,2023-04-01,10613.46,96.72,25.9
PMT-0189,F-19,2023-05-01,11296.84,95.5,32.4
PMT-0189,F-19,2023-06-01,10906.23,94.44,30.4
PMT-0189,F-19,2023-07-01,10476.78,92.56,30.0
PMT-0189,F-19,2023-08-01,9574.0,95.14,24.3
PMT-0189,F-19,2023-09-01,8592.96,95.92,18.2
PMT-0189,F-19,2023-10-01,6942.17,100.0,11.4
PMT-0189,F-19,2023-11-01,5885.83,100.0,5.3
PMT-0189,F-19,2023-12-01,5866.0,90.78,4.7
PMT-0189,F-19,2024-01-01,6176.57,94.84,5.5
PMT-0189,F-19,2024-02-01,7144.07,95.9,11.6
PMT-0189,F-19,2024-03-01,8300.63,99.97,18.1
PMT-0189,F-19,2024-04-01,9710.44,92.94,27.5
PMT-0189,F-19,2024-05-01,11002.27,96.55,30.3
PMT-0189,F-19,2024-06-01,11170.0,95.34,33.8
PMT-0189,F-19,2024-07-01,11308.37,94.47,26.5
PMT-0189,F-19,2024-08-01,9848.74,95.97,26.7
PMT-0189,F-19,2024-09-01,8749.62,99.08,18.1
PMT-0189,F-19,2024-10-01,7198.48,92.81,13.0
PMT-0189,F-19,2024-11-01,6035.28,95.62,5.8
PMT-0189,F-19,2024-12-01,5800.63,98.56,3.8
PMT-0190,F-19,2022-01-01,9988.42,95.25,4.2
PMT-0190,F-19,2022-02-01,12310.09,92.67,11.1
PMT-0190,F-19,2022-03-01,14552.48,99.63,17.7
PMT-0190,F-19,2022-04-01,16162.31,92.7,23.0
PMT-0190,F-19,2022-05-01,18630.5,93.41,30.6
PMT-0190,F-19,2022-06-01,19325.78,92.11,33.1
PMT-0190,F-19,2022-07-01,16245.35,91.52,30.8
PMT-0190,F-19,2022-08-01,15678.5,96.31,25.3
PMT-0190,F-19,2022-09-01,14299.8,95.2,17.2
PMT-0190,F-19,2022-10-01,11964.67,98.21,10.7
PMT-0190,F-19,2022-11-01,10312.66,95.83,7.4
PMT-0190,F-19,2022-12-01,9712.49,95.85,3.3
PMT-0190,F-19,2023-01-01,9669.95,92.66,2.6
PMT-0190,F-19,2023-02-01,12084.66,98.37,11.8
PMT-0190,F-19,2023-03-01,14099.83,95.02,16.5
PMT-0190,F-19,2023-04-01,15974.11,99.24,25.9
PMT-0190,F-19,2023-05-01,18525.11,97.35,29.4
PMT-0190,F-19,2023-06-01,18820.83,94.36,31.7
PMT-0190,F-19,2023-07-01,18438.24,93.57,30.3
PMT-0190,F-19,2023-08-01,16771.93,94.29,26.2
PMT-0190,F-19,2023-09-01,14168.88,96.41,18.5
PMT-0190,F-19,2023-10-01,10714.0,95.45,11.5
PMT-0190,F-19,2023-11-01,9627.51,98.02,6.1
PMT-0190,F-19,2023-12-01,8861.79,99.3,3.1
PMT-0190,F-19,2024-01-01,9308.28,94.43,5.9
PMT-0190,F-19,2024-02-01,11859.32,97.35,11.4
PMT-0190,F-19,2024-03-01,14277.69,95.84,17.9
PMT-0190,F-19,2024-04-01,15885.93,94.85,25.2
PMT-0190,F-19,2024-05-01,18628.27,89.53,31.6
PMT-0190,F-19,2024-06-01,19735.53,97.67,32.2
PMT-0190,F-19,2024-07-01,18032.51,95.29,32.2
PMT-0190,F-19,2024-08-01,16116.28,95.64,25.5
PMT-0190,F-19,2024-09-01,14032.71,96.57,18.4
PMT-0190,F-19,2024-10-01,12011.15,96.96,11.4
PMT-0190,F-19,2024-11-01,9427.51,94.31,6.2
PMT-0190,F-19,2024-12-01,8667.36,96.92,6.2
PMT-0191,F-20,2022-01-01,5049.45,95.82,6.2
PMT-0191,F-20,2022-02-01,5777.63,96.8,11.3
PMT-0191,F-20,2022-03-01,6886.1,93.28,17.8
PMT-0191,F-20,2022-04-01,7739.02,93.24,26.7
PMT-0191,F-20,2022-05-01,8313.72,94.82,28.8
PMT-0191,F-20,2022-06-01,8761.09,91.87,31.3
PMT-0191,F-20,2022-07-01,8493.39,93.49,30.4
PMT-0191,F-20,2022-08-01,7628.64,97.28,25.1
PMT-0191,F-20,2022-09-01,6649.58,97.83,17.9
PMT-0191,F-20,2022-10-01,5718.61,89.65,13.1
PMT-0191,F-20,2022-11-01,4859.3,94.68,4.8
PMT-0191,F-20,2022-12-01,4495.48,93.97,4.1
PMT-0191,F-20,2023-01-01,4930.86,94.76,5.1
PMT-0191,F-20,2023-02-01,5850.58,89.92,11.7
PMT-0191,F-20,2023-03-01,6865.56,93.44,19.2
PMT-0191,F-20,2023-04-01,7928.35,94.89,25.0
PMT-0191,F-20,2023-05-01,8502.26,91.95,29.7
PMT-0191,F-20,2023-06-01,9082.02,90.25,32.3
PMT-0191,F-20,2023-07-01,8506.52,95.56,28.0
PMT-0191,F-20,2023-08-01,7527.45,100.0,26.5
PMT-0191,F-20,2023-09-01,6604.46,96.1,18.7
PMT-0191,F-20,2023-10-01,5471.5,94.48,10.9
PMT-0191,F-20,2023-11-01,4779.61,94.5,4.9
PMT-0191,F-20,2023-12-01,4659.56,91.05,4.5
PMT-0191,F-20,2024-01-01,4864.22,93.8,6.9
PMT-0191,F-20,2024-02-01,5770.84,98.68,10.7
PMT-0191,F-20,2024-03-01,6773.1,95.52,18.8
PMT-0191,F-20,2024-04-01,7593.82,96.1,24.3
PMT-0191,F-20,2024-05-01,8571.13,91.91,31.0
PMT-0191,F-20,2024-06-01,8742.34,100.0,30.6
PMT-0191,F-20,2024-07-01,8524.31,95.56,27.5
PMT-0191,F-20,2024-08-01,7599.5,95.59,25.6
PMT-0191,F-20,2024-09-01,6485.83,92.25,18.4
PMT-0191,F-20,2024-10-01,5802.88,92.31,10.5
PMT-0191,F-20,2024-11-01,4818.63,98.33,6.9
PMT-0191,F-20,2024-12-01,4760.03,94.34,2.6
PMT-0192,F-20,2022-01-01,19985.01,94.22,6.8
PMT-0192,F-20,2022-02-01,23031.97,92.4,10.9
PMT-0192,F-20,2022-03-01,27929.92,100.0,16.0
PMT-0192,F-20,2022-04-01,30815.07,92.27,23.6
PMT-0192,F-20,2022-05-01,35999.02,94.49,31.8
PMT-0192,F-20,2022-06-01,29036.92,91.56,31.8
PMT-0192,F-20,2022-07-01,29017.04,92.7,29.7
PMT-0192,F-20,2022-08-01,23850.29,95.38,27.1
PMT-0192,F-20,2022-09-01,27163.68,98.88,18.3
PMT-0192,F-20,2022-10-01,22757.67,95.33,11.4
PMT-0192,F-20,2022-11-01,19346.23,93.72,7.7
PMT-0192,F-20,2022-12-01,17768.87,90.82,1.1
PMT-0192,F-20,2023-01-01,20806.86,99.77,5.1
PMT-0192,F-20,2023-02-01,23231.1,99.02,12.4
PMT-0192,F-20,2023-03-01,27944.64,93.88,18.6
PMT-0192,F-20,2023-04-01,33465.42,94.51,24.9
PMT-0192,F-20,2023-05-01,37630.9,96.05,28.7
PMT-0192,F-20,2023-06-01,37842.13,95.82,32.8
PMT-0192,F-20,2023-07-01,36113.1,90.04,31.5
PMT-0192,F-20,2023-08-01,31372.17,97.12,24.3
PMT-0192,F-20,2023-09-01,25866.63,94.7,19.1
PMT-0192,F-20,2023-10-01,22804.56,91.0,9.3
PMT-0192,F-20,2023-11-01,20391.69,96.19,8.1
PMT-0192,F-20,2023-12-01,17311.01,95.92,2.4
PMT-0192,F-20,2024-01-01,19436.7,95.71,5.7
PMT-0192,F-20,2024-02-01,23575.72,95.96,9.0
PMT-0192,F-20,2024-03-01,26299.47,93.33,18.9
PMT-0192,F-20,2024-04-01,30300.53,92.42,25.9
PMT-0192,F-20,2024-05-01,35578.68,92.4,29.1
PMT-0192,F-20,2024-06-01,37668.14,91.76,32.2
PMT-0192,F-20,2024-07-01,35873.84,93.03,30.7
PMT-0192,F-20,2024-08-01,22642.71,97.81,26.6
PMT-0192,F-20,2024-09-01,20268.77,98.26,19.4
PMT-0192,F-20,2024-10-01,23272.24,93.33,10.2
PMT-0192,F-20,2024-11-01,19212.77,92.74,6.4
PMT-0192,F-20,2024-12-01,19241.47,98.72,5.0
PMT-0193,F-20,2022-01-01,5605.61,95.57,5.7
PMT-0193,F-20,2022-02-01,6517.2,97.71,10.5
PMT-0193,F-20,2022-03-01,7649.02,92.4,16.7
PMT-0193,F-20,2022-04-01,8981.96,89.82,25.6
PMT-0193,F-20,2022-05-01,9479.34,93.62,29.2
PMT-0193,F-20,2022-06-01,10141.87,96.71,31.1
PMT-0193,F-20,2022-07-01,9344.62,95.0,30.9
PMT-0193,F-20,2022-08-01,8479.68,87.47,26.2
PMT-0193,F-20,2022-09-01,7283.7,95.51,16.6
PMT-0193,F-20,2022-10-01,6311.56,97.5,9.5
PMT-0193,F-20,2022-11-01,5403.79,95.83,7.0
PMT-0193,F-20,2022-12-01,5397.66,97.36,4.4
PMT-0193,F-20,2023-01-01,5463.82,96.63,7.4
PMT-0193,F-20,2023-02-01,6520.85,98.55,12.0
PMT-0193,F-20,2023-03-01,7986.88,91.54,16.1
PMT-0193,F-20,2023-04-01,8852.01,92.12,23.4
PMT-0193,F-20,2023-05-01,9343.74,93.51,30.4
PMT-0193,F-20,2023-06-01,9569.73,92.73,34.4
PMT-0193,F-20,2023-07-01,9204.36,98.59,31.7
PMT-0193,F-20,2023-08-01,8490.68,95.11,25.5
PMT-0193,F-20,2023-09-01,7182.17,96.96,17.1
PMT-0193,F-20,2023-10-01,5865.75,94.88,11.9
PMT-0193,F-20,2023-11-01,5245.17,95.14,5.1
PMT-0193,F-20,2023-12-01,5085.12,92.12,3.6
PMT-0193,F-20,2024-01-01,5429.31,98.44,3.6
PMT-0193,F-20,2024-02-01,6189.03,98.36,12.1
PMT-0193,F-20,2024-03-01,7571.52,91.83,16.4
PMT-0193,F-20,2024-04-01,8548.07,92.94,25.5
PMT-0193,F-20,2024-05-01,9020.29,98.56,32.9
PMT-0193,F-20,2024-06-01,9780.65,94.37,30.4
PMT-0193,F-20,2024-07-01,9429.5,93.45,30.7
PMT-0193,F-20,2024-08-01,8416.41,97.0,24.6
PMT-0193,F-20,2024-09-01,7336.79,94.78,19.6
PMT-0193,F-20,2024-10-01,6022.46,96.6,12.0
PMT-0193,F-20,2024-11-01,5415.2,94.68,7.1
PMT-0193,F-20,2024-12-01,5023.78,96.35,3.8
PMT-0194,F-20,2022-01-01,10991.9,95.95,4.7
PMT-0194,F-20,2022-02-01,13276.16,94.61,10.6
PMT-0194,F-20,2022-03-01,15500.95,96.29,18.7
PMT-0194,F-20,2022-04-01,17916.42,96.38,25.5
PMT-0194,F-20,2022-05-01,19876.13,95.89,31.4
PMT-0194,F-20,2022-06-01,20805.94,100.0,31.5
PMT-0194,F-20,2022-07-01,20568.36,99.29,31.9
PMT-0194,F-20,2022-08-01,18804.72,100.0,25.4
PMT-0194,F-20,2022-09-01,15029.5,90.55,16.9
PMT-0194,F-20,2022-10-01,12022.84,93.94,9.3
PMT-0194,F-20,2022-11-01,10958.29,97.55,5.9
PMT-0194,F-20,2022-12-01,9849.4,91.73,3.1
PMT-0194,F-20,2023-01-01,10276.95,92.54,7.4
PMT-0194,F-20,2023-02-01,12343.3,93.96,11.5
PMT-0194,F-20,2023-03-01,15749.46,98.68,17.2
PMT-0194,F-20,2023-04-01,18828.93,90.39,22.4
PMT-0194,F-20,2023-05-01,19772.3,94.76,32.4
PMT-0194,F-20,2023-06-01,21410.41,96.99,33.6
PMT-0194,F-20,2023-07-01,19332.78,90.82,30.6
PMT-0194,F-20,2023-08-01,17471.33,92.94,24.0
PMT-0194,F-20,2023-09-01,15240.6,95.66,18.8
PMT-0194,F-20,2023-10-01,11556.18,94.23,10.1
PMT-0194,F-20,2023-11-01,11258.72,96.71,6.0
PMT-0194,F-20,2023-12-01,9683.52,95.45,5.2
PMT-0194,F-20,2024-01-01,10980.77,90.83,5.7
PMT-0194,F-20,2024-02-01,12401.05,99.59,11.6
PMT-0194,F-20,2024-03-01,14785.66,99.49,17.8
PMT-0194,F-20,2024-04-01,18427.93,96.81,23.6
PMT-0194,F-20,2024-05-01,19357.07,99.17,29.9
PMT-0194,F-20,2024-06-01,19658.79,94.72,32.8
PMT-0194,F-20,2024-07-01,19831.29,91.23,28.6
PMT-0194,F-20,2024-08-01,17145.55,97.11,26.7
PMT-0194,F-20,2024-09-01,16151.47,96.95,19.3
PMT-0194,F-20,2024-10-01,12609.74,97.94,7.9
PMT-0194,F-20,2024-11-01,10397.1,97.63,5.8
PMT-0194,F-20,2024-12-01,10472.14,92.97,4.2
PMT-0195,F-20,2022-01-01,11564.04,92.98,5.5
PMT-0195,F-20,2022-02-01,13379.54,99.41,8.7
PMT-0195,F-20,2022-03-01,15744.01,100.0,17.8
PMT-0195,F-20,2022-04-01,18374.34,94.65,24.8
PMT-0195,F-20,2022-05-01,19536.62,97.72,28.7
PMT-0195,F-20,2022-06-01,20449.71,86.99,32.1
PMT-0195,F-20,2022-07-01,19399.61,98.35,27.2
PMT-0195,F-20,2022-08-01,17714.94,100.0,24.1
PMT-0195,F-20,2022-09-01,15434.62,90.26,18.4
PMT-0195,F-20,2022-10-01,11205.51,96.58,13.3
PMT-0195,F-20,2022-11-01,10369.92,91.6,6.6
PMT-0195,F-20,2022-12-01,10069.59,94.79,4.0
PMT-0195,F-20,2023-01-01,11008.2,99.66,8.2
PMT-0195,F-20,2023-02-01,13593.31,92.73,12.1
PMT-0195,F-20,2023-03-01,15780.91,94.61,16.5
PMT-0195,F-20,2023-04-01,18064.92,95.94,23.0
PMT-0195,F-20,2023-05-01,19526.31,93.07,32.6
PMT-0195,F-20,2023-06-01,20119.98,88.68,33.6
PMT-0195,F-20,2023-07-01,20236.95,93.95,32.3
PMT-0195,F-20,2023-08-01,17005.76,98.5,25.4
PMT-0195,F-20,2023-09-01,15052.84,95.1,17.9
PMT-0195,F-20,2023-10-01,12408.19,95.99,10.7
PMT-0195,F-20,2023-11-01,11285.38,94.09,7.1
PMT-0195,F-20,2023-12-01,10601.24,93.87,6.5
PMT-0195,F-20,2024-01-01,10789.62,97.53,4.8
PMT-0195,F-20,2024-02-01,12823.41,93.93,11.4
PMT-0195,F-20,2024-03-01,15203.64,94.97,16.9
PMT-0195,F-20,2024-04-01,16973.12,91.01,25.0
PMT-0195,F-20,2024-05-01,19507.34,91.67,30.6
PMT-0195,F-20,2024-06-01,19655.76,98.27,34.2
PMT-0195,F-20,2024-07-01,19448.71,92.96,30.5
PMT-0195,F-20,2024-08-01,17976.28,94.41,25.4
PMT-0195,F-20,2024-09-01,14677.96,97.21,18.4
PMT-0195,F-20,2024-10-01,12643.2,92.68,14.0
PMT-0195,F-20,2024-11-01,11100.29,91.97,6.9
PMT-0195,F-20,2024-12-01,10645.81,88.55,3.4
PMT-0196,F-20,2022-01-01,7506.37,97.26,7.2
PMT-0196,F-20,2022-02-01,9170.65,94.27,9.5
PMT-0196,F-20,2022-03-01,10558.65,97.72,15.3
PMT-0196,F-20,2022-04-01,11830.27,93.69,25.1
PMT-0196,F-20,2022-05-01,12307.38,94.9,29.4
PMT-0196,F-20,2022-06-01,13455.73,98.09,32.6
PMT-0196,F-20,2022-07-01,12360.36,95.95,31.0
PMT-0196,F-20,2022-08-01,11311.36,92.89,25.1
PMT-0196,F-20,2022-09-01,10104.63,91.92,18.4
PMT-0196,F-20,2022-10-01,8652.16,92.21,12.3
PMT-0196,F-20,2022-11-01,7274.4,92.04,5.0
PMT-0196,F-20,2022-12-01,6723.68,96.0,2.8
PMT-0196,F-20,2023-01-01,7685.66,95.53,6.6
PMT-0196,F-20,2023-02-01,8683.27,89.28,8.5
PMT-0196,F-20,2023-03-01,10439.53,91.53,18.0
PMT-0196,F-20,2023-04-01,12150.34,94.22,25.4
PMT-0196,F-20,2023-05-01,12792.97,90.79,30.0
PMT-0196,F-20,2023-06-01,12540.47,94.47,31.7
PMT-0196,F-20,2023-07-01,12426.96,97.92,29.8
PMT-0196,F-20,2023-08-01,11430.19,94.54,23.3
PMT-0196,F-20,2023-09-01,9542.65,97.18,20.1
PMT-0196,F-20,2023-10-01,8081.51,95.93,10.7
PMT-0196,F-20,2023-11-01,7143.82,100.0,8.5
PMT-0196,F-20,2023-12-01,6841.78,97.72,5.2
PMT-0196,F-20,2024-01-01,7227.4,100.0,5.2
PMT-0196,F-20,2024-02-01,8671.09,97.88,11.2
PMT-0196,F-20,2024-03-01,10018.47,94.64,19.0
PMT-0196,F-20,2024-04-01,11234.14,91.44,22.9
PMT-0196,F-20,2024-05-01,12720.75,97.9,28.6
PMT-0196,F-20,2024-06-01,13237.76,99.08,32.4
PMT-0196,F-20,2024-07-01,12088.75,92.42,29.5
PMT-0196,F-20,2024-08-01,11505.83,94.76,26.0
PMT-0196,F-20,2024-09-01,9439.81,91.06,17.6
PMT-0196,F-20,2024-10-01,8302.22,98.62,10.7
PMT-0196,F-20,2024-11-01,7277.27,93.32,6.8
PMT-0196,F-20,2024-12-01,7217.37,92.79,6.0
PMT-0197,F-20,2022-01-01,8436.9,99.14,4.6
PMT-0197,F-20,2022-02-01,9543.47,98.59,9.1
PMT-0197,F-20,2022-03-01,12693.75,94.8,18.0
PMT-0197,F-20,2022-04-01,13574.61,94.68,26.3
PMT-0197,F-20,2022-05-01,15679.22,98.6,34.0
PMT-0197,F-20,2022-06-01,15767.39,93.17,34.4
PMT-0197,F-20,2022-07-01,15188.64,93.8,28.3
PMT-0197,F-20,2022-08-01,13728.46,91.78,24.9
PMT-0197,F-20,2022-09-01,11643.04,95.19,20.6
PMT-0197,F-20,2022-10-01,9989.82,99.32,9.1
PMT-0197,F-20,2022-11-01,8443.95,91.95,6.4
PMT-0197,F-20,2022-12-01,7638.37,91.15,5.3
PMT-0197,F-20,2023-01-01,8635.94,97.03,7.2
PMT-0197,F-20,2023-02-01,9638.55,96.19,10.3
PMT-0197,F-20,2023-03-01,11723.9,98.73,16.4
PMT-0197,F-20,2023-04-01,13271.01,94.63,26.4
PMT-0197,F-20,2023-05-01,14625.1,91.22,27.8
PMT-0197,F-20,2023-06-01,15805.8,95.49,31.2
PMT-0197,F-20,2023-07-01,15690.86,92.4,30.7
PMT-0197,F-20,2023-08-01,14210.47,95.73,24.6
PMT-0197,F-20,2023-09-01,11637.75,94.51,18.0
PMT-0197,F-20,2023-10-01,9718.1,95.16,10.1
PMT-0197,F-20,2023-11-01,8218.92,94.48,7.2
PMT-0197,F-20,2023-12-01,7738.36,99.1,3.5
PMT-0197,F-20,2024-01-01,8271.77,93.97,6.9
PMT-0197,F-20,2024-02-01,10014.43,94.48,8.7
PMT-0197,F-20,2024-03-01,12047.44,99.7,15.0
PMT-0197,F-20,2024-04-01,13734.24,100.0,25.3
PMT-0197,F-20,2024-05-01,15677.21,95.73,29.3
PMT-0197,F-20,2024-06-01,16402.73,97.1,32.9
PMT-0197,F-20,2024-07-01,15815.74,98.99,27.0
PMT-0197,F-20,2024-08-01,13844.94,97.9,22.7
PMT-0197,F-20,2024-09-01,12099.97,97.61,18.8
PMT-0197,F-20,2024-10-01,9848.46,97.86,14.3
PMT-0197,F-20,2024-11-01,8284.47,92.2,5.3
PMT-0197,F-20,2024-12-01,7722.51,96.64,3.6
PMT-0198,F-20,2022-01-01,15426.51,100.0,7.4
PMT-0198,F-20,2022-02-01,17567.42,100.0,9.0
PMT-0198,F-20,2022-03-01,22033.68,95.55,17.2
PMT-0198,F-20,2022-04-01,25540.16,93.7,25.4
PMT-0198,F-20,2022-05-01,25759.87,94.39,28.2
PMT-0198,F-20,2022-06-01,25786.28,94.63,31.8
PMT-0198,F-20,2022-07-01,24721.42,92.24,29.1
PMT-0198,F-20,2022-08-01,23457.03,92.84,25.5
PMT-0198,F-20,2022-09-01,19171.4,89.09,16.3
PMT-0198,F-20,2022-10-01,16886.88,92.65,12.5
PMT-0198,F-20,2022-11-01,14666.24,92.43,5.4
PMT-0198,F-20,2022-12-01,14121.56,95.91,2.4
PMT-0198,F-20,2023-01-01,15830.22,93.43,5.5
PMT-0198,F-20,2023-02-01,18491.64,100.0,8.1
PMT-0198,F-20,2023-03-01,21805.33,88.21,19.4
PMT-0198,F-20,2023-04-01,24390.42,94.76,25.1
PMT-0198,F-20,2023-05-01,27343.63,100.0,29.1
PMT-0198,F-20,2023-06-01,24409.04,98.73,32.3
PMT-0198,F-20,2023-07-01,27335.81,88.25,30.0
PMT-0198,F-20,2023-08-01,22737.25,93.27,25.3
PMT-0198,F-20,2023-09-01,19995.93,91.02,19.2
PMT-0198,F-20,2023-10-01,17007.5,93.46,10.8
PMT-0198,F-20,2023-11-01,14666.44,91.65,5.9
PMT-0198,F-20,2023-12-01,14019.08,93.32,3.4
PMT-0198,F-20,2024-01-01,16294.06,96.03,5.5
PMT-0198,F-20,2024-02-01,18711.51,92.96,10.2
PMT-0198,F-20,2024-03-01,21810.51,90.36,18.8
PMT-0198,F-20,2024-04-01,25348.16,95.68,23.3
PMT-0198,F-20,2024-05-01,25815.92,94.51,29.5
PMT-0198,F-20,2024-06-01,25518.5,98.73,31.1
PMT-0198,F-20,2024-07-01,26962.29,91.83,28.4
PMT-0198,F-20,2024-08-01,22209.94,100.0,24.2
PMT-0198,F-20,2024-09-01,20665.87,94.69,16.9
PMT-0198,F-20,2024-10-01,15672.61,100.0,9.0
PMT-0198,F-20,2024-11-01,15121.83,94.84,5.6
PMT-0198,F-20,2024-12-01,14843.86,96.55,4.0
PMT-0199,F-20,2022-01-01,16158.04,90.45,7.2
PMT-0199,F-20,2022-02-01,20141.25,95.1,12.5
PMT-0199,F-20,2022-03-01,22619.34,92.9,17.8
PMT-0199,F-20,2022-04-01,28727.72,96.64,24.6
PMT-0199,F-20,2022-05-01,27965.2,89.77,29.2
PMT-0199,F-20,2022-06-01,29179.51,93.67,33.8
PMT-0199,F-20,2022-07-01,29115.59,99.08,28.9
PMT-0199,F-20,2022-08-01,25641.2,98.14,26.4
PMT-0199,F-20,2022-09-01,21739.2,93.37,16.2
PMT-0199,F-20,2022-10-01,17916.08,94.47,9.5
PMT-0199,F-20,2022-11-01,15894.21,95.07,5.5
PMT-0199,F-20,2022-12-01,15771.7,100.0,2.9
PMT-0199,F-20,2023-01-01,16006.41,94.46,5.1
PMT-0199,F-20,2023-02-01,13888.84,92.66,9.6
PMT-0199,F-20,2023-03-01,17741.49,95.15,18.3
PMT-0199,F-20,2023-04-01,20993.48,100.0,27.0
PMT-0199,F-20,2023-05-01,28116.14,90.37,29.6
PMT-0199,F-20,2023-06-01,27868.83,99.32,32.3
PMT-0199,F-20,2023-07-01,26901.33,99.22,30.4
PMT-0199,F-20,2023-08-01,25210.64,95.98,24.6
PMT-0199,F-20,2023-09-01,20778.01,100.0,18.0
PMT-0199,F-20,2023-10-01,18180.36,93.95,11.3
PMT-0199,F-20,2023-11-01,15113.46,93.75,6.7
PMT-0199,F-20,2023-12-01,15711.95,93.23,6.3
PMT-0199,F-20,2024-01-01,16601.56,99.54,4.9
PMT-0199,F-20,2024-02-01,19949.31,98.21,12.0
PMT-0199,F-20,2024-03-01,23588.87,96.92,18.6
PMT-0199,F-20,2024-04-01,24170.99,98.38,25.1
PMT-0199,F-20,2024-05-01,28901.99,99.39,32.6
PMT-0199,F-20,2024-06-01,28654.55,95.5,31.6
PMT-0199,F-20,2024-07-01,26935.17,96.52,29.9
PMT-0199,F-20,2024-08-01,25498.27,95.65,25.9
PMT-0199,F-20,2024-09-01,20749.75,95.63,16.1
PMT-0199,F-20,2024-10-01,19760.36,85.83,7.8
PMT-0199,F-20,2024-11-01,16388.27,93.94,6.9
PMT-0199,F-20,2024-12-01,14803.22,92.45,1.8
PMT-0200,F-20,2022-01-01,7117.32,93.3,5.5
PMT-0200,F-20,2022-02-01,9000.27,100.0,8.9
PMT-0200,F-20,2022-03-01,10017.46,94.27,18.6
PMT-0200,F-20,2022-04-01,12144.11,97.5,25.2
PMT-0200,F-20,2022-05-01,13953.26,96.19,30.0
PMT-0200,F-20,2022-06-01,14100.47,94.66,30.8
PMT-0200,F-20,2022-07-01,13296.21,92.38,31.9
PMT-0200,F-20,2022-08-01,12414.45,92.46,25.5
PMT-0200,F-20,2022-09-01,9985.48,94.83,20.4
PMT-0200,F-20,2022-10-01,8474.83,94.42,11.2
PMT-0200,F-20,2022-11-01,6898.06,92.6,7.1
PMT-0200,F-20,2022-12-01,6762.11,93.0,6.3
PMT-0200,F-20,2023-01-01,7513.11,90.06,7.3
PMT-0200,F-20,2023-02-01,9212.95,99.32,10.8
PMT-0200,F-20,2023-03-01,10159.51,95.98,18.1
PMT-0200,F-20,2023-04-01,11913.72,94.51,26.1
PMT-0200,F-20,2023-05-01,12769.52,89.69,31.2
PMT-0200,F-20,2023-06-01,14932.09,98.43,31.0
PMT-0200,F-20,2023-07-01,12918.31,98.77,29.4
PMT-0200,F-20,2023-08-01,12805.57,99.51,24.3
PMT-0200,F-20,2023-09-01,10081.41,91.93,17.8
PMT-0200,F-20,2023-10-01,8252.11,99.04,8.7
PMT-0200,F-20,2023-11-01,7442.14,96.97,5.2
PMT-0200,F-20,2023-12-01,7249.25,100.0,5.3
PMT-0200,F-20,2024-01-01,7036.74,100.0,5.5
PMT-0200,F-20,2024-02-01,8830.57,92.65,12.2
PMT-0200,F-20,2024-03-01,10051.07,89.39,19.0
PMT-0200,F-20,2024-04-01,12034.01,99.93,22.2
PMT-0200,F-20,2024-05-01,13648.68,96.62,31.7
PMT-0200,F-20,2024-06-01,14012.88,98.11,33.0
PMT-0200,F-20,2024-07-01,12603.77,92.47,31.4
PMT-0200,F-20,2024-08-01,11331.08,94.55,24.3
PMT-0200,F-20,2024-09-01,9983.65,93.41,19.8
PMT-0200,F-20,2024-10-01,7890.05,93.78,11.8
PMT-0200,F-20,2024-11-01,7392.08,93.08,6.5
PMT-0200,F-20,2024-12-01,7203.46,99.05,4.8
PMT-0201,F-21,2022-01-01,13490.65,86.2,5.8
PMT-0201,F-21,2022-02-01,16273.78,90.71,10.3
PMT-0201,F-21,2022-03-01,20117.3,94.48,18.2
PMT-0201,F-21,2022-04-01,23243.75,87.4,24.3
PMT-0201,F-21,2022-05-01,25545.37,86.39,30.6
PMT-0201,F-21,2022-06-01,26531.44,85.79,32.1
PMT-0201,F-21,2022-07-01,24270.06,84.09,31.2
PMT-0201,F-21,2022-08-01,21110.23,88.08,25.7
PMT-0201,F-21,2022-09-01,18863.89,82.15,17.2
PMT-0201,F-21,2022-10-01,15761.95,88.29,11.0
PMT-0201,F-21,2022-11-01,13151.19,85.74,4.8
PMT-0201,F-21,2022-12-01,12749.73,84.72,3.1
PMT-0201,F-21,2023-01-01,12900.74,90.54,6.1
PMT-0201,F-21,2023-02-01,15494.0,85.8,10.3
PMT-0201,F-21,2023-03-01,19387.32,87.44,15.6
PMT-0201,F-21,2023-04-01,21641.21,86.94,23.0
PMT-0201,F-21,2023-05-01,25311.75,95.54,29.2
PMT-0201,F-21,2023-06-01,26353.06,87.3,32.9
PMT-0201,F-21,2023-07-01,24402.17,88.82,30.1
PMT-0201,F-21,2023-08-01,22555.92,87.61,24.7
PMT-0201,F-21,2023-09-01,19132.86,89.2,19.6
PMT-0201,F-21,2023-10-01,14741.17,86.07,13.1
PMT-0201,F-21,2023-11-01,13409.57,93.7,5.1
PMT-0201,F-21,2023-12-01,12237.68,92.52,5.3
PMT-0201,F-21,2024-01-01,12541.97,88.53,4.8
PMT-0201,F-21,2024-02-01,15293.0,87.02,8.2
PMT-0201,F-21,2024-03-01,19197.19,85.51,19.5
PMT-0201,F-21,2024-04-01,22292.75,88.63,26.7
PMT-0201,F-21,2024-05-01,24114.01,92.84,29.5
PMT-0201,F-21,2024-06-01,25484.81,88.53,29.8
PMT-0201,F-21,2024-07-01,24734.23,85.88,29.0
PMT-0201,F-21,2024-08-01,23160.27,87.84,24.2
PMT-0201,F-21,2024-09-01,19040.05,85.91,17.4
PMT-0201,F-21,2024-10-01,15658.11,86.33,10.5
PMT-0201,F-21,2024-11-01,12737.85,87.84,6.2
PMT-0201,F-21,2024-12-01,12668.05,84.93,5.2
PMT-0202,F-21,2022-01-01,7467.29,87.64,4.8
PMT-0202,F-21,2022-02-01,8181.64,90.43,11.1
PMT-0202,F-21,2022-03-01,10058.67,90.79,19.0
PMT-0202,F-21,2022-04-01,11502.7,83.56,25.3
PMT-0202,F-21,2022-05-01,11629.5,89.88,30.1
PMT-0202,F-21,2022-06-01,12232.76,90.55,30.4
PMT-0202,F-21,2022-07-01,12010.69,87.23,30.3
PMT-0202,F-21,2022-08-01,10497.36,88.25,27.7
PMT-0202,F-21,2022-09-01,9237.42,91.56,17.4
PMT-0202,F-21,2022-10-01,7713.05,90.49,10.8
PMT-0202,F-21,2022-11-01,7114.43,87.5,4.9
PMT-0202,F-21,2022-12-01,6717.1,86.0,1.6
PMT-0202,F-21,2023-01-01,7098.69,91.86,5.9
PMT-0202,F-21,2023-02-01,7979.28,82.16,9.8
PMT-0202,F-21,2023-03-01,9291.94,89.07,19.5
PMT-0202,F-21,2023-04-01,11289.94,83.1,25.3
PMT-0202,F-21,2023-05-01,11620.18,83.14,30.4
PMT-0202,F-21,2023-06-01,12210.58,91.18,32.3
PMT-0202,F-21,2023-07-01,11622.33,86.48,28.7
PMT-0202,F-21,2023-08-01,11037.9,89.75,26.5
PMT-0202,F-21,2023-09-01,9142.48,91.09,20.0
PMT-0202,F-21,2023-10-01,7708.08,84.1,10.9
PMT-0202,F-21,2023-11-01,7088.82,94.31,6.7
PMT-0202,F-21,2023-12-01,6739.97,84.01,5.8
PMT-0202,F-21,2024-01-01,7272.54,91.85,5.9
PMT-0202,F-21,2024-02-01,8340.61,87.22,10.7
PMT-0202,F-21,2024-03-01,10110.06,85.52,17.6
PMT-0202,F-21,2024-04-01,11008.47,88.7,25.4
PMT-0202,F-21,2024-05-01,11808.61,86.03,30.6
PMT-0202,F-21,2024-06-01,12476.37,85.27,32.9
PMT-0202,F-21,2024-07-01,11931.1,94.53,29.6
PMT-0202,F-21,2024-08-01,10220.97,90.13,23.6
PMT-0202,F-21,2024-09-01,9332.47,86.56,19.1
PMT-0202,F-21,2024-10-01,7731.62,88.49,10.9
PMT-0202,F-21,2024-11-01,6826.2,92.0,7.5
PMT-0202,F-21,2024-12-01,6796.78,86.27,4.8
PMT-0203,F-21,2022-01-01,7963.75,92.05,6.4
PMT-0203,F-21,2022-02-01,9142.52,88.53,9.8
PMT-0203,F-21,2022-03-01,10680.76,89.46,19.8
PMT-0203,F-21,2022-04-01,12223.13,90.75,25.4
PMT-0203,F-21,2022-05-01,12627.59,89.1,30.2
PMT-0203,F-21,2022-06-01,13878.17,86.96,31.3
PMT-0203,F-21,2022-07-01,13536.9,84.9,30.0
PMT-0203,F-21,2022-08-01,12284.05,83.56,24.5
PMT-0203,F-21,2022-09-01,10431.13,91.37,15.9
PMT-0203,F-21,2022-10-01,8519.41,90.93,9.5
PMT-0203,F-21,2022-11-01,7670.41,86.24,3.8
PMT-0203,F-21,2022-12-01,6833.79,90.77,5.4
PMT-0203,F-21,2023-01-01,7926.35,90.33,5.3
PMT-0203,F-21,2023-02-01,9077.91,88.54,12.2
PMT-0203,F-21,2023-03-01,10460.75,91.76,19.6
PMT-0203,F-21,2023-04-01,12006.82,88.45,24.7
PMT-0203,F-21,2023-05-01,13504.32,89.12,30.2
PMT-0203,F-21,2023-06-01,14010.54,88.69,32.2
PMT-0203,F-21,2023-07-01,13207.42,90.31,31.3
PMT-0203,F-21,2023-08-01,11769.65,91.41,26.1
PMT-0203,F-21,2023-09-01,10163.11,91.04,19.2
PMT-0203,F-21,2023-10-01,8875.35,90.16,10.9
PMT-0203,F-21,2023-11-01,7536.09,89.4,7.9
PMT-0203,F-21,2023-12-01,7101.99,90.78,4.8
PMT-0203,F-21,2024-01-01,7625.35,90.56,5.6
PMT-0203,F-21,2024-02-01,9054.55,89.06,11.2
PMT-0203,F-21,2024-03-01,10357.23,91.73,18.2
PMT-0203,F-21,2024-04-01,12226.65,90.68,23.3
PMT-0203,F-21,2024-05-01,13717.52,85.83,28.4
PMT-0203,F-21,2024-06-01,13545.48,91.19,32.9
PMT-0203,F-21,2024-07-01,13120.22,91.42,30.1
PMT-0203,F-21,2024-08-01,11752.23,90.59,22.8
PMT-0203,F-21,2024-09-01,9759.91,91.36,15.8
PMT-0203,F-21,2024-10-01,8444.63,89.29,9.8
PMT-0203,F-21,2024-11-01,7165.31,89.69,5.7
PMT-0203,F-21,2024-12-01,6824.85,89.37,3.4
PMT-0204,F-21,2022-01-01,6361.77,91.18,6.5
PMT-0204,F-21,2022-02-01,6890.18,90.69,10.9
PMT-0204,F-21,2022-03-01,8863.56,85.56,16.8
PMT-0204,F-21,2022-04-01,10309.67,87.45,24.9
PMT-0204,F-21,2022-05-01,11326.11,94.04,28.9
PMT-0204,F-21,2022-06-01,11188.6,88.33,31.2
PMT-0204,F-21,2022-07-01,10101.33,91.26,31.0
PMT-0204,F-21,2022-08-01,9759.65,90.47,26.4
PMT-0204,F-21,2022-09-01,8134.51,88.18,18.2
PMT-0204,F-21,2022-10-01,7480.6,90.23,10.8
PMT-0204,F-21,2022-11-01,5894.44,88.11,6.9
PMT-0204,F-21,2022-12-01,5918.94,90.52,2.7
PMT-0204,F-21,2023-01-01,6290.84,90.5,5.4
PMT-0204,F-21,2023-02-01,7306.12,89.88,11.1
PMT-0204,F-21,2023-03-01,8605.06,86.1,18.9
PMT-0204,F-21,2023-04-01,9769.36,89.23,25.2
PMT-0204,F-21,2023-05-01,10596.56,87.35,33.3
PMT-0204,F-21,2023-06-01,11115.78,83.48,32.4
PMT-0204,F-21,2023-07-01,10270.74,91.26,28.4
PMT-0204,F-21,2023-08-01,9861.37,90.76,25.2
PMT-0204,F-21,2023-09-01,8337.54,88.96,18.3
PMT-0204,F-21,2023-10-01,6946.15,88.9,10.5
PMT-0204,F-21,2023-11-01,6449.14,88.87,6.1
PMT-0204,F-21,2023-12-01,5851.26,89.43,4.6
PMT-0204,F-21,2024-01-01,6881.81,86.98,6.5
PMT-0204,F-21,2024-02-01,7920.63,87.11,9.0
PMT-0204,F-21,2024-03-01,9471.89,91.01,17.4
PMT-0204,F-21,2024-04-01,9996.43,83.5,24.6
PMT-0204,F-21,2024-05-01,10914.83,82.62,28.8
PMT-0204,F-21,2024-06-01,10527.64,86.04,32.4
PMT-0204,F-21,2024-07-01,10981.84,83.68,31.3
PMT-0204,F-21,2024-08-01,10039.13,89.93,25.0
PMT-0204,F-21,2024-09-01,8635.76,88.32,17.7
PMT-0204,F-21,2024-10-01,6915.0,90.42,11.2
PMT-0204,F-21,2024-11-01,5960.87,91.42,7.8
PMT-0204,F-21,2024-12-01,5771.45,87.21,3.9
PMT-0205,F-21,2022-01-01,5823.3,91.7,7.3
PMT-0205,F-21,2022-02-01,6786.85,88.55,10.0
PMT-0205,F-21,2022-03-01,8156.41,96.06,17.2
PMT-0205,F-21,2022-04-01,9907.87,85.84,25.7
PMT-0205,F-21,2022-05-01,10286.08,87.46,27.0
PMT-0205,F-21,2022-06-01,11044.3,89.08,30.3
PMT-0205,F-21,2022-07-01,10274.81,88.96,30.7
PMT-0205,F-21,2022-08-01,9845.27,90.3,24.8
PMT-0205,F-21,2022-09-01,8194.08,95.15,16.8
PMT-0205,F-21,2022-10-01,6662.14,88.56,9.5
PMT-0205,F-21,2022-11-01,5824.5,89.24,3.5
PMT-0205,F-21,2022-12-01,5478.45,91.28,4.1
PMT-0205,F-21,2023-01-01,5937.21,87.71,5.0
PMT-0205,F-21,2023-02-01,6750.21,88.27,10.6
PMT-0205,F-21,2023-03-01,7860.6,84.13,16.7
PMT-0205,F-21,2023-04-01,9699.28,83.82,25.7
PMT-0205,F-21,2023-05-01,10063.63,90.42,31.2
PMT-0205,F-21,2023-06-01,10389.04,89.84,30.3
PMT-0205,F-21,2023-07-01,10045.79,92.19,31.0
PMT-0205,F-21,2023-08-01,9312.07,89.34,23.8
PMT-0205,F-21,2023-09-01,7825.57,95.83,18.7
PMT-0205,F-21,2023-10-01,6422.63,88.1,10.4
PMT-0205,F-21,2023-11-01,5548.4,92.04,7.6
PMT-0205,F-21,2023-12-01,5406.53,88.51,3.6
PMT-0205,F-21,2024-01-01,5973.44,92.29,5.7
PMT-0205,F-21,2024-02-01,6813.72,89.42,8.9
PMT-0205,F-21,2024-03-01,8047.19,87.66,17.6
PMT-0205,F-21,2024-04-01,9503.41,89.89,24.6
PMT-0205,F-21,2024-05-01,10490.43,88.76,31.0
PMT-0205,F-21,2024-06-01,10367.32,85.3,32.2
PMT-0205,F-21,2024-07-01,10124.67,87.39,29.8
PMT-0205,F-21,2024-08-01,9307.61,88.12,23.8
PMT-0205,F-21,2024-09-01,8063.71,83.95,18.5
PMT-0205,F-21,2024-10-01,6760.47,81.38,11.2
PMT-0205,F-21,2024-11-01,5826.85,94.47,5.0
PMT-0205,F-21,2024-12-01,5459.84,89.58,2.9
PMT-0206,F-21,2022-01-01,17048.9,86.88,5.8
PMT-0206,F-21,2022-02-01,20753.17,89.14,12.3
PMT-0206,F-21,2022-03-01,23285.6,90.04,18.6
PMT-0206,F-21,2022-04-01,28558.56,84.11,24.3
PMT-0206,F-21,2022-05-01,28550.14,87.89,29.1
PMT-0206,F-21,2022-06-01,30051.13,91.47,30.1
PMT-0206,F-21,2022-07-01,30418.55,85.35,30.4
PMT-0206,F-21,2022-08-01,28899.36,86.78,24.3
PMT-0206,F-21,2022-09-01,23908.38,92.13,17.3
PMT-0206,F-21,2022-10-01,19669.25,89.86,11.2
PMT-0206,F-21,2022-11-01,17501.55,89.85,7.4
PMT-0206,F-21,2022-12-01,15366.81,88.0,4.3
PMT-0206,F-21,2023-01-01,16833.52,97.17,5.0
PMT-0206,F-21,2023-02-01,19827.7,83.78,11.5
PMT-0206,F-21,2023-03-01,23214.42,90.28,21.6
PMT-0206,F-21,2023-04-01,28125.97,87.75,25.9
PMT-0206,F-21,2023-05-01,32487.37,89.26,29.3
PMT-0206,F-21,2023-06-01,31942.45,91.99,31.6
PMT-0206,F-21,2023-07-01,31486.54,88.37,27.7
PMT-0206,F-21,2023-08-01,27762.49,89.39,23.7
PMT-0206,F-21,2023-09-01,23377.06,91.23,19.6
PMT-0206,F-21,2023-10-01,19558.67,85.71,11.7
PMT-0206,F-21,2023-11-01,16297.53,90.23,4.6
PMT-0206,F-21,2023-12-01,15402.61,83.56,4.6
PMT-0206,F-21,2024-01-01,16111.97,85.82,6.3
PMT-0206,F-21,2024-02-01,18998.95,85.64,11.0
PMT-0206,F-21,2024-03-01,24130.31,87.96,18.6
PMT-0206,F-21,2024-04-01,28376.3,87.48,24.5
PMT-0206,F-21,2024-05-01,21945.37,87.34,30.6
PMT-0206,F-21,2024-06-01,22385.66,88.78,32.0
PMT-0206,F-21,2024-07-01,21630.57,90.6,31.2
PMT-0206,F-21,2024-08-01,27512.57,82.57,23.4
PMT-0206,F-21,2024-09-01,23215.85,86.28,17.9
PMT-0206,F-21,2024-10-01,20247.67,90.32,10.8
PMT-0206,F-21,2024-11-01,16234.82,84.36,6.7
PMT-0206,F-21,2024-12-01,16703.54,86.12,3.5
PMT-0207,F-21,2022-01-01,9149.73,93.66,3.4
PMT-0207,F-21,2022-02-01,10471.42,89.17,12.4
PMT-0207,F-21,2022-03-01,12220.07,88.34,18.7
PMT-0207,F-21,2022-04-01,14724.25,84.96,24.6
PMT-0207,F-21,2022-05-01,15967.95,89.36,29.2
PMT-0207,F-21,2022-06-01,15699.66,91.18,33.4
PMT-0207,F-21,2022-07-01,15693.88,84.53,30.8
PMT-0207,F-21,2022-08-01,14453.16,85.88,24.5
PMT-0207,F-21,2022-09-01,13105.33,84.31,20.1
PMT-0207,F-21,2022-10-01,9727.43,85.4,12.0
PMT-0207,F-21,2022-11-01,8167.68,89.7,6.4
PMT-0207,F-21,2022-12-01,7913.17,90.48,3.9
PMT-0207,F-21,2023-01-01,8305.51,89.11,4.9
PMT-0207,F-21,2023-02-01,9523.45,89.69,11.6
PMT-0207,F-21,2023-03-01,12303.88,92.0,19.5
PMT-0207,F-21,2023-04-01,13409.41,92.38,26.3
PMT-0207,F-21,2023-05-01,14579.35,87.54,29.1
PMT-0207,F-21,2023-06-01,15368.46,91.38,32.7
PMT-0207,F-21,2023-07-01,15128.02,92.18,31.1
PMT-0207,F-21,2023-08-01,13484.86,87.95,23.7
PMT-0207,F-21,2023-09-01,11892.56,83.04,16.6
PMT-0207,F-21,2023-10-01,9556.55,88.05,11.0
PMT-0207,F-21,2023-11-01,8500.6,89.93,6.4
PMT-0207,F-21,2023-12-01,7731.22,88.0,4.2
PMT-0207,F-21,2024-01-01,8463.6,88.1,6.4
PMT-0207,F-21,2024-02-01,10114.88,86.7,10.8
PMT-0207,F-21,2024-03-01,11709.26,86.37,19.1
PMT-0207,F-21,2024-04-01,13194.61,81.54,24.7
PMT-0207,F-21,2024-05-01,14676.95,89.83,28.3
PMT-0207,F-21,2024-06-01,15844.48,90.98,32.4
PMT-0207,F-21,2024-07-01,14466.86,92.79,28.9
PMT-0207,F-21,2024-08-01,13571.21,93.68,24.7
PMT-0207,F-21,2024-09-01,11355.32,89.35,18.3
PMT-0207,F-21,2024-10-01,9542.52,84.97,10.3
PMT-0207,F-21,2024-11-01,7578.09,88.8,6.6
PMT-0207,F-21,2024-12-01,7566.0,85.33,3.6
PMT-0208,F-21,2022-01-01,16520.37,84.06,8.5
PMT-0208,F-21,2022-02-01,19520.56,89.29,10.6
PMT-0208,F-21,2022-03-01,21797.72,88.17,17.0
PMT-0208,F-21,2022-04-01,25433.44,86.61,24.8
PMT-0208,F-21,2022-05-01,27532.53,84.16,30.9
PMT-0208,F-21,2022-06-01,30195.0,85.85,33.0
PMT-0208,F-21,2022-07-01,25899.28,83.49,29.9
PMT-0208,F-21,2022-08-01,27558.48,94.28,23.8
PMT-0208,F-21,2022-09-01,22098.46,97.17,19.7
PMT-0208,F-21,2022-10-01,18414.29,90.02,9.9
PMT-0208,F-21,2022-11-01,15913.97,90.37,2.6
PMT-0208,F-21,2022-12-01,14667.27,91.84,4.3
PMT-0208,F-21,2023-01-01,16388.9,89.3,6.6
PMT-0208,F-21,2023-02-01,18974.18,91.8,10.0
PMT-0208,F-21,2023-03-01,21729.67,86.25,18.7
PMT-0208,F-21,2023-04-01,26137.11,88.61,24.7
PMT-0208,F-21,2023-05-01,29058.95,90.67,30.6
PMT-0208,F-21,2023-06-01,31542.69,91.93,33.9
PMT-0208,F-21,2023-07-01,26835.85,91.76,31.1
PMT-0208,F-21,2023-08-01,26128.41,87.76,23.7
PMT-0208,F-21,2023-09-01,21533.24,91.2,16.7
PMT-0208,F-21,2023-10-01,17799.36,86.32,11.8
PMT-0208,F-21,2023-11-01,14816.94,88.19,6.8
PMT-0208,F-21,2023-12-01,13769.03,89.15,3.3
PMT-0208,F-21,2024-01-01,16599.02,79.98,6.3
PMT-0208,F-21,2024-02-01,18413.77,88.04,11.2
PMT-0208,F-21,2024-03-01,22149.34,93.45,19.0
PMT-0208,F-21,2024-04-01,26540.67,92.98,26.7
PMT-0208,F-21,2024-05-01,28720.03,86.84,31.8
PMT-0208,F-21,2024-06-01,30563.76,89.89,32.4
PMT-0208,F-21,2024-07-01,28768.87,86.53,30.6
PMT-0208,F-21,2024-08-01,25677.44,93.33,23.7
PMT-0208,F-21,2024-09-01,21528.91,89.63,18.1
PMT-0208,F-21,2024-10-01,18349.6,91.6,11.5
PMT-0208,F-21,2024-11-01,16319.69,90.42,7.6
PMT-0208,F-21,2024-12-01,16528.23,84.12,3.5
PMT-0209,F-21,2022-01-01,6213.55,89.94,5.7
PMT-0209,F-21,2022-02-01,7409.31,87.77,11.8
PMT-0209,F-21,2022-03-01,9299.86,94.24,19.0
PMT-0209,F-21,2022-04-01,9916.77,88.01,25.7
PMT-0209,F-21,2022-05-01,11674.03,89.14,30.4
PMT-0209,F-21,2022-06-01,11531.0,91.62,31.4
PMT-0209,F-21,2022-07-01,11190.12,85.02,31.4
PMT-0209,F-21,2022-08-01,9568.69,93.06,24.7
PMT-0209,F-21,2022-09-01,8391.06,89.26,17.8
PMT-0209,F-21,2022-10-01,7212.49,80.82,10.3
PMT-0209,F-21,2022-11-01,6102.25,91.57,6.8
PMT-0209,F-21,2022-12-01,5904.37,88.4,4.0
PMT-0209,F-21,2023-01-01,6395.21,88.2,3.7
PMT-0209,F-21,2023-02-01,7518.02,82.2,11.0
PMT-0209,F-21,2023-03-01,8866.05,88.76,17.4
PMT-0209,F-21,2023-04-01,10481.13,86.04,23.6
PMT-0209,F-21,2023-05-01,10797.93,89.53,30.4
PMT-0209,F-21,2023-06-01,10334.48,84.93,33.8
PMT-0209,F-21,2023-07-01,10801.61,85.16,29.8
PMT-0209,F-21,2023-08-01,9107.51,89.11,24.3
PMT-0209,F-21,2023-09-01,8593.42,90.64,18.1
PMT-0209,F-21,2023-10-01,7352.92,92.21,10.8
PMT-0209,F-21,2023-11-01,6001.95,90.41,5.8
PMT-0209,F-21,2023-12-01,6006.68,91.73,4.6
PMT-0209,F-21,2024-01-01,6200.89,94.19,4.7
PMT-0209,F-21,2024-02-01,7321.9,89.11,10.4
PMT-0209,F-21,2024-03-01,8599.07,92.91,18.5
PMT-0209,F-21,2024-04-01,9911.41,87.53,25.3
PMT-0209,F-21,2024-05-01,10590.33,93.77,30.9
PMT-0209,F-21,2024-06-01,10383.87,88.8,31.4
PMT-0209,F-21,2024-07-01,11026.34,87.57,28.5
PMT-0209,F-21,2024-08-01,9739.48,88.81,25.4
PMT-0209,F-21,2024-09-01,8288.73,85.59,21.3
PMT-0209,F-21,2024-10-01,7422.3,89.41,11.6
PMT-0209,F-21,2024-11-01,5882.22,88.37,8.2
PMT-0209,F-21,2024-12-01,5701.29,90.53,5.3
PMT-0210,F-21,2022-01-01,6365.12,81.12,6.0
PMT-0210,F-21,2022-02-01,7789.05,90.8,11.4
PMT-0210,F-21,2022-03-01,8957.33,89.07,16.6
PMT-0210,F-21,2022-04-01,10583.35,93.01,26.0
PMT-0210,F-21,2022-05-01,12030.0,92.0,30.9
PMT-0210,F-21,2022-06-01,11985.11,90.38,32.0
PMT-0210,F-21,2022-07-01,11501.04,91.05,29.8
PMT-0210,F-21,2022-08-01,10476.6,90.87,26.2
PMT-0210,F-21,2022-09-01,8575.33,87.75,16.7
PMT-0210,F-21,2022-10-01,8165.18,81.72,10.1
PMT-0210,F-21,2022-11-01,6285.37,91.89,6.1
PMT-0210,F-21,2022-12-01,5778.0,92.85,4.7
PMT-0210,F-21,2023-01-01,6525.29,85.38,6.7
PMT-0210,F-21,2023-02-01,7281.08,85.72,10.7
PMT-0210,F-21,2023-03-01,8633.38,87.44,20.0
PMT-0210,F-21,2023-04-01,10458.6,86.27,24.1
PMT-0210,F-21,2023-05-01,11090.93,90.65,29.3
PMT-0210,F-21,2023-06-01,11184.15,93.39,31.8
PMT-0210,F-21,2023-07-01,11279.46,86.89,29.4
PMT-0210,F-21,2023-08-01,9812.5,87.61,25.3
PMT-0210,F-21,2023-09-01,8246.26,92.62,16.2
PMT-0210,F-21,2023-10-01,7448.51,88.63,10.9
PMT-0210,F-21,2023-11-01,6134.32,87.38,4.3
PMT-0210,F-21,2023-12-01,5885.44,84.84,4.5
PMT-0210,F-21,2024-01-01,6120.7,87.09,5.7
PMT-0210,F-21,2024-02-01,6818.91,84.39,10.2
PMT-0210,F-21,2024-03-01,8756.4,87.69,17.4
PMT-0210,F-21,2024-04-01,10239.41,88.85,22.6
PMT-0210,F-21,2024-05-01,12236.57,84.18,32.2
PMT-0210,F-21,2024-06-01,11956.27,86.5,32.4
PMT-0210,F-21,2024-07-01,10822.72,93.78,29.9
PMT-0210,F-21,2024-08-01,9945.72,84.65,24.1
PMT-0210,F-21,2024-09-01,8863.29,90.06,17.5
PMT-0210,F-21,2024-10-01,7283.49,85.19,12.6
PMT-0210,F-21,2024-11-01,6411.84,93.55,5.7
PMT-0210,F-21,2024-12-01,5846.23,95.22,3.5
PMT-0211,F-22,2022-01-01,10664.28,85.36,5.3
PMT-0211,F-22,2022-02-01,13306.4,89.76,9.7
PMT-0211,F-22,2022-03-01,16146.63,81.13,16.1
PMT-0211,F-22,2022-04-01,18332.35,90.47,25.6
PMT-0211,F-22,2022-05-01,17993.62,90.87,29.9
PMT-0211,F-22,2022-06-01,18538.8,89.88,31.0
PMT-0211,F-22,2022-07-01,18546.11,86.13,32.6
PMT-0211,F-22,2022-08-01,17103.71,89.79,24.4
PMT-0211,F-22,2022-09-01,14517.6,93.49,18.5
PMT-0211,F-22,2022-10-01,11488.54,86.24,10.5
PMT-0211,F-22,2022-11-01,10898.61,87.46,5.3
PMT-0211,F-22,2022-12-01,10141.46,82.76,3.0
PMT-0211,F-22,2023-01-01,10683.29,84.81,5.9
PMT-0211,F-22,2023-02-01,12879.58,83.63,11.4
PMT-0211,F-22,2023-03-01,15204.85,89.69,16.6
PMT-0211,F-22,2023-04-01,18174.48,85.85,24.7
PMT-0211,F-22,2023-05-01,18786.72,85.37,29.0
PMT-0211,F-22,2023-06-01,19305.25,87.64,35.0
PMT-0211,F-22,2023-07-01,17865.89,82.75,29.9
PMT-0211,F-22,2023-08-01,16514.1,87.49,23.8
PMT-0211,F-22,2023-09-01,14717.2,84.03,18.4
PMT-0211,F-22,2023-10-01,11844.45,83.46,12.0
PMT-0211,F-22,2023-11-01,10446.1,85.37,5.6
PMT-0211,F-22,2023-12-01,10121.42,88.39,2.0
PMT-0211,F-22,2024-01-01,10823.22,84.46,4.2
PMT-0211,F-22,2024-02-01,12691.24,88.64,11.7
PMT-0211,F-22,2024-03-01,15325.59,92.02,17.2
PMT-0211,F-22,2024-04-01,17284.87,87.51,24.3
PMT-0211,F-22,2024-05-01,18536.91,91.1,30.3
PMT-0211,F-22,2024-06-01,19444.07,87.15,30.9
PMT-0211,F-22,2024-07-01,18118.35,86.13,27.7
PMT-0211,F-22,2024-08-01,17106.93,85.34,24.1
PMT-0211,F-22,2024-09-01,13538.5,90.7,17.2
PMT-0211,F-22,2024-10-01,12315.89,83.52,10.1
PMT-0211,F-22,2024-11-01,10326.0,91.12,5.2
PMT-0211,F-22,2024-12-01,9737.0,88.45,3.5
PMT-0212,F-22,2022-01-01,6527.21,86.47,6.0
PMT-0212,F-22,2022-02-01,7928.81,89.41,10.4
PMT-0212,F-22,2022-03-01,9518.63,83.98,18.9
PMT-0212,F-22,2022-04-01,10094.76,91.72,23.8
PMT-0212,F-22,2022-05-01,11134.73,84.95,32.9
PMT-0212,F-22,2022-06-01,11285.37,85.56,31.3
PMT-0212,F-22,2022-07-01,11260.64,84.45,31.9
PMT-0212,F-22,2022-08-01,10049.39,85.2,25.0
PMT-0212,F-22,2022-09-01,9350.06,83.31,17.4
PMT-0212,F-22,2022-10-01,7122.28,83.87,11.0
PMT-0212,F-22,2022-11-01,6015.78,92.12,4.7
PMT-0212,F-22,2022-12-01,6059.41,88.21,2.5
PMT-0212,F-22,2023-01-01,6651.52,81.64,6.7
PMT-0212,F-22,2023-02-01,7596.21,84.53,12.7
PMT-0212,F-22,2023-03-01,9201.85,86.89,15.8
PMT-0212,F-22,2023-04-01,10943.72,82.94,26.3
PMT-0212,F-22,2023-05-01,10617.7,86.33,29.9
PMT-0212,F-22,2023-06-01,11413.21,90.52,29.7
PMT-0212,F-22,2023-07-01,11001.4,89.79,30.0
PMT-0212,F-22,2023-08-01,10014.33,87.78,24.8
PMT-0212,F-22,2023-09-01,8429.27,89.11,18.1
PMT-0212,F-22,2023-10-01,7417.99,89.03,9.8
PMT-0212,F-22,2023-11-01,6357.49,83.54,6.4
PMT-0212,F-22,2023-12-01,6063.14,89.35,6.7
PMT-0212,F-22,2024-01-01,6637.16,84.1,5.8
PMT-0212,F-22,2024-02-01,8151.73,86.22,11.9
PMT-0212,F-22,2024-03-01,9322.36,86.81,16.5
PMT-0212,F-22,2024-04-01,10503.78,89.38,25.0
PMT-0212,F-22,2024-05-01,11611.78,86.01,32.6
PMT-0212,F-22,2024-06-01,11663.23,80.61,32.0
PMT-0212,F-22,2024-07-01,10721.44,85.39,29.2
PMT-0212,F-22,2024-08-01,9780.96,82.94,24.5
PMT-0212,F-22,2024-09-01,8591.37,88.14,17.5
PMT-0212,F-22,2024-10-01,7264.49,90.31,13.0
PMT-0212,F-22,2024-11-01,6429.56,85.32,5.6
PMT-0212,F-22,2024-12-01,5937.56,88.93,5.8
PMT-0213,F-22,2022-01-01,16566.78,81.26,5.5
PMT-0213,F-22,2022-02-01,19700.98,93.59,10.9
PMT-0213,F-22,2022-03-01,22281.69,87.14,17.1
PMT-0213,F-22,2022-04-01,25787.02,88.7,24.5
PMT-0213,F-22,2022-05-01,29964.35,90.13,30.4
PMT-0213,F-22,2022-06-01,30520.38,85.85,31.5
PMT-0213,F-22,2022-07-01,30705.87,86.48,29.8
PMT-0213,F-22,2022-08-01,27212.07,87.22,24.3
PMT-0213,F-22,2022-09-01,23244.0,82.66,19.4
PMT-0213,F-22,2022-10-01,18514.36,85.75,9.2
PMT-0213,F-22,2022-11-01,15390.28,84.62,5.2
PMT-0213,F-22,2022-12-01,15353.45,83.73,2.3
PMT-0213,F-22,2023-01-01,16367.27,81.72,4.6
PMT-0213,F-22,2023-02-01,19611.5,85.36,13.0
PMT-0213,F-22,2023-03-01,22755.41,87.96,18.4
PMT-0213,F-22,2023-04-01,27422.42,90.44,23.3
PMT-0213,F-22,2023-05-01,28679.21,86.16,29.1
PMT-0213,F-22,2023-06-01,30446.02,87.45,31.5
PMT-0213,F-22,2023-07-01,28617.91,85.16,31.6
PMT-0213,F-22,2023-08-01,26125.91,89.54,25.3
PMT-0213,F-22,2023-09-01,22450.15,87.06,18.0
PMT-0213,F-22,2023-10-01,18431.57,82.88,10.3
PMT-0213,F-22,2023-11-01,15513.76,86.35,6.0
PMT-0213,F-22,2023-12-01,15363.44,87.65,3.7
PMT-0213,F-22,2024-01-01,15990.13,84.84,6.8
PMT-0213,F-22,2024-02-01,19320.04,83.16,9.6
PMT-0213,F-22,2024-03-01,22622.78,83.05,17.4
PMT-0213,F-22,2024-04-01,25877.22,85.0,23.3
PMT-0213,F-22,2024-05-01,30378.23,84.41,29.1
PMT-0213,F-22,2024-06-01,30523.0,93.06,32.4
PMT-0213,F-22,2024-07-01,28411.36,90.94,29.1
PMT-0213,F-22,2024-08-01,26505.56,82.96,25.1
PMT-0213,F-22,2024-09-01,21781.06,89.97,18.0
PMT-0213,F-22,2024-10-01,19613.19,89.82,10.6
PMT-0213,F-22,2024-11-01,15697.83,86.22,5.1
PMT-0213,F-22,2024-12-01,15287.42,85.83,4.8
PMT-0214,F-22,2022-01-01,17752.71,91.97,5.4
PMT-0214,F-22,2022-02-01,21257.81,84.38,9.4
PMT-0214,F-22,2022-03-01,24249.65,86.48,18.1
PMT-0214,F-22,2022-04-01,30412.87,88.14,24.6
PMT-0214,F-22,2022-05-01,34429.65,86.32,28.1
PMT-0214,F-22,2022-06-01,32569.73,89.94,28.6
PMT-0214,F-22,2022-07-01,32515.51,89.92,28.7
PMT-0214,F-22,2022-08-01,29836.26,91.64,26.8
PMT-0214,F-22,2022-09-01,24378.77,84.03,18.1
PMT-0214,F-22,2022-10-01,20917.62,89.45,10.7
PMT-0214,F-22,2022-11-01,17423.52,88.2,4.5
PMT-0214,F-22,2022-12-01,15937.02,87.21,5.4
PMT-0214,F-22,2023-01-01,12982.43,90.21,7.0
PMT-0214,F-22,2023-02-01,16035.73,84.52,10.9
PMT-0214,F-22,2023-03-01,24645.66,82.44,19.6
PMT-0214,F-22,2023-04-01,28334.52,82.62,24.7
PMT-0214,F-22,2023-05-01,31350.13,89.75,30.3
PMT-0214,F-22,2023-06-01,34827.86,88.45,30.1
PMT-0214,F-22,2023-07-01,31275.54,87.04,28.4
PMT-0214,F-22,2023-08-01,26880.45,86.06,23.8
PMT-0214,F-22,2023-09-01,24523.03,84.83,18.3
PMT-0214,F-22,2023-10-01,20870.1,89.4,11.1
PMT-0214,F-22,2023-11-01,17486.85,89.8,7.0
PMT-0214,F-22,2023-12-01,15907.79,85.62,3.8
PMT-0214,F-22,2024-01-01,16987.8,82.99,5.9
PMT-0214,F-22,2024-02-01,20648.81,88.11,10.8
PMT-0214,F-22,2024-03-01,24737.73,87.91,17.3
PMT-0214,F-22,2024-04-01,27725.18,90.83,23.9
PMT-0214,F-22,2024-05-01,31169.07,87.63,30.3
PMT-0214,F-22,2024-06-01,32914.79,83.21,34.8
PMT-0214,F-22,2024-07-01,30766.07,90.04,30.8
PMT-0214,F-22,2024-08-01,29355.94,93.48,25.1
PMT-0214,F-22,2024-09-01,24327.11,82.73,19.0
PMT-0214,F-22,2024-10-01,20142.47,87.69,10.2
PMT-0214,F-22,2024-11-01,16187.7,88.14,5.3
PMT-0214,F-22,2024-12-01,16426.7,86.34,3.2
PMT-0215,F-22,2022-01-01,5222.94,86.48,6.1
PMT-0215,F-22,2022-02-01,6127.85,87.58,10.4
PMT-0215,F-22,2022-03-01,7620.12,85.73,18.2
PMT-0215,F-22,2022-04-01,8817.33,88.55,24.9
PMT-0215,F-22,2022-05-01,9539.74,87.05,30.3
PMT-0215,F-22,2022-06-01,9938.28,90.96,32.2
PMT-0215,F-22,2022-07-01,9345.81,86.96,29.2
PMT-0215,F-22,2022-08-01,8635.51,90.88,26.9
PMT-0215,F-22,2022-09-01,7340.2,82.39,17.9
PMT-0215,F-22,2022-10-01,5976.83,86.89,11.1
PMT-0215,F-22,2022-11-01,5235.89,89.58,6.9
PMT-0215,F-22,2022-12-01,4967.36,92.54,4.6
PMT-0215,F-22,2023-01-01,5119.05,90.65,6.7
PMT-0215,F-22,2023-02-01,6245.65,86.86,11.6
PMT-0215,F-22,2023-03-01,7634.64,84.49,17.0
PMT-0215,F-22,2023-04-01,8666.74,87.4,25.0
PMT-0215,F-22,2023-05-01,9285.8,81.93,31.4
PMT-0215,F-22,2023-06-01,10175.43,89.22,32.3
PMT-0215,F-22,2023-07-01,9386.71,89.53,30.7
PMT-0215,F-22,2023-08-01,8614.73,84.49,24.5
PMT-0215,F-22,2023-09-01,6872.74,87.17,18.4
PMT-0215,F-22,2023-10-01,6170.16,88.86,11.0
PMT-0215,F-22,2023-11-01,5021.39,82.27,7.3
PMT-0215,F-22,2023-12-01,4922.09,85.83,4.3
PMT-0215,F-22,2024-01-01,5103.21,83.36,4.8
PMT-0215,F-22,2024-02-01,6025.63,84.15,11.6
PMT-0215,F-22,2024-03-01,7622.74,87.39,18.9
PMT-0215,F-22,2024-04-01,8729.19,81.94,26.0
PMT-0215,F-22,2024-05-01,9380.88,88.89,30.8
PMT-0215,F-22,2024-06-01,9682.66,88.67,32.1
PMT-0215,F-22,2024-07-01,9467.75,85.79,29.7
PMT-0215,F-22,2024-08-01,8447.27,83.5,25.0
PMT-0215,F-22,2024-09-01,7106.7,89.98,17.8
PMT-0215,F-22,2024-10-01,6241.46,85.54,12.5
PMT-0215,F-22,2024-11-01,5290.66,83.63,6.4
PMT-0215,F-22,2024-12-01,4992.36,88.26,3.1
PMT-0216,F-22,2022-01-01,8564.47,87.0,6.1
PMT-0216,F-22,2022-02-01,10575.26,87.13,11.1
PMT-0216,F-22,2022-03-01,12380.05,83.16,17.7
PMT-0216,F-22,2022-04-01,14935.77,87.48,25.2
PMT-0216,F-22,2022-05-01,16223.56,87.6,30.2
PMT-0216,F-22,2022-06-01,15252.47,89.79,29.6
PMT-0216,F-22,2022-07-01,15629.72,88.04,31.7
PMT-0216,F-22,2022-08-01,14445.03,86.41,27.6
PMT-0216,F-22,2022-09-01,12093.31,82.6,20.0
PMT-0216,F-22,2022-10-01,9773.92,87.86,10.6
PMT-0216,F-22,2022-11-01,8788.48,91.01,5.9
PMT-0216,F-22,2022-12-01,7846.69,89.38,4.4
PMT-0216,F-22,2023-01-01,8803.27,86.88,7.1
PMT-0216,F-22,2023-02-01,9720.63,88.9,11.2
PMT-0216,F-22,2023-03-01,12128.24,85.16,18.6
PMT-0216,F-22,2023-04-01,13897.22,88.69,25.7
PMT-0216,F-22,2023-05-01,16264.07,85.14,27.6
PMT-0216,F-22,2023-06-01,16132.12,81.04,33.0
PMT-0216,F-22,2023-07-01,14450.29,87.13,30.0
PMT-0216,F-22,2023-08-01,14055.0,87.8,25.1
PMT-0216,F-22,2023-09-01,11525.17,87.69,15.4
PMT-0216,F-22,2023-10-01,9974.22,83.87,12.1
PMT-0216,F-22,2023-11-01,8353.71,86.9,4.9
PMT-0216,F-22,2023-12-01,8404.47,89.05,4.7
PMT-0216,F-22,2024-01-01,8244.89,85.9,5.9
PMT-0216,F-22,2024-02-01,9763.44,91.8,11.6
PMT-0216,F-22,2024-03-01,12183.01,91.91,18.6
PMT-0216,F-22,2024-04-01,14744.04,81.86,27.1
PMT-0216,F-22,2024-05-01,15669.11,86.03,29.5
PMT-0216,F-22,2024-06-01,16222.39,91.53,34.9
PMT-0216,F-22,2024-07-01,16053.76,90.22,28.9
PMT-0216,F-22,2024-08-01,15111.23,88.32,24.4
PMT-0216,F-22,2024-09-01,11587.7,82.88,16.8
PMT-0216,F-22,2024-10-01,10039.12,85.36,10.9
PMT-0216,F-22,2024-11-01,8390.96,87.75,5.0
PMT-0216,F-22,2024-12-01,7774.23,86.88,4.0
PMT-0217,F-22,2022-01-01,12075.42,91.36,5.0
PMT-0217,F-22,2022-02-01,14065.6,84.96,9.6
PMT-0217,F-22,2022-03-01,17199.47,83.02,17.4
PMT-0217,F-22,2022-04-01,19206.3,91.2,24.6
PMT-0217,F-22,2022-05-01,21138.54,84.98,30.5
PMT-0217,F-22,2022-06-01,21509.25,88.85,32.2
PMT-0217,F-22,2022-07-01,21026.76,85.07,29.3
PMT-0217,F-22,2022-08-01,19274.29,83.85,26.0
PMT-0217,F-22,2022-09-01,15885.03,86.86,15.2
PMT-0217,F-22,2022-10-01,13579.52,91.25,10.4
PMT-0217,F-22,2022-11-01,12156.77,84.73,5.9
PMT-0217,F-22,2022-12-01,11336.39,85.21,5.2
PMT-0217,F-22,2023-01-01,11687.63,84.78,5.7
PMT-0217,F-22,2023-02-01,14452.5,91.35,11.3
PMT-0217,F-22,2023-03-01,16672.9,83.61,18.2
PMT-0217,F-22,2023-04-01,19038.44,81.97,23.4
PMT-0217,F-22,2023-05-01,20320.01,85.54,31.8
PMT-0217,F-22,2023-06-01,21745.2,89.34,33.5
PMT-0217,F-22,2023-07-01,22021.28,84.02,30.6
PMT-0217,F-22,2023-08-01,18996.52,91.88,25.3
PMT-0217,F-22,2023-09-01,16729.13,85.72,17.9
PMT-0217,F-22,2023-10-01,13692.2,92.41,9.7
PMT-0217,F-22,2023-11-01,11262.73,85.8,6.3
PMT-0217,F-22,2023-12-01,11030.56,86.18,3.8
PMT-0217,F-22,2024-01-01,12055.86,93.42,6.3
PMT-0217,F-22,2024-02-01,14184.0,86.1,9.4
PMT-0217,F-22,2024-03-01,16930.21,89.1,18.6
PMT-0217,F-22,2024-04-01,18909.52,79.76,24.5
PMT-0217,F-22,2024-05-01,19800.14,87.34,31.1
PMT-0217,F-22,2024-06-01,21751.25,85.71,34.0
PMT-0217,F-22,2024-07-01,21503.2,85.29,29.5
PMT-0217,F-22,2024-08-01,19130.64,89.13,24.1
PMT-0217,F-22,2024-09-01,15952.75,85.49,18.5
PMT-0217,F-22,2024-10-01,13389.0,84.38,12.5
PMT-0217,F-22,2024-11-01,11673.99,87.68,6.8
PMT-0217,F-22,2024-12-01,10751.95,84.9,4.3
PMT-0218,F-22,2022-01-01,7997.14,82.05,6.3
PMT-0218,F-22,2022-02-01,9944.28,87.68,12.9
PMT-0218,F-22,2022-03-01,11352.96,84.42,18.7
PMT-0218,F-22,2022-04-01,13259.3,93.3,26.9
PMT-0218,F-22,2022-05-01,14518.78,87.03,29.8
PMT-0218,F-22,2022-06-01,14942.9,87.87,32.4
PMT-0218,F-22,2022-07-01,14107.33,83.63,30.1
PMT-0218,F-22,2022-08-01,13129.7,84.83,24.2
PMT-0218,F-22,2022-09-01,11437.37,87.84,17.9
PMT-0218,F-22,2022-10-01,9237.86,82.08,8.9
PMT-0218,F-22,2022-11-01,8290.26,83.63,3.1
PMT-0218,F-22,2022-12-01,7471.45,91.58,6.3
PMT-0218,F-22,2023-01-01,8170.14,85.93,5.8
PMT-0218,F-22,2023-02-01,9526.21,85.7,11.5
PMT-0218,F-22,2023-03-01,11535.94,89.73,18.0
PMT-0218,F-22,2023-04-01,13283.3,85.94,24.8
PMT-0218,F-22,2023-05-01,14270.13,91.47,29.6
PMT-0218,F-22,2023-06-01,14996.34,86.02,32.5
PMT-0218,F-22,2023-07-01,14207.34,86.02,30.9
PMT-0218,F-22,2023-08-01,12892.79,87.66,24.0
PMT-0218,F-22,2023-09-01,10923.18,86.98,19.0
PMT-0218,F-22,2023-10-01,9518.75,86.78,12.9
PMT-0218,F-22,2023-11-01,7987.02,85.25,4.5
PMT-0218,F-22,2023-12-01,7483.92,87.6,5.7
PMT-0218,F-22,2024-01-01,7837.48,94.13,6.3
PMT-0218,F-22,2024-02-01,9784.17,93.25,11.7
PMT-0218,F-22,2024-03-01,11568.93,85.49,17.0
PMT-0218,F-22,2024-04-01,13111.97,89.74,23.6
PMT-0218,F-22,2024-05-01,14344.71,82.56,29.8
PMT-0218,F-22,2024-06-01,14754.16,90.45,30.8
PMT-0218,F-22,2024-07-01,13419.52,86.52,30.1
PMT-0218,F-22,2024-08-01,12868.42,83.02,23.7
PMT-0218,F-22,2024-09-01,10750.78,84.94,18.0
PMT-0218,F-22,2024-10-01,9648.0,84.68,12.6
PMT-0218,F-22,2024-11-01,7700.26,86.9,6.4
PMT-0218,F-22,2024-12-01,7351.71,85.97,5.8
PMT-0219,F-22,2022-01-01,12621.74,82.49,7.9
PMT-0219,F-22,2022-02-01,14873.96,83.73,10.1
PMT-0219,F-22,2022-03-01,17140.74,81.95,20.1
PMT-0219,F-22,2022-04-01,20393.99,88.28,25.5
PMT-0219,F-22,2022-05-01,21444.17,83.41,31.2
PMT-0219,F-22,2022-06-01,21853.46,85.81,32.9
PMT-0219,F-22,2022-07-01,21665.88,92.23,30.7
PMT-0219,F-22,2022-08-01,19244.68,86.78,24.8
PMT-0219,F-22,2022-09-01,15441.95,84.32,17.3
PMT-0219,F-22,2022-10-01,13805.58,85.12,9.9
PMT-0219,F-22,2022-11-01,12159.61,87.32,6.5
PMT-0219,F-22,2022-12-01,11797.4,90.51,3.8
PMT-0219,F-22,2023-01-01,12594.38,85.22,7.6
PMT-0219,F-22,2023-02-01,15020.11,84.68,11.2
PMT-0219,F-22,2023-03-01,17675.55,92.19,17.8
PMT-0219,F-22,2023-04-01,19463.5,81.94,23.7
PMT-0219,F-22,2023-05-01,20179.94,89.98,30.8
PMT-0219,F-22,2023-06-01,20477.43,86.87,33.4
PMT-0219,F-22,2023-07-01,21940.21,90.21,28.9
PMT-0219,F-22,2023-08-01,18302.11,86.04,25.0
PMT-0219,F-22,2023-09-01,15401.7,91.28,19.1
PMT-0219,F-22,2023-10-01,13905.31,81.97,10.1
PMT-0219,F-22,2023-11-01,12437.66,85.07,7.2
PMT-0219,F-22,2023-12-01,11591.12,89.57,1.1
PMT-0219,F-22,2024-01-01,12912.92,81.18,6.6
PMT-0219,F-22,2024-02-01,14112.84,85.91,10.9
PMT-0219,F-22,2024-03-01,17320.87,84.95,19.0
PMT-0219,F-22,2024-04-01,18999.8,84.24,23.4
PMT-0219,F-22,2024-05-01,20598.41,85.05,29.1
PMT-0219,F-22,2024-06-01,22069.72,88.16,32.5
PMT-0219,F-22,2024-07-01,20748.24,83.53,30.3
PMT-0219,F-22,2024-08-01,18439.28,89.25,23.5
PMT-0219,F-22,2024-09-01,16098.17,87.67,18.9
PMT-0219,F-22,2024-10-01,14096.8,84.48,11.0
PMT-0219,F-22,2024-11-01,11716.67,78.77,7.6
PMT-0219,F-22,2024-12-01,11880.61,87.61,3.5
PMT-0220,F-22,2022-01-01,14219.43,88.82,5.4
PMT-0220,F-22,2022-02-01,17713.44,89.32,12.1
PMT-0220,F-22,2022-03-01,19768.42,84.95,17.2
PMT-0220,F-22,2022-04-01,20631.0,93.35,26.9
PMT-0220,F-22,2022-05-01,22130.17,90.65,29.5
PMT-0220,F-22,2022-06-01,22851.47,89.94,32.7
PMT-0220,F-22,2022-07-01,22190.29,86.54,28.4
PMT-0220,F-22,2022-08-01,18532.72,86.76,25.9
PMT-0220,F-22,2022-09-01,16721.75,80.4,17.1
PMT-0220,F-22,2022-10-01,15789.37,85.29,12.8
PMT-0220,F-22,2022-11-01,12501.86,83.75,7.4
PMT-0220,F-22,2022-12-01,13117.02,84.8,2.6
PMT-0220,F-22,2023-01-01,13810.95,91.97,5.1
PMT-0220,F-22,2023-02-01,16797.66,84.41,10.3
PMT-0220,F-22,2023-03-01,19298.01,85.0,16.9
PMT-0220,F-22,2023-04-01,21107.05,86.26,25.3
PMT-0220,F-22,2023-05-01,21063.19,84.19,30.7
PMT-0220,F-22,2023-06-01,21554.42,88.08,33.1
PMT-0220,F-22,2023-07-01,20330.72,87.49,30.6
PMT-0220,F-22,2023-08-01,18230.97,86.33,25.6
PMT-0220,F-22,2023-09-01,16086.77,85.9,17.5
PMT-0220,F-22,2023-10-01,13635.51,87.69,12.3
PMT-0220,F-22,2023-11-01,13094.9,82.16,7.2
PMT-0220,F-22,2023-12-01,12645.29,85.52,4.3
PMT-0220,F-22,2024-01-01,14321.09,86.84,5.6
PMT-0220,F-22,2024-02-01,15937.64,84.02,11.5
PMT-0220,F-22,2024-03-01,19197.55,87.21,18.5
PMT-0220,F-22,2024-04-01,21512.12,84.98,23.8
PMT-0220,F-22,2024-05-01,20420.99,85.67,31.7
PMT-0220,F-22,2024-06-01,21151.54,83.81,33.1
PMT-0220,F-22,2024-07-01,22321.08,89.63,30.9
PMT-0220,F-22,2024-08-01,18861.53,87.27,24.1
PMT-0220,F-22,2024-09-01,15506.22,87.78,18.1
PMT-0220,F-22,2024-10-01,14168.1,86.22,11.3
PMT-0220,F-22,2024-11-01,13071.69,87.92,3.6
PMT-0220,F-22,2024-12-01,12659.68,91.51,5.6
PMT-0221,F-23,2022-01-01,16509.89,94.7,5.2
PMT-0221,F-23,2022-02-01,20158.75,98.95,12.4
PMT-0221,F-23,2022-03-01,22943.54,98.49,18.0
PMT-0221,F-23,2022-04-01,27342.92,95.35,22.8
PMT-0221,F-23,2022-05-01,29525.83,97.96,29.1
PMT-0221,F-23,2022-06-01,31699.76,97.5,33.9
PMT-0221,F-23,2022-07-01,31876.93,94.59,29.6
PMT-0221,F-23,2022-08-01,26685.97,91.05,24.0
PMT-0221,F-23,2022-09-01,21580.43,100.0,20.2
PMT-0221,F-23,2022-10-01,18411.12,98.32,11.7
PMT-0221,F-23,2022-11-01,15751.83,92.61,3.4
PMT-0221,F-23,2022-12-01,15113.25,100.0,2.3
PMT-0221,F-23,2023-01-01,16205.83,97.87,7.0
PMT-0221,F-23,2023-02-01,19673.11,99.03,10.8
PMT-0221,F-23,2023-03-01,23135.77,96.07,18.4
PMT-0221,F-23,2023-04-01,27001.67,95.67,24.9
PMT-0221,F-23,2023-05-01,29652.2,100.0,30.5
PMT-0221,F-23,2023-06-01,31411.96,96.13,30.9
PMT-0221,F-23,2023-07-01,30778.79,91.35,28.8
PMT-0221,F-23,2023-08-01,25574.79,96.86,27.4
PMT-0221,F-23,2023-09-01,23446.28,90.56,17.5
PMT-0221,F-23,2023-10-01,20027.88,97.84,9.1
PMT-0221,F-23,2023-11-01,16524.36,98.03,6.3
PMT-0221,F-23,2023-12-01,15319.23,100.0,3.9
PMT-0221,F-23,2024-01-01,16504.91,94.07,5.7
PMT-0221,F-23,2024-02-01,19434.93,96.57,10.5
PMT-0221,F-23,2024-03-01,23344.36,93.78,16.9
PMT-0221,F-23,2024-04-01,27956.53,96.1,25.1
PMT-0221,F-23,2024-05-01,29504.42,93.01,29.5
PMT-0221,F-23,2024-06-01,30845.9,100.0,32.4
PMT-0221,F-23,2024-07-01,28643.92,96.94,32.5
PMT-0221,F-23,2024-08-01,27337.73,96.94,23.7
PMT-0221,F-23,2024-09-01,22715.29,94.54,19.7
PMT-0221,F-23,2024-10-01,19868.85,94.54,11.2
PMT-0221,F-23,2024-11-01,15797.44,99.2,6.1
PMT-0221,F-23,2024-12-01,15685.43,92.4,5.1
PMT-0222,F-23,2022-01-01,11033.03,100.0,6.5
PMT-0222,F-23,2022-02-01,12812.67,92.1,10.7
PMT-0222,F-23,2022-03-01,15531.21,94.62,16.1
PMT-0222,F-23,2022-04-01,17257.19,91.31,25.6
PMT-0222,F-23,2022-05-01,18840.59,98.41,31.4
PMT-0222,F-23,2022-06-01,19691.03,97.31,31.3
PMT-0222,F-23,2022-07-01,16854.66,92.09,31.3
PMT-0222,F-23,2022-08-01,16135.46,100.0,25.6
PMT-0222,F-23,2022-09-01,13972.96,98.12,17.4
PMT-0222,F-23,2022-10-01,12029.97,94.86,9.7
PMT-0222,F-23,2022-11-01,10728.56,94.07,5.3
PMT-0222,F-23,2022-12-01,10752.11,99.3,3.3
PMT-0222,F-23,2023-01-01,10876.26,94.56,3.1
PMT-0222,F-23,2023-02-01,13262.58,93.04,9.6
PMT-0222,F-23,2023-03-01,14598.95,94.71,16.9
PMT-0222,F-23,2023-04-01,15835.52,98.27,25.0
PMT-0222,F-23,2023-05-01,17641.39,95.15,29.9
PMT-0222,F-23,2023-06-01,16855.36,96.85,28.4
PMT-0222,F-23,2023-07-01,18240.63,93.88,30.3
PMT-0222,F-23,2023-08-01,17481.86,96.43,25.3
PMT-0222,F-23,2023-09-01,12655.01,97.06,20.1
PMT-0222,F-23,2023-10-01,11667.6,96.71,9.3
PMT-0222,F-23,2023-11-01,10917.08,91.2,7.0
PMT-0222,F-23,2023-12-01,10102.52,92.75,3.1
PMT-0222,F-23,2024-01-01,10742.24,95.12,5.6
PMT-0222,F-23,2024-02-01,12542.66,100.0,10.9
PMT-0222,F-23,2024-03-01,14891.05,92.34,18.3
PMT-0222,F-23,2024-04-01,18076.62,99.02,23.1
PMT-0222,F-23,2024-05-01,17204.96,91.52,30.8
PMT-0222,F-23,2024-06-01,20101.26,97.58,29.0
PMT-0222,F-23,2024-07-01,18613.15,95.64,30.3
PMT-0222,F-23,2024-08-01,15332.97,97.25,26.6
PMT-0222,F-23,2024-09-01,12765.0,91.48,17.4
PMT-0222,F-23,2024-10-01,12001.33,93.37,10.2
PMT-0222,F-23,2024-11-01,10606.61,97.95,6.9
PMT-0222,F-23,2024-12-01,10125.74,98.24,5.1
PMT-0223,F-23,2022-01-01,11399.78,88.12,5.9
PMT-0223,F-23,2022-02-01,13709.11,93.34,11.8
PMT-0223,F-23,2022-03-01,17046.25,98.83,17.1
PMT-0223,F-23,2022-04-01,19425.46,96.68,23.8
PMT-0223,F-23,2022-05-01,21167.15,100.0,30.6
PMT-0223,F-23,2022-06-01,22162.86,97.04,33.1
PMT-0223,F-23,2022-07-01,20954.78,89.72,30.5
PMT-0223,F-23,2022-08-01,19530.38,96.37,26.6
PMT-0223,F-23,2022-09-01,16188.58,96.78,17.9
PMT-0223,F-23,2022-10-01,14180.13,90.77,11.3
PMT-0223,F-23,2022-11-01,11858.7,93.41,5.3
PMT-0223,F-23,2022-12-01,10982.6,97.9,2.7
PMT-0223,F-23,2023-01-01,11690.54,96.28,5.4
PMT-0223,F-23,2023-02-01,13542.17,100.0,9.3
PMT-0223,F-23,2023-03-01,16513.91,100.0,18.9
PMT-0223,F-23,2023-04-01,19910.46,94.11,27.5
PMT-0223,F-23,2023-05-01,21573.15,94.06,32.0
PMT-0223,F-23,2023-06-01,22230.24,97.09,32.0
PMT-0223,F-23,2023-07-01,21350.49,96.6,31.1
PMT-0223,F-23,2023-08-01,19222.87,91.94,25.9
PMT-0223,F-23,2023-09-01,16275.84,100.0,18.5
PMT-0223,F-23,2023-10-01,13382.51,97.49,11.4
PMT-0223,F-23,2023-11-01,11437.3,93.57,5.9
PMT-0223,F-23,2023-12-01,10605.95,99.47,4.7
PMT-0223,F-23,2024-01-01,11462.71,92.76,6.4
PMT-0223,F-23,2024-02-01,14129.77,97.18,10.1
PMT-0223,F-23,2024-03-01,17031.87,94.31,17.7
PMT-0223,F-23,2024-04-01,19080.86,95.78,24.3
PMT-0223,F-23,2024-05-01,20891.51,98.12,31.4
PMT-0223,F-23,2024-06-01,22107.09,96.42,33.3
PMT-0223,F-23,2024-07-01,21001.23,93.27,30.6
PMT-0223,F-23,2024-08-01,19454.86,100.0,24.0
PMT-0223,F-23,2024-09-01,15732.5,94.17,19.0
PMT-0223,F-23,2024-10-01,13529.38,97.74,11.2
PMT-0223,F-23,2024-11-01,11344.65,100.0,5.7
PMT-0223,F-23,2024-12-01,10849.35,94.06,4.5
PMT-0224,F-23,2022-01-01,11021.46,99.03,7.4
PMT-0224,F-23,2022-02-01,13150.25,94.7,12.4
PMT-0224,F-23,2022-03-01,15601.63,95.07,20.1
PMT-0224,F-23,2022-04-01,18270.66,95.7,25.1
PMT-0224,F-23,2022-05-01,19067.89,100.0,32.0
PMT-0224,F-23,2022-06-01,21055.0,97.47,33.0
PMT-0224,F-23,2022-07-01,20334.12,98.98,27.3
PMT-0224,F-23,2022-08-01,17831.08,100.0,26.1
PMT-0224,F-23,2022-09-01,15470.41,94.61,17.4
PMT-0224,F-23,2022-10-01,12717.05,92.85,12.0
PMT-0224,F-23,2022-11-01,10920.42,93.88,7.7
PMT-0224,F-23,2022-12-01,10228.15,93.72,2.5
PMT-0224,F-23,2023-01-01,11001.85,99.36,7.0
PMT-0224,F-23,2023-02-01,13373.61,95.05,11.5
PMT-0224,F-23,2023-03-01,15724.32,96.36,17.7
PMT-0224,F-23,2023-04-01,18134.06,100.0,24.1
PMT-0224,F-23,2023-05-01,20270.12,99.33,30.4
PMT-0224,F-23,2023-06-01,19906.16,99.81,32.1
PMT-0224,F-23,2023-07-01,19711.99,90.38,28.6
PMT-0224,F-23,2023-08-01,17887.24,95.45,24.8
PMT-0224,F-23,2023-09-01,15434.67,95.54,16.1
PMT-0224,F-23,2023-10-01,13034.14,97.63,11.4
PMT-0224,F-23,2023-11-01,10369.83,99.49,6.6
PMT-0224,F-23,2023-12-01,10033.71,98.21,5.0
PMT-0224,F-23,2024-01-01,10906.97,89.72,6.4
PMT-0224,F-23,2024-02-01,13017.46,100.0,11.3
PMT-0224,F-23,2024-03-01,15316.61,95.03,17.2
PMT-0224,F-23,2024-04-01,18403.75,94.55,22.7
PMT-0224,F-23,2024-05-01,19986.94,100.0,30.2
PMT-0224,F-23,2024-06-01,20248.78,95.57,32.1
PMT-0224,F-23,2024-07-01,19551.19,96.22,31.8
PMT-0224,F-23,2024-08-01,17417.42,100.0,23.1
PMT-0224,F-23,2024-09-01,15279.9,95.78,17.6
PMT-0224,F-23,2024-10-01,12529.95,100.0,10.7
PMT-0224,F-23,2024-11-01,11233.15,89.22,4.2
PMT-0224,F-23,2024-12-01,9733.26,95.28,4.3
PMT-0225,F-23,2022-01-01,12769.5,97.33,5.8
PMT-0225,F-23,2022-02-01,14820.58,97.99,9.6
PMT-0225,F-23,2022-03-01,18128.03,94.91,19.4
PMT-0225,F-23,2022-04-01,20575.12,95.98,25.8
PMT-0225,F-23,2022-05-01,22711.62,95.18,32.4
PMT-0225,F-23,2022-06-01,23670.4,97.24,32.8
PMT-0225,F-23,2022-07-01,22104.41,98.85,29.6
PMT-0225,F-23,2022-08-01,20473.52,94.25,25.9
PMT-0225,F-23,2022-09-01,17508.04,98.66,19.6
PMT-0225,F-23,2022-10-01,15321.65,95.89,10.3
PMT-0225,F-23,2022-11-01,12206.29,91.41,8.9
PMT-0225,F-23,2022-12-01,12474.27,94.45,3.7
PMT-0225,F-23,2023-01-01,12947.9,98.49,4.9
PMT-0225,F-23,2023-02-01,14861.42,93.98,12.5
PMT-0225,F-23,2023-03-01,18211.72,95.76,19.6
PMT-0225,F-23,2023-04-01,20818.26,97.38,25.8
PMT-0225,F-23,2023-05-01,22869.71,98.13,29.9
PMT-0225,F-23,2023-06-01,22575.58,98.49,31.3
PMT-0225,F-23,2023-07-01,22038.04,100.0,30.8
PMT-0225,F-23,2023-08-01,19766.97,97.78,26.9
PMT-0225,F-23,2023-09-01,17198.48,98.19,19.4
PMT-0225,F-23,2023-10-01,14828.74,96.38,11.5
PMT-0225,F-23,2023-11-01,12696.96,100.0,8.0
PMT-0225,F-23,2023-12-01,11386.42,100.0,4.5
PMT-0225,F-23,2024-01-01,12785.41,97.07,5.0
PMT-0225,F-23,2024-02-01,14399.42,93.68,11.7
PMT-0225,F-23,2024-03-01,18244.05,90.56,16.0
PMT-0225,F-23,2024-04-01,20164.02,99.06,26.1
PMT-0225,F-23,2024-05-01,21590.17,91.89,29.5
PMT-0225,F-23,2024-06-01,21905.96,93.6,32.6
PMT-0225,F-23,2024-07-01,21296.33,92.68,30.1
PMT-0225,F-23,2024-08-01,21090.02,93.23,25.2
PMT-0225,F-23,2024-09-01,17643.25,95.94,16.6
PMT-0225,F-23,2024-10-01,14405.19,96.28,12.5
PMT-0225,F-23,2024-11-01,12233.69,100.0,4.9
PMT-0225,F-23,2024-12-01,11892.72,95.69,3.8
PMT-0226,F-23,2022-01-01,5750.83,91.76,4.5
PMT-0226,F-23,2022-02-01,6689.92,99.12,12.3
PMT-0226,F-23,2022-03-01,7963.81,93.0,16.5
PMT-0226,F-23,2022-04-01,9473.75,90.5,24.5
PMT-0226,F-23,2022-05-01,10972.49,98.85,30.0
PMT-0226,F-23,2022-06-01,10726.97,98.25,32.5
PMT-0226,F-23,2022-07-01,10492.19,97.83,31.2
PMT-0226,F-23,2022-08-01,9480.11,99.21,25.3
PMT-0226,F-23,2022-09-01,7735.9,95.72,18.8
PMT-0226,F-23,2022-10-01,6648.83,94.33,13.5
PMT-0226,F-23,2022-11-01,5767.26,97.45,7.2
PMT-0226,F-23,2022-12-01,5813.27,100.0,5.6
PMT-0226,F-23,2023-01-01,5712.72,100.0,7.0
PMT-0226,F-23,2023-02-01,6973.19,98.37,8.8
PMT-0226,F-23,2023-03-01,8076.78,100.0,18.8
PMT-0226,F-23,2023-04-01,9626.25,96.79,24.3
PMT-0226,F-23,2023-05-01,10903.77,97.8,28.6
PMT-0226,F-23,2023-06-01,10422.15,97.26,32.3
PMT-0226,F-23,2023-07-01,9956.0,94.22,30.6
PMT-0226,F-23,2023-08-01,9138.59,96.53,24.4
PMT-0226,F-23,2023-09-01,7711.02,96.17,16.0
PMT-0226,F-23,2023-10-01,6472.64,94.69,11.0
PMT-0226,F-23,2023-11-01,5863.32,90.9,3.7
PMT-0226,F-23,2023-12-01,5297.04,100.0,2.3
PMT-0226,F-23,2024-01-01,6026.34,97.5,5.2
PMT-0226,F-23,2024-02-01,6819.99,93.71,9.7
PMT-0226,F-23,2024-03-01,8440.65,92.48,18.2
PMT-0226,F-23,2024-04-01,9114.07,99.46,24.3
PMT-0226,F-23,2024-05-01,10589.08,94.75,30.0
PMT-0226,F-23,2024-06-01,10413.21,93.21,31.0
PMT-0226,F-23,2024-07-01,10265.6,92.67,28.5
PMT-0226,F-23,2024-08-01,9458.62,96.3,23.3
PMT-0226,F-23,2024-09-01,8299.08,98.36,19.8
PMT-0226,F-23,2024-10-01,6416.85,90.24,10.8
PMT-0226,F-23,2024-11-01,5575.64,91.61,5.3
PMT-0226,F-23,2024-12-01,5479.56,93.43,3.7
PMT-0227,F-23,2022-01-01,13943.89,92.71,5.4
PMT-0227,F-23,2022-02-01,15724.44,96.96,11.4
PMT-0227,F-23,2022-03-01,21584.61,95.07,20.2
PMT-0227,F-23,2022-04-01,24912.87,93.26,26.0
PMT-0227,F-23,2022-05-01,25519.08,99.06,31.5
PMT-0227,F-23,2022-06-01,26657.68,96.86,33.7
PMT-0227,F-23,2022-07-01,26705.57,100.0,29.4
PMT-0227,F-23,2022-08-01,25228.4,98.6,26.1
PMT-0227,F-23,2022-09-01,18801.34,96.02,18.1
PMT-0227,F-23,2022-10-01,15673.67,91.18,10.6
PMT-0227,F-23,2022-11-01,13721.03,92.78,4.9
PMT-0227,F-23,2022-12-01,13217.65,96.14,4.5
PMT-0227,F-23,2023-01-01,14153.05,100.0,7.0
PMT-0227,F-23,2023-02-01,15280.59,100.0,11.9
PMT-0227,F-23,2023-03-01,20348.24,94.65,17.4
PMT-0227,F-23,2023-04-01,24708.23,90.73,25.6
PMT-0227,F-23,2023-05-01,25491.18,96.8,28.7
PMT-0227,F-23,2023-06-01,26024.09,95.78,32.9
PMT-0227,F-23,2023-07-01,23917.16,100.0,31.4
PMT-0227,F-23,2023-08-01,23155.91,97.52,22.0
PMT-0227,F-23,2023-09-01,18665.41,93.37,19.2
PMT-0227,F-23,2023-10-01,16745.79,96.5,10.7
PMT-0227,F-23,2023-11-01,14576.7,98.45,5.6
PMT-0227,F-23,2023-12-01,12459.77,97.1,3.5
PMT-0227,F-23,2024-01-01,13431.14,100.0,7.6
PMT-0227,F-23,2024-02-01,17158.1,92.87,11.3
PMT-0227,F-23,2024-03-01,18866.54,97.47,17.1
PMT-0227,F-23,2024-04-01,22575.45,95.96,24.4
PMT-0227,F-23,2024-05-01,26125.98,99.18,31.8
PMT-0227,F-23,2024-06-01,26341.43,98.1,34.5
PMT-0227,F-23,2024-07-01,25190.55,96.92,32.3
PMT-0227,F-23,2024-08-01,23596.13,94.15,25.1
PMT-0227,F-23,2024-09-01,20288.06,97.99,18.6
PMT-0227,F-23,2024-10-01,15295.66,100.0,9.4
PMT-0227,F-23,2024-11-01,12910.54,94.41,5.1
PMT-0227,F-23,2024-12-01,12546.71,100.0,4.1
PMT-0228,F-23,2022-01-01,11895.48,98.36,6.9
PMT-0228,F-23,2022-02-01,15065.81,100.0,11.2
PMT-0228,F-23,2022-03-01,17588.72,95.48,19.9
PMT-0228,F-23,2022-04-01,19363.14,95.14,25.5
PMT-0228,F-23,2022-05-01,21459.01,98.15,29.9
PMT-0228,F-23,2022-06-01,22503.04,92.84,30.7
PMT-0228,F-23,2022-07-01,21098.09,89.14,32.2
PMT-0228,F-23,2022-08-01,19983.58,97.13,26.6
PMT-0228,F-23,2022-09-01,16881.05,99.11,18.5
PMT-0228,F-23,2022-10-01,13290.22,100.0,9.8
PMT-0228,F-23,2022-11-01,12096.46,94.12,4.2
PMT-0228,F-23,2022-12-01,11515.25,91.96,4.8
PMT-0228,F-23,2023-01-01,12339.65,91.24,4.4
PMT-0228,F-23,2023-02-01,14114.98,96.26,8.4
PMT-0228,F-23,2023-03-01,15933.55,94.03,17.7
PMT-0228,F-23,2023-04-01,21636.75,99.93,26.7
PMT-0228,F-23,2023-05-01,21284.73,96.28,29.9
PMT-0228,F-23,2023-06-01,23803.24,97.12,29.7
PMT-0228,F-23,2023-07-01,20875.72,96.94,30.2
PMT-0228,F-23,2023-08-01,20372.76,91.51,26.2
PMT-0228,F-23,2023-09-01,16559.7,95.7,15.2
PMT-0228,F-23,2023-10-01,14456.18,93.88,8.3
PMT-0228,F-23,2023-11-01,12043.56,93.73,6.1
PMT-0228,F-23,2023-12-01,10973.03,95.44,5.4
PMT-0228,F-23,2024-01-01,12180.27,100.0,4.6
PMT-0228,F-23,2024-02-01,14429.71,92.44,8.4
PMT-0228,F-23,2024-03-01,16844.01,93.53,18.6
PMT-0228,F-23,2024-04-01,21085.95,98.76,24.9
PMT-0228,F-23,2024-05-01,21856.49,96.59,29.5
PMT-0228,F-23,2024-06-01,22401.61,96.93,34.0
PMT-0228,F-23,2024-07-01,23397.21,98.22,30.0
PMT-0228,F-23,2024-08-01,18684.5,100.0,23.8
PMT-0228,F-23,2024-09-01,16446.3,94.94,17.4
PMT-0228,F-23,2024-10-01,13799.57,100.0,9.5
PMT-0228,F-23,2024-11-01,11774.08,93.51,5.7
PMT-0228,F-23,2024-12-01,11865.51,97.48,3.2
PMT-0229,F-23,2022-01-01,7576.03,95.07,6.1
PMT-0229,F-23,2022-02-01,8733.69,94.52,9.9
PMT-0229,F-23,2022-03-01,9433.19,100.0,16.2
PMT-0229,F-23,2022-04-01,11991.01,94.08,24.9
PMT-0229,F-23,2022-05-01,13166.39,93.86,29.8
PMT-0229,F-23,2022-06-01,13575.23,93.76,31.0
PMT-0229,F-23,2022-07-01,12225.69,100.0,29.0
PMT-0229,F-23,2022-08-01,11705.75,100.0,21.5
PMT-0229,F-23,2022-09-01,9770.21,94.03,17.2
PMT-0229,F-23,2022-10-01,8250.19,97.31,13.5
PMT-0229,F-23,2022-11-01,6697.34,99.71,4.2
PMT-0229,F-23,2022-12-01,6663.66,94.33,5.9
PMT-0229,F-23,2023-01-01,7146.18,92.59,6.8
PMT-0229,F-23,2023-02-01,8571.68,100.0,12.9
PMT-0229,F-23,2023-03-01,9952.23,97.98,19.6
PMT-0229,F-23,2023-04-01,11921.32,99.94,25.3
PMT-0229,F-23,2023-05-01,13427.19,94.86,29.2
PMT-0229,F-23,2023-06-01,13249.45,93.02,31.7
PMT-0229,F-23,2023-07-01,12587.11,97.15,31.4
PMT-0229,F-23,2023-08-01,11179.3,98.37,24.8
PMT-0229,F-23,2023-09-01,10365.81,97.82,18.5
PMT-0229,F-23,2023-10-01,8275.59,99.8,10.3
PMT-0229,F-23,2023-11-01,7051.69,100.0,5.1
PMT-0229,F-23,2023-12-01,6644.8,96.0,6.1
PMT-0229,F-23,2024-01-01,6840.78,99.04,4.7
PMT-0229,F-23,2024-02-01,8089.49,98.26,11.6
PMT-0229,F-23,2024-03-01,9733.69,95.58,20.0
PMT-0229,F-23,2024-04-01,11591.65,98.18,24.4
PMT-0229,F-23,2024-05-01,12876.76,90.14,31.3
PMT-0229,F-23,2024-06-01,12928.78,94.72,34.6
PMT-0229,F-23,2024-07-01,12818.79,98.4,28.5
PMT-0229,F-23,2024-08-01,11176.17,97.45,25.2
PMT-0229,F-23,2024-09-01,9729.21,97.48,19.7
PMT-0229,F-23,2024-10-01,8242.51,96.91,9.5
PMT-0229,F-23,2024-11-01,6901.53,100.0,7.4
PMT-0229,F-23,2024-12-01,6628.18,90.23,1.6
PMT-0230,F-23,2022-01-01,15041.61,99.18,6.8
PMT-0230,F-23,2022-02-01,18729.39,93.59,12.8
PMT-0230,F-23,2022-03-01,22209.36,100.0,18.3
PMT-0230,F-23,2022-04-01,25099.04,97.05,24.9
PMT-0230,F-23,2022-05-01,28161.98,100.0,31.4
PMT-0230,F-23,2022-06-01,28742.25,92.46,31.4
PMT-0230,F-23,2022-07-01,29132.42,93.59,29.4
PMT-0230,F-23,2022-08-01,24978.37,93.3,26.1
PMT-0230,F-23,2022-09-01,22508.8,96.01,17.4
PMT-0230,F-23,2022-10-01,18115.07,95.7,9.9
PMT-0230,F-23,2022-11-01,14942.98,98.45,4.9
PMT-0230,F-23,2022-12-01,14809.72,100.0,3.4
PMT-0230,F-23,2023-01-01,14543.11,97.66,6.3
PMT-0230,F-23,2023-02-01,18085.98,100.0,12.5
PMT-0230,F-23,2023-03-01,22486.8,94.77,18.4
PMT-0230,F-23,2023-04-01,26922.14,94.54,26.9
PMT-0230,F-23,2023-05-01,28808.13,100.0,27.8
PMT-0230,F-23,2023-06-01,29976.52,94.4,30.3
PMT-0230,F-23,2023-07-01,29329.44,94.85,29.5
PMT-0230,F-23,2023-08-01,26791.16,91.38,24.7
PMT-0230,F-23,2023-09-01,21536.24,100.0,20.2
PMT-0230,F-23,2023-10-01,18389.84,97.25,11.3
PMT-0230,F-23,2023-11-01,15381.2,95.71,4.5
PMT-0230,F-23,2023-12-01,14361.79,96.53,5.2
PMT-0230,F-23,2024-01-01,14737.45,99.17,8.1
PMT-0230,F-23,2024-02-01,17751.49,100.0,10.5
PMT-0230,F-23,2024-03-01,21999.49,95.07,16.8
PMT-0230,F-23,2024-04-01,25692.7,94.53,24.7
PMT-0230,F-23,2024-05-01,28659.4,100.0,28.9
PMT-0230,F-23,2024-06-01,29267.73,100.0,33.3
PMT-0230,F-23,2024-07-01,28492.49,91.3,29.1
PMT-0230,F-23,2024-08-01,26531.95,93.54,27.2
PMT-0230,F-23,2024-09-01,22031.74,92.53,18.2
PMT-0230,F-23,2024-10-01,18609.18,98.07,10.0
PMT-0230,F-23,2024-11-01,14893.18,96.43,5.1
PMT-0230,F-23,2024-12-01,13941.41,98.69,5.1
PMT-0231,F-24,2022-01-01,10969.21,95.47,6.7
PMT-0231,F-24,2022-02-01,12609.41,91.95,13.7
PMT-0231,F-24,2022-03-01,15560.05,95.9,19.0
PMT-0231,F-24,2022-04-01,17380.59,88.46,24.8
PMT-0231,F-24,2022-05-01,18665.75,91.29,30.2
PMT-0231,F-24,2022-06-01,18239.49,91.74,30.5
PMT-0231,F-24,2022-07-01,19219.5,92.91,29.7
PMT-0231,F-24,2022-08-01,16313.59,87.97,25.5
PMT-0231,F-24,2022-09-01,13620.32,89.37,16.9
PMT-0231,F-24,2022-10-01,11526.0,92.62,8.8
PMT-0231,F-24,2022-11-01,10280.14,90.23,5.7
PMT-0231,F-24,2022-12-01,9984.95,87.64,4.1
PMT-0231,F-24,2023-01-01,10324.97,90.37,5.1
PMT-0231,F-24,2023-02-01,12757.58,91.16,10.1
PMT-0231,F-24,2023-03-01,14844.13,89.32,18.1
PMT-0231,F-24,2023-04-01,17331.26,91.22,24.2
PMT-0231,F-24,2023-05-01,18048.19,92.33,29.1
PMT-0231,F-24,2023-06-01,18353.18,89.52,31.8
PMT-0231,F-24,2023-07-01,17897.86,90.44,30.1
PMT-0231,F-24,2023-08-01,16382.78,86.18,24.1
PMT-0231,F-24,2023-09-01,12947.87,87.06,16.2
PMT-0231,F-24,2023-10-01,11792.57,89.8,10.5
PMT-0231,F-24,2023-11-01,10666.73,90.79,6.7
PMT-0231,F-24,2023-12-01,10130.0,89.31,4.5
PMT-0231,F-24,2024-01-01,10878.91,90.76,6.1
PMT-0231,F-24,2024-02-01,12792.32,94.11,13.5
PMT-0231,F-24,2024-03-01,15222.24,87.58,17.9
PMT-0231,F-24,2024-04-01,17409.37,87.85,23.2
PMT-0231,F-24,2024-05-01,18502.65,94.51,30.2
PMT-0231,F-24,2024-06-01,19245.84,86.63,33.0
PMT-0231,F-24,2024-07-01,17750.67,93.29,30.4
PMT-0231,F-24,2024-08-01,15888.03,90.44,26.3
PMT-0231,F-24,2024-09-01,13973.12,86.86,17.5
PMT-0231,F-24,2024-10-01,11715.03,90.63,10.6
PMT-0231,F-24,2024-11-01,10268.52,95.19,5.5
PMT-0231,F-24,2024-12-01,10237.05,92.12,3.4
PMT-0232,F-24,2022-01-01,24533.53,92.24,6.1
PMT-0232,F-24,2022-02-01,29628.8,87.78,11.2
PMT-0232,F-24,2022-03-01,32933.12,92.04,16.4
PMT-0232,F-24,2022-04-01,40679.58,93.9,25.2
PMT-0232,F-24,2022-05-01,43139.48,91.14,31.1
PMT-0232,F-24,2022-06-01,48545.08,95.78,31.9
PMT-0232,F-24,2022-07-01,46902.78,88.2,30.4
PMT-0232,F-24,2022-08-01,40939.05,90.28,24.5
PMT-0232,F-24,2022-09-01,33691.12,95.16,17.4
PMT-0232,F-24,2022-10-01,27855.39,91.36,9.3
PMT-0232,F-24,2022-11-01,23821.51,90.12,7.1
PMT-0232,F-24,2022-12-01,21227.73,92.33,4.1
PMT-0232,F-24,2023-01-01,24364.24,93.98,7.7
PMT-0232,F-24,2023-02-01,28400.89,93.57,9.6
PMT-0232,F-24,2023-03-01,35683.91,96.12,17.6
PMT-0232,F-24,2023-04-01,41850.86,86.41,25.1
PMT-0232,F-24,2023-05-01,41308.09,96.15,30.1
PMT-0232,F-24,2023-06-01,43806.63,90.08,31.8
PMT-0232,F-24,2023-07-01,41969.08,91.02,31.5
PMT-0232,F-24,2023-08-01,38784.23,90.95,26.3
PMT-0232,F-24,2023-09-01,33848.63,87.83,17.1
PMT-0232,F-24,2023-10-01,27283.57,90.48,10.6
PMT-0232,F-24,2023-11-01,23614.44,87.41,9.3
PMT-0232,F-24,2023-12-01,22050.04,98.43,3.1
PMT-0232,F-24,2024-01-01,23946.86,88.24,7.0
PMT-0232,F-24,2024-02-01,27781.73,93.37,10.7
PMT-0232,F-24,2024-03-01,32747.32,94.38,19.8
PMT-0232,F-24,2024-04-01,39506.35,95.68,25.0
PMT-0232,F-24,2024-05-01,44127.62,91.94,30.5
PMT-0232,F-24,2024-06-01,43809.13,83.4,32.0
PMT-0232,F-24,2024-07-01,44288.19,92.17,28.2
PMT-0232,F-24,2024-08-01,38222.29,87.53,23.1
PMT-0232,F-24,2024-09-01,33344.05,88.85,19.2
PMT-0232,F-24,2024-10-01,27081.01,91.07,11.7
PMT-0232,F-24,2024-11-01,23358.53,86.66,4.0
PMT-0232,F-24,2024-12-01,21045.62,90.53,4.4
PMT-0233,F-24,2022-01-01,8700.37,91.27,5.1
PMT-0233,F-24,2022-02-01,10479.95,90.82,11.8
PMT-0233,F-24,2022-03-01,12657.49,87.98,18.1
PMT-0233,F-24,2022-04-01,14791.77,97.8,26.7
PMT-0233,F-24,2022-05-01,16112.16,91.2,29.4
PMT-0233,F-24,2022-06-01,16899.77,87.67,33.0
PMT-0233,F-24,2022-07-01,15336.38,90.02,30.8
PMT-0233,F-24,2022-08-01,13559.17,89.65,26.1
PMT-0233,F-24,2022-09-01,12570.29,90.83,20.0
PMT-0233,F-24,2022-10-01,10067.91,91.33,11.2
PMT-0233,F-24,2022-11-01,8470.65,92.6,5.4
PMT-0233,F-24,2022-12-01,8057.8,98.64,2.3
PMT-0233,F-24,2023-01-01,8876.83,90.98,5.9
PMT-0233,F-24,2023-02-01,10158.71,93.97,10.8
PMT-0233,F-24,2023-03-01,12565.34,92.09,18.2
PMT-0233,F-24,2023-04-01,14131.15,91.75,26.1
PMT-0233,F-24,2023-05-01,16227.27,96.69,30.3
PMT-0233,F-24,2023-06-01,15961.23,90.43,33.7
PMT-0233,F-24,2023-07-01,15667.71,84.19,30.2
PMT-0233,F-24,2023-08-01,14437.51,93.27,27.8
PMT-0233,F-24,2023-09-01,12158.01,92.85,19.6
PMT-0233,F-24,2023-10-01,10270.39,87.78,10.2
PMT-0233,F-24,2023-11-01,8637.7,87.9,5.2
PMT-0233,F-24,2023-12-01,8118.88,92.58,5.7
PMT-0233,F-24,2024-01-01,8686.72,91.64,6.6
PMT-0233,F-24,2024-02-01,10466.17,89.39,10.5
PMT-0233,F-24,2024-03-01,12276.76,93.66,19.0
PMT-0233,F-24,2024-04-01,14061.49,94.32,27.2
PMT-0233,F-24,2024-05-01,15952.9,93.08,29.8
PMT-0233,F-24,2024-06-01,16428.34,90.24,32.5
PMT-0233,F-24,2024-07-01,15745.42,89.0,31.6
PMT-0233,F-24,2024-08-01,14022.48,95.19,23.7
PMT-0233,F-24,2024-09-01,11830.83,91.66,17.5
PMT-0233,F-24,2024-10-01,10056.12,95.76,12.2
PMT-0233,F-24,2024-11-01,8591.5,87.5,7.7
PMT-0233,F-24,2024-12-01,8133.0,94.88,2.2
PMT-0234,F-24,2022-01-01,8610.41,95.38,6.2
PMT-0234,F-24,2022-02-01,9545.33,89.8,9.8
PMT-0234,F-24,2022-03-01,11121.42,95.6,18.9
PMT-0234,F-24,2022-04-01,13373.3,96.14,23.9
PMT-0234,F-24,2022-05-01,15227.57,90.28,28.7
PMT-0234,F-24,2022-06-01,15205.5,91.19,31.7
PMT-0234,F-24,2022-07-01,15203.97,88.21,30.1
PMT-0234,F-24,2022-08-01,13476.45,87.03,24.4
PMT-0234,F-24,2022-09-01,11552.56,88.74,18.6
PMT-0234,F-24,2022-10-01,9859.45,89.91,11.5
PMT-0234,F-24,2022-11-01,8098.66,91.9,4.3
PMT-0234,F-24,2022-12-01,7664.28,88.41,4.5
PMT-0234,F-24,2023-01-01,8021.22,87.27,5.8
PMT-0234,F-24,2023-02-01,9969.38,89.59,10.8
PMT-0234,F-24,2023-03-01,11350.74,88.34,19.2
PMT-0234,F-24,2023-04-01,13271.65,83.13,25.6
PMT-0234,F-24,2023-05-01,14554.47,89.58,27.9
PMT-0234,F-24,2023-06-01,15037.24,93.36,32.6
PMT-0234,F-24,2023-07-01,14556.84,93.48,32.2
PMT-0234,F-24,2023-08-01,13536.07,84.24,27.3
PMT-0234,F-24,2023-09-01,11520.31,93.56,18.0
PMT-0234,F-24,2023-10-01,9480.51,83.5,9.6
PMT-0234,F-24,2023-11-01,7768.13,93.65,6.5
PMT-0234,F-24,2023-12-01,7826.04,87.65,4.2
PMT-0234,F-24,2024-01-01,7873.81,90.05,5.3
PMT-0234,F-24,2024-02-01,9630.73,92.57,11.7
PMT-0234,F-24,2024-03-01,11806.99,91.81,18.6
PMT-0234,F-24,2024-04-01,13474.99,91.35,26.0
PMT-0234,F-24,2024-05-01,14930.17,87.36,29.9
PMT-0234,F-24,2024-06-01,15911.34,90.87,33.6
PMT-0234,F-24,2024-07-01,15202.55,89.57,31.2
PMT-0234,F-24,2024-08-01,13503.56,91.59,24.3
PMT-0234,F-24,2024-09-01,11404.78,91.22,18.9
PMT-0234,F-24,2024-10-01,9475.18,92.85,9.1
PMT-0234,F-24,2024-11-01,7879.73,86.68,7.3
PMT-0234,F-24,2024-12-01,7390.58,93.19,5.1
PMT-0235,F-24,2022-01-01,19258.2,90.31,7.5
PMT-0235,F-24,2022-02-01,23636.36,92.2,10.3
PMT-0235,F-24,2022-03-01,25324.6,95.85,18.1
PMT-0235,F-24,2022-04-01,29286.92,86.31,23.7
PMT-0235,F-24,2022-05-01,33161.45,89.96,31.4
PMT-0235,F-24,2022-06-01,31606.72,95.16,31.9
PMT-0235,F-24,2022-07-01,33537.77,84.35,30.5
PMT-0235,F-24,2022-08-01,32866.87,88.85,24.1
PMT-0235,F-24,2022-09-01,27751.27,86.98,16.0
PMT-0235,F-24,2022-10-01,20370.81,89.31,11.6
PMT-0235,F-24,2022-11-01,16906.26,92.72,6.8
PMT-0235,F-24,2022-12-01,17932.41,90.98,2.3
PMT-0235,F-24,2023-01-01,19585.03,90.25,4.3
PMT-0235,F-24,2023-02-01,23205.37,91.96,13.0
PMT-0235,F-24,2023-03-01,25751.22,89.12,18.4
PMT-0235,F-24,2023-04-01,30830.77,93.49,24.5
PMT-0235,F-24,2023-05-01,34512.15,93.75,30.3
PMT-0235,F-24,2023-06-01,33933.86,91.24,32.4
PMT-0235,F-24,2023-07-01,33210.18,93.8,27.5
PMT-0235,F-24,2023-08-01,28995.17,92.25,24.5
PMT-0235,F-24,2023-09-01,25859.76,90.79,19.5
PMT-0235,F-24,2023-10-01,22557.13,95.06,10.0
PMT-0235,F-24,2023-11-01,19050.47,87.94,7.2
PMT-0235,F-24,2023-12-01,18472.63,91.71,4.3
PMT-0235,F-24,2024-01-01,18220.43,93.65,5.1
PMT-0235,F-24,2024-02-01,22739.58,89.91,9.4
PMT-0235,F-24,2024-03-01,28382.2,92.68,19.7
PMT-0235,F-24,2024-04-01,30461.92,94.35,25.1
PMT-0235,F-24,2024-05-01,36157.06,92.69,31.4
PMT-0235,F-24,2024-06-01,33450.68,89.35,31.7
PMT-0235,F-24,2024-07-01,33884.18,92.15,29.6
PMT-0235,F-24,2024-08-01,30232.93,90.06,24.3
PMT-0235,F-24,2024-09-01,24221.42,90.74,16.4
PMT-0235,F-24,2024-10-01,22873.01,85.77,11.8
PMT-0235,F-24,2024-11-01,17525.5,90.38,8.6
PMT-0235,F-24,2024-12-01,16751.55,92.33,5.3
PMT-0236,F-24,2022-01-01,16045.01,89.63,5.3
PMT-0236,F-24,2022-02-01,18417.59,93.56,10.4
PMT-0236,F-24,2022-03-01,22910.68,96.35,18.5
PMT-0236,F-24,2022-04-01,25439.84,88.69,25.0
PMT-0236,F-24,2022-05-01,29561.34,91.46,30.3
PMT-0236,F-24,2022-06-01,29342.71,91.22,32.2
PMT-0236,F-24,2022-07-01,28613.09,88.26,30.4
PMT-0236,F-24,2022-08-01,25755.1,95.94,25.7
PMT-0236,F-24,2022-09-01,22203.81,94.41,16.8
PMT-0236,F-24,2022-10-01,18403.43,95.72,9.5
PMT-0236,F-24,2022-11-01,15801.98,94.35,4.4
PMT-0236,F-24,2022-12-01,14698.85,92.98,4.0
PMT-0236,F-24,2023-01-01,15848.07,94.07,4.7
PMT-0236,F-24,2023-02-01,18813.75,92.92,10.7
PMT-0236,F-24,2023-03-01,22341.18,86.17,17.4
PMT-0236,F-24,2023-04-01,26834.57,94.91,24.7
PMT-0236,F-24,2023-05-01,28700.27,94.42,30.5
PMT-0236,F-24,2023-06-01,29487.66,88.7,31.5
PMT-0236,F-24,2023-07-01,28977.71,86.07,29.7
PMT-0236,F-24,2023-08-01,25305.6,89.94,21.9
PMT-0236,F-24,2023-09-01,22073.8,92.69,20.0
PMT-0236,F-24,2023-10-01,18139.43,93.69,11.3
PMT-0236,F-24,2023-11-01,16046.46,90.59,6.9
PMT-0236,F-24,2023-12-01,14815.52,86.84,4.3
PMT-0236,F-24,2024-01-01,16080.16,89.81,5.7
PMT-0236,F-24,2024-02-01,18758.5,93.85,9.0
PMT-0236,F-24,2024-03-01,22633.7,91.42,16.4
PMT-0236,F-24,2024-04-01,26972.31,88.44,25.6
PMT-0236,F-24,2024-05-01,28652.84,88.02,30.3
PMT-0236,F-24,2024-06-01,29796.02,92.9,31.6
PMT-0236,F-24,2024-07-01,29113.34,92.46,29.0
PMT-0236,F-24,2024-08-01,25396.4,92.42,24.3
PMT-0236,F-24,2024-09-01,22374.77,97.06,15.7
PMT-0236,F-24,2024-10-01,18635.75,89.7,9.6
PMT-0236,F-24,2024-11-01,15635.76,90.77,6.8
PMT-0236,F-24,2024-12-01,14719.55,94.32,4.5
PMT-0237,F-24,2022-01-01,9095.31,85.24,6.5
PMT-0237,F-24,2022-02-01,10376.04,87.32,9.8
PMT-0237,F-24,2022-03-01,12535.62,91.58,17.0
PMT-0237,F-24,2022-04-01,14830.38,87.91,25.9
PMT-0237,F-24,2022-05-01,17013.38,86.85,30.9
PMT-0237,F-24,2022-06-01,17448.21,92.18,32.9
PMT-0237,F-24,2022-07-01,16420.35,93.28,29.7
PMT-0237,F-24,2022-08-01,14483.16,88.56,25.1
PMT-0237,F-24,2022-09-01,12968.1,87.99,19.6
PMT-0237,F-24,2022-10-01,10181.8,93.88,11.8
PMT-0237,F-24,2022-11-01,8549.29,93.77,4.9
PMT-0237,F-24,2022-12-01,8270.16,90.19,2.5
PMT-0237,F-24,2023-01-01,8991.2,98.73,7.3
PMT-0237,F-24,2023-02-01,10833.71,83.6,11.4
PMT-0237,F-24,2023-03-01,12809.94,92.28,18.0
PMT-0237,F-24,2023-04-01,14830.47,91.79,27.8
PMT-0237,F-24,2023-05-01,16846.33,93.42,32.0
PMT-0237,F-24,2023-06-01,17210.99,91.11,32.1
PMT-0237,F-24,2023-07-01,16217.81,91.07,30.0
PMT-0237,F-24,2023-08-01,15170.41,94.31,24.8
PMT-0237,F-24,2023-09-01,12444.12,92.74,18.5
PMT-0237,F-24,2023-10-01,10060.39,86.9,13.0
PMT-0237,F-24,2023-11-01,8582.64,92.96,6.3
PMT-0237,F-24,2023-12-01,7926.45,86.67,4.2
PMT-0237,F-24,2024-01-01,9337.2,96.96,4.0
PMT-0237,F-24,2024-02-01,10895.47,93.15,11.0
PMT-0237,F-24,2024-03-01,12908.26,90.44,19.5
PMT-0237,F-24,2024-04-01,14618.44,84.54,23.5
PMT-0237,F-24,2024-05-01,16202.34,91.3,27.3
PMT-0237,F-24,2024-06-01,17440.79,91.34,31.4
PMT-0237,F-24,2024-07-01,15850.79,88.92,28.5
PMT-0237,F-24,2024-08-01,14590.84,90.54,24.3
PMT-0237,F-24,2024-09-01,12235.86,93.58,17.5
PMT-0237,F-24,2024-10-01,10229.78,91.67,12.2
PMT-0237,F-24,2024-11-01,8921.16,88.71,6.0
PMT-0237,F-24,2024-12-01,8411.99,92.59,2.9
PMT-0238,F-24,2022-01-01,8712.7,88.08,7.6
PMT-0238,F-24,2022-02-01,10500.25,89.63,8.8
PMT-0238,F-24,2022-03-01,12522.01,87.91,17.5
PMT-0238,F-24,2022-04-01,14534.17,92.33,26.7
PMT-0238,F-24,2022-05-01,17318.4,91.43,28.8
PMT-0238,F-24,2022-06-01,16868.87,98.49,32.3
PMT-0238,F-24,2022-07-01,16895.77,90.2,29.0
PMT-0238,F-24,2022-08-01,14105.69,90.93,25.4
PMT-0238,F-24,2022-09-01,12562.03,90.04,17.1
PMT-0238,F-24,2022-10-01,10282.63,89.31,10.1
PMT-0238,F-24,2022-11-01,9009.19,88.84,5.7
PMT-0238,F-24,2022-12-01,8249.8,90.64,3.8
PMT-0238,F-24,2023-01-01,8693.02,91.16,3.1
PMT-0238,F-24,2023-02-01,10405.4,87.69,10.4
PMT-0238,F-24,2023-03-01,12646.82,93.16,19.7
PMT-0238,F-24,2023-04-01,14943.78,92.42,25.7
PMT-0238,F-24,2023-05-01,16613.62,93.34,30.6
PMT-0238,F-24,2023-06-01,16472.16,90.55,32.2
PMT-0238,F-24,2023-07-01,16330.19,86.14,28.6
PMT-0238,F-24,2023-08-01,14869.48,92.67,23.9
PMT-0238,F-24,2023-09-01,12776.45,96.84,17.3
PMT-0238,F-24,2023-10-01,10821.63,90.01,12.2
PMT-0238,F-24,2023-11-01,8535.77,92.06,6.1
PMT-0238,F-24,2023-12-01,8045.66,86.87,4.1
PMT-0238,F-24,2024-01-01,8516.59,88.56,6.0
PMT-0238,F-24,2024-02-01,10607.51,90.85,11.4
PMT-0238,F-24,2024-03-01,12594.89,88.93,16.3
PMT-0238,F-24,2024-04-01,15062.89,94.01,24.3
PMT-0238,F-24,2024-05-01,16816.3,89.41,30.6
PMT-0238,F-24,2024-06-01,16554.38,90.89,32.9
PMT-0238,F-24,2024-07-01,16368.02,93.3,31.5
PMT-0238,F-24,2024-08-01,14969.34,88.93,24.6
PMT-0238,F-24,2024-09-01,12162.06,92.06,19.9
PMT-0238,F-24,2024-10-01,9934.81,90.7,11.8
PMT-0238,F-24,2024-11-01,8398.51,91.65,4.7
PMT-0238,F-24,2024-12-01,8444.38,88.92,4.5
PMT-0239,F-24,2022-01-01,14818.28,91.24,6.7
PMT-0239,F-24,2022-02-01,16677.19,90.95,11.6
PMT-0239,F-24,2022-03-01,20840.83,86.51,18.2
PMT-0239,F-24,2022-04-01,22849.89,93.2,23.5
PMT-0239,F-24,2022-05-01,26935.44,90.64,31.5
PMT-0239,F-24,2022-06-01,28276.19,93.57,32.7
PMT-0239,F-24,2022-07-01,26429.18,83.19,28.5
PMT-0239,F-24,2022-08-01,25094.98,85.46,24.5
PMT-0239,F-24,2022-09-01,20499.42,92.54,17.8
PMT-0239,F-24,2022-10-01,15818.31,87.18,12.7
PMT-0239,F-24,2022-11-01,13690.41,92.32,6.5
PMT-0239,F-24,2022-12-01,12772.56,95.57,5.2
PMT-0239,F-24,2023-01-01,13823.25,89.49,4.7
PMT-0239,F-24,2023-02-01,16729.44,87.28,10.9
PMT-0239,F-24,2023-03-01,19095.85,95.48,16.2
PMT-0239,F-24,2023-04-01,22985.35,89.23,26.0
PMT-0239,F-24,2023-05-01,25182.69,89.03,29.8
PMT-0239,F-24,2023-06-01,27101.21,85.52,31.9
PMT-0239,F-24,2023-07-01,25898.74,91.32,29.9
PMT-0239,F-24,2023-08-01,23604.53,88.01,24.5
PMT-0239,F-24,2023-09-01,19666.85,88.43,17.1
PMT-0239,F-24,2023-10-01,16170.52,90.48,7.5
PMT-0239,F-24,2023-11-01,13412.0,89.56,6.7
PMT-0239,F-24,2023-12-01,12535.94,91.54,5.6
PMT-0239,F-24,2024-01-01,13467.96,97.61,5.7
PMT-0239,F-24,2024-02-01,16460.16,93.44,9.6
PMT-0239,F-24,2024-03-01,20696.99,87.39,18.6
PMT-0239,F-24,2024-04-01,22475.1,87.28,26.3
PMT-0239,F-24,2024-05-01,26025.31,85.18,29.3
PMT-0239,F-24,2024-06-01,24813.95,93.82,30.4
PMT-0239,F-24,2024-07-01,24661.06,91.34,30.7
PMT-0239,F-24,2024-08-01,22782.44,87.1,28.1
PMT-0239,F-24,2024-09-01,19455.29,88.66,16.1
PMT-0239,F-24,2024-10-01,15672.28,94.96,13.3
PMT-0239,F-24,2024-11-01,13521.42,95.32,5.8
PMT-0239,F-24,2024-12-01,12646.13,95.27,2.7
PMT-0240,F-24,2022-01-01,6817.34,90.2,8.2
PMT-0240,F-24,2022-02-01,7965.55,89.57,11.1
PMT-0240,F-24,2022-03-01,9890.14,85.19,18.6
PMT-0240,F-24,2022-04-01,11072.6,87.89,25.1
PMT-0240,F-24,2022-05-01,11918.68,90.5,29.8
PMT-0240,F-24,2022-06-01,12884.31,89.46,30.1
PMT-0240,F-24,2022-07-01,12253.57,89.11,30.0
PMT-0240,F-24,2022-08-01,11133.76,88.66,25.2
PMT-0240,F-24,2022-09-01,9542.36,87.19,15.4
PMT-0240,F-24,2022-10-01,7980.46,85.8,10.1
PMT-0240,F-24,2022-11-01,6787.88,91.66,7.4
PMT-0240,F-24,2022-12-01,5999.69,90.98,6.8
PMT-0240,F-24,2023-01-01,6591.77,89.08,4.4
PMT-0240,F-24,2023-02-01,8045.7,91.78,10.4
PMT-0240,F-24,2023-03-01,9368.02,91.71,16.1
PMT-0240,F-24,2023-04-01,11208.27,88.63,26.7
PMT-0240,F-24,2023-05-01,12814.68,91.36,31.6
PMT-0240,F-24,2023-06-01,12413.24,85.95,32.0
PMT-0240,F-24,2023-07-01,11905.48,91.49,29.9
PMT-0240,F-24,2023-08-01,11238.14,97.17,26.0
PMT-0240,F-24,2023-09-01,9583.92,86.0,17.9
PMT-0240,F-24,2023-10-01,8079.18,88.82,11.0
PMT-0240,F-24,2023-11-01,6586.26,92.44,6.6
PMT-0240,F-24,2023-12-01,6194.92,97.13,6.4
PMT-0240,F-24,2024-01-01,6508.02,90.53,5.1
PMT-0240,F-24,2024-02-01,7968.27,88.12,12.3
PMT-0240,F-24,2024-03-01,9638.95,91.85,18.0
PMT-0240,F-24,2024-04-01,10592.36,87.58,26.3
PMT-0240,F-24,2024-05-01,12247.16,91.55,30.0
PMT-0240,F-24,2024-06-01,12751.67,86.09,31.8
PMT-0240,F-24,2024-07-01,12793.38,94.37,29.7
PMT-0240,F-24,2024-08-01,10716.98,88.58,24.8
PMT-0240,F-24,2024-09-01,9281.4,90.41,19.5
PMT-0240,F-24,2024-10-01,8222.7,87.37,12.2
PMT-0240,F-24,2024-11-01,6766.66,88.67,4.6
PMT-0240,F-24,2024-12-01,6324.84,95.51,2.7
PMT-0241,F-25,2022-01-01,7898.47,89.86,7.7
PMT-0241,F-25,2022-02-01,9840.66,93.78,12.1
PMT-0241,F-25,2022-03-01,10723.35,89.75,17.5
PMT-0241,F-25,2022-04-01,12842.26,92.64,25.9
PMT-0241,F-25,2022-05-01,12935.53,90.89,32.4
PMT-0241,F-25,2022-06-01,13812.01,90.7,33.6
PMT-0241,F-25,2022-07-01,12578.9,86.04,27.8
PMT-0241,F-25,2022-08-01,12204.98,90.28,26.6
PMT-0241,F-25,2022-09-01,10754.65,87.77,16.9
PMT-0241,F-25,2022-10-01,9007.38,87.64,11.5
PMT-0241,F-25,2022-11-01,7745.38,86.01,4.9
PMT-0241,F-25,2022-12-01,7603.19,88.91,4.4
PMT-0241,F-25,2023-01-01,7895.63,89.35,6.9
PMT-0241,F-25,2023-02-01,8925.4,86.87,9.6
PMT-0241,F-25,2023-03-01,10796.34,84.22,17.5
PMT-0241,F-25,2023-04-01,12176.26,86.81,24.2
PMT-0241,F-25,2023-05-01,13122.77,85.94,29.9
PMT-0241,F-25,2023-06-01,14252.6,90.52,29.7
PMT-0241,F-25,2023-07-01,13411.03,83.41,31.6
PMT-0241,F-25,2023-08-01,11679.63,89.51,25.2
PMT-0241,F-25,2023-09-01,10452.91,88.03,19.6
PMT-0241,F-25,2023-10-01,8587.58,81.33,9.0
PMT-0241,F-25,2023-11-01,7675.28,89.03,5.7
PMT-0241,F-25,2023-12-01,7372.33,88.13,4.4
PMT-0241,F-25,2024-01-01,7643.14,83.2,4.5
PMT-0241,F-25,2024-02-01,9507.56,88.49,12.1
PMT-0241,F-25,2024-03-01,11015.62,85.09,19.5
PMT-0241,F-25,2024-04-01,12147.23,82.44,26.2
PMT-0241,F-25,2024-05-01,13466.14,85.9,31.9
PMT-0241,F-25,2024-06-01,13657.16,88.44,31.0
PMT-0241,F-25,2024-07-01,12645.32,86.65,28.7
PMT-0241,F-25,2024-08-01,12331.31,84.89,24.3
PMT-0241,F-25,2024-09-01,10093.74,85.22,19.1
PMT-0241,F-25,2024-10-01,8606.06,92.06,11.7
PMT-0241,F-25,2024-11-01,7731.43,84.41,5.6
PMT-0241,F-25,2024-12-01,7158.95,85.2,3.4
PMT-0242,F-25,2022-01-01,12132.78,81.97,4.4
PMT-0242,F-25,2022-02-01,14160.26,89.69,13.1
PMT-0242,F-25,2022-03-01,16204.66,83.39,16.3
PMT-0242,F-25,2022-04-01,20069.9,90.75,26.3
PMT-0242,F-25,2022-05-01,22472.88,89.28,30.7
PMT-0242,F-25,2022-06-01,21335.58,89.39,32.5
PMT-0242,F-25,2022-07-01,21490.62,89.28,29.3
PMT-0242,F-25,2022-08-01,19670.73,88.74,23.3
PMT-0242,F-25,2022-09-01,17494.1,90.23,18.8
PMT-0242,F-25,2022-10-01,14068.77,89.04,10.3
PMT-0242,F-25,2022-11-01,12211.15,90.89,4.9
PMT-0242,F-25,2022-12-01,11031.63,86.36,4.9
PMT-0242,F-25,2023-01-01,12474.69,90.99,6.0
PMT-0242,F-25,2023-02-01,14764.81,91.2,12.3
PMT-0242,F-25,2023-03-01,17707.66,88.79,17.7
PMT-0242,F-25,2023-04-01,19271.05,83.62,24.8
PMT-0242,F-25,2023-05-01,21853.23,89.13,29.9
PMT-0242,F-25,2023-06-01,22092.12,84.82,31.7
PMT-0242,F-25,2023-07-01,20937.36,85.84,30.3
PMT-0242,F-25,2023-08-01,19662.31,87.96,25.3
PMT-0242,F-25,2023-09-01,15776.52,88.51,17.5
PMT-0242,F-25,2023-10-01,14361.59,96.06,11.1
PMT-0242,F-25,2023-11-01,12048.68,89.88,4.9
PMT-0242,F-25,2023-12-01,11096.81,88.12,3.4
PMT-0242,F-25,2024-01-01,12066.24,86.76,9.1
PMT-0242,F-25,2024-02-01,13771.4,83.29,14.8
PMT-0242,F-25,2024-03-01,16990.39,88.23,18.6
PMT-0242,F-25,2024-04-01,20169.26,88.11,26.8
PMT-0242,F-25,2024-05-01,21742.22,87.92,30.8
PMT-0242,F-25,2024-06-01,22342.76,87.22,32.7
PMT-0242,F-25,2024-07-01,22913.16,88.9,31.9
PMT-0242,F-25,2024-08-01,19429.91,90.25,23.9
PMT-0242,F-25,2024-09-01,16512.48,89.68,18.6
PMT-0242,F-25,2024-10-01,13477.24,84.13,10.2
PMT-0242,F-25,2024-11-01,11994.0,88.66,5.3
PMT-0242,F-25,2024-12-01,11260.91,89.85,3.5
PMT-0243,F-25,2022-01-01,10333.04,87.89,6.5
PMT-0243,F-25,2022-02-01,11870.47,89.09,11.5
PMT-0243,F-25,2022-03-01,14240.26,91.78,18.4
PMT-0243,F-25,2022-04-01,16627.97,89.03,24.2
PMT-0243,F-25,2022-05-01,18194.33,88.15,26.9
PMT-0243,F-25,2022-06-01,18604.81,86.74,31.1
PMT-0243,F-25,2022-07-01,18698.68,88.8,31.0
PMT-0243,F-25,2022-08-01,16906.44,94.49,26.4
PMT-0243,F-25,2022-09-01,14372.71,85.83,19.3
PMT-0243,F-25,2022-10-01,11822.35,87.63,10.9
PMT-0243,F-25,2022-11-01,10266.54,82.76,5.6
PMT-0243,F-25,2022-12-01,9150.73,90.03,2.2
PMT-0243,F-25,2023-01-01,9962.48,91.93,4.5
PMT-0243,F-25,2023-02-01,11721.45,89.05,11.3
PMT-0243,F-25,2023-03-01,14664.4,87.97,17.3
PMT-0243,F-25,2023-04-01,16202.45,85.39,25.4
PMT-0243,F-25,2023-05-01,18616.34,85.85,29.4
PMT-0243,F-25,2023-06-01,18747.15,94.75,32.2
PMT-0243,F-25,2023-07-01,18766.9,84.5,28.3
PMT-0243,F-25,2023-08-01,16811.44,84.9,24.5
PMT-0243,F-25,2023-09-01,14066.98,87.43,19.1
PMT-0243,F-25,2023-10-01,11600.45,91.33,10.0
PMT-0243,F-25,2023-11-01,10170.9,86.9,4.9
PMT-0243,F-25,2023-12-01,9623.47,90.46,2.6
PMT-0243,F-25,2024-01-01,9979.32,89.6,6.8
PMT-0243,F-25,2024-02-01,11707.86,85.23,9.8
PMT-0243,F-25,2024-03-01,14571.9,88.42,18.7
PMT-0243,F-25,2024-04-01,16663.26,90.77,24.6
PMT-0243,F-25,2024-05-01,15899.92,87.58,31.3
PMT-0243,F-25,2024-06-01,16943.37,87.13,32.3
PMT-0243,F-25,2024-07-01,17815.3,86.21,29.3
PMT-0243,F-25,2024-08-01,16214.38,86.59,23.9
PMT-0243,F-25,2024-09-01,13906.66,87.92,16.0
PMT-0243,F-25,2024-10-01,11118.27,86.61,10.7
PMT-0243,F-25,2024-11-01,9963.99,87.56,7.0
PMT-0243,F-25,2024-12-01,8907.24,84.65,4.7
PMT-0244,F-25,2022-01-01,14035.77,82.19,4.9
PMT-0244,F-25,2022-02-01,16294.39,89.91,10.7
PMT-0244,F-25,2022-03-01,21106.22,84.58,17.4
PMT-0244,F-25,2022-04-01,24221.2,91.86,25.2
PMT-0244,F-25,2022-05-01,27134.76,89.98,28.4
PMT-0244,F-25,2022-06-01,28262.99,91.0,33.2
PMT-0244,F-25,2022-07-01,26030.31,93.82,29.4
PMT-0244,F-25,2022-08-01,23847.42,87.39,23.4
PMT-0244,F-25,2022-09-01,19466.81,89.97,18.7
PMT-0244,F-25,2022-10-01,16686.29,85.29,7.9
PMT-0244,F-25,2022-11-01,14196.82,85.53,5.8
PMT-0244,F-25,2022-12-01,12721.98,89.81,1.8
PMT-0244,F-25,2023-01-01,14924.87,85.34,6.0
PMT-0244,F-25,2023-02-01,17024.56,86.12,9.4
PMT-0244,F-25,2023-03-01,20104.31,87.2,20.5
PMT-0244,F-25,2023-04-01,24914.89,85.73,24.4
PMT-0244,F-25,2023-05-01,26769.15,91.42,29.3
PMT-0244,F-25,2023-06-01,27416.99,91.52,31.9
PMT-0244,F-25,2023-07-01,25181.25,86.7,29.3
PMT-0244,F-25,2023-08-01,22181.12,87.12,24.4
PMT-0244,F-25,2023-09-01,20101.97,86.29,17.6
PMT-0244,F-25,2023-10-01,16656.01,86.44,12.4
PMT-0244,F-25,2023-11-01,13548.36,90.11,6.5
PMT-0244,F-25,2023-12-01,13270.42,91.98,2.8
PMT-0244,F-25,2024-01-01,14654.31,86.34,7.1
PMT-0244,F-25,2024-02-01,16493.34,89.83,10.9
PMT-0244,F-25,2024-03-01,19937.88,86.57,18.4
PMT-0244,F-25,2024-04-01,24806.61,90.28,26.3
PMT-0244,F-25,2024-05-01,24103.92,86.44,30.9
PMT-0244,F-25,2024-06-01,27397.35,91.1,32.8
PMT-0244,F-25,2024-07-01,27350.1,83.94,28.2
PMT-0244,F-25,2024-08-01,23732.74,94.02,23.9
PMT-0244,F-25,2024-09-01,19525.59,81.76,17.3
PMT-0244,F-25,2024-10-01,16340.59,93.47,10.0
PMT-0244,F-25,2024-11-01,14284.14,90.27,5.1
PMT-0244,F-25,2024-12-01,13306.39,91.96,4.5
PMT-0245,F-25,2022-01-01,7998.7,88.69,6.0
PMT-0245,F-25,2022-02-01,9219.93,82.3,12.7
PMT-0245,F-25,2022-03-01,11857.27,89.09,16.7
PMT-0245,F-25,2022-04-01,13224.32,90.29,25.5
PMT-0245,F-25,2022-05-01,15565.16,90.6,30.3
PMT-0245,F-25,2022-06-01,15964.34,82.2,33.5
PMT-0245,F-25,2022-07-01,15624.9,93.01,33.3
PMT-0245,F-25,2022-08-01,13562.24,85.5,22.5
PMT-0245,F-25,2022-09-01,11127.52,84.75,17.9
PMT-0245,F-25,2022-10-01,9679.89,84.36,10.8
PMT-0245,F-25,2022-11-01,8349.5,84.68,5.8
PMT-0245,F-25,2022-12-01,7662.65,91.19,4.8
PMT-0245,F-25,2023-01-01,8170.46,85.21,7.1
PMT-0245,F-25,2023-02-01,9687.91,89.05,12.6
PMT-0245,F-25,2023-03-01,11834.19,89.66,17.9
PMT-0245,F-25,2023-04-01,13571.78,90.18,24.5
PMT-0245,F-25,2023-05-01,14962.78,87.4,29.4
PMT-0245,F-25,2023-06-01,15693.15,85.11,33.7
PMT-0245,F-25,2023-07-01,15710.75,81.78,28.8
PMT-0245,F-25,2023-08-01,13332.63,89.72,23.8
PMT-0245,F-25,2023-09-01,11367.98,82.13,17.9
PMT-0245,F-25,2023-10-01,9572.19,87.71,9.1
PMT-0245,F-25,2023-11-01,7643.93,84.51,5.5
PMT-0245,F-25,2023-12-01,7050.63,85.67,4.3
PMT-0245,F-25,2024-01-01,7685.49,88.64,4.8
PMT-0245,F-25,2024-02-01,9377.39,91.52,11.2
PMT-0245,F-25,2024-03-01,11166.53,87.61,16.7
PMT-0245,F-25,2024-04-01,13187.76,90.29,24.4
PMT-0245,F-25,2024-05-01,14093.71,89.78,28.0
PMT-0245,F-25,2024-06-01,15178.84,87.8,31.7
PMT-0245,F-25,2024-07-01,15165.01,89.65,29.8
PMT-0245,F-25,2024-08-01,13454.83,81.01,24.6
PMT-0245,F-25,2024-09-01,10729.3,85.68,16.8
PMT-0245,F-25,2024-10-01,9720.03,89.31,12.1
PMT-0245,F-25,2024-11-01,7894.24,86.91,4.7
PMT-0245,F-25,2024-12-01,7597.34,93.59,2.0
PMT-0246,F-25,2022-01-01,13462.78,87.96,7.0
PMT-0246,F-25,2022-02-01,14964.26,84.6,11.8
PMT-0246,F-25,2022-03-01,19313.49,89.2,17.3
PMT-0246,F-25,2022-04-01,22614.31,87.69,23.7
PMT-0246,F-25,2022-05-01,24443.09,88.12,28.4
PMT-0246,F-25,2022-06-01,24511.7,90.96,31.0
PMT-0246,F-25,2022-07-01,24431.01,90.54,29.1
PMT-0246,F-25,2022-08-01,22052.74,87.68,25.3
PMT-0246,F-25,2022-09-01,17883.4,83.78,19.9
PMT-0246,F-25,2022-10-01,15841.96,89.11,9.2
PMT-0246,F-25,2022-11-01,13902.59,86.81,5.4
PMT-0246,F-25,2022-12-01,12687.89,87.2,3.2
PMT-0246,F-25,2023-01-01,12871.39,87.36,6.5
PMT-0246,F-25,2023-02-01,15458.32,84.34,12.3
PMT-0246,F-25,2023-03-01,18003.19,86.7,19.6
PMT-0246,F-25,2023-04-01,20820.01,86.89,25.1
PMT-0246,F-25,2023-05-01,23588.04,89.07,30.2
PMT-0246,F-25,2023-06-01,25995.69,86.47,33.5
PMT-0246,F-25,2023-07-01,23036.75,87.77,30.7
PMT-0246,F-25,2023-08-01,21098.97,88.33,23.5
PMT-0246,F-25,2023-09-01,18774.03,91.86,18.2
PMT-0246,F-25,2023-10-01,15206.99,86.07,12.0
PMT-0246,F-25,2023-11-01,13264.66,87.67,5.8
PMT-0246,F-25,2023-12-01,12507.93,84.21,4.3
PMT-0246,F-25,2024-01-01,13249.06,84.32,5.7
PMT-0246,F-25,2024-02-01,15304.93,88.42,11.1
PMT-0246,F-25,2024-03-01,18775.24,87.11,19.0
PMT-0246,F-25,2024-04-01,22713.5,87.25,25.2
PMT-0246,F-25,2024-05-01,25266.04,91.47,33.7
PMT-0246,F-25,2024-06-01,25547.67,88.23,31.6
PMT-0246,F-25,2024-07-01,24923.34,88.95,27.8
PMT-0246,F-25,2024-08-01,21258.85,85.22,25.4
PMT-0246,F-25,2024-09-01,18854.68,88.94,20.4
PMT-0246,F-25,2024-10-01,15929.6,89.21,11.2
PMT-0246,F-25,2024-11-01,13412.08,89.51,6.5
PMT-0246,F-25,2024-12-01,12607.84,88.14,0.9
PMT-0247,F-25,2022-01-01,10159.55,87.14,5.5
PMT-0247,F-25,2022-02-01,11961.91,99.48,12.5
PMT-0247,F-25,2022-03-01,14494.23,87.96,21.6
PMT-0247,F-25,2022-04-01,16832.33,86.39,25.6
PMT-0247,F-25,2022-05-01,18588.14,89.95,31.8
PMT-0247,F-25,2022-06-01,19155.2,90.6,31.3
PMT-0247,F-25,2022-07-01,18025.76,86.33,31.9
PMT-0247,F-25,2022-08-01,16290.5,86.65,24.5
PMT-0247,F-25,2022-09-01,13759.33,89.64,17.9
PMT-0247,F-25,2022-10-01,10198.66,88.33,12.2
PMT-0247,F-25,2022-11-01,8920.79,86.69,4.0
PMT-0247,F-25,2022-12-01,8484.78,87.74,4.2
PMT-0247,F-25,2023-01-01,9825.82,89.93,5.1
PMT-0247,F-25,2023-02-01,11855.0,83.21,12.2
PMT-0247,F-25,2023-03-01,14608.64,87.97,17.7
PMT-0247,F-25,2023-04-01,16274.53,90.86,24.3
PMT-0247,F-25,2023-05-01,18111.48,84.22,28.4
PMT-0247,F-25,2023-06-01,19202.58,91.22,32.7
PMT-0247,F-25,2023-07-01,18290.12,90.21,29.9
PMT-0247,F-25,2023-08-01,16246.3,88.24,26.3
PMT-0247,F-25,2023-09-01,14455.76,86.91,18.3
PMT-0247,F-25,2023-10-01,11394.65,88.41,10.9
PMT-0247,F-25,2023-11-01,9698.96,90.71,6.1
PMT-0247,F-25,2023-12-01,8754.23,83.67,5.0
PMT-0247,F-25,2024-01-01,9825.9,90.47,4.8
PMT-0247,F-25,2024-02-01,12148.57,85.43,10.9
PMT-0247,F-25,2024-03-01,13533.97,90.04,17.7
PMT-0247,F-25,2024-04-01,15967.76,80.27,26.5
PMT-0247,F-25,2024-05-01,18158.89,88.16,30.7
PMT-0247,F-25,2024-06-01,18562.44,90.97,32.3
PMT-0247,F-25,2024-07-01,18373.9,85.63,29.7
PMT-0247,F-25,2024-08-01,16193.85,86.74,24.5
PMT-0247,F-25,2024-09-01,14098.67,92.55,16.6
PMT-0247,F-25,2024-10-01,11679.82,82.01,12.2
PMT-0247,F-25,2024-11-01,9590.64,90.98,6.4
PMT-0247,F-25,2024-12-01,9107.2,93.48,4.5
PMT-0248,F-25,2022-01-01,7954.43,82.74,6.8
PMT-0248,F-25,2022-02-01,9759.63,78.95,11.8
PMT-0248,F-25,2022-03-01,11930.99,84.86,18.6
PMT-0248,F-25,2022-04-01,13019.02,84.95,24.4
PMT-0248,F-25,2022-05-01,15212.68,87.16,30.1
PMT-0248,F-25,2022-06-01,14075.43,95.61,31.4
PMT-0248,F-25,2022-07-01,14546.52,90.14,30.1
PMT-0248,F-25,2022-08-01,12876.7,88.92,23.8
PMT-0248,F-25,2022-09-01,11331.03,85.36,19.8
PMT-0248,F-25,2022-10-01,9139.79,89.04,9.6
PMT-0248,F-25,2022-11-01,7637.07,83.06,7.0
PMT-0248,F-25,2022-12-01,7302.42,86.94,5.5
PMT-0248,F-25,2023-01-01,7710.63,94.76,4.8
PMT-0248,F-25,2023-02-01,9241.4,87.81,10.2
PMT-0248,F-25,2023-03-01,11390.02,85.81,15.2
PMT-0248,F-25,2023-04-01,12777.08,84.11,23.7
PMT-0248,F-25,2023-05-01,13825.72,89.42,29.2
PMT-0248,F-25,2023-06-01,14729.52,89.54,32.9
PMT-0248,F-25,2023-07-01,13875.22,85.8,28.5
PMT-0248,F-25,2023-08-01,12957.15,80.87,26.0
PMT-0248,F-25,2023-09-01,10554.72,87.96,17.7
PMT-0248,F-25,2023-10-01,9308.43,86.12,12.7
PMT-0248,F-25,2023-11-01,7748.83,89.81,5.0
PMT-0248,F-25,2023-12-01,7180.39,83.89,5.9
PMT-0248,F-25,2024-01-01,7382.6,81.69,8.2
PMT-0248,F-25,2024-02-01,9543.69,86.13,11.6
PMT-0248,F-25,2024-03-01,11104.33,86.37,16.9
PMT-0248,F-25,2024-04-01,13035.24,81.94,25.4
PMT-0248,F-25,2024-05-01,14405.93,90.99,31.6
PMT-0248,F-25,2024-06-01,14745.59,89.53,31.9
PMT-0248,F-25,2024-07-01,14185.83,78.66,30.7
PMT-0248,F-25,2024-08-01,13054.61,87.43,25.0
PMT-0248,F-25,2024-09-01,10583.08,85.27,17.9
PMT-0248,F-25,2024-10-01,8977.15,92.25,11.3
PMT-0248,F-25,2024-11-01,7774.58,83.57,4.9
PMT-0248,F-25,2024-12-01,7101.88,82.97,3.8
PMT-0249,F-25,2022-01-01,11361.74,82.79,4.6
PMT-0249,F-25,2022-02-01,13131.64,89.19,10.1
PMT-0249,F-25,2022-03-01,15634.76,84.32,17.7
PMT-0249,F-25,2022-04-01,18625.86,89.57,24.2
PMT-0249,F-25,2022-05-01,20247.36,89.42,29.4
PMT-0249,F-25,2022-06-01,20903.26,87.92,30.6
PMT-0249,F-25,2022-07-01,20240.96,87.27,30.3
PMT-0249,F-25,2022-08-01,18104.49,84.09,24.4
PMT-0249,F-25,2022-09-01,15259.59,84.82,16.5
PMT-0249,F-25,2022-10-01,12855.95,91.57,12.4
PMT-0249,F-25,2022-11-01,10426.46,84.43,5.7
PMT-0249,F-25,2022-12-01,10105.86,89.9,5.1
PMT-0249,F-25,2023-01-01,11338.78,87.69,3.6
PMT-0249,F-25,2023-02-01,13211.93,88.68,10.5
PMT-0249,F-25,2023-03-01,15633.35,87.94,18.0
PMT-0249,F-25,2023-04-01,18241.64,86.39,24.6
PMT-0249,F-25,2023-05-01,20018.93,90.97,32.2
PMT-0249,F-25,2023-06-01,21060.77,91.7,30.6
PMT-0249,F-25,2023-07-01,20439.98,88.93,32.8
PMT-0249,F-25,2023-08-01,17538.1,89.77,26.1
PMT-0249,F-25,2023-09-01,16164.43,87.74,17.8
PMT-0249,F-25,2023-10-01,12598.97,87.24,10.3
PMT-0249,F-25,2023-11-01,11115.2,89.68,7.5
PMT-0249,F-25,2023-12-01,10195.76,85.86,4.4
PMT-0249,F-25,2024-01-01,11467.52,92.09,5.9
PMT-0249,F-25,2024-02-01,13269.49,84.25,10.1
PMT-0249,F-25,2024-03-01,15261.74,90.29,17.8
PMT-0249,F-25,2024-04-01,17186.04,88.68,25.9
PMT-0249,F-25,2024-05-01,19537.53,84.29,29.2
PMT-0249,F-25,2024-06-01,19719.31,87.17,30.1
PMT-0249,F-25,2024-07-01,19704.15,95.56,31.8
PMT-0249,F-25,2024-08-01,16812.22,88.57,22.6
PMT-0249,F-25,2024-09-01,15172.55,85.77,17.5
PMT-0249,F-25,2024-10-01,12755.94,89.91,8.7
PMT-0249,F-25,2024-11-01,11145.82,84.08,5.7
PMT-0249,F-25,2024-12-01,10510.25,96.12,5.0
PMT-0250,F-25,2022-01-01,14531.89,82.64,5.7
PMT-0250,F-25,2022-02-01,17703.93,86.82,11.8
PMT-0250,F-25,2022-03-01,20041.03,93.11,16.7
PMT-0250,F-25,2022-04-01,23173.95,84.19,25.9
PMT-0250,F-25,2022-05-01,26168.67,82.26,30.8
PMT-0250,F-25,2022-06-01,26814.18,88.5,31.1
PMT-0250,F-25,2022-07-01,25470.32,86.56,28.9
PMT-0250,F-25,2022-08-01,24835.34,87.3,25.1
PMT-0250,F-25,2022-09-01,19757.38,88.87,17.7
PMT-0250,F-25,2022-10-01,17061.78,89.02,11.5
PMT-0250,F-25,2022-11-01,14026.62,85.9,6.7
PMT-0250,F-25,2022-12-01,13039.73,90.58,4.8
PMT-0250,F-25,2023-01-01,13442.26,89.41,3.1
PMT-0250,F-25,2023-02-01,16281.34,86.29,12.0
PMT-0250,F-25,2023-03-01,19522.16,90.48,17.9
PMT-0250,F-25,2023-04-01,24439.08,85.87,25.6
PMT-0250,F-25,2023-05-01,25719.84,85.64,31.4
PMT-0250,F-25,2023-06-01,25404.26,89.28,31.1
PMT-0250,F-25,2023-07-01,27118.55,94.55,30.5
PMT-0250,F-25,2023-08-01,23765.93,90.65,25.2
PMT-0250,F-25,2023-09-01,19780.67,84.0,19.1
PMT-0250,F-25,2023-10-01,16574.19,87.17,11.9
PMT-0250,F-25,2023-11-01,13795.35,85.2,5.3
PMT-0250,F-25,2023-12-01,12731.28,83.87,5.3
PMT-0250,F-25,2024-01-01,14276.8,84.75,5.4
PMT-0250,F-25,2024-02-01,16874.86,89.37,11.6
PMT-0250,F-25,2024-03-01,20082.94,84.39,18.5
PMT-0250,F-25,2024-04-01,23127.94,90.08,25.9
PMT-0250,F-25,2024-05-01,26615.83,88.84,28.7
PMT-0250,F-25,2024-06-01,26766.96,89.04,31.0
PMT-0250,F-25,2024-07-01,26314.55,90.34,30.6
PMT-0250,F-25,2024-08-01,22325.91,87.36,26.6
PMT-0250,F-25,2024-09-01,19532.09,83.77,19.5
PMT-0250,F-25,2024-10-01,16382.99,94.44,10.6
PMT-0250,F-25,2024-11-01,13739.49,85.36,6.1
PMT-0250,F-25,2024-12-01,13286.1,90.94,1.7
PMT-0251,F-26,2022-01-01,12357.62,100.0,6.3
PMT-0251,F-26,2022-02-01,14256.33,93.94,10.4
PMT-0251,F-26,2022-03-01,18119.1,94.02,18.7
PMT-0251,F-26,2022-04-01,20662.75,95.29,23.7
PMT-0251,F-26,2022-05-01,22386.41,99.57,32.1
PMT-0251,F-26,2022-06-01,22967.86,94.68,30.8
PMT-0251,F-26,2022-07-01,21703.25,95.42,30.5
PMT-0251,F-26,2022-08-01,20023.36,100.0,26.4
PMT-0251,F-26,2022-09-01,16898.41,93.42,17.9
PMT-0251,F-26,2022-10-01,14247.57,93.87,11.9
PMT-0251,F-26,2022-11-01,11794.83,100.0,5.4
PMT-0251,F-26,2022-12-01,11256.14,95.32,5.1
PMT-0251,F-26,2023-01-01,12234.7,95.43,6.2
PMT-0251,F-26,2023-02-01,14353.6,99.53,10.1
PMT-0251,F-26,2023-03-01,17320.67,100.0,18.4
PMT-0251,F-26,2023-04-01,20477.17,98.51,24.4
PMT-0251,F-26,2023-05-01,22158.39,94.33,29.1
PMT-0251,F-26,2023-06-01,22497.35,98.15,33.0
PMT-0251,F-26,2023-07-01,22224.59,88.76,30.9
PMT-0251,F-26,2023-08-01,19444.06,100.0,26.3
PMT-0251,F-26,2023-09-01,17064.37,97.9,18.6
PMT-0251,F-26,2023-10-01,13858.16,93.86,8.6
PMT-0251,F-26,2023-11-01,12080.78,98.11,5.9
PMT-0251,F-26,2023-12-01,11399.36,99.25,5.4
PMT-0251,F-26,2024-01-01,12640.59,93.22,5.9
PMT-0251,F-26,2024-02-01,14069.91,100.0,10.8
PMT-0251,F-26,2024-03-01,17374.1,91.86,19.8
PMT-0251,F-26,2024-04-01,20134.41,91.4,25.5
PMT-0251,F-26,2024-05-01,21769.9,97.59,27.3
PMT-0251,F-26,2024-06-01,22791.67,97.99,31.4
PMT-0251,F-26,2024-07-01,22117.97,97.61,29.0
PMT-0251,F-26,2024-08-01,19312.2,99.25,25.3
PMT-0251,F-26,2024-09-01,17232.44,100.0,16.7
PMT-0251,F-26,2024-10-01,14317.82,97.04,10.6
PMT-0251,F-26,2024-11-01,11883.94,94.74,3.3
PMT-0251,F-26,2024-12-01,11087.44,97.99,3.5
PMT-0252,F-26,2022-01-01,10949.0,92.42,6.6
PMT-0252,F-26,2022-02-01,12980.64,99.33,11.1
PMT-0252,F-26,2022-03-01,14556.87,94.36,16.2
PMT-0252,F-26,2022-04-01,18074.54,98.9,24.1
PMT-0252,F-26,2022-05-01,18295.09,96.98,29.6
PMT-0252,F-26,2022-06-01,18302.45,94.15,31.4
PMT-0252,F-26,2022-07-01,17567.48,93.83,32.3
PMT-0252,F-26,2022-08-01,16607.45,94.39,26.7
PMT-0252,F-26,2022-09-01,13351.2,97.86,18.3
PMT-0252,F-26,2022-10-01,11792.94,96.46,9.8
PMT-0252,F-26,2022-11-01,10279.23,94.27,5.0
PMT-0252,F-26,2022-12-01,10279.54,93.47,3.6
PMT-0252,F-26,2023-01-01,10916.28,100.0,7.4
PMT-0252,F-26,2023-02-01,12686.62,100.0,11.6
PMT-0252,F-26,2023-03-01,15068.53,99.78,19.1
PMT-0252,F-26,2023-04-01,17638.45,91.75,26.5
PMT-0252,F-26,2023-05-01,18348.08,96.92,32.5
PMT-0252,F-26,2023-06-01,17652.51,97.7,31.1
PMT-0252,F-26,2023-07-01,17214.4,98.49,27.0
PMT-0252,F-26,2023-08-01,16860.56,97.54,25.0
PMT-0252,F-26,2023-09-01,13679.54,100.0,19.2
PMT-0252,F-26,2023-10-01,12010.46,98.69,13.4
PMT-0252,F-26,2023-11-01,10524.41,97.77,3.7
PMT-0252,F-26,2023-12-01,10638.05,93.53,5.1
PMT-0252,F-26,2024-01-01,11052.45,100.0,6.5
PMT-0252,F-26,2024-02-01,12373.29,100.0,11.1
PMT-0252,F-26,2024-03-01,14885.15,96.76,16.3
PMT-0252,F-26,2024-04-01,17806.89,94.06,27.1
PMT-0252,F-26,2024-05-01,18400.43,95.73,32.3
PMT-0252,F-26,2024-06-01,18624.75,100.0,33.3
PMT-0252,F-26,2024-07-01,17685.79,93.78,29.3
PMT-0252,F-26,2024-08-01,15804.91,92.24,26.9
PMT-0252,F-26,2024-09-01,14717.16,99.35,18.5
PMT-0252,F-26,2024-10-01,12521.2,98.59,10.8
PMT-0252,F-26,2024-11-01,10563.99,90.49,4.2
PMT-0252,F-26,2024-12-01,10353.83,100.0,4.9
PMT-0253,F-26,2022-01-01,15117.66,95.96,3.9
PMT-0253,F-26,2022-02-01,19148.64,100.0,12.5
PMT-0253,F-26,2022-03-01,22596.47,99.25,21.0
PMT-0253,F-26,2022-04-01,26546.25,93.17,26.2
PMT-0253,F-26,2022-05-01,28351.35,95.34,28.0
PMT-0253,F-26,2022-06-01,28763.48,93.84,29.8
PMT-0253,F-26,2022-07-01,30592.9,95.41,30.8
PMT-0253,F-26,2022-08-01,26563.85,97.93,25.8
PMT-0253,F-26,2022-09-01,22084.79,100.0,18.5
PMT-0253,F-26,2022-10-01,17480.82,95.93,9.2
PMT-0253,F-26,2022-11-01,15130.33,100.0,7.9
PMT-0253,F-26,2022-12-01,15605.31,100.0,4.4
PMT-0253,F-26,2023-01-01,15982.72,96.06,8.1
PMT-0253,F-26,2023-02-01,18213.22,98.39,10.3
PMT-0253,F-26,2023-03-01,21803.5,98.39,17.7
PMT-0253,F-26,2023-04-01,25202.94,98.05,24.9
PMT-0253,F-26,2023-05-01,30488.81,98.76,30.9
PMT-0253,F-26,2023-06-01,27260.15,99.79,32.6
PMT-0253,F-26,2023-07-01,26160.4,97.26,29.9
PMT-0253,F-26,2023-08-01,23712.32,98.7,25.5
PMT-0253,F-26,2023-09-01,23166.49,97.89,17.8
PMT-0253,F-26,2023-10-01,18942.84,95.98,14.6
PMT-0253,F-26,2023-11-01,16794.94,95.73,6.2
PMT-0253,F-26,2023-12-01,14375.3,96.05,2.3
PMT-0253,F-26,2024-01-01,14977.35,99.74,4.6
PMT-0253,F-26,2024-02-01,17790.51,97.75,13.3
PMT-0253,F-26,2024-03-01,22412.1,99.23,17.7
PMT-0253,F-26,2024-04-01,26319.89,96.61,23.2
PMT-0253,F-26,2024-05-01,30289.98,100.0,29.8
PMT-0253,F-26,2024-06-01,30653.44,100.0,32.3
PMT-0253,F-26,2024-07-01,29028.61,97.89,29.5
PMT-0253,F-26,2024-08-01,27938.5,96.19,26.2
PMT-0253,F-26,2024-09-01,21575.94,100.0,17.8
PMT-0253,F-26,2024-10-01,18855.25,100.0,10.7
PMT-0253,F-26,2024-11-01,15722.4,99.04,4.8
PMT-0253,F-26,2024-12-01,14499.83,98.59,6.1
PMT-0254,F-26,2022-01-01,13013.39,96.41,5.8
PMT-0254,F-26,2022-02-01,16500.0,97.6,10.0
PMT-0254,F-26,2022-03-01,18614.53,100.0,18.0
PMT-0254,F-26,2022-04-01,20887.7,100.0,25.3
PMT-0254,F-26,2022-05-01,24000.55,95.78,29.8
PMT-0254,F-26,2022-06-01,23685.74,92.38,31.6
PMT-0254,F-26,2022-07-01,23676.19,98.5,31.2
PMT-0254,F-26,2022-08-01,20324.11,93.36,22.2
PMT-0254,F-26,2022-09-01,19087.08,98.19,18.6
PMT-0254,F-26,2022-10-01,15290.44,97.48,11.2
PMT-0254,F-26,2022-11-01,13145.15,100.0,6.4
PMT-0254,F-26,2022-12-01,11871.13,95.84,4.4
PMT-0254,F-26,2023-01-01,13036.32,97.83,8.2
PMT-0254,F-26,2023-02-01,16304.71,99.08,9.8
PMT-0254,F-26,2023-03-01,18400.14,96.22,16.6
PMT-0254,F-26,2023-04-01,22552.48,94.37,25.7
PMT-0254,F-26,2023-05-01,24163.44,92.07,31.1
PMT-0254,F-26,2023-06-01,26943.42,97.58,34.5
PMT-0254,F-26,2023-07-01,25001.61,99.09,32.7
PMT-0254,F-26,2023-08-01,23363.3,99.21,26.8
PMT-0254,F-26,2023-09-01,18488.37,92.41,16.6
PMT-0254,F-26,2023-10-01,15979.33,96.74,9.7
PMT-0254,F-26,2023-11-01,13525.95,99.46,4.2
PMT-0254,F-26,2023-12-01,12173.4,94.5,5.2
PMT-0254,F-26,2024-01-01,13243.22,97.04,6.2
PMT-0254,F-26,2024-02-01,14776.39,97.64,11.2
PMT-0254,F-26,2024-03-01,18617.03,96.42,19.1
PMT-0254,F-26,2024-04-01,21615.42,100.0,25.5
PMT-0254,F-26,2024-05-01,24863.68,91.25,30.6
PMT-0254,F-26,2024-06-01,28355.22,98.2,32.6
PMT-0254,F-26,2024-07-01,24365.97,91.89,31.5
PMT-0254,F-26,2024-08-01,23248.45,94.95,26.0
PMT-0254,F-26,2024-09-01,19460.89,97.81,17.2
PMT-0254,F-26,2024-10-01,15519.64,96.47,11.7
PMT-0254,F-26,2024-11-01,12466.93,94.65,3.8
PMT-0254,F-26,2024-12-01,12435.18,96.52,2.4
PMT-0255,F-26,2022-01-01,14874.63,94.49,4.0
PMT-0255,F-26,2022-02-01,16754.01,100.0,10.6
PMT-0255,F-26,2022-03-01,20030.98,92.19,19.0
PMT-0255,F-26,2022-04-01,22318.93,98.0,26.6
PMT-0255,F-26,2022-05-01,23765.84,95.86,30.0
PMT-0255,F-26,2022-06-01,22738.22,93.91,33.7
PMT-0255,F-26,2022-07-01,23330.08,86.09,30.2
PMT-0255,F-26,2022-08-01,20242.71,99.54,25.0
PMT-0255,F-26,2022-09-01,18255.44,96.96,19.6
PMT-0255,F-26,2022-10-01,15341.92,97.52,10.0
PMT-0255,F-26,2022-11-01,13975.63,93.91,7.9
PMT-0255,F-26,2022-12-01,13163.09,96.19,4.0
PMT-0255,F-26,2023-01-01,14573.79,97.7,6.7
PMT-0255,F-26,2023-02-01,17147.18,97.72,10.9
PMT-0255,F-26,2023-03-01,19897.33,96.97,17.8
PMT-0255,F-26,2023-04-01,21538.69,99.69,26.7
PMT-0255,F-26,2023-05-01,23178.34,95.76,29.2
PMT-0255,F-26,2023-06-01,22657.39,100.0,32.3
PMT-0255,F-26,2023-07-01,22952.43,94.73,30.1
PMT-0255,F-26,2023-08-01,21326.56,94.26,23.5
PMT-0255,F-26,2023-09-01,18897.74,99.1,17.3
PMT-0255,F-26,2023-10-01,14933.4,95.24,10.6
PMT-0255,F-26,2023-11-01,14730.32,97.98,7.1
PMT-0255,F-26,2023-12-01,13719.54,97.58,4.0
PMT-0255,F-26,2024-01-01,15036.4,100.0,6.1
PMT-0255,F-26,2024-02-01,17036.02,98.41,11.5
PMT-0255,F-26,2024-03-01,20034.76,95.27,17.5
PMT-0255,F-26,2024-04-01,21726.77,100.0,26.1
PMT-0255,F-26,2024-05-01,21999.48,96.68,30.4
PMT-0255,F-26,2024-06-01,23426.43,96.66,31.9
PMT-0255,F-26,2024-07-01,21635.07,98.7,28.4
PMT-0255,F-26,2024-08-01,19608.58,96.64,25.4
PMT-0255,F-26,2024-09-01,18013.18,97.29,17.1
PMT-0255,F-26,2024-10-01,15428.24,100.0,10.9
PMT-0255,F-26,2024-11-01,13733.39,95.67,8.1
PMT-0255,F-26,2024-12-01,12999.01,100.0,2.1
PMT-0256,F-26,2022-01-01,10560.34,96.56,6.4
PMT-0256,F-26,2022-02-01,12490.94,95.76,10.0
PMT-0256,F-26,2022-03-01,14207.32,100.0,17.8
PMT-0256,F-26,2022-04-01,15414.69,99.23,25.7
PMT-0256,F-26,2022-05-01,16673.82,95.17,28.7
PMT-0256,F-26,2022-06-01,15428.86,93.46,31.0
PMT-0256,F-26,2022-07-01,15217.62,95.69,30.4
PMT-0256,F-26,2022-08-01,13528.81,93.83,26.3
PMT-0256,F-26,2022-09-01,12345.49,100.0,18.3
PMT-0256,F-26,2022-10-01,10647.1,95.34,8.6
PMT-0256,F-26,2022-11-01,10135.72,100.0,7.0
PMT-0256,F-26,2022-12-01,9988.44,95.89,3.5
PMT-0256,F-26,2023-01-01,10886.97,96.05,5.4
PMT-0256,F-26,2023-02-01,12466.13,93.58,11.3
PMT-0256,F-26,2023-03-01,14066.45,94.53,18.1
PMT-0256,F-26,2023-04-01,15221.03,96.28,24.2
PMT-0256,F-26,2023-05-01,14597.15,98.97,28.1
PMT-0256,F-26,2023-06-01,16939.2,100.0,30.6
PMT-0256,F-26,2023-07-01,16342.77,100.0,33.0
PMT-0256,F-26,2023-08-01,14136.69,95.71,26.0
PMT-0256,F-26,2023-09-01,12405.35,88.47,16.5
PMT-0256,F-26,2023-10-01,9993.24,90.57,10.7
PMT-0256,F-26,2023-11-01,10363.91,95.78,6.0
PMT-0256,F-26,2023-12-01,10023.04,98.85,3.3
PMT-0256,F-26,2024-01-01,11239.56,97.92,5.5
PMT-0256,F-26,2024-02-01,12318.59,96.57,13.8
PMT-0256,F-26,2024-03-01,14569.52,96.34,18.1
PMT-0256,F-26,2024-04-01,15517.07,99.64,25.0
PMT-0256,F-26,2024-05-01,17282.16,95.19,29.8
PMT-0256,F-26,2024-06-01,16503.15,97.21,32.3
PMT-0256,F-26,2024-07-01,15794.33,97.91,31.5
PMT-0256,F-26,2024-08-01,14022.17,96.28,26.0
PMT-0256,F-26,2024-09-01,13327.87,100.0,16.4
PMT-0256,F-26,2024-10-01,10539.94,96.04,11.2
PMT-0256,F-26,2024-11-01,9999.1,100.0,5.1
PMT-0256,F-26,2024-12-01,9813.26,99.05,2.3
PMT-0257,F-26,2022-01-01,20600.72,100.0,6.3
PMT-0257,F-26,2022-02-01,25153.89,93.28,9.3
PMT-0257,F-26,2022-03-01,31531.62,99.34,20.2
PMT-0257,F-26,2022-04-01,33615.38,100.0,25.9
PMT-0257,F-26,2022-05-01,35303.36,96.61,28.5
PMT-0257,F-26,2022-06-01,37441.7,92.54,30.1
PMT-0257,F-26,2022-07-01,35145.4,100.0,30.8
PMT-0257,F-26,2022-08-01,35606.6,97.63,23.5
PMT-0257,F-26,2022-09-01,25784.35,93.73,17.2
PMT-0257,F-26,2022-10-01,22773.34,93.89,10.0
PMT-0257,F-26,2022-11-01,20017.47,96.3,5.3
PMT-0257,F-26,2022-12-01,19900.82,99.99,3.5
PMT-0257,F-26,2023-01-01,22581.53,98.69,6.4
PMT-0257,F-26,2023-02-01,25333.68,96.62,10.0
PMT-0257,F-26,2023-03-01,31258.27,94.88,16.8
PMT-0257,F-26,2023-04-01,32879.29,92.92,25.0
PMT-0257,F-26,2023-05-01,36282.72,100.0,30.3
PMT-0257,F-26,2023-06-01,36183.03,100.0,33.4
PMT-0257,F-26,2023-07-01,38132.14,96.43,27.7
PMT-0257,F-26,2023-08-01,29220.22,99.77,22.7
PMT-0257,F-26,2023-09-01,28440.01,100.0,17.2
PMT-0257,F-26,2023-10-01,23274.76,95.37,9.6
PMT-0257,F-26,2023-11-01,19853.98,98.82,7.4
PMT-0257,F-26,2023-12-01,19122.45,100.0,2.6
PMT-0257,F-26,2024-01-01,22740.25,100.0,5.3
PMT-0257,F-26,2024-02-01,24938.13,98.0,11.5
PMT-0257,F-26,2024-03-01,31537.78,97.91,17.4
PMT-0257,F-26,2024-04-01,35585.74,100.0,25.4
PMT-0257,F-26,2024-05-01,33906.58,100.0,31.5
PMT-0257,F-26,2024-06-01,35047.27,100.0,33.1
PMT-0257,F-26,2024-07-01,35585.21,96.91,29.2
PMT-0257,F-26,2024-08-01,31469.48,97.21,26.8
PMT-0257,F-26,2024-09-01,27414.66,94.31,17.8
PMT-0257,F-26,2024-10-01,23112.7,100.0,11.3
PMT-0257,F-26,2024-11-01,20182.21,94.7,5.5
PMT-0257,F-26,2024-12-01,18899.42,99.63,4.1
PMT-0258,F-26,2022-01-01,8260.33,97.03,5.8
PMT-0258,F-26,2022-02-01,10263.73,100.0,10.5
PMT-0258,F-26,2022-03-01,11678.01,95.46,18.3
PMT-0258,F-26,2022-04-01,13564.09,98.82,23.8
PMT-0258,F-26,2022-05-01,14824.37,95.54,28.6
PMT-0258,F-26,2022-06-01,15487.57,90.45,33.8
PMT-0258,F-26,2022-07-01,14781.16,96.25,32.1
PMT-0258,F-26,2022-08-01,14077.02,100.0,24.3
PMT-0258,F-26,2022-09-01,11564.68,100.0,18.9
PMT-0258,F-26,2022-10-01,9585.17,99.13,9.3
PMT-0258,F-26,2022-11-01,8491.51,95.11,5.3
PMT-0258,F-26,2022-12-01,7650.15,95.47,1.6
PMT-0258,F-26,2023-01-01,7939.8,100.0,8.3
PMT-0258,F-26,2023-02-01,9645.26,96.88,12.1
PMT-0258,F-26,2023-03-01,11191.27,94.31,15.4
PMT-0258,F-26,2023-04-01,13865.8,95.91,24.2
PMT-0258,F-26,2023-05-01,14596.51,94.92,32.0
PMT-0258,F-26,2023-06-01,15016.16,100.0,31.7
PMT-0258,F-26,2023-07-01,14404.46,96.76,29.0
PMT-0258,F-26,2023-08-01,12603.02,98.97,26.5
PMT-0258,F-26,2023-09-01,11123.89,95.56,15.3
PMT-0258,F-26,2023-10-01,8933.08,100.0,9.1
PMT-0258,F-26,2023-11-01,8184.31,100.0,6.9
PMT-0258,F-26,2023-12-01,7716.0,99.06,4.2
PMT-0258,F-26,2024-01-01,8547.33,99.01,6.5
PMT-0258,F-26,2024-02-01,9401.16,100.0,11.1
PMT-0258,F-26,2024-03-01,11996.75,93.64,19.3
PMT-0258,F-26,2024-04-01,13043.79,98.99,27.0
PMT-0258,F-26,2024-05-01,14388.76,97.49,32.5
PMT-0258,F-26,2024-06-01,15454.38,100.0,31.3
PMT-0258,F-26,2024-07-01,14177.38,95.16,31.3
PMT-0258,F-26,2024-08-01,13138.82,98.69,24.5
PMT-0258,F-26,2024-09-01,11076.5,95.76,16.6
PMT-0258,F-26,2024-10-01,9160.59,97.14,11.6
PMT-0258,F-26,2024-11-01,8076.87,97.69,6.1
PMT-0258,F-26,2024-12-01,7560.64,100.0,3.9
PMT-0259,F-26,2022-01-01,10193.19,93.98,4.7
PMT-0259,F-26,2022-02-01,11795.43,99.68,11.4
PMT-0259,F-26,2022-03-01,13696.56,99.27,18.4
PMT-0259,F-26,2022-04-01,14319.54,93.93,25.6
PMT-0259,F-26,2022-05-01,17779.73,99.09,31.0
PMT-0259,F-26,2022-06-01,17847.79,98.43,32.5
PMT-0259,F-26,2022-07-01,17879.86,96.35,30.0
PMT-0259,F-26,2022-08-01,16574.78,95.94,25.4
PMT-0259,F-26,2022-09-01,14354.34,98.04,17.5
PMT-0259,F-26,2022-10-01,11545.22,95.35,11.9
PMT-0259,F-26,2022-11-01,10344.56,89.85,6.6
PMT-0259,F-26,2022-12-01,9524.94,96.49,4.8
PMT-0259,F-26,2023-01-01,9905.27,96.13,4.7
PMT-0259,F-26,2023-02-01,12377.8,97.51,9.7
PMT-0259,F-26,2023-03-01,14590.06,95.95,17.4
PMT-0259,F-26,2023-04-01,17093.12,100.0,24.1
PMT-0259,F-26,2023-05-01,17678.74,100.0,31.1
PMT-0259,F-26,2023-06-01,17213.91,99.53,31.1
PMT-0259,F-26,2023-07-01,18097.31,96.88,30.4
PMT-0259,F-26,2023-08-01,15686.1,97.97,25.4
PMT-0259,F-26,2023-09-01,14521.53,98.28,17.1
PMT-0259,F-26,2023-10-01,11110.66,91.23,11.0
PMT-0259,F-26,2023-11-01,9962.15,92.22,5.9
PMT-0259,F-26,2023-12-01,9692.8,97.33,4.9
PMT-0259,F-26,2024-01-01,10437.04,98.15,6.1
PMT-0259,F-26,2024-02-01,11600.2,93.97,8.4
PMT-0259,F-26,2024-03-01,14914.86,99.53,18.0
PMT-0259,F-26,2024-04-01,17300.99,98.37,26.5
PMT-0259,F-26,2024-05-01,17740.09,99.51,28.9
PMT-0259,F-26,2024-06-01,18332.62,98.53,32.9
PMT-0259,F-26,2024-07-01,18205.47,99.77,29.7
PMT-0259,F-26,2024-08-01,15998.6,94.05,24.5
PMT-0259,F-26,2024-09-01,13320.07,94.54,18.4
PMT-0259,F-26,2024-10-01,11485.47,99.64,7.5
PMT-0259,F-26,2024-11-01,10420.27,100.0,6.7
PMT-0259,F-26,2024-12-01,9889.46,95.0,4.6
PMT-0260,F-26,2022-01-01,9928.8,93.12,5.1
PMT-0260,F-26,2022-02-01,12054.15,98.42,11.4
PMT-0260,F-26,2022-03-01,13815.49,96.67,17.2
PMT-0260,F-26,2022-04-01,15073.61,100.0,27.0
PMT-0260,F-26,2022-05-01,15316.29,100.0,28.8
PMT-0260,F-26,2022-06-01,16349.23,96.55,32.4
PMT-0260,F-26,2022-07-01,14800.78,98.59,29.2
PMT-0260,F-26,2022-08-01,13570.76,94.45,23.9
PMT-0260,F-26,2022-09-01,13122.84,100.0,18.1
PMT-0260,F-26,2022-10-01,10690.11,97.06,11.0
PMT-0260,F-26,2022-11-01,10112.05,99.24,4.9
PMT-0260,F-26,2022-12-01,9530.52,95.44,2.6
PMT-0260,F-26,2023-01-01,10464.14,96.15,5.2
PMT-0260,F-26,2023-02-01,12160.1,93.72,11.0
PMT-0260,F-26,2023-03-01,13688.91,98.11,19.5
PMT-0260,F-26,2023-04-01,13794.83,97.93,23.9
PMT-0260,F-26,2023-05-01,14991.44,100.0,29.4
PMT-0260,F-26,2023-06-01,15594.26,94.74,33.5
PMT-0260,F-26,2023-07-01,15364.96,100.0,29.6
PMT-0260,F-26,2023-08-01,13550.9,99.81,24.6
PMT-0260,F-26,2023-09-01,11666.63,97.61,17.0
PMT-0260,F-26,2023-10-01,10685.76,99.99,11.4
PMT-0260,F-26,2023-11-01,10090.82,100.0,5.6
PMT-0260,F-26,2023-12-01,9008.09,93.2,2.6
PMT-0260,F-26,2024-01-01,9855.91,97.27,5.3
PMT-0260,F-26,2024-02-01,11675.86,97.94,11.7
PMT-0260,F-26,2024-03-01,13664.15,98.22,21.3
PMT-0260,F-26,2024-04-01,14433.02,97.18,25.1
PMT-0260,F-26,2024-05-01,15362.93,100.0,30.4
PMT-0260,F-26,2024-06-01,14566.55,95.48,30.7
PMT-0260,F-26,2024-07-01,14279.31,92.51,30.8
PMT-0260,F-26,2024-08-01,13888.45,99.68,25.5
PMT-0260,F-26,2024-09-01,12119.34,100.0,19.3
PMT-0260,F-26,2024-10-01,10223.01,96.14,10.7
PMT-0260,F-26,2024-11-01,9323.91,95.0,4.9
PMT-0260,F-26,2024-12-01,8807.01,98.78,4.9
PMT-0261,F-27,2022-01-01,9729.65,88.74,5.4
PMT-0261,F-27,2022-02-01,11710.6,85.69,13.0
PMT-0261,F-27,2022-03-01,11748.67,89.52,19.6
PMT-0261,F-27,2022-04-01,13029.92,90.94,26.2
PMT-0261,F-27,2022-05-01,12873.89,86.07,31.2
PMT-0261,F-27,2022-06-01,13224.21,89.83,32.4
PMT-0261,F-27,2022-07-01,14380.12,86.1,29.4
PMT-0261,F-27,2022-08-01,11772.04,90.43,24.9
PMT-0261,F-27,2022-09-01,10688.11,87.85,16.2
PMT-0261,F-27,2022-10-01,8659.7,88.57,12.2
PMT-0261,F-27,2022-11-01,8972.36,83.44,5.8
PMT-0261,F-27,2022-12-01,9656.36,92.43,4.9
PMT-0261,F-27,2023-01-01,9796.45,84.77,6.7
PMT-0261,F-27,2023-02-01,11183.58,91.0,11.9
PMT-0261,F-27,2023-03-01,12337.82,91.32,18.0
PMT-0261,F-27,2023-04-01,12815.17,82.42,27.0
PMT-0261,F-27,2023-05-01,14880.77,91.61,30.7
PMT-0261,F-27,2023-06-01,13232.89,85.01,32.3
PMT-0261,F-27,2023-07-01,12456.98,85.66,28.9
PMT-0261,F-27,2023-08-01,11625.92,90.69,23.6
PMT-0261,F-27,2023-09-01,10521.18,87.91,19.8
PMT-0261,F-27,2023-10-01,8821.04,87.27,9.5
PMT-0261,F-27,2023-11-01,9266.98,87.09,3.9
PMT-0261,F-27,2023-12-01,8338.37,85.19,7.0
PMT-0261,F-27,2024-01-01,10053.51,90.02,8.0
PMT-0261,F-27,2024-02-01,11211.73,90.91,11.3
PMT-0261,F-27,2024-03-01,11849.24,84.73,17.5
PMT-0261,F-27,2024-04-01,13078.5,88.9,24.0
PMT-0261,F-27,2024-05-01,15192.05,87.35,29.0
PMT-0261,F-27,2024-06-01,14041.98,90.59,32.2
PMT-0261,F-27,2024-07-01,14412.92,84.66,30.3
PMT-0261,F-27,2024-08-01,12539.8,87.96,25.6
PMT-0261,F-27,2024-09-01,11633.83,93.92,17.7
PMT-0261,F-27,2024-10-01,9986.14,88.76,9.3
PMT-0261,F-27,2024-11-01,9257.96,84.32,7.0
PMT-0261,F-27,2024-12-01,8771.37,84.73,4.2
PMT-0262,F-27,2022-01-01,9070.11,88.22,6.1
PMT-0262,F-27,2022-02-01,11455.26,86.59,11.3
PMT-0262,F-27,2022-03-01,13669.3,89.18,17.1
PMT-0262,F-27,2022-04-01,15663.62,87.61,24.9
PMT-0262,F-27,2022-05-01,18737.79,87.43,30.3
PMT-0262,F-27,2022-06-01,18037.88,86.4,34.0
PMT-0262,F-27,2022-07-01,17607.29,87.05,31.8
PMT-0262,F-27,2022-08-01,16355.28,87.09,25.0
PMT-0262,F-27,2022-09-01,13240.5,87.86,19.8
PMT-0262,F-27,2022-10-01,11260.44,90.12,11.2
PMT-0262,F-27,2022-11-01,9560.37,90.16,5.4
PMT-0262,F-27,2022-12-01,8575.17,87.68,5.2
PMT-0262,F-27,2023-01-01,9719.97,88.59,6.2
PMT-0262,F-27,2023-02-01,11197.94,84.58,11.7
PMT-0262,F-27,2023-03-01,13861.48,89.5,16.5
PMT-0262,F-27,2023-04-01,14755.4,87.83,26.3
PMT-0262,F-27,2023-05-01,17425.17,86.98,29.4
PMT-0262,F-27,2023-06-01,18218.15,88.59,33.1
PMT-0262,F-27,2023-07-01,16914.44,89.67,29.1
PMT-0262,F-27,2023-08-01,15042.37,86.56,25.7
PMT-0262,F-27,2023-09-01,12711.94,91.12,19.6
PMT-0262,F-27,2023-10-01,10980.46,90.36,12.7
PMT-0262,F-27,2023-11-01,9665.83,83.58,5.3
PMT-0262,F-27,2023-12-01,8651.58,85.89,6.0
PMT-0262,F-27,2024-01-01,9631.69,85.58,5.5
PMT-0262,F-27,2024-02-01,10833.28,84.54,11.5
PMT-0262,F-27,2024-03-01,13160.58,91.72,18.3
PMT-0262,F-27,2024-04-01,15140.15,86.87,24.6
PMT-0262,F-27,2024-05-01,17885.99,89.77,31.8
PMT-0262,F-27,2024-06-01,18179.49,87.2,31.3
PMT-0262,F-27,2024-07-01,17275.54,87.4,31.4
PMT-0262,F-27,2024-08-01,15625.79,88.47,25.5
PMT-0262,F-27,2024-09-01,13170.45,89.72,18.1
PMT-0262,F-27,2024-10-01,11190.05,85.16,10.6
PMT-0262,F-27,2024-11-01,9531.33,87.94,5.9
PMT-0262,F-27,2024-12-01,8763.64,88.14,3.3
PMT-0263,F-27,2022-01-01,22776.57,93.34,5.8
PMT-0263,F-27,2022-02-01,27853.85,92.53,10.3
PMT-0263,F-27,2022-03-01,31659.25,89.68,17.2
PMT-0263,F-27,2022-04-01,35128.83,91.22,25.0
PMT-0263,F-27,2022-05-01,36097.68,90.57,30.2
PMT-0263,F-27,2022-06-01,40058.32,93.72,32.1
PMT-0263,F-27,2022-07-01,37286.71,94.98,30.8
PMT-0263,F-27,2022-08-01,33543.91,87.33,24.4
PMT-0263,F-27,2022-09-01,28049.95,92.32,18.7
PMT-0263,F-27,2022-10-01,23744.94,86.05,13.4
PMT-0263,F-27,2022-11-01,21996.16,87.64,6.4
PMT-0263,F-27,2022-12-01,21387.24,92.61,4.1
PMT-0263,F-27,2023-01-01,21820.3,87.44,5.6
PMT-0263,F-27,2023-02-01,27697.54,92.69,11.4
PMT-0263,F-27,2023-03-01,31458.38,91.71,19.8
PMT-0263,F-27,2023-04-01,34694.86,87.13,26.1
PMT-0263,F-27,2023-05-01,36693.42,89.28,30.2
PMT-0263,F-27,2023-06-01,39936.15,92.14,32.0
PMT-0263,F-27,2023-07-01,37288.56,85.17,30.6
PMT-0263,F-27,2023-08-01,33666.31,84.21,26.2
PMT-0263,F-27,2023-09-01,28500.22,86.27,17.8
PMT-0263,F-27,2023-10-01,25140.86,90.58,10.1
PMT-0263,F-27,2023-11-01,22373.68,87.58,5.1
PMT-0263,F-27,2023-12-01,20175.88,88.66,3.1
PMT-0263,F-27,2024-01-01,22715.67,90.09,3.2
PMT-0263,F-27,2024-02-01,26408.13,93.27,12.4
PMT-0263,F-27,2024-03-01,31396.83,90.75,16.7
PMT-0263,F-27,2024-04-01,36348.53,90.52,24.1
PMT-0263,F-27,2024-05-01,38733.78,88.67,28.5
PMT-0263,F-27,2024-06-01,37811.56,83.58,31.0
PMT-0263,F-27,2024-07-01,36921.22,92.17,29.8
PMT-0263,F-27,2024-08-01,34991.44,92.83,24.6
PMT-0263,F-27,2024-09-01,28014.28,86.99,18.6
PMT-0263,F-27,2024-10-01,25026.95,90.56,10.5
PMT-0263,F-27,2024-11-01,21884.22,90.22,4.3
PMT-0263,F-27,2024-12-01,22675.74,91.64,3.8
PMT-0264,F-27,2022-01-01,6418.89,91.33,4.9
PMT-0264,F-27,2022-02-01,7661.04,89.5,11.9
PMT-0264,F-27,2022-03-01,8714.49,86.8,19.6
PMT-0264,F-27,2022-04-01,10024.09,90.36,24.6
PMT-0264,F-27,2022-05-01,10463.62,85.52,30.0
PMT-0264,F-27,2022-06-01,11672.97,86.52,34.5
PMT-0264,F-27,2022-07-01,10473.06,92.48,29.4
PMT-0264,F-27,2022-08-01,9711.96,80.26,24.9
PMT-0264,F-27,2022-09-01,8388.45,88.86,18.3
PMT-0264,F-27,2022-10-01,7211.91,88.36,13.0
PMT-0264,F-27,2022-11-01,6204.76,83.16,6.4
PMT-0264,F-27,2022-12-01,5833.12,88.68,4.5
PMT-0264,F-27,2023-01-01,6257.93,91.54,8.5
PMT-0264,F-27,2023-02-01,7280.41,87.44,11.5
PMT-0264,F-27,2023-03-01,8884.78,92.24,17.3
PMT-0264,F-27,2023-04-01,9983.18,87.38,22.8
PMT-0264,F-27,2023-05-01,10903.39,87.24,29.8
PMT-0264,F-27,2023-06-01,11915.02,93.66,31.9
PMT-0264,F-27,2023-07-01,11537.19,88.25,30.0
PMT-0264,F-27,2023-08-01,9928.41,86.4,25.0
PMT-0264,F-27,2023-09-01,8119.22,87.51,18.0
PMT-0264,F-27,2023-10-01,6976.16,89.65,11.5
PMT-0264,F-27,2023-11-01,6171.99,86.44,6.8
PMT-0264,F-27,2023-12-01,5870.91,89.97,5.7
PMT-0264,F-27,2024-01-01,6107.07,88.56,5.6
PMT-0264,F-27,2024-02-01,7339.44,92.41,10.7
PMT-0264,F-27,2024-03-01,8636.7,87.53,17.3
PMT-0264,F-27,2024-04-01,9627.95,88.28,22.9
PMT-0264,F-27,2024-05-01,10803.17,90.35,29.6
PMT-0264,F-27,2024-06-01,10715.65,88.52,31.6
PMT-0264,F-27,2024-07-01,10222.3,90.03,29.5
PMT-0264,F-27,2024-08-01,9934.72,87.2,23.7
PMT-0264,F-27,2024-09-01,7996.44,85.46,17.3
PMT-0264,F-27,2024-10-01,7294.97,88.5,13.9
PMT-0264,F-27,2024-11-01,6258.48,85.09,7.8
PMT-0264,F-27,2024-12-01,5662.1,88.04,3.6
PMT-0265,F-27,2022-01-01,17297.44,95.06,6.5
PMT-0265,F-27,2022-02-01,20000.28,83.24,11.0
PMT-0265,F-27,2022-03-01,25141.86,91.18,19.4
PMT-0265,F-27,2022-04-01,27807.19,86.63,25.6
PMT-0265,F-27,2022-05-01,30236.88,88.96,30.6
PMT-0265,F-27,2022-06-01,33427.2,93.79,32.5
PMT-0265,F-27,2022-07-01,31245.5,86.63,31.5
PMT-0265,F-27,2022-08-01,27727.48,86.05,23.6
PMT-0265,F-27,2022-09-01,24901.52,93.43,19.2
PMT-0265,F-27,2022-10-01,19087.69,91.04,14.1
PMT-0265,F-27,2022-11-01,16188.78,88.77,4.4
PMT-0265,F-27,2022-12-01,14918.79,88.01,4.8
PMT-0265,F-27,2023-01-01,17639.36,86.72,9.0
PMT-0265,F-27,2023-02-01,20384.31,92.47,10.3
PMT-0265,F-27,2023-03-01,23534.68,91.97,18.2
PMT-0265,F-27,2023-04-01,28043.14,83.71,25.9
PMT-0265,F-27,2023-05-01,31812.89,90.1,28.1
PMT-0265,F-27,2023-06-01,33985.07,88.3,32.5
PMT-0265,F-27,2023-07-01,31945.36,86.04,29.1
PMT-0265,F-27,2023-08-01,27843.58,85.22,23.2
PMT-0265,F-27,2023-09-01,24379.36,90.41,19.4
PMT-0265,F-27,2023-10-01,19483.85,90.64,11.0
PMT-0265,F-27,2023-11-01,17484.92,84.92,6.5
PMT-0265,F-27,2023-12-01,15042.5,91.45,3.9
PMT-0265,F-27,2024-01-01,16895.7,90.37,5.7
PMT-0265,F-27,2024-02-01,19342.41,86.09,10.8
PMT-0265,F-27,2024-03-01,24812.65,97.34,19.3
PMT-0265,F-27,2024-04-01,28806.8,94.78,26.9
PMT-0265,F-27,2024-05-01,31325.62,85.99,29.7
PMT-0265,F-27,2024-06-01,32619.39,86.15,30.3
PMT-0265,F-27,2024-07-01,32081.57,91.0,29.7
PMT-0265,F-27,2024-08-01,28375.43,90.99,24.3
PMT-0265,F-27,2024-09-01,24611.29,84.29,17.3
PMT-0265,F-27,2024-10-01,20887.2,90.29,9.7
PMT-0265,F-27,2024-11-01,16897.55,86.82,5.3
PMT-0265,F-27,2024-12-01,15258.63,91.49,4.1
PMT-0266,F-27,2022-01-01,9362.62,88.24,5.7
PMT-0266,F-27,2022-02-01,11269.12,88.16,11.1
PMT-0266,F-27,2022-03-01,13122.7,84.77,18.2
PMT-0266,F-27,2022-04-01,14609.65,84.44,23.0
PMT-0266,F-27,2022-05-01,16867.02,85.87,28.3
PMT-0266,F-27,2022-06-01,18372.9,88.92,32.0
PMT-0266,F-27,2022-07-01,17244.77,96.32,29.7
PMT-0266,F-27,2022-08-01,15618.43,90.04,25.3
PMT-0266,F-27,2022-09-01,12826.67,93.48,18.0
PMT-0266,F-27,2022-10-01,11037.07,92.42,9.9
PMT-0266,F-27,2022-11-01,8905.23,91.54,8.5
PMT-0266,F-27,2022-12-01,9059.82,94.73,3.1
PMT-0266,F-27,2023-01-01,9514.15,90.9,6.5
PMT-0266,F-27,2023-02-01,11178.25,87.02,12.0
PMT-0266,F-27,2023-03-01,13686.33,90.36,18.8
PMT-0266,F-27,2023-04-01,15327.38,88.06,27.6
PMT-0266,F-27,2023-05-01,16868.73,85.59,29.3
PMT-0266,F-27,2023-06-01,16897.8,93.26,32.4
PMT-0266,F-27,2023-07-01,17595.14,87.38,29.4
PMT-0266,F-27,2023-08-01,14177.8,91.96,23.5
PMT-0266,F-27,2023-09-01,11877.54,89.79,17.2
PMT-0266,F-27,2023-10-01,10415.45,92.15,11.7
PMT-0266,F-27,2023-11-01,9870.77,87.12,7.4
PMT-0266,F-27,2023-12-01,8707.8,85.01,5.7
PMT-0266,F-27,2024-01-01,8792.05,88.14,5.6
PMT-0266,F-27,2024-02-01,11103.71,87.99,11.1
PMT-0266,F-27,2024-03-01,13258.33,85.75,18.4
PMT-0266,F-27,2024-04-01,15064.36,89.83,23.6
PMT-0266,F-27,2024-05-01,17419.21,92.16,28.6
PMT-0266,F-27,2024-06-01,18372.49,88.97,31.6
PMT-0266,F-27,2024-07-01,16518.01,88.84,30.4
PMT-0266,F-27,2024-08-01,14910.33,94.28,24.9
PMT-0266,F-27,2024-09-01,13488.79,91.03,17.4
PMT-0266,F-27,2024-10-01,11188.99,89.6,12.4
PMT-0266,F-27,2024-11-01,9309.44,89.78,7.3
PMT-0266,F-27,2024-12-01,8764.17,88.67,5.5
PMT-0267,F-27,2022-01-01,17904.46,88.14,5.3
PMT-0267,F-27,2022-02-01,18854.27,88.22,11.2
PMT-0267,F-27,2022-03-01,24623.7,84.34,19.4
PMT-0267,F-27,2022-04-01,27919.15,89.23,23.5
PMT-0267,F-27,2022-05-01,31205.7,83.77,32.2
PMT-0267,F-27,2022-06-01,32619.27,83.52,31.7
PMT-0267,F-27,2022-07-01,33038.29,89.11,30.2
PMT-0267,F-27,2022-08-01,28195.03,87.13,23.3
PMT-0267,F-27,2022-09-01,25199.6,83.6,22.1
PMT-0267,F-27,2022-10-01,21375.58,88.49,11.9
PMT-0267,F-27,2022-11-01,16354.29,84.76,5.2
PMT-0267,F-27,2022-12-01,15104.96,88.87,4.3
PMT-0267,F-27,2023-01-01,17029.67,90.56,5.9
PMT-0267,F-27,2023-02-01,20793.76,90.45,11.6
PMT-0267,F-27,2023-03-01,25386.38,86.23,19.4
PMT-0267,F-27,2023-04-01,28621.49,88.36,24.9
PMT-0267,F-27,2023-05-01,32903.35,83.66,30.1
PMT-0267,F-27,2023-06-01,32458.27,86.68,31.4
PMT-0267,F-27,2023-07-01,33318.77,87.56,28.3
PMT-0267,F-27,2023-08-01,28101.85,86.75,26.5
PMT-0267,F-27,2023-09-01,23768.95,85.1,16.6
PMT-0267,F-27,2023-10-01,19072.86,83.84,11.8
PMT-0267,F-27,2023-11-01,17036.2,85.59,5.2
PMT-0267,F-27,2023-12-01,14911.2,88.92,5.7
PMT-0267,F-27,2024-01-01,16669.78,85.93,3.4
PMT-0267,F-27,2024-02-01,19447.73,88.65,11.8
PMT-0267,F-27,2024-03-01,26211.07,88.37,17.6
PMT-0267,F-27,2024-04-01,29229.34,91.37,24.2
PMT-0267,F-27,2024-05-01,30479.98,90.04,31.7
PMT-0267,F-27,2024-06-01,32241.32,88.27,30.2
PMT-0267,F-27,2024-07-01,31147.85,88.01,29.8
PMT-0267,F-27,2024-08-01,27648.71,90.01,24.0
PMT-0267,F-27,2024-09-01,23286.13,90.88,19.3
PMT-0267,F-27,2024-10-01,18988.02,89.12,9.1
PMT-0267,F-27,2024-11-01,16656.09,89.79,5.7
PMT-0267,F-27,2024-12-01,15664.16,91.08,3.9
PMT-0268,F-27,2022-01-01,7712.18,88.56,6.7
PMT-0268,F-27,2022-02-01,8863.96,85.09,12.2
PMT-0268,F-27,2022-03-01,10461.45,87.47,17.2
PMT-0268,F-27,2022-04-01,11670.03,87.39,25.3
PMT-0268,F-27,2022-05-01,12628.84,86.83,30.0
PMT-0268,F-27,2022-06-01,12536.07,84.56,32.9
PMT-0268,F-27,2022-07-01,12714.9,95.1,29.4
PMT-0268,F-27,2022-08-01,11271.47,85.39,25.7
PMT-0268,F-27,2022-09-01,8907.8,87.34,19.5
PMT-0268,F-27,2022-10-01,7817.63,91.29,11.4
PMT-0268,F-27,2022-11-01,7603.26,90.81,6.4
PMT-0268,F-27,2022-12-01,7317.37,90.29,4.0
PMT-0268,F-27,2023-01-01,7700.26,86.25,5.5
PMT-0268,F-27,2023-02-01,9186.88,91.61,13.0
PMT-0268,F-27,2023-03-01,10849.38,91.71,16.9
PMT-0268,F-27,2023-04-01,12223.51,89.09,23.2
PMT-0268,F-27,2023-05-01,11927.4,84.83,30.7
PMT-0268,F-27,2023-06-01,13020.16,84.43,32.5
PMT-0268,F-27,2023-07-01,11982.46,85.47,31.5
PMT-0268,F-27,2023-08-01,11367.12,89.3,25.8
PMT-0268,F-27,2023-09-01,8716.18,85.46,18.8
PMT-0268,F-27,2023-10-01,7979.29,93.06,12.5
PMT-0268,F-27,2023-11-01,7177.6,83.84,4.5
PMT-0268,F-27,2023-12-01,7225.92,90.49,2.6
PMT-0268,F-27,2024-01-01,7651.67,86.47,6.0
PMT-0268,F-27,2024-02-01,9046.6,89.85,10.2
PMT-0268,F-27,2024-03-01,10423.16,87.52,18.7
PMT-0268,F-27,2024-04-01,11191.66,85.51,23.5
PMT-0268,F-27,2024-05-01,12936.16,89.4,30.8
PMT-0268,F-27,2024-06-01,12987.79,84.69,32.1
PMT-0268,F-27,2024-07-01,12269.7,88.77,29.9
PMT-0268,F-27,2024-08-01,10652.25,92.43,25.7
PMT-0268,F-27,2024-09-01,8872.51,84.29,19.9
PMT-0268,F-27,2024-10-01,8397.03,90.42,9.0
PMT-0268,F-27,2024-11-01,7334.89,84.5,3.8
PMT-0268,F-27,2024-12-01,7158.09,85.06,5.2
PMT-0269,F-27,2022-01-01,7310.04,88.98,3.9
PMT-0269,F-27,2022-02-01,8890.43,88.69,10.0
PMT-0269,F-27,2022-03-01,10159.73,85.58,18.8
PMT-0269,F-27,2022-04-01,12638.6,87.85,25.1
PMT-0269,F-27,2022-05-01,13363.14,81.43,30.5
PMT-0269,F-27,2022-06-01,14481.64,91.46,31.3
PMT-0269,F-27,2022-07-01,13690.77,84.69,30.3
PMT-0269,F-27,2022-08-01,12416.63,93.38,25.3
PMT-0269,F-27,2022-09-01,10490.97,89.02,16.2
PMT-0269,F-27,2022-10-01,8723.14,88.01,11.5
PMT-0269,F-27,2022-11-01,7690.21,84.0,3.7
PMT-0269,F-27,2022-12-01,7069.75,90.63,5.3
PMT-0269,F-27,2023-01-01,7452.48,88.86,7.0
PMT-0269,F-27,2023-02-01,9074.13,89.78,12.2
PMT-0269,F-27,2023-03-01,10374.38,87.9,19.1
PMT-0269,F-27,2023-04-01,12933.62,88.01,26.9
PMT-0269,F-27,2023-05-01,13617.93,86.18,30.1
PMT-0269,F-27,2023-06-01,14975.84,87.34,32.2
PMT-0269,F-27,2023-07-01,13045.13,85.79,30.8
PMT-0269,F-27,2023-08-01,12342.22,85.78,25.4
PMT-0269,F-27,2023-09-01,10377.72,93.21,18.5
PMT-0269,F-27,2023-10-01,8813.46,85.95,11.9
PMT-0269,F-27,2023-11-01,7159.73,88.35,5.7
PMT-0269,F-27,2023-12-01,6744.2,86.71,5.0
PMT-0269,F-27,2024-01-01,7403.16,88.0,4.5
PMT-0269,F-27,2024-02-01,9022.31,86.21,10.7
PMT-0269,F-27,2024-03-01,10968.28,82.4,16.0
PMT-0269,F-27,2024-04-01,11968.3,84.12,23.5
PMT-0269,F-27,2024-05-01,13377.42,87.71,29.5
PMT-0269,F-27,2024-06-01,13822.94,89.59,33.0
PMT-0269,F-27,2024-07-01,13440.25,85.43,29.4
PMT-0269,F-27,2024-08-01,11762.03,87.49,25.9
PMT-0269,F-27,2024-09-01,10733.28,86.97,17.9
PMT-0269,F-27,2024-10-01,8541.37,89.69,10.5
PMT-0269,F-27,2024-11-01,7056.9,83.38,4.4
PMT-0269,F-27,2024-12-01,6902.81,85.86,2.8
PMT-0270,F-27,2022-01-01,10685.01,92.42,7.8
PMT-0270,F-27,2022-02-01,12425.66,90.26,12.3
PMT-0270,F-27,2022-03-01,14458.97,88.71,18.4
PMT-0270,F-27,2022-04-01,16690.94,88.61,24.3
PMT-0270,F-27,2022-05-01,18459.03,87.89,28.7
PMT-0270,F-27,2022-06-01,19254.5,90.26,32.8
PMT-0270,F-27,2022-07-01,18270.7,92.42,30.6
PMT-0270,F-27,2022-08-01,16074.02,85.96,23.7
PMT-0270,F-27,2022-09-01,14095.16,88.76,17.8
PMT-0270,F-27,2022-10-01,11626.35,88.98,11.6
PMT-0270,F-27,2022-11-01,10204.96,88.34,4.1
PMT-0270,F-27,2022-12-01,10482.4,86.22,5.0
PMT-0270,F-27,2023-01-01,10547.14,88.64,3.5
PMT-0270,F-27,2023-02-01,12076.26,91.77,11.9
PMT-0270,F-27,2023-03-01,14596.72,87.53,17.6
PMT-0270,F-27,2023-04-01,16137.7,90.87,24.1
PMT-0270,F-27,2023-05-01,19183.93,88.53,28.8
PMT-0270,F-27,2023-06-01,17734.05,91.14,32.0
PMT-0270,F-27,2023-07-01,17897.74,89.19,31.2
PMT-0270,F-27,2023-08-01,16181.66,86.96,23.4
PMT-0270,F-27,2023-09-01,14061.86,92.3,16.5
PMT-0270,F-27,2023-10-01,12388.69,86.37,11.3
PMT-0270,F-27,2023-11-01,10730.42,86.12,6.6
PMT-0270,F-27,2023-12-01,9887.21,91.67,3.3
PMT-0270,F-27,2024-01-01,10809.61,81.36,7.4
PMT-0270,F-27,2024-02-01,12610.87,90.75,12.0
PMT-0270,F-27,2024-03-01,14548.1,90.45,19.8
PMT-0270,F-27,2024-04-01,17337.34,89.45,24.3
PMT-0270,F-27,2024-05-01,18363.39,91.39,30.5
PMT-0270,F-27,2024-06-01,18438.1,89.22,30.6
PMT-0270,F-27,2024-07-01,18143.81,87.6,30.2
PMT-0270,F-27,2024-08-01,15713.52,91.48,24.0
PMT-0270,F-27,2024-09-01,13982.0,88.15,17.4
PMT-0270,F-27,2024-10-01,10833.83,83.26,13.0
PMT-0270,F-27,2024-11-01,10018.72,84.35,7.3
PMT-0270,F-27,2024-12-01,9872.59,89.59,4.1
PMT-0271,F-28,2022-01-01,10518.96,83.8,6.4
PMT-0271,F-28,2022-02-01,12401.79,91.59,9.6
PMT-0271,F-28,2022-03-01,14739.12,91.42,17.5
PMT-0271,F-28,2022-04-01,17461.93,84.59,23.4
PMT-0271,F-28,2022-05-01,18660.38,94.56,30.0
PMT-0271,F-28,2022-06-01,19927.42,90.75,32.1
PMT-0271,F-28,2022-07-01,18849.75,89.68,31.1
PMT-0271,F-28,2022-08-01,17229.43,87.71,26.9
PMT-0271,F-28,2022-09-01,14403.93,86.81,18.6
PMT-0271,F-28,2022-10-01,11836.06,91.1,12.6
PMT-0271,F-28,2022-11-01,10174.21,86.15,6.5
PMT-0271,F-28,2022-12-01,9760.06,85.49,4.5
PMT-0271,F-28,2023-01-01,10158.85,94.67,6.9
PMT-0271,F-28,2023-02-01,12425.36,91.8,10.7
PMT-0271,F-28,2023-03-01,14719.27,91.56,17.5
PMT-0271,F-28,2023-04-01,16821.4,93.98,24.6
PMT-0271,F-28,2023-05-01,19092.27,94.39,29.2
PMT-0271,F-28,2023-06-01,19087.72,89.42,32.5
PMT-0271,F-28,2023-07-01,18098.81,93.23,31.3
PMT-0271,F-28,2023-08-01,17012.47,91.74,24.7
PMT-0271,F-28,2023-09-01,14225.46,92.98,16.4
PMT-0271,F-28,2023-10-01,11719.77,88.97,9.3
PMT-0271,F-28,2023-11-01,10197.5,94.55,4.9
PMT-0271,F-28,2023-12-01,9727.18,88.72,2.4
PMT-0271,F-28,2024-01-01,10059.32,98.41,4.5
PMT-0271,F-28,2024-02-01,12428.55,89.13,11.9
PMT-0271,F-28,2024-03-01,14465.73,93.0,16.8
PMT-0271,F-28,2024-04-01,17172.99,94.92,25.0
PMT-0271,F-28,2024-05-01,18634.31,87.56,29.4
PMT-0271,F-28,2024-06-01,18595.75,96.32,33.0
PMT-0271,F-28,2024-07-01,18536.69,90.9,28.6
PMT-0271,F-28,2024-08-01,16546.96,93.51,24.3
PMT-0271,F-28,2024-09-01,14361.07,94.17,19.1
PMT-0271,F-28,2024-10-01,11888.24,84.45,13.5
PMT-0271,F-28,2024-11-01,9899.89,90.8,8.2
PMT-0271,F-28,2024-12-01,9800.99,91.2,3.7
PMT-0272,F-28,2022-01-01,5251.75,86.32,7.0
PMT-0272,F-28,2022-02-01,6451.92,91.34,12.4
PMT-0272,F-28,2022-03-01,7297.47,95.84,16.0
PMT-0272,F-28,2022-04-01,8398.33,91.73,24.9
PMT-0272,F-28,2022-05-01,9289.22,93.51,30.4
PMT-0272,F-28,2022-06-01,9186.64,92.15,31.4
PMT-0272,F-28,2022-07-01,9058.8,92.68,29.5
PMT-0272,F-28,2022-08-01,8188.82,93.79,25.3
PMT-0272,F-28,2022-09-01,7264.9,90.51,18.1
PMT-0272,F-28,2022-10-01,5997.03,89.64,10.6
PMT-0272,F-28,2022-11-01,5157.33,90.26,5.6
PMT-0272,F-28,2022-12-01,4946.21,93.69,3.2
PMT-0272,F-28,2023-01-01,5120.04,90.32,6.1
PMT-0272,F-28,2023-02-01,6022.96,90.24,10.5
PMT-0272,F-28,2023-03-01,7588.32,90.44,16.9
PMT-0272,F-28,2023-04-01,8613.92,93.48,25.5
PMT-0272,F-28,2023-05-01,9103.8,89.23,31.5
PMT-0272,F-28,2023-06-01,9259.84,90.67,32.1
PMT-0272,F-28,2023-07-01,8987.33,87.7,31.7
PMT-0272,F-28,2023-08-01,8415.07,88.6,26.6
PMT-0272,F-28,2023-09-01,6636.1,93.26,19.5
PMT-0272,F-28,2023-10-01,5916.6,91.54,11.3
PMT-0272,F-28,2023-11-01,5056.3,90.95,6.2
PMT-0272,F-28,2023-12-01,4899.28,90.59,3.7
PMT-0272,F-28,2024-01-01,5137.7,87.01,5.9
PMT-0272,F-28,2024-02-01,6276.44,89.66,12.8
PMT-0272,F-28,2024-03-01,7141.31,92.46,19.3
PMT-0272,F-28,2024-04-01,8318.0,92.01,27.4
PMT-0272,F-28,2024-05-01,8862.3,85.83,30.5
PMT-0272,F-28,2024-06-01,8938.66,91.76,29.3
PMT-0272,F-28,2024-07-01,8626.13,93.57,30.8
PMT-0272,F-28,2024-08-01,7946.33,90.08,26.1
PMT-0272,F-28,2024-09-01,7036.92,91.9,17.6
PMT-0272,F-28,2024-10-01,5596.61,94.63,10.1
PMT-0272,F-28,2024-11-01,5111.9,93.9,4.8
PMT-0272,F-28,2024-12-01,4753.75,86.97,3.1
PMT-0273,F-28,2022-01-01,5796.9,83.93,6.8
PMT-0273,F-28,2022-02-01,6850.82,90.39,10.3
PMT-0273,F-28,2022-03-01,8497.36,88.93,17.4
PMT-0273,F-28,2022-04-01,8777.27,89.14,25.1
PMT-0273,F-28,2022-05-01,9041.62,95.39,30.6
PMT-0273,F-28,2022-06-01,7972.66,90.55,31.4
PMT-0273,F-28,2022-07-01,7783.54,88.9,30.8
PMT-0273,F-28,2022-08-01,7046.32,92.04,25.1
PMT-0273,F-28,2022-09-01,7331.16,89.42,14.9
PMT-0273,F-28,2022-10-01,5775.73,94.74,11.9
PMT-0273,F-28,2022-11-01,5796.95,90.38,7.9
PMT-0273,F-28,2022-12-01,5916.73,88.74,2.7
PMT-0273,F-28,2023-01-01,6155.41,90.31,5.9
PMT-0273,F-28,2023-02-01,7350.97,90.6,11.1
PMT-0273,F-28,2023-03-01,8193.64,91.26,19.8
PMT-0273,F-28,2023-04-01,8375.66,87.4,24.1
PMT-0273,F-28,2023-05-01,7519.0,94.77,31.9
PMT-0273,F-28,2023-06-01,9033.15,91.37,31.3
PMT-0273,F-28,2023-07-01,8281.54,90.74,30.1
PMT-0273,F-28,2023-08-01,7583.33,94.3,24.4
PMT-0273,F-28,2023-09-01,6370.84,85.33,18.6
PMT-0273,F-28,2023-10-01,5501.77,91.64,10.3
PMT-0273,F-28,2023-11-01,5455.62,91.9,4.3
PMT-0273,F-28,2023-12-01,5920.15,89.55,4.7
PMT-0273,F-28,2024-01-01,5943.27,90.57,1.8
PMT-0273,F-28,2024-02-01,7259.12,94.06,10.9
PMT-0273,F-28,2024-03-01,7083.15,91.17,15.7
PMT-0273,F-28,2024-04-01,8112.8,85.11,26.2
PMT-0273,F-28,2024-05-01,8300.04,87.04,29.5
PMT-0273,F-28,2024-06-01,8813.89,91.64,33.8
PMT-0273,F-28,2024-07-01,7843.64,90.14,29.8
PMT-0273,F-28,2024-08-01,7039.77,87.47,24.9
PMT-0273,F-28,2024-09-01,6416.21,88.21,17.8
PMT-0273,F-28,2024-10-01,6011.94,84.58,11.3
PMT-0273,F-28,2024-11-01,5426.33,92.75,6.6
PMT-0273,F-28,2024-12-01,5504.1,89.23,4.5
PMT-0274,F-28,2022-01-01,10454.63,93.92,6.6
PMT-0274,F-28,2022-02-01,9732.49,91.12,7.8
PMT-0274,F-28,2022-03-01,14255.7,92.66,17.0
PMT-0274,F-28,2022-04-01,16451.32,89.34,25.2
PMT-0274,F-28,2022-05-01,19005.75,93.16,32.0
PMT-0274,F-28,2022-06-01,19726.25,97.04,33.8
PMT-0274,F-28,2022-07-01,19150.04,89.61,32.0
PMT-0274,F-28,2022-08-01,18616.25,92.41,24.7
PMT-0274,F-28,2022-09-01,14620.07,82.32,18.7
PMT-0274,F-28,2022-10-01,11938.03,92.05,9.9
PMT-0274,F-28,2022-11-01,9985.33,89.07,6.7
PMT-0274,F-28,2022-12-01,9468.02,91.22,3.6
PMT-0274,F-28,2023-01-01,10159.69,92.37,6.9
PMT-0274,F-28,2023-02-01,12070.5,85.55,11.6
PMT-0274,F-28,2023-03-01,15121.41,92.16,15.5
PMT-0274,F-28,2023-04-01,16627.54,94.77,23.1
PMT-0274,F-28,2023-05-01,18594.18,92.68,30.2
PMT-0274,F-28,2023-06-01,19583.45,89.97,32.0
PMT-0274,F-28,2023-07-01,18527.17,96.8,30.8
PMT-0274,F-28,2023-08-01,18184.83,94.01,24.3
PMT-0274,F-28,2023-09-01,15635.72,85.37,17.9
PMT-0274,F-28,2023-10-01,12438.21,92.12,11.5
PMT-0274,F-28,2023-11-01,10143.32,85.66,6.1
PMT-0274,F-28,2023-12-01,9459.11,90.44,5.0
PMT-0274,F-28,2024-01-01,10672.09,88.91,7.2
PMT-0274,F-28,2024-02-01,11882.67,93.96,10.6
PMT-0274,F-28,2024-03-01,15329.16,96.93,18.5
PMT-0274,F-28,2024-04-01,18197.13,89.15,23.7
PMT-0274,F-28,2024-05-01,19423.46,89.96,31.9
PMT-0274,F-28,2024-06-01,19312.52,89.33,33.0
PMT-0274,F-28,2024-07-01,18904.95,90.8,30.2
PMT-0274,F-28,2024-08-01,16802.02,93.29,25.8
PMT-0274,F-28,2024-09-01,14362.45,92.19,17.2
PMT-0274,F-28,2024-10-01,12632.28,87.12,11.1
PMT-0274,F-28,2024-11-01,10288.56,86.13,7.2
PMT-0274,F-28,2024-12-01,9265.23,91.5,4.7
PMT-0275,F-28,2022-01-01,13884.98,87.68,5.6
PMT-0275,F-28,2022-02-01,15426.22,86.78,13.7
PMT-0275,F-28,2022-03-01,20501.59,85.58,16.6
PMT-0275,F-28,2022-04-01,24073.31,92.98,23.6
PMT-0275,F-28,2022-05-01,25765.43,88.42,31.2
PMT-0275,F-28,2022-06-01,27410.45,95.58,32.9
PMT-0275,F-28,2022-07-01,26699.15,92.11,31.1
PMT-0275,F-28,2022-08-01,22307.12,94.96,24.9
PMT-0275,F-28,2022-09-01,19914.68,88.33,18.3
PMT-0275,F-28,2022-10-01,16990.15,91.08,7.1
PMT-0275,F-28,2022-11-01,14186.08,88.1,6.4
PMT-0275,F-28,2022-12-01,12283.74,93.14,4.2
PMT-0275,F-28,2023-01-01,14320.85,93.33,6.4
PMT-0275,F-28,2023-02-01,17040.64,85.29,10.2
PMT-0275,F-28,2023-03-01,19803.25,87.36,17.5
PMT-0275,F-28,2023-04-01,23568.75,94.48,24.0
PMT-0275,F-28,2023-05-01,27858.68,90.17,31.6
PMT-0275,F-28,2023-06-01,26752.2,93.69,30.4
PMT-0275,F-28,2023-07-01,27061.26,89.62,29.2
PMT-0275,F-28,2023-08-01,23453.75,85.6,27.1
PMT-0275,F-28,2023-09-01,18789.8,90.23,17.6
PMT-0275,F-28,2023-10-01,16264.17,87.96,11.7
PMT-0275,F-28,2023-11-01,14238.71,93.58,5.9
PMT-0275,F-28,2023-12-01,12480.04,85.42,4.0
PMT-0275,F-28,2024-01-01,13515.74,85.26,6.4
PMT-0275,F-28,2024-02-01,16857.39,89.84,12.1
PMT-0275,F-28,2024-03-01,20285.67,93.91,16.2
PMT-0275,F-28,2024-04-01,24005.52,92.52,27.1
PMT-0275,F-28,2024-05-01,25871.95,91.92,30.7
PMT-0275,F-28,2024-06-01,26995.01,93.59,33.1
PMT-0275,F-28,2024-07-01,26623.86,95.41,32.1
PMT-0275,F-28,2024-08-01,22985.15,94.44,24.0
PMT-0275,F-28,2024-09-01,20363.82,82.89,18.0
PMT-0275,F-28,2024-10-01,16251.25,85.3,10.2
PMT-0275,F-28,2024-11-01,14361.38,91.59,4.8
PMT-0275,F-28,2024-12-01,12729.15,94.13,3.5
PMT-0276,F-28,2022-01-01,17112.88,86.32,4.5
PMT-0276,F-28,2022-02-01,20233.54,91.01,9.2
PMT-0276,F-28,2022-03-01,25696.59,88.41,17.6
PMT-0276,F-28,2022-04-01,29686.86,88.81,26.4
PMT-0276,F-28,2022-05-01,31659.06,93.42,29.9
PMT-0276,F-28,2022-06-01,33111.95,92.04,31.6
PMT-0276,F-28,2022-07-01,31441.54,88.64,28.4
PMT-0276,F-28,2022-08-01,29278.31,93.13,24.1
PMT-0276,F-28,2022-09-01,25459.99,94.31,14.8
PMT-0276,F-28,2022-10-01,21831.07,88.27,9.6
PMT-0276,F-28,2022-11-01,17175.81,91.24,5.9
PMT-0276,F-28,2022-12-01,16089.08,87.19,3.9
PMT-0276,F-28,2023-01-01,15510.14,89.6,6.6
PMT-0276,F-28,2023-02-01,19922.76,87.32,9.7
PMT-0276,F-28,2023-03-01,23305.27,89.67,19.6
PMT-0276,F-28,2023-04-01,28046.49,82.45,25.9
PMT-0276,F-28,2023-05-01,30794.57,95.13,29.9
PMT-0276,F-28,2023-06-01,31833.19,92.11,33.0
PMT-0276,F-28,2023-07-01,29745.01,89.67,30.9
PMT-0276,F-28,2023-08-01,29033.06,85.67,26.4
PMT-0276,F-28,2023-09-01,22299.72,87.98,18.1
PMT-0276,F-28,2023-10-01,19214.11,89.34,11.5
PMT-0276,F-28,2023-11-01,16860.15,94.85,5.5
PMT-0276,F-28,2023-12-01,15054.1,87.95,3.8
PMT-0276,F-28,2024-01-01,16823.09,84.79,7.3
PMT-0276,F-28,2024-02-01,20394.67,89.26,11.8
PMT-0276,F-28,2024-03-01,22471.04,97.02,18.0
PMT-0276,F-28,2024-04-01,28079.95,90.78,26.1
PMT-0276,F-28,2024-05-01,32110.24,89.9,31.3
PMT-0276,F-28,2024-06-01,32033.68,90.33,31.3
PMT-0276,F-28,2024-07-01,30056.68,92.13,30.8
PMT-0276,F-28,2024-08-01,26018.9,94.26,24.9
PMT-0276,F-28,2024-09-01,22038.1,86.87,19.0
PMT-0276,F-28,2024-10-01,18384.85,89.89,10.7
PMT-0276,F-28,2024-11-01,16024.37,87.67,5.7
PMT-0276,F-28,2024-12-01,15762.94,91.06,4.9
PMT-0277,F-28,2022-01-01,7379.4,89.02,5.3
PMT-0277,F-28,2022-02-01,8653.41,87.09,10.2
PMT-0277,F-28,2022-03-01,10727.36,90.94,20.2
PMT-0277,F-28,2022-04-01,12008.25,92.39,25.2
PMT-0277,F-28,2022-05-01,12967.23,90.64,29.4
PMT-0277,F-28,2022-06-01,13680.73,91.1,32.3
PMT-0277,F-28,2022-07-01,12795.43,91.13,30.8
PMT-0277,F-28,2022-08-01,12004.65,90.7,24.3
PMT-0277,F-28,2022-09-01,10094.1,92.86,17.0
PMT-0277,F-28,2022-10-01,8784.47,85.63,11.2
PMT-0277,F-28,2022-11-01,7307.69,92.54,4.3
PMT-0277,F-28,2022-12-01,6792.76,88.34,4.6
PMT-0277,F-28,2023-01-01,7452.62,94.09,6.4
PMT-0277,F-28,2023-02-01,8388.11,89.45,12.6
PMT-0277,F-28,2023-03-01,10296.87,88.1,18.0
PMT-0277,F-28,2023-04-01,11843.75,90.13,24.5
PMT-0277,F-28,2023-05-01,13389.81,90.98,30.7
PMT-0277,F-28,2023-06-01,14092.33,90.91,31.5
PMT-0277,F-28,2023-07-01,13217.47,94.38,30.9
PMT-0277,F-28,2023-08-01,11395.2,94.56,26.6
PMT-0277,F-28,2023-09-01,10604.25,89.54,15.9
PMT-0277,F-28,2023-10-01,8520.43,97.87,11.0
PMT-0277,F-28,2023-11-01,7209.26,93.73,6.7
PMT-0277,F-28,2023-12-01,6882.65,86.94,5.8
PMT-0277,F-28,2024-01-01,7426.25,96.81,6.1
PMT-0277,F-28,2024-02-01,8715.76,93.22,10.1
PMT-0277,F-28,2024-03-01,10327.63,91.85,15.6
PMT-0277,F-28,2024-04-01,12104.56,96.07,24.2
PMT-0277,F-28,2024-05-01,12948.09,89.55,30.1
PMT-0277,F-28,2024-06-01,13640.56,91.27,31.6
PMT-0277,F-28,2024-07-01,13588.38,88.16,30.9
PMT-0277,F-28,2024-08-01,11842.68,90.68,24.2
PMT-0277,F-28,2024-09-01,9895.31,98.37,20.2
PMT-0277,F-28,2024-10-01,8640.88,92.3,10.6
PMT-0277,F-28,2024-11-01,7581.02,89.32,5.1
PMT-0277,F-28,2024-12-01,6754.67,89.58,4.6
PMT-0278,F-28,2022-01-01,6070.84,88.89,7.1
PMT-0278,F-28,2022-02-01,7404.82,89.2,11.5
PMT-0278,F-28,2022-03-01,9001.89,92.29,17.4
PMT-0278,F-28,2022-04-01,10428.54,90.84,22.8
PMT-0278,F-28,2022-05-01,11408.01,87.08,28.1
PMT-0278,F-28,2022-06-01,11680.29,91.96,33.4
PMT-0278,F-28,2022-07-01,11695.35,92.96,29.8
PMT-0278,F-28,2022-08-01,10505.11,90.74,24.6
PMT-0278,F-28,2022-09-01,9202.45,91.69,18.9
PMT-0278,F-28,2022-10-01,7656.77,88.09,14.3
PMT-0278,F-28,2022-11-01,6344.02,91.42,6.8
PMT-0278,F-28,2022-12-01,5878.48,88.91,3.3
PMT-0278,F-28,2023-01-01,6258.8,91.44,4.4
PMT-0278,F-28,2023-02-01,7482.39,95.46,10.0
PMT-0278,F-28,2023-03-01,8985.6,88.52,17.9
PMT-0278,F-28,2023-04-01,10687.61,93.31,25.7
PMT-0278,F-28,2023-05-01,11326.45,93.53,32.3
PMT-0278,F-28,2023-06-01,11831.26,89.07,32.1
PMT-0278,F-28,2023-07-01,12074.11,91.68,30.9
PMT-0278,F-28,2023-08-01,10714.99,88.57,26.8
PMT-0278,F-28,2023-09-01,9012.62,84.75,17.7
PMT-0278,F-28,2023-10-01,7374.64,94.77,10.4
PMT-0278,F-28,2023-11-01,6452.89,88.9,5.4
PMT-0278,F-28,2023-12-01,5844.93,90.06,4.1
PMT-0278,F-28,2024-01-01,6418.7,92.06,5.8
PMT-0278,F-28,2024-02-01,7706.22,89.66,7.7
PMT-0278,F-28,2024-03-01,9338.11,88.25,16.8
PMT-0278,F-28,2024-04-01,10563.09,90.88,23.0
PMT-0278,F-28,2024-05-01,11429.5,92.89,32.9
PMT-0278,F-28,2024-06-01,11973.77,88.68,30.2
PMT-0278,F-28,2024-07-01,11633.17,81.89,29.3
PMT-0278,F-28,2024-08-01,10540.84,85.62,26.3
PMT-0278,F-28,2024-09-01,8854.12,91.51,18.4
PMT-0278,F-28,2024-10-01,7535.71,89.07,10.2
PMT-0278,F-28,2024-11-01,6246.01,90.39,4.0
PMT-0278,F-28,2024-12-01,6022.94,91.23,3.2
PMT-0279,F-28,2022-01-01,17035.28,89.81,5.6
PMT-0279,F-28,2022-02-01,20094.88,91.87,12.5
PMT-0279,F-28,2022-03-01,24862.58,95.16,17.7
PMT-0279,F-28,2022-04-01,29250.68,91.01,25.5
PMT-0279,F-28,2022-05-01,31972.64,91.0,27.8
PMT-0279,F-28,2022-06-01,33139.02,89.79,32.7
PMT-0279,F-28,2022-07-01,32984.47,95.76,30.7
PMT-0279,F-28,2022-08-01,29783.24,90.85,24.5
PMT-0279,F-28,2022-09-01,24719.61,89.59,16.3
PMT-0279,F-28,2022-10-01,21981.3,93.8,10.9
PMT-0279,F-28,2022-11-01,16932.38,89.21,4.4
PMT-0279,F-28,2022-12-01,16472.58,94.46,3.9
PMT-0279,F-28,2023-01-01,16408.68,90.02,6.9
PMT-0279,F-28,2023-02-01,20876.73,88.44,12.0
PMT-0279,F-28,2023-03-01,24649.33,90.77,19.6
PMT-0279,F-28,2023-04-01,27556.86,92.24,25.1
PMT-0279,F-28,2023-05-01,32011.03,90.73,30.0
PMT-0279,F-28,2023-06-01,32147.0,86.17,30.6
PMT-0279,F-28,2023-07-01,31458.69,91.92,29.5
PMT-0279,F-28,2023-08-01,29905.18,96.83,26.5
PMT-0279,F-28,2023-09-01,25519.03,84.17,16.9
PMT-0279,F-28,2023-10-01,20380.73,91.4,10.4
PMT-0279,F-28,2023-11-01,16487.67,85.31,4.5
PMT-0279,F-28,2023-12-01,15687.16,90.35,2.8
PMT-0279,F-28,2024-01-01,17531.82,87.35,6.1
PMT-0279,F-28,2024-02-01,19877.6,89.42,10.8
PMT-0279,F-28,2024-03-01,24626.67,90.75,19.8
PMT-0279,F-28,2024-04-01,28048.19,89.33,23.8
PMT-0279,F-28,2024-05-01,30630.93,92.13,31.1
PMT-0279,F-28,2024-06-01,33621.19,90.76,32.7
PMT-0279,F-28,2024-07-01,30637.79,93.6,30.5
PMT-0279,F-28,2024-08-01,29623.35,87.0,25.6
PMT-0279,F-28,2024-09-01,23324.55,97.06,18.8
PMT-0279,F-28,2024-10-01,20301.09,94.27,12.1
PMT-0279,F-28,2024-11-01,17024.34,92.69,5.2
PMT-0279,F-28,2024-12-01,16488.57,90.72,3.0
PMT-0280,F-28,2022-01-01,5746.95,85.0,5.0
PMT-0280,F-28,2022-02-01,7076.25,89.56,9.8
PMT-0280,F-28,2022-03-01,8035.66,89.18,20.4
PMT-0280,F-28,2022-04-01,8281.51,89.65,26.0
PMT-0280,F-28,2022-05-01,8117.7,87.81,30.6
PMT-0280,F-28,2022-06-01,8923.84,83.27,32.7
PMT-0280,F-28,2022-07-01,8706.21,90.77,32.7
PMT-0280,F-28,2022-08-01,7718.07,90.96,24.6
PMT-0280,F-28,2022-09-01,7454.75,94.28,16.9
PMT-0280,F-28,2022-10-01,5907.68,86.21,9.3
PMT-0280,F-28,2022-11-01,5413.82,87.54,5.5
PMT-0280,F-28,2022-12-01,5897.23,83.42,4.8
PMT-0280,F-28,2023-01-01,6324.89,89.94,4.4
PMT-0280,F-28,2023-02-01,6992.99,87.93,11.9
PMT-0280,F-28,2023-03-01,8406.41,94.68,18.2
PMT-0280,F-28,2023-04-01,8458.47,89.65,26.7
PMT-0280,F-28,2023-05-01,8622.16,89.52,29.9
PMT-0280,F-28,2023-06-01,8598.04,87.33,32.7
PMT-0280,F-28,2023-07-01,8338.93,92.5,30.1
PMT-0280,F-28,2023-08-01,8680.88,95.42,23.5
PMT-0280,F-28,2023-09-01,6847.12,88.56,20.8
PMT-0280,F-28,2023-10-01,6642.93,88.31,12.4
PMT-0280,F-28,2023-11-01,5571.53,95.37,6.0
PMT-0280,F-28,2023-12-01,5608.93,92.56,3.0
PMT-0280,F-28,2024-01-01,6146.31,90.06,5.7
PMT-0280,F-28,2024-02-01,7253.19,88.41,11.7
PMT-0280,F-28,2024-03-01,8220.23,89.74,18.0
PMT-0280,F-28,2024-04-01,8475.73,93.16,25.1
PMT-0280,F-28,2024-05-01,9144.35,98.62,29.6
PMT-0280,F-28,2024-06-01,9180.45,90.2,29.5
PMT-0280,F-28,2024-07-01,9305.4,94.47,28.9
PMT-0280,F-28,2024-08-01,7321.76,87.91,25.0
PMT-0280,F-28,2024-09-01,7231.04,91.51,17.3
PMT-0280,F-28,2024-10-01,5910.56,94.31,11.5
PMT-0280,F-28,2024-11-01,5678.01,92.04,4.8
PMT-0280,F-28,2024-12-01,5795.7,94.69,3.0
PMT-0281,F-29,2022-01-01,13428.16,89.72,5.5
PMT-0281,F-29,2022-02-01,15917.21,97.05,11.9
PMT-0281,F-29,2022-03-01,19258.15,93.62,18.1
PMT-0281,F-29,2022-04-01,22812.03,89.3,24.9
PMT-0281,F-29,2022-05-01,25490.29,95.73,31.6
PMT-0281,F-29,2022-06-01,23411.17,99.08,32.1
PMT-0281,F-29,2022-07-01,24763.64,96.72,28.5
PMT-0281,F-29,2022-08-01,21401.68,92.84,27.3
PMT-0281,F-29,2022-09-01,19050.2,97.18,20.5
PMT-0281,F-29,2022-10-01,15581.31,100.0,9.4
PMT-0281,F-29,2022-11-01,13125.74,94.29,6.5
PMT-0281,F-29,2022-12-01,13022.15,97.64,3.4
PMT-0281,F-29,2023-01-01,13854.87,100.0,4.7
PMT-0281,F-29,2023-02-01,15537.67,95.47,10.8
PMT-0281,F-29,2023-03-01,12701.76,95.75,18.4
PMT-0281,F-29,2023-04-01,14376.1,96.08,23.5
PMT-0281,F-29,2023-05-01,16289.23,92.56,29.4
PMT-0281,F-29,2023-06-01,23797.43,100.0,32.8
PMT-0281,F-29,2023-07-01,23135.0,97.83,30.9
PMT-0281,F-29,2023-08-01,19925.01,100.0,24.4
PMT-0281,F-29,2023-09-01,18157.63,100.0,18.7
PMT-0281,F-29,2023-10-01,15536.0,96.71,10.8
PMT-0281,F-29,2023-11-01,13562.98,95.71,4.2
PMT-0281,F-29,2023-12-01,12689.4,96.38,4.3
PMT-0281,F-29,2024-01-01,13687.04,100.0,8.3
PMT-0281,F-29,2024-02-01,15492.28,96.41,12.2
PMT-0281,F-29,2024-03-01,19670.45,96.31,17.1
PMT-0281,F-29,2024-04-01,22043.75,98.21,26.9
PMT-0281,F-29,2024-05-01,24720.24,98.21,30.3
PMT-0281,F-29,2024-06-01,24310.33,96.72,31.8
PMT-0281,F-29,2024-07-01,23243.9,100.0,29.7
PMT-0281,F-29,2024-08-01,21485.64,99.98,24.8
PMT-0281,F-29,2024-09-01,19494.58,92.33,15.9
PMT-0281,F-29,2024-10-01,14745.77,95.97,11.2
PMT-0281,F-29,2024-11-01,12675.74,90.53,4.4
PMT-0281,F-29,2024-12-01,11995.7,97.8,5.1
PMT-0282,F-29,2022-01-01,10992.19,90.07,4.2
PMT-0282,F-29,2022-02-01,13065.22,91.16,10.4
PMT-0282,F-29,2022-03-01,15739.09,93.43,17.4
PMT-0282,F-29,2022-04-01,18503.54,94.78,27.3
PMT-0282,F-29,2022-05-01,20572.99,98.13,30.1
PMT-0282,F-29,2022-06-01,20451.91,100.0,32.3
PMT-0282,F-29,2022-07-01,19981.26,97.2,30.9
PMT-0282,F-29,2022-08-01,17875.36,98.64,26.9
PMT-0282,F-29,2022-09-01,15514.15,95.06,18.8
PMT-0282,F-29,2022-10-01,13254.99,93.2,11.3
PMT-0282,F-29,2022-11-01,10750.14,96.23,6.2
PMT-0282,F-29,2022-12-01,10148.83,93.57,3.3
PMT-0282,F-29,2023-01-01,10722.87,97.7,5.7
PMT-0282,F-29,2023-02-01,12561.34,100.0,9.9
PMT-0282,F-29,2023-03-01,15195.65,95.94,17.0
PMT-0282,F-29,2023-04-01,18098.31,90.26,26.4
PMT-0282,F-29,2023-05-01,19516.64,91.05,31.1
PMT-0282,F-29,2023-06-01,20043.88,92.3,30.8
PMT-0282,F-29,2023-07-01,19598.38,92.56,30.8
PMT-0282,F-29,2023-08-01,17650.48,98.76,23.3
PMT-0282,F-29,2023-09-01,14674.91,92.79,16.9
PMT-0282,F-29,2023-10-01,12756.24,96.83,10.2
PMT-0282,F-29,2023-11-01,10624.58,100.0,6.3
PMT-0282,F-29,2023-12-01,9838.83,90.3,5.1
PMT-0282,F-29,2024-01-01,10682.1,98.09,7.7
PMT-0282,F-29,2024-02-01,12523.1,100.0,13.4
PMT-0282,F-29,2024-03-01,15032.63,98.44,19.7
PMT-0282,F-29,2024-04-01,17977.62,98.29,26.0
PMT-0282,F-29,2024-05-01,19434.51,92.22,30.9
PMT-0282,F-29,2024-06-01,20549.67,99.42,30.4
PMT-0282,F-29,2024-07-01,19979.15,98.71,30.0
PMT-0282,F-29,2024-08-01,17471.72,95.99,23.3
PMT-0282,F-29,2024-09-01,14499.63,94.88,19.3
PMT-0282,F-29,2024-10-01,12078.47,100.0,11.1
PMT-0282,F-29,2024-11-01,9624.49,96.73,4.3
PMT-0282,F-29,2024-12-01,9822.2,92.21,4.6
PMT-0283,F-29,2022-01-01,6606.81,98.93,5.1
PMT-0283,F-29,2022-02-01,7504.71,96.58,10.8
PMT-0283,F-29,2022-03-01,9203.65,99.74,18.0
PMT-0283,F-29,2022-04-01,10328.54,95.8,24.0
PMT-0283,F-29,2022-05-01,11780.66,91.06,27.8
PMT-0283,F-29,2022-06-01,12392.5,91.78,31.7
PMT-0283,F-29,2022-07-01,11615.32,94.99,30.5
PMT-0283,F-29,2022-08-01,10114.54,93.78,25.2
PMT-0283,F-29,2022-09-01,8864.15,97.6,20.0
PMT-0283,F-29,2022-10-01,7429.22,91.65,8.3
PMT-0283,F-29,2022-11-01,6167.67,99.68,4.8
PMT-0283,F-29,2022-12-01,6108.4,99.95,3.4
PMT-0283,F-29,2023-01-01,6564.24,97.41,5.2
PMT-0283,F-29,2023-02-01,7838.11,100.0,12.1
PMT-0283,F-29,2023-03-01,9006.67,97.1,16.7
PMT-0283,F-29,2023-04-01,10915.88,94.59,26.9
PMT-0283,F-29,2023-05-01,11366.44,100.0,27.9
PMT-0283,F-29,2023-06-01,12009.43,94.24,30.5
PMT-0283,F-29,2023-07-01,11447.08,98.43,28.1
PMT-0283,F-29,2023-08-01,10320.87,96.1,26.9
PMT-0283,F-29,2023-09-01,9103.48,97.56,17.5
PMT-0283,F-29,2023-10-01,7322.41,99.42,11.3
PMT-0283,F-29,2023-11-01,6333.84,94.82,5.0
PMT-0283,F-29,2023-12-01,6009.98,98.65,1.7
PMT-0283,F-29,2024-01-01,6476.41,95.47,3.7
PMT-0283,F-29,2024-02-01,7449.47,97.22,13.2
PMT-0283,F-29,2024-03-01,8979.32,91.21,17.7
PMT-0283,F-29,2024-04-01,10713.08,98.49,24.1
PMT-0283,F-29,2024-05-01,11820.54,96.62,30.3
PMT-0283,F-29,2024-06-01,11793.33,96.65,33.4
PMT-0283,F-29,2024-07-01,10976.12,99.7,28.3
PMT-0283,F-29,2024-08-01,10429.46,94.85,24.2
PMT-0283,F-29,2024-09-01,8792.02,88.94,17.3
PMT-0283,F-29,2024-10-01,7423.33,95.17,9.6
PMT-0283,F-29,2024-11-01,6409.13,97.39,4.6
PMT-0283,F-29,2024-12-01,5998.73,96.24,2.4
PMT-0284,F-29,2022-01-01,13541.04,95.63,7.4
PMT-0284,F-29,2022-02-01,16758.33,95.74,13.6
PMT-0284,F-29,2022-03-01,20165.71,100.0,18.3
PMT-0284,F-29,2022-04-01,22782.26,95.98,27.0
PMT-0284,F-29,2022-05-01,25228.3,92.15,28.1
PMT-0284,F-29,2022-06-01,25901.97,96.66,33.9
PMT-0284,F-29,2022-07-01,25019.87,99.73,29.1
PMT-0284,F-29,2022-08-01,22244.38,93.9,25.8
PMT-0284,F-29,2022-09-01,18679.79,98.52,19.5
PMT-0284,F-29,2022-10-01,16262.13,98.12,12.3
PMT-0284,F-29,2022-11-01,13117.58,96.45,5.7
PMT-0284,F-29,2022-12-01,12752.59,97.04,2.4
PMT-0284,F-29,2023-01-01,13476.59,89.14,5.0
PMT-0284,F-29,2023-02-01,16643.48,99.76,10.9
PMT-0284,F-29,2023-03-01,19887.37,97.29,17.7
PMT-0284,F-29,2023-04-01,21959.02,87.19,25.5
PMT-0284,F-29,2023-05-01,26174.56,91.9,30.8
PMT-0284,F-29,2023-06-01,25602.43,96.41,33.6
PMT-0284,F-29,2023-07-01,25201.46,98.93,29.4
PMT-0284,F-29,2023-08-01,23193.59,93.14,24.2
PMT-0284,F-29,2023-09-01,19077.88,93.94,18.8
PMT-0284,F-29,2023-10-01,16137.29,96.55,9.6
PMT-0284,F-29,2023-11-01,13723.0,92.82,5.3
PMT-0284,F-29,2023-12-01,12827.03,99.84,4.3
PMT-0284,F-29,2024-01-01,13469.66,95.04,6.8
PMT-0284,F-29,2024-02-01,15907.03,98.23,9.0
PMT-0284,F-29,2024-03-01,18905.93,97.96,18.7
PMT-0284,F-29,2024-04-01,22487.77,88.6,26.0
PMT-0284,F-29,2024-05-01,24825.65,93.85,30.0
PMT-0284,F-29,2024-06-01,26742.32,96.65,29.8
PMT-0284,F-29,2024-07-01,25099.76,99.55,30.9
PMT-0284,F-29,2024-08-01,22292.56,100.0,25.4
PMT-0284,F-29,2024-09-01,19826.35,96.68,17.7
PMT-0284,F-29,2024-10-01,15848.67,95.8,10.4
PMT-0284,F-29,2024-11-01,13585.88,95.8,6.3
PMT-0284,F-29,2024-12-01,12590.2,98.63,1.8
PMT-0285,F-29,2022-01-01,12926.64,97.1,6.4
PMT-0285,F-29,2022-02-01,15710.05,96.57,11.2
PMT-0285,F-29,2022-03-01,18658.45,100.0,15.0
PMT-0285,F-29,2022-04-01,23418.85,99.61,23.6
PMT-0285,F-29,2022-05-01,22447.66,94.22,30.2
PMT-0285,F-29,2022-06-01,24623.03,96.36,30.8
PMT-0285,F-29,2022-07-01,23696.61,97.67,31.3
PMT-0285,F-29,2022-08-01,22792.56,99.44,24.7
PMT-0285,F-29,2022-09-01,18717.87,92.68,19.0
PMT-0285,F-29,2022-10-01,15042.38,97.76,11.8
PMT-0285,F-29,2022-11-01,12811.07,96.73,6.3
PMT-0285,F-29,2022-12-01,11729.11,96.79,4.8
PMT-0285,F-29,2023-01-01,12689.89,96.94,7.5
PMT-0285,F-29,2023-02-01,15609.8,92.82,10.1
PMT-0285,F-29,2023-03-01,19596.68,97.6,19.0
PMT-0285,F-29,2023-04-01,22207.45,96.78,25.8
PMT-0285,F-29,2023-05-01,23460.82,94.23,27.8
PMT-0285,F-29,2023-06-01,22319.67,97.98,30.7
PMT-0285,F-29,2023-07-01,22258.42,96.35,30.0
PMT-0285,F-29,2023-08-01,22026.46,100.0,24.5
PMT-0285,F-29,2023-09-01,19008.24,93.08,17.1
PMT-0285,F-29,2023-10-01,15114.19,96.36,10.1
PMT-0285,F-29,2023-11-01,12780.06,96.18,6.0
PMT-0285,F-29,2023-12-01,13053.54,97.23,3.0
PMT-0285,F-29,2024-01-01,12660.7,94.68,5.0
PMT-0285,F-29,2024-02-01,16093.16,97.65,10.5
PMT-0285,F-29,2024-03-01,18318.27,96.12,16.6
PMT-0285,F-29,2024-04-01,21341.13,92.08,24.8
PMT-0285,F-29,2024-05-01,22807.72,94.97,32.1
PMT-0285,F-29,2024-06-01,25171.29,97.46,32.6
PMT-0285,F-29,2024-07-01,23136.54,94.26,31.8
PMT-0285,F-29,2024-08-01,20881.95,94.27,24.1
PMT-0285,F-29,2024-09-01,17428.13,100.0,18.9
PMT-0285,F-29,2024-10-01,14602.13,93.89,10.5
PMT-0285,F-29,2024-11-01,12964.74,96.83,7.3
PMT-0285,F-29,2024-12-01,12187.48,96.93,4.0
PMT-0286,F-29,2022-01-01,23472.27,93.93,5.4
PMT-0286,F-29,2022-02-01,26542.05,100.0,10.9
PMT-0286,F-29,2022-03-01,30902.2,98.75,17.5
PMT-0286,F-29,2022-04-01,37441.47,100.0,26.8
PMT-0286,F-29,2022-05-01,42446.37,94.28,27.8
PMT-0286,F-29,2022-06-01,43088.81,98.29,33.6
PMT-0286,F-29,2022-07-01,44710.53,97.29,31.0
PMT-0286,F-29,2022-08-01,35703.7,96.81,23.0
PMT-0286,F-29,2022-09-01,32293.4,100.0,17.4
PMT-0286,F-29,2022-10-01,25151.59,93.21,11.0
PMT-0286,F-29,2022-11-01,23223.02,94.31,6.6
PMT-0286,F-29,2022-12-01,19965.77,95.63,3.8
PMT-0286,F-29,2023-01-01,22419.54,95.65,5.3
PMT-0286,F-29,2023-02-01,26245.01,96.28,11.3
PMT-0286,F-29,2023-03-01,31890.39,99.54,19.3
PMT-0286,F-29,2023-04-01,35653.08,98.72,26.0
PMT-0286,F-29,2023-05-01,39630.17,97.77,30.2
PMT-0286,F-29,2023-06-01,45010.75,94.65,33.4
PMT-0286,F-29,2023-07-01,37315.26,97.57,28.3
PMT-0286,F-29,2023-08-01,33460.41,97.8,26.2
PMT-0286,F-29,2023-09-01,28232.81,99.96,18.1
PMT-0286,F-29,2023-10-01,22877.6,95.12,11.5
PMT-0286,F-29,2023-11-01,20156.55,95.33,6.6
PMT-0286,F-29,2023-12-01,17738.46,99.26,3.7
PMT-0286,F-29,2024-01-01,21032.69,98.65,4.2
PMT-0286,F-29,2024-02-01,23351.65,99.81,13.6
PMT-0286,F-29,2024-03-01,29724.42,92.15,17.1
PMT-0286,F-29,2024-04-01,33260.89,98.38,25.4
PMT-0286,F-29,2024-05-01,36768.49,94.0,27.0
PMT-0286,F-29,2024-06-01,37715.59,95.12,31.1
PMT-0286,F-29,2024-07-01,36712.89,94.25,30.3
PMT-0286,F-29,2024-08-01,34979.7,99.01,24.4
PMT-0286,F-29,2024-09-01,29697.69,96.68,19.7
PMT-0286,F-29,2024-10-01,24042.44,97.19,11.6
PMT-0286,F-29,2024-11-01,20606.6,96.69,3.9
PMT-0286,F-29,2024-12-01,18285.85,94.31,4.0
PMT-0287,F-29,2022-01-01,13169.72,90.6,5.1
PMT-0287,F-29,2022-02-01,15849.32,91.21,12.2
PMT-0287,F-29,2022-03-01,18316.68,95.95,17.1
PMT-0287,F-29,2022-04-01,22653.03,87.32,25.2
PMT-0287,F-29,2022-05-01,23756.38,95.56,31.1
PMT-0287,F-29,2022-06-01,25345.81,98.92,33.4
PMT-0287,F-29,2022-07-01,24643.6,92.21,31.4
PMT-0287,F-29,2022-08-01,22212.49,94.21,26.6
PMT-0287,F-29,2022-09-01,17508.98,100.0,15.3
PMT-0287,F-29,2022-10-01,16080.71,95.33,10.0
PMT-0287,F-29,2022-11-01,13819.01,92.64,4.3
PMT-0287,F-29,2022-12-01,12507.11,98.11,4.1
PMT-0287,F-29,2023-01-01,13972.12,91.72,6.4
PMT-0287,F-29,2023-02-01,16143.5,94.15,11.1
PMT-0287,F-29,2023-03-01,19479.56,93.8,16.2
PMT-0287,F-29,2023-04-01,22265.49,95.33,24.5
PMT-0287,F-29,2023-05-01,24888.52,100.0,31.9
PMT-0287,F-29,2023-06-01,22545.25,97.43,30.6
PMT-0287,F-29,2023-07-01,24499.28,94.67,28.0
PMT-0287,F-29,2023-08-01,21769.82,93.3,25.3
PMT-0287,F-29,2023-09-01,18404.1,95.66,18.3
PMT-0287,F-29,2023-10-01,15286.48,100.0,12.4
PMT-0287,F-29,2023-11-01,13004.55,94.37,6.5
PMT-0287,F-29,2023-12-01,12266.47,97.2,5.8
PMT-0287,F-29,2024-01-01,13639.22,95.17,4.3
PMT-0287,F-29,2024-02-01,15802.94,95.0,11.0
PMT-0287,F-29,2024-03-01,18926.09,92.89,18.1
PMT-0287,F-29,2024-04-01,22001.51,98.5,23.3
PMT-0287,F-29,2024-05-01,24888.97,95.76,29.8
PMT-0287,F-29,2024-06-01,25503.39,97.84,29.9
PMT-0287,F-29,2024-07-01,23998.95,84.28,28.9
PMT-0287,F-29,2024-08-01,21288.52,99.87,25.9
PMT-0287,F-29,2024-09-01,18214.03,95.48,18.0
PMT-0287,F-29,2024-10-01,15152.9,99.45,12.2
PMT-0287,F-29,2024-11-01,13284.15,91.89,3.6
PMT-0287,F-29,2024-12-01,12932.48,98.48,3.2
PMT-0288,F-29,2022-01-01,14805.25,93.28,7.8
PMT-0288,F-29,2022-02-01,17434.48,98.55,13.2
PMT-0288,F-29,2022-03-01,20221.56,92.83,17.8
PMT-0288,F-29,2022-04-01,23590.59,96.07,25.7
PMT-0288,F-29,2022-05-01,25458.06,95.03,28.3
PMT-0288,F-29,2022-06-01,27478.56,95.64,34.3
PMT-0288,F-29,2022-07-01,26240.61,92.5,30.5
PMT-0288,F-29,2022-08-01,23881.4,97.8,24.6
PMT-0288,F-29,2022-09-01,20656.98,94.43,17.6
PMT-0288,F-29,2022-10-01,17531.15,98.03,9.2
PMT-0288,F-29,2022-11-01,13925.05,99.29,6.3
PMT-0288,F-29,2022-12-01,13722.52,94.58,3.0
PMT-0288,F-29,2023-01-01,14272.16,94.77,6.0
PMT-0288,F-29,2023-02-01,17079.83,96.46,13.1
PMT-0288,F-29,2023-03-01,20869.83,100.0,19.3
PMT-0288,F-29,2023-04-01,23644.88,99.92,24.8
PMT-0288,F-29,2023-05-01,26553.34,94.32,31.0
PMT-0288,F-29,2023-06-01,26862.1,94.67,32.8
PMT-0288,F-29,2023-07-01,26772.41,100.0,29.9
PMT-0288,F-29,2023-08-01,23438.76,95.53,24.1
PMT-0288,F-29,2023-09-01,20802.16,94.1,16.4
PMT-0288,F-29,2023-10-01,16660.75,98.69,10.5
PMT-0288,F-29,2023-11-01,14407.41,98.78,7.3
PMT-0288,F-29,2023-12-01,13549.8,96.94,2.0
PMT-0288,F-29,2024-01-01,14184.08,96.57,4.7
PMT-0288,F-29,2024-02-01,17324.41,100.0,12.1
PMT-0288,F-29,2024-03-01,20344.53,94.1,20.0
PMT-0288,F-29,2024-04-01,23291.89,95.86,25.2
PMT-0288,F-29,2024-05-01,25930.8,100.0,28.8
PMT-0288,F-29,2024-06-01,26829.67,99.01,32.8
PMT-0288,F-29,2024-07-01,26495.35,96.72,28.4
PMT-0288,F-29,2024-08-01,24512.96,99.59,25.9
PMT-0288,F-29,2024-09-01,20481.04,98.89,18.4
PMT-0288,F-29,2024-10-01,15868.6,100.0,7.5
PMT-0288,F-29,2024-11-01,14127.31,95.28,7.1
PMT-0288,F-29,2024-12-01,13031.53,95.59,3.6
PMT-0289,F-29,2022-01-01,13765.45,95.55,4.1
PMT-0289,F-29,2022-02-01,16569.79,100.0,10.8
PMT-0289,F-29,2022-03-01,20744.49,100.0,17.7
PMT-0289,F-29,2022-04-01,23085.76,98.17,23.1
PMT-0289,F-29,2022-05-01,26374.13,92.81,30.9
PMT-0289,F-29,2022-06-01,27343.64,99.16,31.4
PMT-0289,F-29,2022-07-01,25336.6,94.5,32.6
PMT-0289,F-29,2022-08-01,23199.53,96.45,27.3
PMT-0289,F-29,2022-09-01,19055.05,96.73,18.6
PMT-0289,F-29,2022-10-01,16715.28,97.86,10.5
PMT-0289,F-29,2022-11-01,14230.29,98.22,6.2
PMT-0289,F-29,2022-12-01,13480.36,98.36,2.9
PMT-0289,F-29,2023-01-01,14169.3,99.08,5.8
PMT-0289,F-29,2023-02-01,15938.06,98.16,10.7
PMT-0289,F-29,2023-03-01,20154.8,100.0,19.0
PMT-0289,F-29,2023-04-01,22725.64,96.33,25.3
PMT-0289,F-29,2023-05-01,24678.54,98.55,31.9
PMT-0289,F-29,2023-06-01,27553.89,99.13,29.8
PMT-0289,F-29,2023-07-01,26160.73,97.95,29.3
PMT-0289,F-29,2023-08-01,22533.71,94.84,24.4
PMT-0289,F-29,2023-09-01,19643.75,95.32,17.5
PMT-0289,F-29,2023-10-01,16317.33,97.34,11.6
PMT-0289,F-29,2023-11-01,14267.19,95.29,5.5
PMT-0289,F-29,2023-12-01,13019.96,93.72,4.7
PMT-0289,F-29,2024-01-01,13935.34,91.7,6.5
PMT-0289,F-29,2024-02-01,16673.26,99.85,10.0
PMT-0289,F-29,2024-03-01,21253.4,100.0,18.3
PMT-0289,F-29,2024-04-01,24456.11,99.0,24.6
PMT-0289,F-29,2024-05-01,25736.74,93.46,29.0
PMT-0289,F-29,2024-06-01,26947.53,94.34,32.0
PMT-0289,F-29,2024-07-01,25320.1,99.81,30.5
PMT-0289,F-29,2024-08-01,22833.91,95.44,26.3
PMT-0289,F-29,2024-09-01,20172.45,96.11,16.3
PMT-0289,F-29,2024-10-01,16003.0,96.66,12.0
PMT-0289,F-29,2024-11-01,13785.97,100.0,6.4
PMT-0289,F-29,2024-12-01,13350.48,94.13,6.2
PMT-0290,F-29,2022-01-01,15485.5,94.75,3.7
PMT-0290,F-29,2022-02-01,17482.15,93.48,12.5
PMT-0290,F-29,2022-03-01,21163.08,97.22,18.2
PMT-0290,F-29,2022-04-01,22082.3,92.69,23.5
PMT-0290,F-29,2022-05-01,24178.34,95.51,29.5
PMT-0290,F-29,2022-06-01,24095.6,95.26,30.8
PMT-0290,F-29,2022-07-01,23554.66,96.68,28.9
PMT-0290,F-29,2022-08-01,21213.39,95.83,24.3
PMT-0290,F-29,2022-09-01,17779.36,97.64,15.1
PMT-0290,F-29,2022-10-01,16480.5,93.5,11.2
PMT-0290,F-29,2022-11-01,14221.13,93.8,5.9
PMT-0290,F-29,2022-12-01,14048.48,95.89,2.5
PMT-0290,F-29,2023-01-01,15228.88,94.69,4.2
PMT-0290,F-29,2023-02-01,17084.78,95.73,13.2
PMT-0290,F-29,2023-03-01,19573.88,95.63,18.1
PMT-0290,F-29,2023-04-01,24050.88,96.16,26.8
PMT-0290,F-29,2023-05-01,24304.08,94.7,29.0
PMT-0290,F-29,2023-06-01,23251.28,98.73,31.8
PMT-0290,F-29,2023-07-01,22882.76,95.99,30.3
PMT-0290,F-29,2023-08-01,21974.26,95.1,25.5
PMT-0290,F-29,2023-09-01,16774.65,99.31,18.5
PMT-0290,F-29,2023-10-01,16595.66,92.87,9.8
PMT-0290,F-29,2023-11-01,15292.59,98.97,6.0
PMT-0290,F-29,2023-12-01,13871.77,98.18,4.6
PMT-0290,F-29,2024-01-01,15586.77,96.19,8.8
PMT-0290,F-29,2024-02-01,18442.32,92.18,10.3
PMT-0290,F-29,2024-03-01,20276.53,96.55,20.0
PMT-0290,F-29,2024-04-01,24030.28,97.95,24.5
PMT-0290,F-29,2024-05-01,24320.75,92.84,31.2
PMT-0290,F-29,2024-06-01,24861.94,91.93,31.7
PMT-0290,F-29,2024-07-01,26132.24,96.52,28.6
PMT-0290,F-29,2024-08-01,22771.49,94.74,24.4
PMT-0290,F-29,2024-09-01,17683.36,98.88,18.0
PMT-0290,F-29,2024-10-01,16574.37,98.88,10.8
PMT-0290,F-29,2024-11-01,15067.86,93.4,7.4
PMT-0290,F-29,2024-12-01,13703.91,94.03,3.3
PMT-0291,F-30,2022-01-01,6608.69,82.26,6.8
PMT-0291,F-30,2022-02-01,8025.13,83.87,10.0
PMT-0291,F-30,2022-03-01,9239.4,87.57,18.0
PMT-0291,F-30,2022-04-01,11227.71,92.12,25.3
PMT-0291,F-30,2022-05-01,12088.49,87.41,28.6
PMT-0291,F-30,2022-06-01,12509.95,83.74,31.0
PMT-0291,F-30,2022-07-01,12112.68,85.46,29.6
PMT-0291,F-30,2022-08-01,10571.17,86.54,25.3
PMT-0291,F-30,2022-09-01,9483.58,87.58,16.2
PMT-0291,F-30,2022-10-01,7654.01,90.25,10.8
PMT-0291,F-30,2022-11-01,6808.64,87.8,8.0
PMT-0291,F-30,2022-12-01,6183.29,83.93,4.4
PMT-0291,F-30,2023-01-01,6602.65,87.16,6.3
PMT-0291,F-30,2023-02-01,7727.84,87.0,10.2
PMT-0291,F-30,2023-03-01,9426.79,86.33,16.9
PMT-0291,F-30,2023-04-01,11080.09,87.29,22.4
PMT-0291,F-30,2023-05-01,12098.05,81.53,31.3
PMT-0291,F-30,2023-06-01,12746.53,84.16,30.9
PMT-0291,F-30,2023-07-01,11951.01,80.19,30.6
PMT-0291,F-30,2023-08-01,10898.52,87.26,25.1
PMT-0291,F-30,2023-09-01,9019.04,89.2,18.6
PMT-0291,F-30,2023-10-01,7726.66,87.8,8.5
PMT-0291,F-30,2023-11-01,6812.45,80.3,5.8
PMT-0291,F-30,2023-12-01,6325.24,83.57,5.3
PMT-0291,F-30,2024-01-01,6658.86,81.84,5.2
PMT-0291,F-30,2024-02-01,7672.23,88.41,11.6
PMT-0291,F-30,2024-03-01,8955.96,79.05,18.9
PMT-0291,F-30,2024-04-01,11087.8,88.58,22.5
PMT-0291,F-30,2024-05-01,11906.53,82.34,30.6
PMT-0291,F-30,2024-06-01,12379.69,82.68,32.0
PMT-0291,F-30,2024-07-01,12057.93,82.86,30.1
PMT-0291,F-30,2024-08-01,10415.29,81.84,26.0
PMT-0291,F-30,2024-09-01,8287.92,84.22,16.5
PMT-0291,F-30,2024-10-01,6841.48,82.04,12.6
PMT-0291,F-30,2024-11-01,6624.73,84.66,5.0
PMT-0291,F-30,2024-12-01,6344.89,87.49,4.6
PMT-0292,F-30,2022-01-01,15536.42,87.09,9.4
PMT-0292,F-30,2022-02-01,17208.77,89.1,10.5
PMT-0292,F-30,2022-03-01,20781.94,88.68,17.8
PMT-0292,F-30,2022-04-01,24073.64,88.74,24.6
PMT-0292,F-30,2022-05-01,24436.84,86.84,29.4
PMT-0292,F-30,2022-06-01,24493.71,88.62,32.0
PMT-0292,F-30,2022-07-01,24350.14,82.46,31.1
PMT-0292,F-30,2022-08-01,21989.39,82.69,24.7
PMT-0292,F-30,2022-09-01,18904.97,84.04,19.0
PMT-0292,F-30,2022-10-01,16885.62,80.84,11.0
PMT-0292,F-30,2022-11-01,13846.0,87.36,3.9
PMT-0292,F-30,2022-12-01,14141.85,87.3,2.7
PMT-0292,F-30,2023-01-01,15186.31,83.25,6.9
PMT-0292,F-30,2023-02-01,17217.82,83.83,9.7
PMT-0292,F-30,2023-03-01,20444.43,82.43,18.7
PMT-0292,F-30,2023-04-01,23705.56,87.55,25.3
PMT-0292,F-30,2023-05-01,23891.38,81.06,31.2
PMT-0292,F-30,2023-06-01,26171.55,80.86,32.3
PMT-0292,F-30,2023-07-01,24113.43,86.04,29.8
PMT-0292,F-30,2023-08-01,21255.1,84.61,25.0
PMT-0292,F-30,2023-09-01,20007.65,89.47,18.2
PMT-0292,F-30,2023-10-01,16939.13,88.78,14.6
PMT-0292,F-30,2023-11-01,15054.04,82.74,4.4
PMT-0292,F-30,2023-12-01,14148.79,85.36,4.3
PMT-0292,F-30,2024-01-01,15280.02,80.86,7.2
PMT-0292,F-30,2024-02-01,17336.01,87.68,9.5
PMT-0292,F-30,2024-03-01,20855.23,80.2,16.2
PMT-0292,F-30,2024-04-01,23277.22,90.1,26.2
PMT-0292,F-30,2024-05-01,25293.91,82.52,30.3
PMT-0292,F-30,2024-06-01,24374.81,87.54,31.0
PMT-0292,F-30,2024-07-01,24652.2,84.13,31.2
PMT-0292,F-30,2024-08-01,21198.55,89.0,26.3
PMT-0292,F-30,2024-09-01,18057.08,89.2,17.2
PMT-0292,F-30,2024-10-01,16175.77,89.09,10.7
PMT-0292,F-30,2024-11-01,14491.03,84.55,4.9
PMT-0292,F-30,2024-12-01,13669.05,85.19,6.2
PMT-0293,F-30,2022-01-01,9764.66,83.99,4.9
PMT-0293,F-30,2022-02-01,11630.38,89.48,9.4
PMT-0293,F-30,2022-03-01,13087.28,85.6,15.9
PMT-0293,F-30,2022-04-01,15348.22,86.27,25.0
PMT-0293,F-30,2022-05-01,16136.94,87.19,28.6
PMT-0293,F-30,2022-06-01,16394.44,84.54,32.0
PMT-0293,F-30,2022-07-01,16384.68,85.62,30.0
PMT-0293,F-30,2022-08-01,14923.11,84.88,25.8
PMT-0293,F-30,2022-09-01,12462.06,86.62,20.5
PMT-0293,F-30,2022-10-01,9971.17,79.62,10.6
PMT-0293,F-30,2022-11-01,8586.02,84.43,6.1
PMT-0293,F-30,2022-12-01,8537.74,87.01,4.7
PMT-0293,F-30,2023-01-01,9951.93,86.62,6.4
PMT-0293,F-30,2023-02-01,11332.57,83.19,11.6
PMT-0293,F-30,2023-03-01,13002.38,85.71,20.9
PMT-0293,F-30,2023-04-01,14363.85,87.25,24.6
PMT-0293,F-30,2023-05-01,15590.3,91.58,28.5
PMT-0293,F-30,2023-06-01,16094.07,83.94,30.7
PMT-0293,F-30,2023-07-01,13862.51,88.15,31.4
PMT-0293,F-30,2023-08-01,11968.52,87.5,26.8
PMT-0293,F-30,2023-09-01,10516.53,90.31,17.1
PMT-0293,F-30,2023-10-01,10528.66,86.79,9.9
PMT-0293,F-30,2023-11-01,9182.26,86.26,5.1
PMT-0293,F-30,2023-12-01,9062.95,83.95,4.6
PMT-0293,F-30,2024-01-01,9432.43,80.14,6.4
PMT-0293,F-30,2024-02-01,10902.86,83.12,12.1
PMT-0293,F-30,2024-03-01,12946.35,85.58,18.8
PMT-0293,F-30,2024-04-01,14956.46,87.74,24.1
PMT-0293,F-30,2024-05-01,14280.13,86.26,29.7
PMT-0293,F-30,2024-06-01,13879.55,85.63,34.0
PMT-0293,F-30,2024-07-01,15558.68,90.57,30.2
PMT-0293,F-30,2024-08-01,14326.01,81.15,24.8
PMT-0293,F-30,2024-09-01,12240.65,89.25,16.8
PMT-0293,F-30,2024-10-01,10331.02,84.53,11.1
PMT-0293,F-30,2024-11-01,9193.07,91.61,5.5
PMT-0293,F-30,2024-12-01,8830.74,85.61,3.1
PMT-0294,F-30,2022-01-01,10943.8,85.29,7.5
PMT-0294,F-30,2022-02-01,13172.79,81.89,9.2
PMT-0294,F-30,2022-03-01,15884.61,86.11,18.3
PMT-0294,F-30,2022-04-01,18676.74,86.01,23.6
PMT-0294,F-30,2022-05-01,20254.05,84.68,29.8
PMT-0294,F-30,2022-06-01,21512.92,84.39,32.6
PMT-0294,F-30,2022-07-01,21535.1,86.01,29.0
PMT-0294,F-30,2022-08-01,17365.31,82.71,25.8
PMT-0294,F-30,2022-09-01,15000.03,88.18,18.6
PMT-0294,F-30,2022-10-01,12644.45,82.53,11.3
PMT-0294,F-30,2022-11-01,10892.26,87.41,5.9
PMT-0294,F-30,2022-12-01,10319.14,80.81,3.7
PMT-0294,F-30,2023-01-01,11371.51,87.37,6.3
PMT-0294,F-30,2023-02-01,13394.11,80.64,10.9
PMT-0294,F-30,2023-03-01,15903.88,87.48,19.4
PMT-0294,F-30,2023-04-01,17457.51,84.36,25.4
PMT-0294,F-30,2023-05-01,19667.15,84.63,29.4
PMT-0294,F-30,2023-06-01,20702.81,87.0,32.5
PMT-0294,F-30,2023-07-01,20242.69,89.46,29.6
PMT-0294,F-30,2023-08-01,18263.86,81.46,25.3
PMT-0294,F-30,2023-09-01,15324.3,83.13,18.9
PMT-0294,F-30,2023-10-01,13013.02,87.08,9.6
PMT-0294,F-30,2023-11-01,10592.76,84.28,6.7
PMT-0294,F-30,2023-12-01,9676.25,88.78,4.8
PMT-0294,F-30,2024-01-01,9825.8,83.17,4.7
PMT-0294,F-30,2024-02-01,12534.71,87.51,8.2
PMT-0294,F-30,2024-03-01,15740.25,84.16,16.3
PMT-0294,F-30,2024-04-01,19128.17,82.7,24.9
PMT-0294,F-30,2024-05-01,20721.89,88.01,31.7
PMT-0294,F-30,2024-06-01,20414.18,79.91,31.9
PMT-0294,F-30,2024-07-01,19577.23,83.02,30.0
PMT-0294,F-30,2024-08-01,18330.1,85.75,27.0
PMT-0294,F-30,2024-09-01,15577.99,87.75,16.0
PMT-0294,F-30,2024-10-01,12747.77,83.19,12.6
PMT-0294,F-30,2024-11-01,10569.54,84.76,5.6
PMT-0294,F-30,2024-12-01,10384.54,79.52,4.6
PMT-0295,F-30,2022-01-01,11869.59,80.85,6.2
PMT-0295,F-30,2022-02-01,13847.54,86.37,10.4
PMT-0295,F-30,2022-03-01,16671.27,87.36,20.8
PMT-0295,F-30,2022-04-01,18673.26,89.45,24.3
PMT-0295,F-30,2022-05-01,21260.59,83.56,27.4
PMT-0295,F-30,2022-06-01,22041.27,90.12,31.3
PMT-0295,F-30,2022-07-01,21569.29,92.14,27.9
PMT-0295,F-30,2022-08-01,18553.33,82.76,25.1
PMT-0295,F-30,2022-09-01,15778.48,79.01,17.9
PMT-0295,F-30,2022-10-01,14084.98,82.64,9.0
PMT-0295,F-30,2022-11-01,11453.57,81.1,6.1
PMT-0295,F-30,2022-12-01,11571.34,82.01,3.9
PMT-0295,F-30,2023-01-01,12703.97,83.63,5.5
PMT-0295,F-30,2023-02-01,14742.69,91.01,10.0
PMT-0295,F-30,2023-03-01,15359.4,81.96,16.6
PMT-0295,F-30,2023-04-01,21196.05,82.38,25.5
PMT-0295,F-30,2023-05-01,21089.25,87.19,29.6
PMT-0295,F-30,2023-06-01,22909.3,86.34,32.7
PMT-0295,F-30,2023-07-01,20890.99,93.9,30.6
PMT-0295,F-30,2023-08-01,19097.74,85.2,24.2
PMT-0295,F-30,2023-09-01,16025.79,85.96,19.0
PMT-0295,F-30,2023-10-01,13831.07,79.95,12.3
PMT-0295,F-30,2023-11-01,11857.97,79.8,4.5
PMT-0295,F-30,2023-12-01,11570.96,87.05,3.1
PMT-0295,F-30,2024-01-01,11003.78,84.35,4.9
PMT-0295,F-30,2024-02-01,15901.27,86.86,10.7
PMT-0295,F-30,2024-03-01,17017.43,87.05,18.7
PMT-0295,F-30,2024-04-01,20515.0,82.46,25.9
PMT-0295,F-30,2024-05-01,21942.1,89.3,31.9
PMT-0295,F-30,2024-06-01,22544.36,81.62,31.5
PMT-0295,F-30,2024-07-01,20814.94,90.61,29.5
PMT-0295,F-30,2024-08-01,19172.44,89.76,24.4
PMT-0295,F-30,2024-09-01,16111.17,89.98,17.6
PMT-0295,F-30,2024-10-01,12996.48,88.56,10.1
PMT-0295,F-30,2024-11-01,12067.74,85.27,6.3
PMT-0295,F-30,2024-12-01,11430.9,85.8,5.2
PMT-0296,F-30,2022-01-01,16988.56,84.55,8.6
PMT-0296,F-30,2022-02-01,21506.24,88.13,11.2
PMT-0296,F-30,2022-03-01,22570.61,85.12,16.4
PMT-0296,F-30,2022-04-01,27415.07,80.59,25.4
PMT-0296,F-30,2022-05-01,29887.29,81.68,28.9
PMT-0296,F-30,2022-06-01,27068.32,81.99,32.3
PMT-0296,F-30,2022-07-01,31169.52,80.95,26.7
PMT-0296,F-30,2022-08-01,24566.06,90.86,26.1
PMT-0296,F-30,2022-09-01,22304.7,86.16,17.8
PMT-0296,F-30,2022-10-01,19297.98,88.8,10.9
PMT-0296,F-30,2022-11-01,16828.16,82.22,5.6
PMT-0296,F-30,2022-12-01,16207.98,85.49,1.9
PMT-0296,F-30,2023-01-01,16578.59,80.27,6.7
PMT-0296,F-30,2023-02-01,18226.97,87.22,8.9
PMT-0296,F-30,2023-03-01,23315.67,88.63,18.9
PMT-0296,F-30,2023-04-01,26240.18,86.31,24.8
PMT-0296,F-30,2023-05-01,30875.44,89.25,30.9
PMT-0296,F-30,2023-06-01,27920.0,90.03,32.8
PMT-0296,F-30,2023-07-01,29604.75,83.99,28.9
PMT-0296,F-30,2023-08-01,23948.08,87.4,24.7
PMT-0296,F-30,2023-09-01,24377.26,82.79,16.5
PMT-0296,F-30,2023-10-01,20682.9,91.55,11.8
PMT-0296,F-30,2023-11-01,17434.24,84.91,7.0
PMT-0296,F-30,2023-12-01,15250.63,84.55,5.2
PMT-0296,F-30,2024-01-01,17390.53,88.63,6.4
PMT-0296,F-30,2024-02-01,20307.8,86.14,9.8
PMT-0296,F-30,2024-03-01,23142.3,85.43,17.2
PMT-0296,F-30,2024-04-01,27527.89,84.94,23.2
PMT-0296,F-30,2024-05-01,29080.35,84.28,28.8
PMT-0296,F-30,2024-06-01,26989.44,79.29,31.9
PMT-0296,F-30,2024-07-01,30078.69,85.21,30.8
PMT-0296,F-30,2024-08-01,25315.93,85.35,24.2
PMT-0296,F-30,2024-09-01,21132.11,82.78,18.8
PMT-0296,F-30,2024-10-01,17236.57,88.96,10.7
PMT-0296,F-30,2024-11-01,16276.22,86.3,6.1
PMT-0296,F-30,2024-12-01,14846.27,87.78,1.8
PMT-0297,F-30,2022-01-01,11646.05,91.57,4.8
PMT-0297,F-30,2022-02-01,14015.78,82.98,9.9
PMT-0297,F-30,2022-03-01,15683.34,90.12,19.2
PMT-0297,F-30,2022-04-01,18559.44,83.17,24.5
PMT-0297,F-30,2022-05-01,18593.74,82.31,30.8
PMT-0297,F-30,2022-06-01,19884.58,84.72,31.6
PMT-0297,F-30,2022-07-01,17237.09,83.15,29.6
PMT-0297,F-30,2022-08-01,16741.11,83.43,24.5
PMT-0297,F-30,2022-09-01,13501.59,84.24,18.9
PMT-0297,F-30,2022-10-01,11918.36,86.17,11.0
PMT-0297,F-30,2022-11-01,10977.62,87.34,7.5
PMT-0297,F-30,2022-12-01,10126.19,88.67,1.6
PMT-0297,F-30,2023-01-01,11491.1,87.17,7.0
PMT-0297,F-30,2023-02-01,13254.28,83.95,10.7
PMT-0297,F-30,2023-03-01,15655.11,90.55,17.4
PMT-0297,F-30,2023-04-01,18838.19,88.78,24.4
PMT-0297,F-30,2023-05-01,18111.23,84.88,30.6
PMT-0297,F-30,2023-06-01,18948.94,81.54,29.8
PMT-0297,F-30,2023-07-01,17580.61,86.7,30.9
PMT-0297,F-30,2023-08-01,15705.22,88.61,26.0
PMT-0297,F-30,2023-09-01,14520.1,84.3,17.7
PMT-0297,F-30,2023-10-01,12276.42,85.72,10.1
PMT-0297,F-30,2023-11-01,10425.77,85.8,7.3
PMT-0297,F-30,2023-12-01,9951.57,87.7,3.5
PMT-0297,F-30,2024-01-01,11426.89,84.64,6.6
PMT-0297,F-30,2024-02-01,13492.27,87.51,10.7
PMT-0297,F-30,2024-03-01,15224.87,90.23,14.5
PMT-0297,F-30,2024-04-01,16535.71,87.48,25.5
PMT-0297,F-30,2024-05-01,18262.55,83.75,32.4
PMT-0297,F-30,2024-06-01,18669.21,85.7,31.7
PMT-0297,F-30,2024-07-01,17212.29,88.17,30.6
PMT-0297,F-30,2024-08-01,16171.67,84.87,25.6
PMT-0297,F-30,2024-09-01,13856.97,87.15,18.0
PMT-0297,F-30,2024-10-01,12153.34,90.33,10.4
PMT-0297,F-30,2024-11-01,11543.01,82.88,5.8
PMT-0297,F-30,2024-12-01,10671.32,92.08,2.3
PMT-0298,F-30,2022-01-01,13237.29,81.24,5.9
PMT-0298,F-30,2022-02-01,15550.08,84.04,11.3
PMT-0298,F-30,2022-03-01,19391.84,92.61,17.4
PMT-0298,F-30,2022-04-01,22345.43,85.72,25.2
PMT-0298,F-30,2022-05-01,25050.7,86.31,30.3
PMT-0298,F-30,2022-06-01,24840.02,88.86,33.7
PMT-0298,F-30,2022-07-01,25095.46,84.87,31.8
PMT-0298,F-30,2022-08-01,21817.51,86.49,23.8
PMT-0298,F-30,2022-09-01,19509.9,83.9,16.8
PMT-0298,F-30,2022-10-01,15450.3,87.18,11.3
PMT-0298,F-30,2022-11-01,12879.32,84.39,5.1
PMT-0298,F-30,2022-12-01,11758.04,87.47,3.5
PMT-0298,F-30,2023-01-01,13427.0,83.62,8.0
PMT-0298,F-30,2023-02-01,14834.56,86.34,10.1
PMT-0298,F-30,2023-03-01,18202.68,86.37,16.8
PMT-0298,F-30,2023-04-01,21649.74,84.42,26.4
PMT-0298,F-30,2023-05-01,25020.39,91.77,31.8
PMT-0298,F-30,2023-06-01,25138.86,80.97,31.1
PMT-0298,F-30,2023-07-01,24544.98,87.25,32.6
PMT-0298,F-30,2023-08-01,22524.66,79.66,24.7
PMT-0298,F-30,2023-09-01,18826.36,86.32,16.7
PMT-0298,F-30,2023-10-01,14890.93,89.81,10.3
PMT-0298,F-30,2023-11-01,12735.26,85.15,6.0
PMT-0298,F-30,2023-12-01,12354.78,87.28,3.7
PMT-0298,F-30,2024-01-01,13385.53,84.66,5.7
PMT-0298,F-30,2024-02-01,15404.79,84.39,8.8
PMT-0298,F-30,2024-03-01,17630.29,91.06,20.8
PMT-0298,F-30,2024-04-01,21841.85,85.65,22.0
PMT-0298,F-30,2024-05-01,23240.16,82.78,30.4
PMT-0298,F-30,2024-06-01,24503.88,81.9,31.2
PMT-0298,F-30,2024-07-01,23106.72,86.12,29.0
PMT-0298,F-30,2024-08-01,21706.23,81.39,28.6
PMT-0298,F-30,2024-09-01,17724.1,82.81,18.9
PMT-0298,F-30,2024-10-01,15428.89,85.18,11.7
PMT-0298,F-30,2024-11-01,13042.85,88.31,3.8
PMT-0298,F-30,2024-12-01,12184.63,87.35,2.6
PMT-0299,F-30,2022-01-01,14950.87,89.24,7.3
PMT-0299,F-30,2022-02-01,15658.24,90.13,10.3
PMT-0299,F-30,2022-03-01,21018.82,83.84,20.8
PMT-0299,F-30,2022-04-01,23026.03,85.19,23.9
PMT-0299,F-30,2022-05-01,23778.13,85.53,29.0
PMT-0299,F-30,2022-06-01,23463.8,80.8,30.4
PMT-0299,F-30,2022-07-01,21456.16,88.09,32.8
PMT-0299,F-30,2022-08-01,20275.26,82.27,23.5
PMT-0299,F-30,2022-09-01,17094.97,83.82,16.3
PMT-0299,F-30,2022-10-01,14967.25,85.62,9.8
PMT-0299,F-30,2022-11-01,14302.54,92.05,3.8
PMT-0299,F-30,2022-12-01,13875.77,84.11,4.2
PMT-0299,F-30,2023-01-01,15211.61,85.17,5.6
PMT-0299,F-30,2023-02-01,17436.73,86.95,8.2
PMT-0299,F-30,2023-03-01,19404.49,86.83,17.8
PMT-0299,F-30,2023-04-01,23754.61,80.77,26.0
PMT-0299,F-30,2023-05-01,22379.77,86.39,29.5
PMT-0299,F-30,2023-06-01,22787.33,88.28,31.8
PMT-0299,F-30,2023-07-01,23278.74,88.76,30.4
PMT-0299,F-30,2023-08-01,20294.75,82.68,25.3
PMT-0299,F-30,2023-09-01,18444.31,81.29,20.3
PMT-0299,F-30,2023-10-01,15361.27,84.1,11.4
PMT-0299,F-30,2023-11-01,13512.93,84.22,5.2
PMT-0299,F-30,2023-12-01,12856.34,91.88,3.6
PMT-0299,F-30,2024-01-01,14410.89,88.44,7.0
PMT-0299,F-30,2024-02-01,16827.71,82.12,10.9
PMT-0299,F-30,2024-03-01,19064.47,83.05,21.0
PMT-0299,F-30,2024-04-01,22633.79,84.02,23.5
PMT-0299,F-30,2024-05-01,22848.76,82.2,29.6
PMT-0299,F-30,2024-06-01,23897.09,82.93,31.4
PMT-0299,F-30,2024-07-01,22724.89,87.52,28.3
PMT-0299,F-30,2024-08-01,20095.25,86.17,27.6
PMT-0299,F-30,2024-09-01,19239.45,81.83,19.0
PMT-0299,F-30,2024-10-01,15363.68,83.04,10.9
PMT-0299,F-30,2024-11-01,13978.96,87.15,5.4
PMT-0299,F-30,2024-12-01,13698.95,85.22,3.2
PMT-0300,F-30,2022-01-01,19992.46,84.19,4.7
PMT-0300,F-30,2022-02-01,24117.84,86.67,10.1
PMT-0300,F-30,2022-03-01,29927.25,88.87,18.4
PMT-0300,F-30,2022-04-01,33805.04,90.72,27.1
PMT-0300,F-30,2022-05-01,37976.04,83.8,29.9
PMT-0300,F-30,2022-06-01,36771.65,85.66,33.8
PMT-0300,F-30,2022-07-01,36510.86,83.59,28.7
PMT-0300,F-30,2022-08-01,31044.15,86.02,27.2
PMT-0300,F-30,2022-09-01,27125.21,86.1,16.3
PMT-0300,F-30,2022-10-01,23067.2,91.18,9.9
PMT-0300,F-30,2022-11-01,19541.1,88.92,7.9
PMT-0300,F-30,2022-12-01,19656.22,85.58,3.9
PMT-0300,F-30,2023-01-01,19351.96,86.24,5.8
PMT-0300,F-30,2023-02-01,21726.36,86.44,10.7
PMT-0300,F-30,2023-03-01,27486.47,83.79,18.1
PMT-0300,F-30,2023-04-01,32666.26,81.13,25.9
PMT-0300,F-30,2023-05-01,38070.63,83.8,31.5
PMT-0300,F-30,2023-06-01,37000.42,88.23,32.7
PMT-0300,F-30,2023-07-01,37003.51,80.51,29.4
PMT-0300,F-30,2023-08-01,31788.78,85.05,25.8
PMT-0300,F-30,2023-09-01,27511.03,87.25,16.5
PMT-0300,F-30,2023-10-01,22613.32,85.4,10.9
PMT-0300,F-30,2023-11-01,18546.75,80.71,4.7
PMT-0300,F-30,2023-12-01,18253.87,87.53,4.0
PMT-0300,F-30,2024-01-01,19858.56,92.03,4.3
PMT-0300,F-30,2024-02-01,22949.48,84.5,12.5
PMT-0300,F-30,2024-03-01,28665.69,87.58,19.4
PMT-0300,F-30,2024-04-01,33228.61,89.04,26.3
PMT-0300,F-30,2024-05-01,37047.0,88.03,30.0
PMT-0300,F-30,2024-06-01,38153.47,84.63,32.6
PMT-0300,F-30,2024-07-01,36361.32,84.65,28.4
PMT-0300,F-30,2024-08-01,32639.82,84.42,25.0
PMT-0300,F-30,2024-09-01,28882.56,88.44,18.7
PMT-0300,F-30,2024-10-01,23160.49,86.77,11.7
PMT-0300,F-30,2024-11-01,19545.35,83.71,6.0
PMT-0300,F-30,2024-12-01,17786.97,83.54,5.8
