consumer_id,pmt_id,feeder_id,sanctioned_load_kw,consumer_type,meter_type,is_registered_prosumer
C-000001,PMT-0027,F-03,3.43,residential,electronic,False
C-000002,PMT-0233,F-24,1.72,residential,electronic,False
C-000003,PMT-0197,F-20,3.11,residential,electronic,False
C-000004,PMT-0132,F-14,6.65,residential,analog,False
C-000005,PMT-0130,F-13,4.45,residential,analog,True
C-000006,PMT-0258,F-26,2.2,residential,analog,False
C-000007,PMT-0026,F-03,3.19,residential,analog,False
C-000008,PMT-0210,F-21,7.68,residential,electronic,False
C-000009,PMT-0061,F-07,4.02,residential,electronic,False
C-000010,PMT-0029,F-03,4.09,residential,analog,False
C-000011,PMT-0158,F-16,2.07,residential,analog,False
C-000012,PMT-0293,F-30,3.13,residential,analog,False
C-000013,PMT-0221,F-23,6.7,residential,electronic,False
C-000014,PMT-0229,F-23,6.5,residential,analog,False
C-000015,PMT-0216,F-22,4.05,residential,analog,False
C-000016,PMT-0236,F-24,7.26,residential,analog,False
C-000017,PMT-0154,F-16,3.66,residential,electronic,False
C-000018,PMT-0039,F-04,7.05,residential,analog,False
C-000019,PMT-0252,F-26,1.22,residential,analog,False
C-000020,PMT-0136,F-14,3.43,residential,electronic,False
C-000021,PMT-0151,F-16,22.1,commercial,electronic,False
C-000022,PMT-0112,F-12,23.03,commercial,analog,False
C-000023,PMT-0055,F-06,20.13,commercial,electronic,False
C-000024,PMT-0279,F-28,5.69,residential,analog,False
C-000025,PMT-0235,F-24,6.71,residential,electronic,True
C-000026,PMT-0194,F-20,5.95,residential,analog,False
C-000027,PMT-0121,F-13,2.78,residential,electronic,False
C-000028,PMT-0247,F-25,4.26,residential,electronic,False
C-000029,PMT-0164,F-17,5.62,residential,analog,False
C-000030,PMT-0134,F-14,5.11,residential,analog,False
C-000031,PMT-0136,F-14,7.2,residential,electronic,True
C-000032,PMT-0069,F-07,14.48,commercial,analog,False
C-000033,PMT-0028,F-03,2.25,residential,electronic,False
C-000034,PMT-0167,F-17,2.5,residential,analog,False
C-000035,PMT-0267,F-27,6.92,residential,analog,False
C-000036,PMT-0020,F-02,1.06,residential,electronic,False
C-000037,PMT-0258,F-26,22.38,commercial,analog,False
C-000038,PMT-0249,F-25,1.39,residential,electronic,False
C-000039,PMT-0084,F-09,12.83,commercial,analog,False
C-000040,PMT-0190,F-19,6.6,residential,analog,False
C-000041,PMT-0050,F-05,3.85,residential,analog,True
C-000042,PMT-0228,F-23,6.76,residential,analog,False
C-000043,PMT-0211,F-22,1.7,residential,electronic,False
C-000044,PMT-0107,F-11,4.58,residential,analog,True
C-000045,PMT-0021,F-03,5.08,residential,analog,False
C-000046,PMT-0292,F-30,91.27,industrial,electronic,False
C-000047,PMT-0134,F-14,1.66,residential,analog,False
C-000048,PMT-0268,F-27,11.77,commercial,analog,False
C-000049,PMT-0204,F-21,5.62,residential,electronic,False
C-000050,PMT-0234,F-24,98.39,industrial,electronic,False
C-000051,PMT-0228,F-23,6.94,residential,analog,False
C-000052,PMT-0059,F-06,6.93,residential,electronic,False
C-000053,PMT-0110,F-11,4.62,residential,analog,False
C-000054,PMT-0141,F-15,4.95,residential,analog,False
C-000055,PMT-0150,F-15,22.17,commercial,analog,True
C-000056,PMT-0014,F-02,7.09,residential,electronic,False
C-000057,PMT-0164,F-17,6.62,residential,analog,False
C-000058,PMT-0047,F-05,6.73,residential,electronic,False
C-000059,PMT-0224,F-23,7.16,residential,analog,False
C-000060,PMT-0205,F-21,1.8,residential,analog,False
C-000061,PMT-0277,F-28,3.05,residential,electronic,False
C-000062,PMT-0224,F-23,7.83,residential,electronic,False
C-000063,PMT-0110,F-11,4.81,residential,analog,False
C-000064,PMT-0291,F-30,2.24,residential,analog,False
C-000065,PMT-0124,F-13,15.06,commercial,electronic,False
C-000066,PMT-0098,F-10,5.52,residential,analog,False
C-000067,PMT-0272,F-28,6.8,residential,analog,False
C-000068,PMT-0112,F-12,6.69,residential,analog,False
C-000069,PMT-0023,F-03,1.34,residential,electronic,True
C-000070,PMT-0141,F-15,4.17,residential,analog,False
C-000071,PMT-0239,F-24,1.14,residential,analog,False
C-000072,PMT-0057,F-06,7.22,residential,analog,False
C-000073,PMT-0139,F-14,2.22,residential,analog,False
C-000074,PMT-0039,F-04,5.37,residential,analog,False
C-000075,PMT-0206,F-21,65.65,industrial,analog,False
C-000076,PMT-0143,F-15,5.38,residential,analog,False
C-000077,PMT-0100,F-10,4.94,residential,analog,False
C-000078,PMT-0069,F-07,6.01,residential,analog,False
C-000079,PMT-0170,F-17,5.38,residential,electronic,False
C-000080,PMT-0201,F-21,1.63,residential,analog,False
C-000081,PMT-0283,F-29,3.57,residential,analog,False
C-000082,PMT-0132,F-14,4.83,residential,analog,False
C-000083,PMT-0049,F-05,3.28,residential,analog,False
C-000084,PMT-0250,F-25,6.32,residential,electronic,True
C-000085,PMT-0189,F-19,11.36,commercial,electronic,False
C-000086,PMT-0211,F-22,6.8,residential,electronic,False
C-000087,PMT-0030,F-03,2.03,residential,analog,False
C-000088,PMT-0094,F-10,6.39,residential,electronic,False
C-000089,PMT-0231,F-24,8.67,commercial,analog,False
C-000090,PMT-0250,F-25,4.7,residential,analog,False
C-000091,PMT-0131,F-14,3.24,residential,analog,False
C-000092,PMT-0242,F-25,5.46,residential,analog,False
C-000093,PMT-0253,F-26,2.49,residential,analog,False
C-000094,PMT-0117,F-12,6.57,residential,analog,False
C-000095,PMT-0270,F-27,65.89,industrial,electronic,False
C-000096,PMT-0087,F-09,7.7,residential,electronic,False
C-000097,PMT-0072,F-08,5.98,residential,analog,False
C-000098,PMT-0205,F-21,5.25,residential,analog,True
C-000099,PMT-0192,F-20,21.58,commercial,analog,False
C-000100,PMT-0042,F-05,9.39,commercial,electronic,False
C-000101,PMT-0250,F-25,5.43,residential,analog,False
C-000102,PMT-0060,F-06,3.73,residential,analog,False
C-000103,PMT-0242,F-25,6.21,residential,analog,False
C-000104,PMT-0003,F-01,1.17,residential,analog,False
C-000105,PMT-0240,F-24,13.55,commercial,analog,False
C-000106,PMT-0237,F-24,5.56,residential,electronic,False
C-000107,PMT-0235,F-24,4.22,residential,electronic,False
C-000108,PMT-0200,F-20,2.67,residential,electronic,False
C-000109,PMT-0142,F-15,4.25,residential,analog,False
C-000110,PMT-0212,F-22,21.99,commercial,analog,False
C-000111,PMT-0084,F-09,2.45,residential,electronic,False
C-000112,PMT-0235,F-24,3.57,residential,analog,True
C-000113,PMT-0167,F-17,7.93,residential,analog,True
C-000114,PMT-0138,F-14,23.26,commercial,electronic,False
C-000115,PMT-0152,F-16,1.24,residential,analog,False
C-000116,PMT-0171,F-18,15.61,commercial,analog,False
C-000117,PMT-0012,F-02,1.46,residential,analog,False
C-000118,PMT-0042,F-05,7.47,residential,analog,False
C-000119,PMT-0074,F-08,4.09,residential,analog,False
C-000120,PMT-0035,F-04,3.93,residential,analog,False
C-000121,PMT-0132,F-14,2.91,residential,analog,False
C-000122,PMT-0201,F-21,4.98,residential,electronic,False
C-000123,PMT-0197,F-20,2.01,residential,electronic,False
C-000124,PMT-0142,F-15,6.59,residential,electronic,False
C-000125,PMT-0257,F-26,4.44,residential,electronic,False
C-000126,PMT-0170,F-17,4.97,residential,analog,False
C-000127,PMT-0024,F-03,6.89,residential,analog,False
C-000128,PMT-0230,F-23,2.3,residential,analog,True
C-000129,PMT-0173,F-18,8.5,commercial,analog,False
C-000130,PMT-0191,F-20,53.66,industrial,electronic,False
C-000131,PMT-0170,F-17,6.5,residential,analog,False
C-000132,PMT-0167,F-17,1.41,residential,electronic,False
C-000133,PMT-0028,F-03,6.57,residential,analog,False
C-000134,PMT-0168,F-17,4.51,residential,analog,False
C-000135,PMT-0239,F-24,16.24,commercial,electronic,True
C-000136,PMT-0092,F-10,4.95,residential,analog,False
C-000137,PMT-0181,F-19,1.39,residential,electronic,False
C-000138,PMT-0010,F-01,2.75,residential,electronic,True
C-000139,PMT-0105,F-11,6.29,residential,electronic,False
C-000140,PMT-0132,F-14,13.25,commercial,electronic,False
C-000141,PMT-0295,F-30,4.92,residential,analog,False
C-000142,PMT-0065,F-07,7.61,residential,analog,False
C-000143,PMT-0083,F-09,1.32,residential,electronic,False
C-000144,PMT-0123,F-13,13.99,commercial,analog,False
C-000145,PMT-0298,F-30,3.53,residential,analog,True
C-000146,PMT-0257,F-26,7.13,commercial,analog,False
C-000147,PMT-0011,F-02,24.02,commercial,analog,False
C-000148,PMT-0071,F-08,7.73,residential,analog,False
C-000149,PMT-0247,F-25,11.23,commercial,electronic,False
C-000150,PMT-0018,F-02,7.63,residential,analog,False
C-000151,PMT-0257,F-26,1.25,residential,analog,False
C-000152,PMT-0085,F-09,7.87,residential,analog,False
C-000153,PMT-0276,F-28,6.85,residential,analog,False
C-000154,PMT-0089,F-09,2.5,residential,analog,False
C-000155,PMT-0131,F-14,5.2,residential,electronic,False
C-000156,PMT-0199,F-20,6.59,residential,analog,False
C-000157,PMT-0038,F-04,3.24,residential,analog,False
C-000158,PMT-0168,F-17,3.48,residential,analog,False
C-000159,PMT-0152,F-16,5.4,residential,analog,False
C-000160,PMT-0236,F-24,2.03,residential,electronic,False
C-000161,PMT-0299,F-30,29.46,industrial,electronic,False
C-000162,PMT-0200,F-20,10.0,commercial,electronic,False
C-000163,PMT-0123,F-13,6.19,residential,electronic,True
C-000164,PMT-0122,F-13,3.57,residential,analog,False
C-000165,PMT-0126,F-13,4.55,residential,electronic,False
C-000166,PMT-0245,F-25,2.37,residential,analog,False
C-000167,PMT-0097,F-10,2.36,residential,electronic,False
C-000168,PMT-0051,F-06,5.55,residential,analog,False
C-000169,PMT-0101,F-11,1.76,residential,analog,False
C-000170,PMT-0007,F-01,5.67,residential,analog,False
C-000171,PMT-0032,F-04,3.8,residential,analog,False
C-000172,PMT-0028,F-03,5.7,residential,analog,False
C-000173,PMT-0232,F-24,12.63,commercial,analog,True
C-000174,PMT-0217,F-22,6.92,residential,electronic,False
C-000175,PMT-0210,F-21,1.39,residential,analog,False
C-000176,PMT-0139,F-14,7.25,residential,analog,False
C-000177,PMT-0216,F-22,2.88,residential,analog,False
C-000178,PMT-0049,F-05,1.3,residential,analog,True
C-000179,PMT-0271,F-28,4.94,residential,analog,False
C-000180,PMT-0151,F-16,2.57,residential,analog,False
C-000181,PMT-0282,F-29,4.21,residential,analog,False
C-000182,PMT-0046,F-05,6.62,residential,analog,False
C-000183,PMT-0150,F-15,6.54,residential,analog,False
C-000184,PMT-0209,F-21,5.2,residential,analog,False
C-000185,PMT-0149,F-15,7.85,residential,electronic,False
C-000186,PMT-0134,F-14,14.28,commercial,electronic,False
C-000187,PMT-0050,F-05,1.28,residential,analog,False
C-000188,PMT-0115,F-12,6.74,residential,analog,False
C-000189,PMT-0072,F-08,9.43,commercial,electronic,False
C-000190,PMT-0091,F-10,2.23,residential,analog,False
C-000191,PMT-0206,F-21,1.49,residential,analog,False
C-000192,PMT-0190,F-19,3.3,residential,analog,False
C-000193,PMT-0183,F-19,3.28,residential,analog,False
C-000194,PMT-0109,F-11,3.12,residential,electronic,True
C-000195,PMT-0288,F-29,16.86,commercial,electronic,False
C-000196,PMT-0027,F-03,80.12,industrial,analog,False
C-000197,PMT-0103,F-11,7.56,residential,analog,False
C-000198,PMT-0036,F-04,1.66,residential,electronic,False
C-000199,PMT-0102,F-11,2.05,residential,analog,False
C-000200,PMT-0289,F-29,5.13,residential,analog,False
C-000201,PMT-0110,F-11,1.69,residential,analog,False
C-000202,PMT-0273,F-28,3.6,residential,electronic,False
C-000203,PMT-0149,F-15,5.37,residential,electronic,False
C-000204,PMT-0210,F-21,6.46,residential,analog,False
C-000205,PMT-0138,F-14,2.52,residential,electronic,False
C-000206,PMT-0080,F-08,5.68,residential,analog,False
C-000207,PMT-0230,F-23,5.52,residential,analog,False
C-000208,PMT-0291,F-30,22.19,commercial,electronic,False
C-000209,PMT-0080,F-08,3.2,residential,electronic,False
C-000210,PMT-0234,F-24,6.25,residential,analog,False
C-000211,PMT-0079,F-08,6.26,residential,analog,False
C-000212,PMT-0216,F-22,2.67,residential,electronic,True
C-000213,PMT-0237,F-24,69.69,industrial,analog,False
C-000214,PMT-0135,F-14,18.5,commercial,analog,False
C-000215,PMT-0222,F-23,2.92,residential,analog,False
C-000216,PMT-0082,F-09,4.16,residential,analog,False
C-000217,PMT-0024,F-03,4.05,residential,analog,True
C-000218,PMT-0029,F-03,6.41,residential,analog,False
C-000219,PMT-0135,F-14,1.0,residential,analog,False
C-000220,PMT-0271,F-28,4.51,residential,analog,False
C-000221,PMT-0039,F-04,2.29,residential,analog,False
C-000222,PMT-0137,F-14,5.53,residential,analog,False
C-000223,PMT-0212,F-22,5.76,residential,analog,True
C-000224,PMT-0061,F-07,4.51,residential,analog,False
C-000225,PMT-0217,F-22,4.79,residential,electronic,False
C-000226,PMT-0092,F-10,3.21,residential,electronic,False
C-000227,PMT-0243,F-25,3.19,residential,analog,False
C-000228,PMT-0174,F-18,6.22,residential,electronic,False
C-000229,PMT-0165,F-17,1.92,residential,electronic,False
C-000230,PMT-0054,F-06,6.4,residential,analog,False
C-000231,PMT-0139,F-14,18.1,commercial,electronic,False
C-000232,PMT-0257,F-26,22.69,commercial,analog,False
C-000233,PMT-0006,F-01,2.82,residential,analog,False
C-000234,PMT-0228,F-23,4.54,residential,analog,False
C-000235,PMT-0148,F-15,1.27,residential,analog,False
C-000236,PMT-0216,F-22,7.39,residential,electronic,True
C-000237,PMT-0199,F-20,5.73,residential,electronic,False
C-000238,PMT-0130,F-13,5.36,residential,analog,False
C-000239,PMT-0093,F-10,6.13,residential,analog,True
C-000240,PMT-0189,F-19,2.99,residential,electronic,False
C-000241,PMT-0043,F-05,5.23,residential,electronic,False
C-000242,PMT-0176,F-18,6.61,residential,analog,False
C-000243,PMT-0029,F-03,1.63,residential,analog,False
C-000244,PMT-0195,F-20,7.71,residential,analog,False
C-000245,PMT-0189,F-19,7.24,residential,analog,False
C-000246,PMT-0026,F-03,7.74,residential,electronic,False
C-000247,PMT-0228,F-23,6.66,residential,electronic,False
C-000248,PMT-0125,F-13,3.06,residential,electronic,False
C-000249,PMT-0237,F-24,5.07,residential,analog,False
C-000250,PMT-0013,F-02,7.4,commercial,electronic,True
C-000251,PMT-0054,F-06,6.28,residential,electronic,False
C-000252,PMT-0149,F-15,2.08,residential,electronic,False
C-000253,PMT-0057,F-06,7.07,residential,electronic,False
C-000254,PMT-0099,F-10,9.81,commercial,analog,False
C-000255,PMT-0199,F-20,2.12,residential,analog,False
C-000256,PMT-0044,F-05,6.42,commercial,analog,False
C-000257,PMT-0204,F-21,5.98,residential,analog,False
C-000258,PMT-0032,F-04,2.3,residential,analog,False
C-000259,PMT-0053,F-06,2.38,residential,electronic,False
C-000260,PMT-0177,F-18,2.19,residential,analog,False
C-000261,PMT-0239,F-24,3.14,residential,analog,False
C-000262,PMT-0052,F-06,7.59,residential,analog,False
C-000263,PMT-0090,F-09,4.41,residential,electronic,False
C-000264,PMT-0278,F-28,10.22,commercial,electronic,False
C-000265,PMT-0297,F-30,2.19,residential,analog,False
C-000266,PMT-0175,F-18,1.13,residential,electronic,False
C-000267,PMT-0135,F-14,3.55,residential,electronic,False
C-000268,PMT-0105,F-11,7.2,commercial,electronic,False
C-000269,PMT-0184,F-19,5.54,commercial,electronic,False
C-000270,PMT-0178,F-18,1.72,residential,analog,False
C-000271,PMT-0089,F-09,45.48,industrial,electronic,False
C-000272,PMT-0007,F-01,20.02,commercial,analog,False
C-000273,PMT-0046,F-05,6.34,commercial,electronic,True
C-000274,PMT-0288,F-29,18.57,commercial,analog,False
C-000275,PMT-0126,F-13,5.34,residential,analog,False
C-000276,PMT-0145,F-15,7.17,residential,electronic,True
C-000277,PMT-0141,F-15,2.29,residential,electronic,False
C-000278,PMT-0235,F-24,6.56,residential,electronic,False
C-000279,PMT-0020,F-02,7.05,residential,electronic,False
C-000280,PMT-0025,F-03,7.84,residential,electronic,True
C-000281,PMT-0083,F-09,84.68,industrial,analog,False
C-000282,PMT-0146,F-15,1.87,residential,electronic,False
C-000283,PMT-0202,F-21,95.77,industrial,analog,False
C-000284,PMT-0148,F-15,6.7,residential,analog,False
C-000285,PMT-0133,F-14,2.49,residential,analog,False
C-000286,PMT-0282,F-29,2.16,residential,analog,False
C-000287,PMT-0049,F-05,7.55,residential,electronic,False
C-000288,PMT-0172,F-18,2.09,residential,electronic,False
C-000289,PMT-0163,F-17,6.44,residential,analog,False
C-000290,PMT-0143,F-15,3.84,residential,electronic,False
C-000291,PMT-0243,F-25,6.07,residential,analog,False
C-000292,PMT-0081,F-09,1.64,residential,electronic,True
C-000293,PMT-0287,F-29,19.5,commercial,analog,False
C-000294,PMT-0100,F-10,4.58,residential,analog,False
C-000295,PMT-0164,F-17,7.3,residential,electronic,False
C-000296,PMT-0157,F-16,2.32,residential,analog,False
C-000297,PMT-0255,F-26,28.75,industrial,analog,False
C-000298,PMT-0132,F-14,2.37,residential,analog,False
C-000299,PMT-0086,F-09,1.55,residential,analog,False
C-000300,PMT-0007,F-01,7.86,residential,analog,False
C-000301,PMT-0110,F-11,1.86,residential,analog,False
C-000302,PMT-0248,F-25,2.41,residential,analog,True
C-000303,PMT-0003,F-01,6.67,residential,electronic,False
C-000304,PMT-0269,F-27,2.73,residential,analog,False
C-000305,PMT-0163,F-17,2.56,residential,analog,False
C-000306,PMT-0043,F-05,5.71,residential,electronic,False
C-000307,PMT-0091,F-10,51.9,industrial,electronic,False
C-000308,PMT-0167,F-17,6.85,residential,electronic,False
C-000309,PMT-0095,F-10,5.47,residential,electronic,False
C-000310,PMT-0033,F-04,3.02,residential,electronic,True
C-000311,PMT-0200,F-20,5.19,residential,electronic,False
C-000312,PMT-0202,F-21,7.07,residential,analog,False
C-000313,PMT-0036,F-04,3.55,residential,analog,True
C-000314,PMT-0085,F-09,6.16,residential,analog,False
C-000315,PMT-0074,F-08,3.91,residential,analog,False
C-000316,PMT-0198,F-20,4.8,residential,analog,False
C-000317,PMT-0220,F-22,6.14,residential,analog,False
C-000318,PMT-0219,F-22,6.21,commercial,analog,False
C-000319,PMT-0282,F-29,4.18,residential,electronic,False
C-000320,PMT-0231,F-24,1.67,residential,analog,False
C-000321,PMT-0097,F-10,6.08,residential,electronic,False
C-000322,PMT-0033,F-04,5.25,residential,electronic,True
C-000323,PMT-0185,F-19,11.54,commercial,electronic,False
C-000324,PMT-0275,F-28,1.53,residential,analog,False
C-000325,PMT-0293,F-30,7.48,residential,electronic,False
C-000326,PMT-0070,F-07,3.21,residential,electronic,False
C-000327,PMT-0071,F-08,2.93,residential,analog,False
C-000328,PMT-0012,F-02,7.02,commercial,analog,False
C-000329,PMT-0043,F-05,5.04,residential,analog,False
C-000330,PMT-0167,F-17,2.86,residential,electronic,False
C-000331,PMT-0165,F-17,6.9,residential,electronic,False
C-000332,PMT-0112,F-12,5.78,residential,analog,False
C-000333,PMT-0093,F-10,1.03,residential,electronic,False
C-000334,PMT-0249,F-25,4.96,residential,analog,False
C-000335,PMT-0139,F-14,2.62,residential,electronic,False
C-000336,PMT-0243,F-25,1.11,residential,electronic,False
C-000337,PMT-0289,F-29,5.34,residential,analog,False
C-000338,PMT-0096,F-10,2.43,residential,electronic,False
C-000339,PMT-0061,F-07,22.99,commercial,electronic,False
C-000340,PMT-0286,F-29,5.01,residential,analog,False
C-000341,PMT-0191,F-20,2.46,residential,electronic,False
C-000342,PMT-0088,F-09,7.85,residential,analog,True
C-000343,PMT-0187,F-19,15.93,commercial,analog,False
C-000344,PMT-0155,F-16,2.16,residential,analog,False
C-000345,PMT-0272,F-28,4.62,residential,analog,False
C-000346,PMT-0077,F-08,7.72,residential,analog,True
C-000347,PMT-0298,F-30,3.97,residential,analog,False
C-000348,PMT-0281,F-29,3.98,residential,electronic,False
C-000349,PMT-0055,F-06,4.23,residential,analog,False
C-000350,PMT-0050,F-05,2.96,residential,electronic,False
C-000351,PMT-0160,F-16,8.24,commercial,analog,True
C-000352,PMT-0014,F-02,5.05,residential,analog,False
C-000353,PMT-0090,F-09,7.26,residential,electronic,False
C-000354,PMT-0131,F-14,6.15,residential,analog,False
C-000355,PMT-0291,F-30,6.92,commercial,analog,False
C-000356,PMT-0298,F-30,13.02,commercial,electronic,False
C-000357,PMT-0046,F-05,1.04,residential,analog,False
C-000358,PMT-0268,F-27,3.16,residential,analog,False
C-000359,PMT-0028,F-03,5.69,residential,analog,False
C-000360,PMT-0225,F-23,10.8,commercial,analog,False
C-000361,PMT-0254,F-26,6.88,residential,electronic,False
C-000362,PMT-0268,F-27,4.34,residential,analog,False
C-000363,PMT-0068,F-07,5.68,residential,analog,True
C-000364,PMT-0269,F-27,22.68,commercial,analog,False
C-000365,PMT-0035,F-04,18.66,commercial,analog,False
C-000366,PMT-0156,F-16,91.79,industrial,analog,False
C-000367,PMT-0141,F-15,6.66,residential,electronic,False
C-000368,PMT-0095,F-10,4.97,residential,electronic,False
C-000369,PMT-0007,F-01,10.94,commercial,analog,False
C-000370,PMT-0232,F-24,3.09,residential,electronic,False
C-000371,PMT-0101,F-11,7.13,residential,electronic,False
C-000372,PMT-0199,F-20,24.31,industrial,analog,False
C-000373,PMT-0124,F-13,7.59,residential,analog,True
C-000374,PMT-0113,F-12,3.29,residential,analog,False
C-000375,PMT-0266,F-27,6.17,residential,analog,False
C-000376,PMT-0029,F-03,3.31,residential,analog,True
C-000377,PMT-0221,F-23,7.67,residential,analog,False
C-000378,PMT-0225,F-23,1.26,residential,electronic,False
C-000379,PMT-0114,F-12,3.47,residential,analog,False
C-000380,PMT-0079,F-08,22.35,commercial,analog,False
C-000381,PMT-0002,F-01,2.92,residential,electronic,False
C-000382,PMT-0282,F-29,2.93,residential,analog,False
C-000383,PMT-0285,F-29,7.29,residential,analog,False
C-000384,PMT-0073,F-08,6.81,residential,analog,False
C-000385,PMT-0010,F-01,1.74,residential,electronic,True
C-000386,PMT-0037,F-04,5.06,residential,analog,False
C-000387,PMT-0021,F-03,2.56,residential,analog,False
C-000388,PMT-0250,F-25,2.51,residential,electronic,False
C-000389,PMT-0268,F-27,5.31,residential,electronic,False
C-000390,PMT-0046,F-05,7.48,commercial,electronic,False
C-000391,PMT-0225,F-23,4.29,residential,electronic,False
C-000392,PMT-0054,F-06,2.79,residential,electronic,False
C-000393,PMT-0111,F-12,88.31,industrial,analog,False
C-000394,PMT-0180,F-18,4.88,residential,analog,False
C-000395,PMT-0216,F-22,2.51,residential,analog,False
C-000396,PMT-0263,F-27,7.49,residential,analog,False
C-000397,PMT-0014,F-02,6.76,residential,analog,False
C-000398,PMT-0059,F-06,2.86,residential,analog,False
C-000399,PMT-0085,F-09,7.73,residential,analog,False
C-000400,PMT-0094,F-10,2.87,residential,analog,False
C-000401,PMT-0300,F-30,3.05,residential,analog,False
C-000402,PMT-0234,F-24,3.7,residential,electronic,False
C-000403,PMT-0097,F-10,2.15,residential,analog,False
C-000404,PMT-0292,F-30,5.81,residential,electronic,False
C-000405,PMT-0150,F-15,4.9,residential,analog,False
C-000406,PMT-0151,F-16,7.26,residential,analog,False
C-000407,PMT-0131,F-14,2.69,residential,electronic,False
C-000408,PMT-0044,F-05,2.19,residential,electronic,False
C-000409,PMT-0281,F-29,3.51,residential,electronic,False
C-000410,PMT-0005,F-01,7.92,commercial,electronic,False
C-000411,PMT-0053,F-06,7.62,residential,analog,False
C-000412,PMT-0069,F-07,6.02,residential,electronic,False
C-000413,PMT-0084,F-09,6.57,residential,electronic,False
C-000414,PMT-0040,F-04,6.24,residential,electronic,False
C-000415,PMT-0006,F-01,2.7,residential,electronic,False
C-000416,PMT-0204,F-21,1.98,residential,electronic,True
C-000417,PMT-0291,F-30,4.01,residential,analog,False
C-000418,PMT-0037,F-04,86.32,industrial,analog,False
C-000419,PMT-0089,F-09,3.31,residential,analog,True
C-000420,PMT-0152,F-16,1.07,residential,electronic,False
C-000421,PMT-0279,F-28,5.62,residential,analog,False
C-000422,PMT-0209,F-21,2.4,residential,electronic,False
C-000423,PMT-0230,F-23,4.8,residential,analog,False
C-000424,PMT-0175,F-18,1.1,residential,analog,False
C-000425,PMT-0126,F-13,15.18,commercial,analog,False
C-000426,PMT-0060,F-06,3.76,residential,analog,False
C-000427,PMT-0260,F-26,90.43,industrial,analog,False
C-000428,PMT-0242,F-25,19.44,commercial,analog,False
C-000429,PMT-0008,F-01,5.72,commercial,analog,False
C-000430,PMT-0215,F-22,6.53,residential,analog,False
C-000431,PMT-0026,F-03,6.54,residential,analog,False
C-000432,PMT-0222,F-23,5.64,residential,analog,True
C-000433,PMT-0248,F-25,7.51,residential,analog,False
C-000434,PMT-0040,F-04,6.62,residential,electronic,False
C-000435,PMT-0131,F-14,2.53,residential,electronic,False
C-000436,PMT-0038,F-04,3.67,residential,electronic,False
C-000437,PMT-0171,F-18,12.0,commercial,analog,False
C-000438,PMT-0279,F-28,4.53,residential,analog,False
C-000439,PMT-0025,F-03,24.07,commercial,analog,False
C-000440,PMT-0120,F-12,5.31,residential,analog,False
C-000441,PMT-0292,F-30,3.19,residential,analog,False
C-000442,PMT-0091,F-10,23.83,commercial,analog,False
C-000443,PMT-0040,F-04,19.01,commercial,analog,False
C-000444,PMT-0147,F-15,2.86,residential,analog,False
C-000445,PMT-0153,F-16,92.52,industrial,analog,False
C-000446,PMT-0199,F-20,3.41,residential,analog,False
C-000447,PMT-0095,F-10,15.32,commercial,electronic,False
C-000448,PMT-0287,F-29,4.35,residential,analog,False
C-000449,PMT-0157,F-16,7.47,residential,analog,False
C-000450,PMT-0086,F-09,2.86,residential,analog,False
C-000451,PMT-0289,F-29,3.33,residential,analog,False
C-000452,PMT-0278,F-28,5.62,residential,analog,False
C-000453,PMT-0150,F-15,7.21,residential,analog,False
C-000454,PMT-0008,F-01,1.8,residential,analog,False
C-000455,PMT-0180,F-18,9.2,commercial,analog,False
C-000456,PMT-0167,F-17,7.64,residential,electronic,False
C-000457,PMT-0045,F-05,6.44,residential,electronic,False
C-000458,PMT-0191,F-20,3.42,residential,analog,False
C-000459,PMT-0253,F-26,3.5,residential,analog,False
C-000460,PMT-0032,F-04,4.29,residential,electronic,False
C-000461,PMT-0217,F-22,5.72,residential,analog,False
C-000462,PMT-0043,F-05,4.93,residential,electronic,False
C-000463,PMT-0225,F-23,6.43,residential,analog,True
C-000464,PMT-0126,F-13,1.38,residential,electronic,False
C-000465,PMT-0002,F-01,6.73,residential,analog,False
C-000466,PMT-0290,F-29,6.16,commercial,analog,False
C-000467,PMT-0050,F-05,7.17,residential,electronic,False
C-000468,PMT-0179,F-18,1.3,residential,electronic,False
C-000469,PMT-0055,F-06,1.89,residential,analog,False
C-000470,PMT-0280,F-28,2.26,residential,electronic,False
C-000471,PMT-0222,F-23,2.56,residential,electronic,False
C-000472,PMT-0242,F-25,3.81,residential,analog,False
C-000473,PMT-0130,F-13,18.11,commercial,analog,False
C-000474,PMT-0141,F-15,7.25,residential,analog,False
C-000475,PMT-0191,F-20,4.67,residential,electronic,True
C-000476,PMT-0236,F-24,4.73,residential,analog,False
C-000477,PMT-0255,F-26,3.24,residential,analog,False
C-000478,PMT-0006,F-01,6.6,residential,analog,False
C-000479,PMT-0200,F-20,1.77,residential,analog,False
C-000480,PMT-0033,F-04,44.09,industrial,analog,False
C-000481,PMT-0087,F-09,1.68,residential,analog,True
C-000482,PMT-0249,F-25,2.5,residential,analog,False
C-000483,PMT-0076,F-08,5.11,residential,analog,False
C-000484,PMT-0240,F-24,1.88,residential,analog,False
C-000485,PMT-0139,F-14,7.01,commercial,analog,False
C-000486,PMT-0070,F-07,21.52,commercial,analog,False
C-000487,PMT-0101,F-11,7.37,commercial,electronic,False
C-000488,PMT-0160,F-16,5.26,residential,analog,False
C-000489,PMT-0230,F-23,3.46,residential,analog,False
C-000490,PMT-0182,F-19,7.27,residential,analog,False
C-000491,PMT-0280,F-28,5.95,residential,electronic,False
C-000492,PMT-0261,F-27,1.42,residential,electronic,False
C-000493,PMT-0227,F-23,7.27,residential,electronic,False
C-000494,PMT-0181,F-19,3.9,residential,analog,False
C-000495,PMT-0087,F-09,10.96,commercial,analog,False
C-000496,PMT-0124,F-13,5.71,residential,analog,False
C-000497,PMT-0036,F-04,77.44,industrial,analog,False
C-000498,PMT-0113,F-12,3.12,residential,electronic,False
C-000499,PMT-0278,F-28,3.46,residential,analog,False
C-000500,PMT-0128,F-13,2.09,residential,electronic,False
C-000501,PMT-0035,F-04,5.15,residential,electronic,False
C-000502,PMT-0196,F-20,7.7,residential,electronic,False
C-000503,PMT-0289,F-29,3.92,residential,analog,False
C-000504,PMT-0261,F-27,7.97,residential,electronic,False
C-000505,PMT-0083,F-09,8.53,commercial,analog,False
C-000506,PMT-0137,F-14,6.57,residential,analog,False
C-000507,PMT-0160,F-16,7.5,residential,analog,False
C-000508,PMT-0075,F-08,5.82,residential,electronic,False
C-000509,PMT-0081,F-09,1.77,residential,electronic,False
C-000510,PMT-0071,F-08,3.29,residential,analog,False
C-000511,PMT-0299,F-30,1.6,residential,electronic,False
C-000512,PMT-0224,F-23,5.21,residential,analog,False
C-000513,PMT-0253,F-26,7.99,residential,electronic,False
C-000514,PMT-0245,F-25,3.62,residential,analog,False
C-000515,PMT-0288,F-29,2.14,residential,analog,False
C-000516,PMT-0032,F-04,41.49,industrial,analog,False
C-000517,PMT-0265,F-27,5.0,residential,electronic,False
C-000518,PMT-0020,F-02,4.98,residential,electronic,False
C-000519,PMT-0143,F-15,2.61,residential,analog,False
C-000520,PMT-0179,F-18,6.25,residential,analog,False
C-000521,PMT-0108,F-11,1.62,residential,analog,False
C-000522,PMT-0044,F-05,5.36,residential,electronic,False
C-000523,PMT-0058,F-06,3.98,residential,analog,False
C-000524,PMT-0248,F-25,1.89,residential,analog,False
C-000525,PMT-0096,F-10,5.44,residential,analog,False
C-000526,PMT-0094,F-10,18.46,commercial,analog,False
C-000527,PMT-0278,F-28,4.08,residential,electronic,False
C-000528,PMT-0044,F-05,6.59,residential,analog,False
C-000529,PMT-0275,F-28,60.75,industrial,analog,False
C-000530,PMT-0277,F-28,10.72,commercial,analog,False
C-000531,PMT-0180,F-18,7.68,residential,analog,False
C-000532,PMT-0050,F-05,23.88,commercial,analog,False
C-000533,PMT-0047,F-05,1.67,residential,analog,False
C-000534,PMT-0086,F-09,7.62,residential,electronic,False
C-000535,PMT-0174,F-18,20.51,commercial,analog,False
C-000536,PMT-0047,F-05,1.75,residential,analog,False
C-000537,PMT-0137,F-14,4.64,residential,analog,False
C-000538,PMT-0035,F-04,1.24,residential,analog,False
C-000539,PMT-0163,F-17,5.12,residential,analog,False
C-000540,PMT-0007,F-01,7.53,residential,electronic,False
C-000541,PMT-0213,F-22,49.46,industrial,analog,False
C-000542,PMT-0017,F-02,4.56,residential,electronic,False
C-000543,PMT-0059,F-06,2.59,residential,analog,False
C-000544,PMT-0053,F-06,4.79,residential,analog,False
C-000545,PMT-0250,F-25,6.62,residential,analog,True
C-000546,PMT-0017,F-02,2.51,residential,electronic,False
C-000547,PMT-0129,F-13,64.28,industrial,analog,False
C-000548,PMT-0178,F-18,3.48,residential,electronic,False
C-000549,PMT-0155,F-16,6.24,residential,analog,False
C-000550,PMT-0205,F-21,5.91,residential,analog,False
C-000551,PMT-0241,F-25,5.89,residential,analog,False
C-000552,PMT-0119,F-12,3.64,residential,analog,False
C-000553,PMT-0249,F-25,5.19,residential,analog,False
C-000554,PMT-0096,F-10,5.56,residential,analog,False
C-000555,PMT-0296,F-30,5.77,residential,analog,False
C-000556,PMT-0152,F-16,16.51,commercial,analog,False
C-000557,PMT-0221,F-23,7.07,residential,electronic,True
C-000558,PMT-0263,F-27,2.74,residential,electronic,False
C-000559,PMT-0238,F-24,1.39,residential,analog,True
C-000560,PMT-0256,F-26,7.74,residential,analog,False
C-000561,PMT-0161,F-17,6.21,commercial,analog,False
C-000562,PMT-0014,F-02,7.32,residential,analog,True
C-000563,PMT-0148,F-15,5.29,residential,analog,False
C-000564,PMT-0055,F-06,7.43,residential,analog,False
C-000565,PMT-0267,F-27,16.3,commercial,analog,True
C-000566,PMT-0072,F-08,6.75,residential,analog,False
C-000567,PMT-0069,F-07,6.05,residential,analog,False
C-000568,PMT-0075,F-08,4.68,residential,analog,False
C-000569,PMT-0193,F-20,3.54,residential,analog,True
C-000570,PMT-0172,F-18,5.06,commercial,analog,True
C-000571,PMT-0285,F-29,2.76,residential,electronic,False
C-000572,PMT-0125,F-13,7.66,residential,analog,False
C-000573,PMT-0085,F-09,2.93,residential,analog,False
C-000574,PMT-0015,F-02,20.04,commercial,electronic,False
C-000575,PMT-0003,F-01,4.56,residential,analog,False
C-000576,PMT-0113,F-12,3.16,residential,analog,False
C-000577,PMT-0278,F-28,99.29,industrial,electronic,False
C-000578,PMT-0158,F-16,1.33,residential,electronic,False
C-000579,PMT-0269,F-27,16.64,commercial,electronic,False
C-000580,PMT-0031,F-04,4.23,residential,electronic,False
C-000581,PMT-0028,F-03,1.54,residential,electronic,False
C-000582,PMT-0251,F-26,2.5,residential,analog,False
C-000583,PMT-0033,F-04,5.86,residential,analog,False
C-000584,PMT-0016,F-02,1.76,residential,analog,False
C-000585,PMT-0122,F-13,6.61,residential,analog,False
C-000586,PMT-0278,F-28,70.0,industrial,electronic,False
C-000587,PMT-0207,F-21,1.71,residential,analog,False
C-000588,PMT-0030,F-03,3.01,residential,electronic,False
C-000589,PMT-0252,F-26,1.96,residential,analog,False
C-000590,PMT-0254,F-26,6.58,residential,analog,False
C-000591,PMT-0241,F-25,4.73,residential,electronic,False
C-000592,PMT-0271,F-28,1.02,residential,analog,False
C-000593,PMT-0072,F-08,4.8,residential,analog,True
C-000594,PMT-0294,F-30,4.38,residential,analog,False
C-000595,PMT-0097,F-10,5.5,residential,analog,False
C-000596,PMT-0241,F-25,1.24,residential,analog,False
C-000597,PMT-0174,F-18,5.71,commercial,electronic,False
C-000598,PMT-0234,F-24,3.45,residential,electronic,False
C-000599,PMT-0189,F-19,5.82,residential,electronic,False
C-000600,PMT-0193,F-20,5.67,residential,electronic,False
C-000601,PMT-0185,F-19,2.95,residential,electronic,False
C-000602,PMT-0234,F-24,2.51,residential,analog,False
C-000603,PMT-0222,F-23,18.66,commercial,electronic,True
C-000604,PMT-0041,F-05,5.54,commercial,electronic,False
C-000605,PMT-0248,F-25,4.9,residential,analog,False
C-000606,PMT-0161,F-17,3.97,residential,analog,False
C-000607,PMT-0097,F-10,2.67,residential,electronic,False
C-000608,PMT-0155,F-16,4.64,residential,electronic,True
C-000609,PMT-0291,F-30,2.52,residential,electronic,False
C-000610,PMT-0258,F-26,4.95,residential,analog,False
C-000611,PMT-0251,F-26,2.04,residential,electronic,False
C-000612,PMT-0139,F-14,3.84,residential,analog,False
C-000613,PMT-0236,F-24,4.57,residential,electronic,True
C-000614,PMT-0116,F-12,1.22,residential,analog,False
C-000615,PMT-0206,F-21,5.28,residential,electronic,False
C-000616,PMT-0192,F-20,6.25,residential,electronic,False
C-000617,PMT-0075,F-08,7.69,residential,analog,False
C-000618,PMT-0080,F-08,9.06,commercial,electronic,False
C-000619,PMT-0019,F-02,2.46,residential,electronic,False
C-000620,PMT-0042,F-05,3.13,residential,analog,False
C-000621,PMT-0131,F-14,7.24,residential,analog,False
C-000622,PMT-0144,F-15,3.85,residential,electronic,False
C-000623,PMT-0050,F-05,3.11,residential,analog,False
C-000624,PMT-0126,F-13,6.19,residential,analog,False
C-000625,PMT-0182,F-19,1.27,residential,analog,False
C-000626,PMT-0070,F-07,4.84,residential,analog,False
C-000627,PMT-0102,F-11,4.15,residential,analog,False
C-000628,PMT-0111,F-12,5.37,residential,electronic,False
C-000629,PMT-0152,F-16,6.12,residential,analog,False
C-000630,PMT-0110,F-11,3.27,residential,analog,False
C-000631,PMT-0222,F-23,5.45,residential,analog,False
C-000632,PMT-0099,F-10,4.67,residential,electronic,False
C-000633,PMT-0131,F-14,1.94,residential,analog,False
C-000634,PMT-0114,F-12,7.17,residential,electronic,False
C-000635,PMT-0055,F-06,6.28,residential,electronic,False
C-000636,PMT-0206,F-21,7.45,residential,electronic,False
C-000637,PMT-0071,F-08,6.04,residential,analog,False
C-000638,PMT-0090,F-09,2.71,residential,analog,False
C-000639,PMT-0238,F-24,4.01,residential,analog,False
C-000640,PMT-0285,F-29,3.71,residential,analog,False
C-000641,PMT-0202,F-21,1.25,residential,analog,True
C-000642,PMT-0275,F-28,3.87,residential,analog,False
C-000643,PMT-0257,F-26,3.42,residential,analog,False
C-000644,PMT-0145,F-15,1.03,residential,analog,False
C-000645,PMT-0232,F-24,6.93,residential,analog,True
C-000646,PMT-0099,F-10,2.01,residential,analog,False
C-000647,PMT-0139,F-14,4.51,residential,electronic,False
C-000648,PMT-0161,F-17,6.49,residential,analog,False
C-000649,PMT-0289,F-29,5.23,residential,analog,False
C-000650,PMT-0255,F-26,2.19,residential,analog,False
C-000651,PMT-0147,F-15,17.36,commercial,electronic,False
C-000652,PMT-0196,F-20,6.3,residential,electronic,False
C-000653,PMT-0061,F-07,6.98,residential,analog,False
C-000654,PMT-0242,F-25,3.23,residential,analog,False
C-000655,PMT-0166,F-17,1.24,residential,electronic,False
C-000656,PMT-0160,F-16,5.26,residential,electronic,False
C-000657,PMT-0230,F-23,9.52,commercial,analog,False
C-000658,PMT-0190,F-19,6.47,residential,analog,False
C-000659,PMT-0022,F-03,5.76,residential,analog,False
C-000660,PMT-0087,F-09,6.41,residential,electronic,False
C-000661,PMT-0054,F-06,7.77,residential,analog,False
C-000662,PMT-0221,F-23,5.09,residential,electronic,False
C-000663,PMT-0011,F-02,7.33,residential,electronic,False
C-000664,PMT-0061,F-07,5.49,residential,electronic,False
C-000665,PMT-0180,F-18,2.27,residential,electronic,True
C-000666,PMT-0209,F-21,6.6,residential,analog,True
C-000667,PMT-0151,F-16,5.86,residential,electronic,True
C-000668,PMT-0259,F-26,24.56,commercial,electronic,False
C-000669,PMT-0276,F-28,2.7,residential,electronic,False
C-000670,PMT-0040,F-04,11.66,commercial,analog,False
C-000671,PMT-0286,F-29,6.75,residential,analog,False
C-000672,PMT-0185,F-19,6.26,commercial,electronic,False
C-000673,PMT-0191,F-20,5.43,residential,analog,False
C-000674,PMT-0029,F-03,4.75,residential,electronic,False
C-000675,PMT-0187,F-19,2.18,residential,analog,False
C-000676,PMT-0218,F-22,8.3,commercial,analog,False
C-000677,PMT-0175,F-18,6.67,residential,electronic,False
C-000678,PMT-0026,F-03,1.11,residential,electronic,False
C-000679,PMT-0157,F-16,6.23,residential,analog,False
C-000680,PMT-0281,F-29,6.13,residential,analog,False
C-000681,PMT-0218,F-22,17.99,commercial,analog,False
C-000682,PMT-0042,F-05,3.87,residential,analog,False
C-000683,PMT-0288,F-29,1.2,residential,analog,False
C-000684,PMT-0288,F-29,6.61,residential,analog,False
C-000685,PMT-0051,F-06,1.88,residential,analog,False
C-000686,PMT-0241,F-25,2.97,residential,analog,False
C-000687,PMT-0123,F-13,7.63,residential,electronic,False
C-000688,PMT-0179,F-18,3.11,residential,electronic,False
C-000689,PMT-0134,F-14,2.79,residential,analog,True
C-000690,PMT-0235,F-24,24.47,commercial,electronic,False
C-000691,PMT-0299,F-30,1.6,residential,analog,False
C-000692,PMT-0239,F-24,2.12,residential,analog,False
C-000693,PMT-0280,F-28,4.07,residential,analog,False
C-000694,PMT-0284,F-29,20.75,commercial,electronic,False
C-000695,PMT-0028,F-03,7.19,residential,analog,False
C-000696,PMT-0077,F-08,6.29,residential,analog,False
C-000697,PMT-0217,F-22,7.83,residential,electronic,False
C-000698,PMT-0178,F-18,5.34,commercial,electronic,False
C-000699,PMT-0016,F-02,17.39,commercial,electronic,False
C-000700,PMT-0029,F-03,1.81,residential,electronic,False
C-000701,PMT-0157,F-16,23.21,commercial,electronic,False
C-000702,PMT-0185,F-19,7.55,residential,analog,False
C-000703,PMT-0051,F-06,3.12,residential,electronic,False
C-000704,PMT-0052,F-06,6.79,residential,analog,False
C-000705,PMT-0039,F-04,5.41,residential,analog,False
C-000706,PMT-0170,F-17,1.7,residential,electronic,True
C-000707,PMT-0003,F-01,17.06,commercial,analog,False
C-000708,PMT-0172,F-18,24.52,commercial,analog,False
C-000709,PMT-0143,F-15,3.16,residential,analog,False
C-000710,PMT-0140,F-14,1.01,residential,electronic,True
C-000711,PMT-0204,F-21,7.84,residential,electronic,False
C-000712,PMT-0157,F-16,3.9,residential,analog,True
C-000713,PMT-0219,F-22,54.47,industrial,analog,False
C-000714,PMT-0230,F-23,5.99,residential,electronic,False
C-000715,PMT-0277,F-28,5.23,residential,analog,False
C-000716,PMT-0240,F-24,3.11,residential,analog,False
C-000717,PMT-0156,F-16,7.0,commercial,analog,False
C-000718,PMT-0148,F-15,86.19,industrial,analog,False
C-000719,PMT-0071,F-08,4.38,residential,analog,False
C-000720,PMT-0180,F-18,5.71,residential,electronic,True
C-000721,PMT-0042,F-05,7.02,residential,analog,False
C-000722,PMT-0280,F-28,1.12,residential,electronic,False
C-000723,PMT-0254,F-26,7.02,residential,electronic,False
C-000724,PMT-0036,F-04,20.04,commercial,analog,False
C-000725,PMT-0236,F-24,23.94,commercial,electronic,False
C-000726,PMT-0036,F-04,9.67,commercial,analog,False
C-000727,PMT-0217,F-22,3.26,residential,analog,False
C-000728,PMT-0027,F-03,5.63,residential,analog,False
C-000729,PMT-0147,F-15,23.52,commercial,electronic,False
C-000730,PMT-0198,F-20,7.95,residential,electronic,False
C-000731,PMT-0219,F-22,3.92,residential,analog,False
C-000732,PMT-0126,F-13,15.78,commercial,electronic,False
C-000733,PMT-0277,F-28,2.19,residential,analog,False
C-000734,PMT-0233,F-24,18.88,commercial,analog,False
C-000735,PMT-0063,F-07,6.86,residential,analog,False
C-000736,PMT-0202,F-21,83.89,industrial,electronic,False
C-000737,PMT-0220,F-22,3.42,residential,analog,False
C-000738,PMT-0101,F-11,7.74,residential,analog,False
C-000739,PMT-0222,F-23,7.41,commercial,electronic,False
C-000740,PMT-0270,F-27,4.46,residential,analog,False
C-000741,PMT-0246,F-25,4.88,residential,analog,False
C-000742,PMT-0229,F-23,4.76,residential,analog,True
C-000743,PMT-0191,F-20,6.31,residential,analog,False
C-000744,PMT-0082,F-09,17.19,commercial,analog,True
C-000745,PMT-0239,F-24,1.54,residential,analog,False
C-000746,PMT-0110,F-11,2.26,residential,electronic,False
C-000747,PMT-0160,F-16,4.73,residential,electronic,False
C-000748,PMT-0095,F-10,75.56,industrial,electronic,False
C-000749,PMT-0094,F-10,61.13,industrial,analog,False
C-000750,PMT-0048,F-05,48.44,industrial,analog,True
C-000751,PMT-0289,F-29,1.36,residential,analog,False
C-000752,PMT-0045,F-05,6.5,residential,analog,True
C-000753,PMT-0026,F-03,4.48,residential,analog,False
C-000754,PMT-0281,F-29,4.77,residential,analog,False
C-000755,PMT-0167,F-17,4.28,residential,electronic,False
C-000756,PMT-0132,F-14,2.86,residential,electronic,False
C-000757,PMT-0222,F-23,2.93,residential,analog,False
C-000758,PMT-0115,F-12,1.44,residential,electronic,False
C-000759,PMT-0039,F-04,5.95,residential,analog,False
C-000760,PMT-0219,F-22,2.9,residential,electronic,False
C-000761,PMT-0053,F-06,3.09,residential,analog,False
C-000762,PMT-0166,F-17,24.87,commercial,analog,False
C-000763,PMT-0285,F-29,3.7,residential,analog,False
C-000764,PMT-0281,F-29,15.21,commercial,analog,False
C-000765,PMT-0109,F-11,3.71,residential,electronic,False
C-000766,PMT-0235,F-24,3.03,residential,analog,False
C-000767,PMT-0184,F-19,1.04,residential,electronic,False
C-000768,PMT-0144,F-15,6.98,residential,analog,False
C-000769,PMT-0042,F-05,4.31,residential,electronic,False
C-000770,PMT-0113,F-12,6.04,residential,analog,True
C-000771,PMT-0196,F-20,24.17,commercial,electronic,False
C-000772,PMT-0296,F-30,5.06,commercial,electronic,False
C-000773,PMT-0002,F-01,5.73,residential,analog,False
C-000774,PMT-0216,F-22,1.83,residential,analog,False
C-000775,PMT-0254,F-26,4.21,residential,analog,False
C-000776,PMT-0286,F-29,6.93,residential,electronic,False
C-000777,PMT-0128,F-13,1.5,residential,electronic,False
C-000778,PMT-0036,F-04,7.93,residential,analog,False
C-000779,PMT-0082,F-09,5.07,residential,electronic,False
C-000780,PMT-0256,F-26,3.76,residential,electronic,False
C-000781,PMT-0264,F-27,21.56,industrial,electronic,False
C-000782,PMT-0192,F-20,66.95,industrial,analog,False
C-000783,PMT-0037,F-04,4.46,residential,analog,False
C-000784,PMT-0037,F-04,9.31,commercial,electronic,False
C-000785,PMT-0144,F-15,4.43,residential,electronic,False
C-000786,PMT-0177,F-18,1.09,residential,analog,False
C-000787,PMT-0010,F-01,24.99,commercial,electronic,False
C-000788,PMT-0206,F-21,11.64,commercial,analog,False
C-000789,PMT-0164,F-17,14.6,commercial,electronic,False
C-000790,PMT-0004,F-01,6.49,residential,electronic,False
C-000791,PMT-0029,F-03,19.26,commercial,electronic,True
C-000792,PMT-0137,F-14,7.22,residential,electronic,False
C-000793,PMT-0217,F-22,7.59,residential,analog,False
C-000794,PMT-0248,F-25,2.32,residential,analog,False
C-000795,PMT-0130,F-13,3.73,residential,electronic,False
C-000796,PMT-0089,F-09,5.81,residential,electronic,False
C-000797,PMT-0291,F-30,1.32,residential,analog,False
C-000798,PMT-0138,F-14,19.34,commercial,electronic,False
C-000799,PMT-0095,F-10,1.03,residential,analog,False
C-000800,PMT-0133,F-14,7.4,residential,analog,False
C-000801,PMT-0004,F-01,6.03,residential,electronic,False
C-000802,PMT-0091,F-10,4.96,residential,electronic,False
C-000803,PMT-0155,F-16,4.0,residential,electronic,False
C-000804,PMT-0276,F-28,7.92,residential,electronic,False
C-000805,PMT-0222,F-23,6.16,residential,analog,False
C-000806,PMT-0235,F-24,6.65,residential,analog,False
C-000807,PMT-0164,F-17,6.78,residential,electronic,True
C-000808,PMT-0034,F-04,5.44,commercial,analog,True
C-000809,PMT-0118,F-12,1.38,residential,analog,False
C-000810,PMT-0300,F-30,2.39,residential,analog,False
C-000811,PMT-0014,F-02,5.59,residential,analog,False
C-000812,PMT-0264,F-27,5.37,residential,analog,False
C-000813,PMT-0206,F-21,3.28,residential,analog,False
C-000814,PMT-0086,F-09,7.81,residential,electronic,True
C-000815,PMT-0234,F-24,1.65,residential,analog,True
C-000816,PMT-0252,F-26,6.44,residential,analog,True
C-000817,PMT-0013,F-02,4.37,residential,analog,False
C-000818,PMT-0032,F-04,3.93,residential,electronic,False
C-000819,PMT-0200,F-20,1.18,residential,analog,False
C-000820,PMT-0300,F-30,6.09,residential,analog,False
C-000821,PMT-0008,F-01,6.4,residential,electronic,False
C-000822,PMT-0200,F-20,11.38,commercial,analog,False
C-000823,PMT-0041,F-05,4.62,residential,analog,False
C-000824,PMT-0196,F-20,5.25,residential,electronic,False
C-000825,PMT-0187,F-19,3.57,residential,analog,False
C-000826,PMT-0028,F-03,5.31,residential,analog,False
C-000827,PMT-0205,F-21,4.04,residential,analog,False
C-000828,PMT-0270,F-27,7.15,residential,electronic,False
C-000829,PMT-0260,F-26,6.03,residential,electronic,False
C-000830,PMT-0009,F-01,1.77,residential,electronic,False
C-000831,PMT-0074,F-08,6.6,residential,electronic,False
C-000832,PMT-0073,F-08,3.36,residential,electronic,False
C-000833,PMT-0136,F-14,7.55,residential,analog,False
C-000834,PMT-0043,F-05,5.22,residential,analog,False
C-000835,PMT-0257,F-26,1.19,residential,electronic,False
C-000836,PMT-0234,F-24,6.14,residential,electronic,False
C-000837,PMT-0243,F-25,7.61,commercial,analog,False
C-000838,PMT-0060,F-06,7.14,residential,analog,False
C-000839,PMT-0005,F-01,7.64,residential,analog,False
C-000840,PMT-0274,F-28,5.87,residential,analog,False
C-000841,PMT-0087,F-09,4.73,residential,analog,False
C-000842,PMT-0197,F-20,5.21,residential,electronic,False
C-000843,PMT-0273,F-28,4.0,residential,electronic,False
C-000844,PMT-0011,F-02,1.59,residential,analog,False
C-000845,PMT-0002,F-01,7.5,residential,electronic,False
C-000846,PMT-0002,F-01,11.58,commercial,analog,False
C-000847,PMT-0047,F-05,11.26,commercial,analog,False
C-000848,PMT-0016,F-02,2.34,residential,electronic,False
C-000849,PMT-0246,F-25,7.95,residential,electronic,False
C-000850,PMT-0182,F-19,7.6,residential,electronic,False
C-000851,PMT-0295,F-30,47.95,industrial,analog,False
C-000852,PMT-0241,F-25,10.2,commercial,analog,False
C-000853,PMT-0289,F-29,6.64,residential,electronic,False
C-000854,PMT-0072,F-08,3.96,residential,electronic,False
C-000855,PMT-0087,F-09,7.77,residential,analog,False
C-000856,PMT-0255,F-26,23.02,commercial,analog,False
C-000857,PMT-0074,F-08,6.32,residential,analog,False
C-000858,PMT-0018,F-02,1.63,residential,analog,False
C-000859,PMT-0201,F-21,5.91,residential,analog,False
C-000860,PMT-0241,F-25,7.91,residential,electronic,False
C-000861,PMT-0291,F-30,3.61,residential,analog,False
C-000862,PMT-0279,F-28,7.17,residential,electronic,False
C-000863,PMT-0037,F-04,3.86,residential,analog,False
C-000864,PMT-0232,F-24,7.8,residential,analog,False
C-000865,PMT-0254,F-26,5.58,residential,analog,False
C-000866,PMT-0210,F-21,1.68,residential,electronic,False
C-000867,PMT-0246,F-25,14.58,commercial,analog,False
C-000868,PMT-0252,F-26,1.35,residential,electronic,False
C-000869,PMT-0134,F-14,3.77,residential,analog,False
C-000870,PMT-0013,F-02,7.41,residential,analog,False
C-000871,PMT-0137,F-14,2.63,residential,electronic,False
C-000872,PMT-0061,F-07,7.65,residential,analog,False
C-000873,PMT-0035,F-04,1.7,residential,analog,False
C-000874,PMT-0038,F-04,5.65,residential,electronic,False
C-000875,PMT-0210,F-21,7.76,residential,analog,False
C-000876,PMT-0152,F-16,5.58,residential,analog,False
C-000877,PMT-0162,F-17,7.29,residential,electronic,False
C-000878,PMT-0224,F-23,7.94,residential,analog,True
C-000879,PMT-0165,F-17,5.49,residential,analog,False
C-000880,PMT-0190,F-19,6.48,residential,electronic,False
C-000881,PMT-0026,F-03,1.22,residential,electronic,False
C-000882,PMT-0256,F-26,3.99,residential,analog,True
C-000883,PMT-0135,F-14,3.02,residential,analog,False
C-000884,PMT-0047,F-05,85.93,industrial,electronic,False
C-000885,PMT-0244,F-25,5.74,residential,electronic,False
C-000886,PMT-0221,F-23,5.3,residential,analog,False
C-000887,PMT-0016,F-02,7.52,residential,analog,True
C-000888,PMT-0058,F-06,1.62,residential,analog,False
C-000889,PMT-0005,F-01,24.08,commercial,analog,True
C-000890,PMT-0082,F-09,1.71,residential,electronic,False
C-000891,PMT-0030,F-03,47.76,industrial,electronic,False
C-000892,PMT-0213,F-22,5.41,residential,analog,False
C-000893,PMT-0157,F-16,3.39,residential,electronic,False
C-000894,PMT-0295,F-30,18.65,commercial,electronic,False
C-000895,PMT-0225,F-23,6.43,residential,electronic,False
C-000896,PMT-0184,F-19,6.8,residential,electronic,False
C-000897,PMT-0153,F-16,2.26,residential,analog,False
C-000898,PMT-0017,F-02,8.64,commercial,electronic,False
C-000899,PMT-0022,F-03,1.37,residential,analog,False
C-000900,PMT-0185,F-19,4.44,residential,analog,False
C-000901,PMT-0002,F-01,7.75,commercial,analog,False
C-000902,PMT-0013,F-02,3.23,residential,analog,False
C-000903,PMT-0066,F-07,6.88,residential,electronic,False
C-000904,PMT-0266,F-27,7.64,residential,analog,False
C-000905,PMT-0138,F-14,6.75,residential,analog,True
C-000906,PMT-0213,F-22,5.01,commercial,analog,True
C-000907,PMT-0124,F-13,4.98,residential,analog,False
C-000908,PMT-0052,F-06,2.17,residential,analog,False
C-000909,PMT-0112,F-12,3.63,residential,analog,False
C-000910,PMT-0028,F-03,4.0,residential,electronic,False
C-000911,PMT-0232,F-24,95.44,industrial,electronic,False
C-000912,PMT-0056,F-06,5.44,residential,analog,False
C-000913,PMT-0113,F-12,2.87,residential,electronic,False
C-000914,PMT-0295,F-30,5.5,residential,analog,False
C-000915,PMT-0178,F-18,7.66,residential,analog,False
C-000916,PMT-0138,F-14,1.41,residential,analog,False
C-000917,PMT-0163,F-17,6.71,residential,analog,False
C-000918,PMT-0236,F-24,2.52,residential,analog,False
C-000919,PMT-0077,F-08,8.06,commercial,electronic,False
C-000920,PMT-0191,F-20,7.29,residential,analog,False
C-000921,PMT-0262,F-27,1.01,residential,analog,False
C-000922,PMT-0172,F-18,6.19,residential,analog,False
C-000923,PMT-0134,F-14,1.61,residential,electronic,True
C-000924,PMT-0044,F-05,5.33,residential,electronic,False
C-000925,PMT-0075,F-08,5.35,residential,analog,False
C-000926,PMT-0284,F-29,7.04,residential,analog,False
C-000927,PMT-0163,F-17,21.45,commercial,electronic,False
C-000928,PMT-0091,F-10,18.7,commercial,analog,False
C-000929,PMT-0126,F-13,12.61,commercial,analog,False
C-000930,PMT-0174,F-18,2.16,residential,electronic,False
C-000931,PMT-0162,F-17,70.85,industrial,analog,False
C-000932,PMT-0210,F-21,4.48,residential,analog,False
C-000933,PMT-0078,F-08,1.55,residential,analog,False
C-000934,PMT-0195,F-20,7.69,residential,analog,False
C-000935,PMT-0133,F-14,3.2,residential,electronic,True
C-000936,PMT-0283,F-29,1.01,residential,analog,False
C-000937,PMT-0048,F-05,7.31,residential,analog,False
C-000938,PMT-0045,F-05,5.04,residential,electronic,False
C-000939,PMT-0139,F-14,6.13,residential,electronic,False
C-000940,PMT-0153,F-16,8.05,commercial,analog,False
C-000941,PMT-0208,F-21,3.83,residential,analog,False
C-000942,PMT-0122,F-13,5.52,residential,analog,False
C-000943,PMT-0275,F-28,2.76,residential,analog,False
C-000944,PMT-0143,F-15,19.03,commercial,analog,True
C-000945,PMT-0039,F-04,2.64,residential,electronic,False
C-000946,PMT-0036,F-04,2.46,residential,analog,False
C-000947,PMT-0293,F-30,1.08,residential,analog,False
C-000948,PMT-0041,F-05,2.97,residential,analog,False
C-000949,PMT-0285,F-29,2.73,residential,analog,False
C-000950,PMT-0084,F-09,6.35,residential,analog,False
C-000951,PMT-0029,F-03,4.99,residential,analog,False
C-000952,PMT-0092,F-10,2.24,residential,electronic,False
C-000953,PMT-0185,F-19,4.98,residential,electronic,False
C-000954,PMT-0129,F-13,2.58,residential,analog,False
C-000955,PMT-0236,F-24,3.98,residential,analog,False
C-000956,PMT-0184,F-19,7.22,residential,electronic,True
C-000957,PMT-0121,F-13,6.03,residential,electronic,False
C-000958,PMT-0191,F-20,5.56,residential,electronic,False
C-000959,PMT-0292,F-30,2.97,residential,analog,False
C-000960,PMT-0124,F-13,1.87,residential,analog,False
C-000961,PMT-0047,F-05,6.27,residential,analog,True
C-000962,PMT-0123,F-13,4.98,residential,electronic,False
C-000963,PMT-0253,F-26,5.36,residential,electronic,False
C-000964,PMT-0066,F-07,7.83,residential,analog,False
C-000965,PMT-0285,F-29,3.44,residential,electronic,False
C-000966,PMT-0177,F-18,6.61,residential,electronic,False
C-000967,PMT-0181,F-19,4.91,residential,electronic,False
C-000968,PMT-0096,F-10,2.65,residential,analog,False
C-000969,PMT-0277,F-28,1.37,residential,analog,False
C-000970,PMT-0011,F-02,5.31,residential,electronic,False
C-000971,PMT-0090,F-09,3.08,residential,analog,False
C-000972,PMT-0126,F-13,5.87,residential,analog,False
C-000973,PMT-0144,F-15,5.91,residential,analog,False
C-000974,PMT-0143,F-15,56.44,industrial,analog,False
C-000975,PMT-0045,F-05,62.91,industrial,analog,False
C-000976,PMT-0068,F-07,5.39,residential,analog,False
C-000977,PMT-0029,F-03,4.28,residential,electronic,False
C-000978,PMT-0172,F-18,7.14,residential,analog,False
C-000979,PMT-0106,F-11,1.53,residential,electronic,False
C-000980,PMT-0170,F-17,7.86,residential,electronic,False
C-000981,PMT-0177,F-18,1.23,residential,electronic,False
C-000982,PMT-0211,F-22,2.46,residential,analog,False
C-000983,PMT-0165,F-17,19.17,commercial,electronic,True
C-000984,PMT-0195,F-20,1.59,residential,analog,False
C-000985,PMT-0177,F-18,2.84,residential,analog,False
C-000986,PMT-0196,F-20,2.08,residential,electronic,False
C-000987,PMT-0185,F-19,6.07,residential,analog,False
C-000988,PMT-0095,F-10,5.05,residential,electronic,False
C-000989,PMT-0074,F-08,25.16,industrial,analog,False
C-000990,PMT-0237,F-24,4.22,residential,analog,False
C-000991,PMT-0103,F-11,2.46,residential,electronic,False
C-000992,PMT-0165,F-17,7.77,residential,analog,False
C-000993,PMT-0060,F-06,28.63,industrial,analog,False
C-000994,PMT-0130,F-13,16.96,commercial,electronic,False
C-000995,PMT-0159,F-16,4.37,residential,analog,False
C-000996,PMT-0188,F-19,5.05,residential,analog,False
C-000997,PMT-0158,F-16,7.7,residential,electronic,False
C-000998,PMT-0109,F-11,11.83,commercial,analog,False
C-000999,PMT-0289,F-29,19.98,commercial,analog,False
C-001000,PMT-0154,F-16,13.95,commercial,analog,False
C-001001,PMT-0243,F-25,5.63,residential,analog,True
C-001002,PMT-0222,F-23,3.56,residential,electronic,False
C-001003,PMT-0168,F-17,2.59,residential,analog,False
C-001004,PMT-0266,F-27,1.59,residential,electronic,False
C-001005,PMT-0039,F-04,1.71,residential,analog,True
C-001006,PMT-0277,F-28,7.72,residential,analog,False
C-001007,PMT-0256,F-26,6.52,residential,electronic,False
C-001008,PMT-0152,F-16,9.9,commercial,analog,False
C-001009,PMT-0221,F-23,4.7,residential,analog,True
C-001010,PMT-0157,F-16,19.28,commercial,electronic,False
C-001011,PMT-0081,F-09,3.47,residential,electronic,False
C-001012,PMT-0240,F-24,4.08,residential,analog,False
C-001013,PMT-0074,F-08,6.03,residential,electronic,False
C-001014,PMT-0095,F-10,2.59,residential,electronic,True
C-001015,PMT-0156,F-16,4.68,residential,analog,False
C-001016,PMT-0252,F-26,2.47,residential,electronic,False
C-001017,PMT-0116,F-12,1.02,residential,analog,True
C-001018,PMT-0149,F-15,18.81,commercial,analog,False
C-001019,PMT-0013,F-02,5.95,residential,analog,False
C-001020,PMT-0035,F-04,24.91,commercial,analog,True
C-001021,PMT-0017,F-02,34.48,industrial,electronic,False
C-001022,PMT-0022,F-03,19.79,commercial,analog,False
C-001023,PMT-0261,F-27,7.64,residential,analog,False
C-001024,PMT-0253,F-26,17.89,commercial,analog,False
C-001025,PMT-0247,F-25,24.26,commercial,analog,False
C-001026,PMT-0017,F-02,24.89,commercial,analog,False
C-001027,PMT-0024,F-03,6.61,residential,analog,False
C-001028,PMT-0085,F-09,8.0,residential,analog,False
C-001029,PMT-0170,F-17,17.52,commercial,analog,False
C-001030,PMT-0101,F-11,4.48,residential,analog,False
C-001031,PMT-0147,F-15,7.42,residential,analog,False
C-001032,PMT-0052,F-06,6.82,residential,analog,False
C-001033,PMT-0220,F-22,1.77,residential,electronic,False
C-001034,PMT-0095,F-10,3.12,residential,analog,False
C-001035,PMT-0020,F-02,40.85,industrial,analog,False
C-001036,PMT-0223,F-23,22.11,commercial,analog,False
C-001037,PMT-0271,F-28,9.66,commercial,analog,False
C-001038,PMT-0005,F-01,3.13,residential,analog,False
C-001039,PMT-0132,F-14,4.63,residential,analog,False
C-001040,PMT-0249,F-25,1.53,residential,electronic,False
C-001041,PMT-0212,F-22,7.73,residential,analog,True
C-001042,PMT-0257,F-26,4.44,residential,analog,False
C-001043,PMT-0125,F-13,2.33,residential,electronic,False
C-001044,PMT-0112,F-12,41.67,industrial,electronic,False
C-001045,PMT-0213,F-22,6.59,residential,analog,False
C-001046,PMT-0047,F-05,5.44,residential,analog,False
C-001047,PMT-0072,F-08,4.25,residential,analog,False
C-001048,PMT-0181,F-19,3.32,residential,electronic,True
C-001049,PMT-0201,F-21,7.3,residential,analog,True
C-001050,PMT-0036,F-04,6.41,residential,analog,True
C-001051,PMT-0153,F-16,6.03,residential,analog,False
C-001052,PMT-0110,F-11,4.12,residential,analog,False
C-001053,PMT-0151,F-16,24.62,commercial,electronic,False
C-001054,PMT-0288,F-29,5.97,residential,analog,False
C-001055,PMT-0023,F-03,3.97,residential,analog,False
C-001056,PMT-0299,F-30,7.72,residential,analog,True
C-001057,PMT-0135,F-14,7.27,residential,electronic,False
C-001058,PMT-0232,F-24,6.18,residential,analog,False
C-001059,PMT-0128,F-13,20.34,commercial,electronic,False
C-001060,PMT-0094,F-10,13.47,commercial,analog,False
C-001061,PMT-0232,F-24,4.55,residential,analog,False
C-001062,PMT-0207,F-21,2.34,residential,analog,False
C-001063,PMT-0044,F-05,5.17,residential,analog,False
C-001064,PMT-0212,F-22,3.59,residential,analog,False
C-001065,PMT-0226,F-23,3.43,residential,analog,True
C-001066,PMT-0117,F-12,23.96,commercial,analog,False
C-001067,PMT-0278,F-28,2.15,residential,analog,False
C-001068,PMT-0193,F-20,6.81,residential,electronic,False
C-001069,PMT-0101,F-11,2.97,residential,analog,False
C-001070,PMT-0004,F-01,1.2,residential,electronic,False
C-001071,PMT-0203,F-21,5.81,commercial,electronic,False
C-001072,PMT-0063,F-07,4.0,residential,electronic,False
C-001073,PMT-0227,F-23,4.18,residential,analog,False
C-001074,PMT-0158,F-16,3.24,residential,analog,False
C-001075,PMT-0141,F-15,18.38,commercial,electronic,False
C-001076,PMT-0050,F-05,4.4,residential,analog,False
C-001077,PMT-0214,F-22,1.52,residential,analog,False
C-001078,PMT-0050,F-05,3.44,residential,analog,False
C-001079,PMT-0126,F-13,1.71,residential,analog,False
C-001080,PMT-0251,F-26,6.26,commercial,analog,False
C-001081,PMT-0277,F-28,2.46,residential,analog,False
C-001082,PMT-0297,F-30,5.9,residential,analog,False
C-001083,PMT-0288,F-29,5.87,residential,analog,False
C-001084,PMT-0167,F-17,7.03,residential,analog,False
C-001085,PMT-0061,F-07,6.29,residential,electronic,False
C-001086,PMT-0252,F-26,15.71,commercial,analog,False
C-001087,PMT-0241,F-25,3.19,residential,analog,False
C-001088,PMT-0298,F-30,1.04,residential,analog,False
C-001089,PMT-0196,F-20,5.53,residential,analog,False
C-001090,PMT-0043,F-05,3.03,residential,analog,False
C-001091,PMT-0151,F-16,2.75,residential,analog,False
C-001092,PMT-0135,F-14,7.82,residential,electronic,False
C-001093,PMT-0253,F-26,2.22,residential,electronic,True
C-001094,PMT-0118,F-12,1.23,residential,analog,False
C-001095,PMT-0099,F-10,95.95,industrial,electronic,False
C-001096,PMT-0025,F-03,3.14,residential,analog,False
C-001097,PMT-0251,F-26,3.75,residential,electronic,False
C-001098,PMT-0227,F-23,1.57,residential,analog,False
C-001099,PMT-0013,F-02,3.83,residential,analog,False
C-001100,PMT-0131,F-14,7.81,residential,analog,False
C-001101,PMT-0144,F-15,5.86,residential,analog,False
C-001102,PMT-0141,F-15,4.32,residential,electronic,False
C-001103,PMT-0276,F-28,11.15,commercial,analog,False
C-001104,PMT-0046,F-05,12.32,commercial,analog,False
C-001105,PMT-0092,F-10,5.28,residential,analog,False
C-001106,PMT-0055,F-06,40.36,industrial,electronic,False
C-001107,PMT-0074,F-08,32.16,industrial,analog,False
C-001108,PMT-0273,F-28,5.87,residential,analog,False
C-001109,PMT-0283,F-29,7.09,residential,analog,False
C-001110,PMT-0014,F-02,7.31,residential,analog,False
C-001111,PMT-0190,F-19,6.89,residential,analog,False
C-001112,PMT-0070,F-07,4.71,residential,electronic,True
C-001113,PMT-0058,F-06,6.52,residential,electronic,False
C-001114,PMT-0088,F-09,94.11,industrial,electronic,False
C-001115,PMT-0059,F-06,1.16,residential,analog,False
C-001116,PMT-0148,F-15,3.88,residential,analog,False
C-001117,PMT-0299,F-30,2.43,residential,electronic,False
C-001118,PMT-0176,F-18,7.98,residential,analog,False
C-001119,PMT-0217,F-22,23.59,commercial,electronic,False
C-001120,PMT-0148,F-15,6.62,residential,analog,False
C-001121,PMT-0005,F-01,3.07,residential,electronic,False
C-001122,PMT-0026,F-03,7.66,residential,analog,False
C-001123,PMT-0081,F-09,1.2,residential,electronic,False
C-001124,PMT-0074,F-08,2.32,residential,analog,False
C-001125,PMT-0253,F-26,5.32,residential,electronic,False
C-001126,PMT-0254,F-26,6.55,residential,analog,False
C-001127,PMT-0257,F-26,7.19,residential,analog,False
C-001128,PMT-0192,F-20,3.1,residential,analog,False
C-001129,PMT-0167,F-17,3.74,residential,analog,False
C-001130,PMT-0195,F-20,4.18,residential,analog,False
C-001131,PMT-0123,F-13,1.19,residential,analog,False
C-001132,PMT-0202,F-21,7.05,residential,electronic,False
C-001133,PMT-0239,F-24,3.37,residential,electronic,False
C-001134,PMT-0229,F-23,2.39,residential,electronic,False
C-001135,PMT-0185,F-19,3.86,residential,analog,False
C-001136,PMT-0018,F-02,5.97,residential,analog,False
C-001137,PMT-0218,F-22,89.67,industrial,analog,False
C-001138,PMT-0110,F-11,2.51,residential,analog,False
C-001139,PMT-0224,F-23,2.21,residential,analog,False
C-001140,PMT-0162,F-17,7.61,residential,electronic,False
C-001141,PMT-0265,F-27,4.86,residential,analog,False
C-001142,PMT-0102,F-11,3.56,residential,analog,False
C-001143,PMT-0280,F-28,2.4,residential,analog,False
C-001144,PMT-0254,F-26,7.97,residential,analog,False
C-001145,PMT-0100,F-10,6.03,residential,analog,False
C-001146,PMT-0145,F-15,2.53,residential,analog,False
C-001147,PMT-0160,F-16,1.64,residential,analog,False
C-001148,PMT-0231,F-24,2.39,residential,analog,False
C-001149,PMT-0207,F-21,9.95,commercial,electronic,True
C-001150,PMT-0256,F-26,1.78,residential,electronic,False
C-001151,PMT-0111,F-12,9.59,commercial,analog,True
C-001152,PMT-0152,F-16,1.82,residential,analog,False
C-001153,PMT-0130,F-13,3.64,residential,analog,False
C-001154,PMT-0273,F-28,4.4,residential,electronic,False
C-001155,PMT-0092,F-10,4.19,residential,analog,False
C-001156,PMT-0177,F-18,6.8,residential,analog,True
C-001157,PMT-0037,F-04,2.78,residential,analog,True
C-001158,PMT-0256,F-26,7.21,residential,electronic,False
C-001159,PMT-0116,F-12,7.36,residential,analog,False
C-001160,PMT-0103,F-11,24.2,commercial,analog,False
C-001161,PMT-0175,F-18,2.27,residential,analog,False
C-001162,PMT-0150,F-15,2.72,residential,analog,False
C-001163,PMT-0255,F-26,5.37,residential,analog,False
C-001164,PMT-0160,F-16,1.99,residential,electronic,False
C-001165,PMT-0156,F-16,6.71,commercial,electronic,False
C-001166,PMT-0032,F-04,1.52,residential,electronic,False
C-001167,PMT-0007,F-01,5.24,residential,electronic,False
C-001168,PMT-0120,F-12,6.63,residential,analog,False
C-001169,PMT-0300,F-30,2.81,residential,electronic,False
C-001170,PMT-0276,F-28,7.53,residential,electronic,True
C-001171,PMT-0189,F-19,83.35,industrial,analog,False
C-001172,PMT-0190,F-19,1.54,residential,electronic,True
C-001173,PMT-0118,F-12,3.85,residential,electronic,False
C-001174,PMT-0054,F-06,1.48,residential,electronic,False
C-001175,PMT-0003,F-01,7.41,residential,electronic,False
C-001176,PMT-0102,F-11,79.42,industrial,analog,False
C-001177,PMT-0095,F-10,5.81,residential,electronic,True
C-001178,PMT-0058,F-06,5.78,residential,analog,False
C-001179,PMT-0078,F-08,3.0,residential,analog,False
C-001180,PMT-0008,F-01,7.53,residential,electronic,False
C-001181,PMT-0183,F-19,7.46,residential,analog,False
C-001182,PMT-0279,F-28,6.18,residential,analog,True
C-001183,PMT-0208,F-21,14.38,commercial,electronic,False
C-001184,PMT-0135,F-14,1.33,residential,analog,False
C-001185,PMT-0127,F-13,1.2,residential,analog,False
C-001186,PMT-0093,F-10,1.97,residential,analog,False
C-001187,PMT-0043,F-05,5.17,residential,analog,False
C-001188,PMT-0180,F-18,6.59,residential,analog,False
C-001189,PMT-0170,F-17,7.64,residential,analog,False
C-001190,PMT-0003,F-01,2.23,residential,electronic,False
C-001191,PMT-0125,F-13,10.51,commercial,analog,False
C-001192,PMT-0084,F-09,1.38,residential,electronic,False
C-001193,PMT-0052,F-06,7.92,residential,analog,False
C-001194,PMT-0211,F-22,6.47,residential,analog,False
C-001195,PMT-0158,F-16,4.36,residential,electronic,False
C-001196,PMT-0191,F-20,5.03,residential,analog,False
C-001197,PMT-0215,F-22,4.94,residential,electronic,False
C-001198,PMT-0295,F-30,2.78,residential,analog,False
C-001199,PMT-0241,F-25,2.3,residential,electronic,True
C-001200,PMT-0187,F-19,43.76,industrial,analog,True
C-001201,PMT-0264,F-27,2.73,residential,electronic,True
C-001202,PMT-0144,F-15,4.9,residential,analog,False
C-001203,PMT-0296,F-30,3.16,residential,analog,False
C-001204,PMT-0229,F-23,6.1,residential,analog,False
C-001205,PMT-0196,F-20,4.98,residential,electronic,False
C-001206,PMT-0271,F-28,4.73,residential,analog,False
C-001207,PMT-0155,F-16,7.66,residential,analog,False
C-001208,PMT-0217,F-22,3.26,residential,electronic,False
C-001209,PMT-0086,F-09,5.45,residential,analog,False
C-001210,PMT-0289,F-29,5.0,commercial,electronic,False
C-001211,PMT-0188,F-19,6.16,residential,electronic,True
C-001212,PMT-0235,F-24,4.52,residential,analog,False
C-001213,PMT-0139,F-14,2.46,residential,electronic,True
C-001214,PMT-0261,F-27,1.01,residential,analog,True
C-001215,PMT-0023,F-03,5.95,residential,analog,False
C-001216,PMT-0035,F-04,5.64,residential,analog,False
C-001217,PMT-0153,F-16,5.66,residential,analog,False
C-001218,PMT-0220,F-22,4.06,residential,electronic,False
C-001219,PMT-0243,F-25,5.48,residential,electronic,False
C-001220,PMT-0133,F-14,5.0,residential,electronic,False
C-001221,PMT-0195,F-20,2.67,residential,electronic,True
C-001222,PMT-0166,F-17,4.63,residential,analog,False
C-001223,PMT-0289,F-29,4.6,residential,analog,False
C-001224,PMT-0197,F-20,6.77,residential,analog,True
C-001225,PMT-0126,F-13,4.03,residential,electronic,False
C-001226,PMT-0291,F-30,4.05,residential,analog,False
C-001227,PMT-0033,F-04,7.89,residential,electronic,True
C-001228,PMT-0296,F-30,7.26,residential,analog,False
C-001229,PMT-0047,F-05,2.7,residential,analog,True
C-001230,PMT-0087,F-09,7.37,residential,electronic,False
C-001231,PMT-0247,F-25,7.76,commercial,analog,False
C-001232,PMT-0221,F-23,6.97,residential,analog,False
C-001233,PMT-0292,F-30,8.67,commercial,analog,False
C-001234,PMT-0225,F-23,3.98,residential,electronic,False
C-001235,PMT-0192,F-20,7.89,residential,analog,True
C-001236,PMT-0104,F-11,1.68,residential,analog,False
C-001237,PMT-0002,F-01,6.88,residential,analog,False
C-001238,PMT-0038,F-04,4.46,residential,analog,False
C-001239,PMT-0090,F-09,7.22,commercial,analog,False
C-001240,PMT-0013,F-02,7.67,residential,analog,False
C-001241,PMT-0153,F-16,4.84,residential,analog,False
C-001242,PMT-0234,F-24,7.16,residential,electronic,False
C-001243,PMT-0289,F-29,7.08,residential,electronic,False
C-001244,PMT-0147,F-15,1.1,residential,electronic,False
C-001245,PMT-0263,F-27,2.85,residential,analog,False
C-001246,PMT-0296,F-30,3.36,residential,analog,False
C-001247,PMT-0258,F-26,15.7,commercial,analog,False
C-001248,PMT-0140,F-14,25.75,industrial,analog,False
C-001249,PMT-0098,F-10,3.72,residential,analog,False
C-001250,PMT-0294,F-30,6.7,residential,analog,False
C-001251,PMT-0073,F-08,8.46,commercial,analog,False
C-001252,PMT-0124,F-13,5.91,residential,analog,False
C-001253,PMT-0023,F-03,4.22,residential,analog,False
C-001254,PMT-0239,F-24,1.49,residential,analog,False
C-001255,PMT-0195,F-20,8.55,commercial,electronic,False
C-001256,PMT-0026,F-03,7.82,commercial,analog,False
C-001257,PMT-0067,F-07,5.34,residential,electronic,False
C-001258,PMT-0167,F-17,1.61,residential,analog,False
C-001259,PMT-0163,F-17,6.76,residential,electronic,False
C-001260,PMT-0241,F-25,6.65,residential,analog,False
C-001261,PMT-0080,F-08,6.6,commercial,analog,False
C-001262,PMT-0278,F-28,7.22,residential,electronic,False
C-001263,PMT-0134,F-14,7.71,residential,analog,False
C-001264,PMT-0247,F-25,1.3,residential,analog,False
C-001265,PMT-0072,F-08,7.65,residential,analog,False
C-001266,PMT-0012,F-02,10.59,commercial,electronic,False
C-001267,PMT-0017,F-02,5.65,residential,electronic,False
C-001268,PMT-0112,F-12,8.5,commercial,analog,False
C-001269,PMT-0286,F-29,6.72,residential,electronic,False
C-001270,PMT-0015,F-02,6.89,residential,analog,False
C-001271,PMT-0111,F-12,7.85,residential,analog,False
C-001272,PMT-0033,F-04,7.95,residential,analog,False
C-001273,PMT-0280,F-28,1.53,residential,analog,False
C-001274,PMT-0203,F-21,5.61,residential,electronic,False
C-001275,PMT-0229,F-23,2.91,residential,electronic,False
C-001276,PMT-0214,F-22,1.88,residential,electronic,False
C-001277,PMT-0198,F-20,2.04,residential,analog,False
C-001278,PMT-0233,F-24,7.56,residential,analog,False
C-001279,PMT-0003,F-01,5.79,residential,electronic,False
C-001280,PMT-0260,F-26,1.35,residential,analog,False
C-001281,PMT-0222,F-23,7.89,residential,electronic,False
C-001282,PMT-0222,F-23,6.65,residential,analog,False
C-001283,PMT-0119,F-12,3.16,residential,electronic,False
C-001284,PMT-0241,F-25,4.3,residential,electronic,False
C-001285,PMT-0115,F-12,19.53,commercial,analog,False
C-001286,PMT-0015,F-02,5.73,residential,analog,True
C-001287,PMT-0273,F-28,4.24,residential,analog,False
C-001288,PMT-0071,F-08,60.99,industrial,analog,False
C-001289,PMT-0031,F-04,1.3,residential,electronic,False
C-001290,PMT-0187,F-19,15.01,commercial,analog,False
C-001291,PMT-0071,F-08,3.38,residential,analog,False
C-001292,PMT-0258,F-26,10.7,commercial,analog,False
C-001293,PMT-0134,F-14,10.39,commercial,analog,False
C-001294,PMT-0002,F-01,71.92,industrial,analog,False
C-001295,PMT-0286,F-29,4.0,residential,electronic,False
C-001296,PMT-0155,F-16,3.98,residential,electronic,False
C-001297,PMT-0079,F-08,8.18,commercial,electronic,False
C-001298,PMT-0204,F-21,7.73,residential,analog,True
C-001299,PMT-0160,F-16,2.57,residential,analog,False
C-001300,PMT-0009,F-01,52.49,industrial,analog,True
C-001301,PMT-0228,F-23,2.33,residential,analog,False
C-001302,PMT-0121,F-13,5.92,residential,analog,False
C-001303,PMT-0210,F-21,4.05,residential,analog,False
C-001304,PMT-0269,F-27,3.9,residential,analog,False
C-001305,PMT-0184,F-19,7.13,residential,analog,False
C-001306,PMT-0202,F-21,6.32,residential,analog,True
C-001307,PMT-0077,F-08,4.64,residential,analog,False
C-001308,PMT-0072,F-08,14.37,commercial,electronic,False
C-001309,PMT-0125,F-13,7.72,residential,analog,False
C-001310,PMT-0256,F-26,7.7,residential,electronic,False
C-001311,PMT-0158,F-16,5.93,residential,analog,False
C-001312,PMT-0105,F-11,20.2,commercial,analog,False
C-001313,PMT-0234,F-24,91.93,industrial,analog,False
C-001314,PMT-0257,F-26,7.75,residential,analog,False
C-001315,PMT-0271,F-28,1.58,residential,analog,True
C-001316,PMT-0090,F-09,7.98,residential,electronic,False
C-001317,PMT-0213,F-22,5.92,residential,electronic,False
C-001318,PMT-0178,F-18,5.15,residential,analog,False
C-001319,PMT-0135,F-14,3.89,residential,analog,False
C-001320,PMT-0120,F-12,3.35,residential,analog,False
C-001321,PMT-0035,F-04,6.63,residential,electronic,False
C-001322,PMT-0083,F-09,5.58,residential,analog,True
C-001323,PMT-0165,F-17,9.01,commercial,analog,False
C-001324,PMT-0266,F-27,5.27,residential,analog,True
C-001325,PMT-0260,F-26,1.99,residential,electronic,False
C-001326,PMT-0057,F-06,4.48,residential,analog,False
C-001327,PMT-0204,F-21,16.67,commercial,analog,False
C-001328,PMT-0026,F-03,5.45,residential,analog,True
C-001329,PMT-0203,F-21,2.02,residential,electronic,False
C-001330,PMT-0103,F-11,1.67,residential,analog,True
C-001331,PMT-0135,F-14,2.81,residential,electronic,False
C-001332,PMT-0216,F-22,68.56,industrial,electronic,False
C-001333,PMT-0128,F-13,7.52,residential,analog,False
C-001334,PMT-0243,F-25,6.45,residential,electronic,True
C-001335,PMT-0161,F-17,6.22,residential,electronic,True
C-001336,PMT-0300,F-30,3.31,residential,analog,False
C-001337,PMT-0192,F-20,1.78,residential,electronic,True
C-001338,PMT-0089,F-09,7.24,residential,analog,False
C-001339,PMT-0233,F-24,4.51,residential,analog,False
C-001340,PMT-0123,F-13,1.7,residential,analog,False
C-001341,PMT-0161,F-17,15.7,commercial,electronic,False
C-001342,PMT-0042,F-05,18.51,commercial,electronic,False
C-001343,PMT-0036,F-04,11.4,commercial,analog,False
C-001344,PMT-0173,F-18,1.06,residential,analog,False
C-001345,PMT-0057,F-06,5.35,residential,analog,True
C-001346,PMT-0300,F-30,1.28,residential,electronic,True
C-001347,PMT-0257,F-26,54.62,industrial,analog,False
C-001348,PMT-0211,F-22,6.77,residential,analog,False
C-001349,PMT-0221,F-23,7.99,residential,analog,False
C-001350,PMT-0179,F-18,3.59,residential,analog,False
C-001351,PMT-0019,F-02,1.14,residential,analog,False
C-001352,PMT-0118,F-12,14.86,commercial,analog,False
C-001353,PMT-0149,F-15,2.93,residential,analog,False
C-001354,PMT-0275,F-28,7.25,residential,electronic,False
C-001355,PMT-0066,F-07,5.98,residential,analog,False
C-001356,PMT-0150,F-15,3.83,residential,analog,False
C-001357,PMT-0104,F-11,6.33,residential,electronic,False
C-001358,PMT-0041,F-05,11.82,commercial,analog,False
C-001359,PMT-0031,F-04,4.65,residential,electronic,False
C-001360,PMT-0110,F-11,7.46,residential,electronic,False
C-001361,PMT-0025,F-03,2.4,residential,analog,False
C-001362,PMT-0021,F-03,3.19,residential,analog,False
C-001363,PMT-0106,F-11,7.2,residential,analog,False
C-001364,PMT-0061,F-07,4.23,residential,analog,False
C-001365,PMT-0167,F-17,11.36,commercial,analog,False
C-001366,PMT-0006,F-01,1.26,residential,analog,False
C-001367,PMT-0091,F-10,3.93,residential,analog,False
C-001368,PMT-0136,F-14,4.5,residential,analog,False
C-001369,PMT-0289,F-29,3.84,residential,analog,False
C-001370,PMT-0191,F-20,2.94,residential,analog,False
C-001371,PMT-0265,F-27,12.38,commercial,analog,False
C-001372,PMT-0103,F-11,5.5,residential,analog,False
C-001373,PMT-0135,F-14,91.3,industrial,electronic,False
C-001374,PMT-0127,F-13,5.55,residential,electronic,False
C-001375,PMT-0267,F-27,5.52,residential,electronic,False
C-001376,PMT-0288,F-29,6.72,residential,analog,False
C-001377,PMT-0289,F-29,2.16,residential,analog,True
C-001378,PMT-0226,F-23,11.02,commercial,electronic,False
C-001379,PMT-0151,F-16,1.35,residential,electronic,False
C-001380,PMT-0163,F-17,3.45,residential,electronic,False
C-001381,PMT-0295,F-30,7.99,residential,analog,False
C-001382,PMT-0086,F-09,11.59,commercial,analog,False
C-001383,PMT-0105,F-11,7.02,residential,analog,False
C-001384,PMT-0270,F-27,1.6,residential,electronic,False
C-001385,PMT-0116,F-12,4.22,residential,analog,False
C-001386,PMT-0071,F-08,12.03,commercial,electronic,False
C-001387,PMT-0169,F-17,2.41,residential,electronic,False
C-001388,PMT-0098,F-10,3.61,residential,electronic,False
C-001389,PMT-0268,F-27,72.1,industrial,analog,False
C-001390,PMT-0273,F-28,4.43,residential,electronic,False
C-001391,PMT-0092,F-10,6.91,residential,electronic,False
C-001392,PMT-0159,F-16,7.33,residential,electronic,False
C-001393,PMT-0296,F-30,4.37,residential,electronic,False
C-001394,PMT-0223,F-23,7.87,residential,analog,True
C-001395,PMT-0065,F-07,1.5,residential,electronic,False
C-001396,PMT-0178,F-18,2.93,residential,analog,False
C-001397,PMT-0186,F-19,3.92,residential,electronic,False
C-001398,PMT-0197,F-20,5.08,residential,electronic,False
C-001399,PMT-0008,F-01,4.82,residential,electronic,False
C-001400,PMT-0090,F-09,16.36,commercial,analog,False
C-001401,PMT-0257,F-26,7.27,residential,electronic,False
C-001402,PMT-0073,F-08,2.94,residential,electronic,False
C-001403,PMT-0090,F-09,6.72,residential,analog,False
C-001404,PMT-0097,F-10,4.91,residential,analog,False
C-001405,PMT-0054,F-06,4.43,residential,electronic,False
C-001406,PMT-0047,F-05,3.1,residential,electronic,False
C-001407,PMT-0105,F-11,44.33,industrial,analog,False
C-001408,PMT-0263,F-27,3.72,residential,analog,False
C-001409,PMT-0001,F-01,6.34,residential,electronic,False
C-001410,PMT-0085,F-09,4.34,residential,electronic,False
C-001411,PMT-0019,F-02,2.08,residential,analog,False
C-001412,PMT-0169,F-17,6.32,residential,analog,False
C-001413,PMT-0076,F-08,5.64,residential,electronic,True
C-001414,PMT-0238,F-24,23.98,commercial,electronic,False
C-001415,PMT-0176,F-18,4.71,residential,analog,False
C-001416,PMT-0236,F-24,5.58,residential,electronic,False
C-001417,PMT-0191,F-20,4.36,residential,analog,True
C-001418,PMT-0132,F-14,5.77,residential,analog,False
C-001419,PMT-0259,F-26,13.72,commercial,electronic,False
C-001420,PMT-0143,F-15,1.96,residential,analog,False
C-001421,PMT-0285,F-29,7.91,residential,analog,False
C-001422,PMT-0299,F-30,6.04,residential,electronic,False
C-001423,PMT-0177,F-18,5.26,residential,analog,True
C-001424,PMT-0203,F-21,4.37,residential,analog,False
C-001425,PMT-0077,F-08,5.98,residential,analog,False
C-001426,PMT-0245,F-25,1.89,residential,analog,False
C-001427,PMT-0202,F-21,3.28,residential,analog,False
C-001428,PMT-0271,F-28,1.87,residential,analog,True
C-001429,PMT-0081,F-09,1.88,residential,analog,False
C-001430,PMT-0237,F-24,1.15,residential,analog,False
C-001431,PMT-0142,F-15,6.29,residential,analog,False
C-001432,PMT-0056,F-06,2.59,residential,electronic,False
C-001433,PMT-0052,F-06,6.82,residential,analog,False
C-001434,PMT-0169,F-17,23.09,commercial,electronic,False
C-001435,PMT-0096,F-10,2.18,residential,electronic,False
C-001436,PMT-0031,F-04,5.96,residential,analog,False
C-001437,PMT-0129,F-13,4.22,residential,analog,True
C-001438,PMT-0196,F-20,7.43,residential,analog,False
C-001439,PMT-0096,F-10,14.69,commercial,electronic,False
C-001440,PMT-0287,F-29,3.65,residential,analog,False
C-001441,PMT-0234,F-24,3.06,residential,analog,False
C-001442,PMT-0154,F-16,23.07,commercial,electronic,False
C-001443,PMT-0281,F-29,9.52,commercial,electronic,True
C-001444,PMT-0130,F-13,21.55,commercial,analog,False
C-001445,PMT-0042,F-05,2.36,residential,analog,False
C-001446,PMT-0011,F-02,5.5,residential,analog,False
C-001447,PMT-0282,F-29,4.16,residential,electronic,True
C-001448,PMT-0288,F-29,1.73,residential,electronic,False
C-001449,PMT-0222,F-23,1.88,residential,analog,False
C-001450,PMT-0031,F-04,2.97,residential,electronic,True
C-001451,PMT-0089,F-09,6.37,residential,analog,False
C-001452,PMT-0013,F-02,6.1,residential,electronic,False
C-001453,PMT-0016,F-02,2.44,residential,analog,False
C-001454,PMT-0074,F-08,4.33,residential,analog,False
C-001455,PMT-0172,F-18,1.68,residential,analog,False
C-001456,PMT-0020,F-02,6.01,residential,analog,True
C-001457,PMT-0296,F-30,6.55,residential,electronic,False
C-001458,PMT-0137,F-14,7.25,residential,analog,False
C-001459,PMT-0080,F-08,7.2,residential,analog,False
C-001460,PMT-0155,F-16,3.37,residential,electronic,False
C-001461,PMT-0238,F-24,2.78,residential,analog,False
C-001462,PMT-0094,F-10,7.28,residential,analog,False
C-001463,PMT-0015,F-02,2.02,residential,analog,False
C-001464,PMT-0016,F-02,1.42,residential,electronic,False
C-001465,PMT-0256,F-26,3.2,residential,electronic,False
C-001466,PMT-0034,F-04,20.21,commercial,electronic,False
C-001467,PMT-0191,F-20,5.86,residential,electronic,False
C-001468,PMT-0116,F-12,7.91,residential,analog,False
C-001469,PMT-0234,F-24,48.76,industrial,analog,False
C-001470,PMT-0019,F-02,10.52,commercial,electronic,True
C-001471,PMT-0270,F-27,3.65,residential,analog,True
C-001472,PMT-0210,F-21,6.48,residential,electronic,False
C-001473,PMT-0135,F-14,37.14,industrial,analog,True
C-001474,PMT-0063,F-07,7.63,residential,analog,False
C-001475,PMT-0294,F-30,4.59,residential,analog,False
C-001476,PMT-0091,F-10,6.48,residential,analog,False
C-001477,PMT-0148,F-15,6.79,residential,electronic,False
C-001478,PMT-0119,F-12,4.35,residential,electronic,False
C-001479,PMT-0070,F-07,6.19,residential,electronic,False
C-001480,PMT-0125,F-13,3.55,residential,electronic,False
C-001481,PMT-0046,F-05,6.68,residential,analog,False
C-001482,PMT-0001,F-01,6.77,residential,analog,False
C-001483,PMT-0087,F-09,16.32,commercial,electronic,False
C-001484,PMT-0034,F-04,2.53,residential,analog,False
C-001485,PMT-0125,F-13,97.62,industrial,analog,False
C-001486,PMT-0259,F-26,23.94,commercial,analog,True
C-001487,PMT-0049,F-05,5.34,residential,electronic,False
C-001488,PMT-0001,F-01,7.89,residential,electronic,True
C-001489,PMT-0034,F-04,4.52,residential,analog,False
C-001490,PMT-0153,F-16,50.04,industrial,analog,False
C-001491,PMT-0083,F-09,4.22,residential,analog,False
C-001492,PMT-0147,F-15,1.32,residential,analog,False
C-001493,PMT-0009,F-01,15.98,commercial,analog,False
C-001494,PMT-0100,F-10,5.66,residential,electronic,False
C-001495,PMT-0124,F-13,7.19,commercial,electronic,False
C-001496,PMT-0130,F-13,2.79,residential,electronic,False
C-001497,PMT-0166,F-17,6.05,residential,electronic,False
C-001498,PMT-0235,F-24,6.56,residential,electronic,True
C-001499,PMT-0141,F-15,7.9,residential,electronic,False
C-001500,PMT-0253,F-26,2.77,residential,analog,False
C-001501,PMT-0159,F-16,21.83,commercial,electronic,False
C-001502,PMT-0079,F-08,2.2,residential,analog,False
C-001503,PMT-0069,F-07,1.92,residential,analog,False
C-001504,PMT-0097,F-10,19.58,commercial,analog,False
C-001505,PMT-0180,F-18,4.12,residential,analog,False
C-001506,PMT-0073,F-08,6.56,residential,electronic,False
C-001507,PMT-0275,F-28,10.65,commercial,electronic,True
C-001508,PMT-0144,F-15,2.49,residential,analog,False
C-001509,PMT-0259,F-26,4.84,residential,analog,False
C-001510,PMT-0205,F-21,1.81,residential,electronic,False
C-001511,PMT-0101,F-11,2.95,residential,electronic,False
C-001512,PMT-0069,F-07,2.16,residential,analog,False
C-001513,PMT-0224,F-23,3.24,residential,analog,True
C-001514,PMT-0100,F-10,6.36,residential,analog,False
C-001515,PMT-0075,F-08,1.85,residential,electronic,False
C-001516,PMT-0280,F-28,5.28,residential,analog,False
C-001517,PMT-0145,F-15,5.09,residential,electronic,True
C-001518,PMT-0015,F-02,4.77,residential,analog,False
C-001519,PMT-0149,F-15,4.39,residential,electronic,False
C-001520,PMT-0139,F-14,5.65,residential,analog,False
C-001521,PMT-0260,F-26,88.14,industrial,electronic,False
C-001522,PMT-0214,F-22,2.13,residential,electronic,False
C-001523,PMT-0058,F-06,6.7,residential,electronic,False
C-001524,PMT-0046,F-05,1.43,residential,electronic,False
C-001525,PMT-0182,F-19,4.37,residential,analog,False
C-001526,PMT-0015,F-02,60.92,industrial,analog,False
C-001527,PMT-0096,F-10,2.38,residential,analog,False
C-001528,PMT-0042,F-05,1.63,residential,electronic,False
C-001529,PMT-0007,F-01,1.52,residential,electronic,False
C-001530,PMT-0276,F-28,1.26,residential,analog,False
C-001531,PMT-0027,F-03,5.02,residential,electronic,False
C-001532,PMT-0003,F-01,32.44,industrial,analog,False
C-001533,PMT-0280,F-28,6.66,residential,analog,False
C-001534,PMT-0057,F-06,7.29,residential,analog,False
C-001535,PMT-0245,F-25,3.05,residential,electronic,False
C-001536,PMT-0010,F-01,2.15,residential,analog,False
C-001537,PMT-0047,F-05,3.87,residential,electronic,True
C-001538,PMT-0034,F-04,7.17,residential,electronic,False
C-001539,PMT-0212,F-22,3.8,residential,analog,False
C-001540,PMT-0187,F-19,1.76,residential,analog,False
C-001541,PMT-0143,F-15,24.69,commercial,electronic,False
C-001542,PMT-0073,F-08,4.5,residential,electronic,False
C-001543,PMT-0027,F-03,11.85,commercial,analog,False
C-001544,PMT-0171,F-18,7.26,residential,analog,False
C-001545,PMT-0070,F-07,7.49,residential,analog,False
C-001546,PMT-0178,F-18,14.94,commercial,analog,False
C-001547,PMT-0207,F-21,3.15,residential,analog,False
C-001548,PMT-0255,F-26,4.38,residential,electronic,False
C-001549,PMT-0149,F-15,2.53,residential,analog,True
C-001550,PMT-0002,F-01,4.35,residential,electronic,False
C-001551,PMT-0085,F-09,9.59,commercial,analog,True
C-001552,PMT-0257,F-26,5.36,residential,analog,False
C-001553,PMT-0160,F-16,20.2,commercial,electronic,False
C-001554,PMT-0186,F-19,7.79,residential,analog,True
C-001555,PMT-0138,F-14,6.9,residential,analog,False
C-001556,PMT-0049,F-05,1.6,residential,analog,False
C-001557,PMT-0270,F-27,9.23,commercial,analog,False
C-001558,PMT-0232,F-24,4.72,residential,electronic,False
C-001559,PMT-0299,F-30,10.15,commercial,electronic,False
C-001560,PMT-0257,F-26,1.1,residential,electronic,False
C-001561,PMT-0088,F-09,6.28,residential,electronic,False
C-001562,PMT-0077,F-08,3.5,residential,analog,False
C-001563,PMT-0075,F-08,1.46,residential,analog,False
C-001564,PMT-0276,F-28,15.18,commercial,analog,False
C-001565,PMT-0168,F-17,7.84,residential,electronic,True
C-001566,PMT-0137,F-14,5.75,residential,analog,False
C-001567,PMT-0291,F-30,2.11,residential,analog,False
C-001568,PMT-0182,F-19,4.6,residential,electronic,False
C-001569,PMT-0273,F-28,7.31,residential,analog,False
C-001570,PMT-0296,F-30,6.08,commercial,analog,False
C-001571,PMT-0024,F-03,5.47,residential,analog,False
C-001572,PMT-0109,F-11,6.05,residential,analog,False
C-001573,PMT-0221,F-23,5.93,residential,analog,False
C-001574,PMT-0244,F-25,2.05,residential,analog,False
C-001575,PMT-0045,F-05,7.35,residential,analog,False
C-001576,PMT-0096,F-10,3.26,residential,electronic,False
C-001577,PMT-0165,F-17,1.36,residential,analog,False
C-001578,PMT-0240,F-24,1.58,residential,electronic,True
C-001579,PMT-0034,F-04,56.61,industrial,electronic,False
C-001580,PMT-0181,F-19,23.2,industrial,electronic,True
C-001581,PMT-0089,F-09,20.59,commercial,electronic,False
C-001582,PMT-0065,F-07,7.06,residential,analog,False
C-001583,PMT-0155,F-16,1.09,residential,analog,False
C-001584,PMT-0125,F-13,6.67,residential,analog,False
C-001585,PMT-0191,F-20,7.87,residential,analog,False
C-001586,PMT-0096,F-10,1.21,residential,electronic,False
C-001587,PMT-0247,F-25,6.07,residential,analog,False
C-001588,PMT-0024,F-03,99.93,industrial,analog,False
C-001589,PMT-0259,F-26,20.94,commercial,analog,False
C-001590,PMT-0009,F-01,4.54,residential,electronic,False
C-001591,PMT-0221,F-23,7.19,residential,analog,True
C-001592,PMT-0104,F-11,5.96,residential,analog,False
C-001593,PMT-0116,F-12,3.05,residential,electronic,False
C-001594,PMT-0006,F-01,9.49,commercial,electronic,False
C-001595,PMT-0211,F-22,61.0,industrial,analog,True
C-001596,PMT-0050,F-05,3.61,residential,analog,True
C-001597,PMT-0198,F-20,3.31,residential,electronic,True
C-001598,PMT-0218,F-22,2.25,residential,analog,True
C-001599,PMT-0254,F-26,6.92,residential,electronic,False
C-001600,PMT-0213,F-22,5.94,residential,electronic,False
C-001601,PMT-0091,F-10,3.32,residential,analog,False
C-001602,PMT-0222,F-23,2.66,residential,electronic,False
C-001603,PMT-0248,F-25,1.9,residential,electronic,False
C-001604,PMT-0096,F-10,1.79,residential,analog,False
C-001605,PMT-0038,F-04,5.38,residential,analog,True
C-001606,PMT-0268,F-27,1.76,residential,electronic,True
C-001607,PMT-0045,F-05,24.2,commercial,analog,False
C-001608,PMT-0179,F-18,2.95,residential,electronic,False
C-001609,PMT-0071,F-08,1.18,residential,analog,False
C-001610,PMT-0038,F-04,6.99,residential,analog,False
C-001611,PMT-0233,F-24,3.57,residential,analog,False
C-001612,PMT-0044,F-05,3.4,residential,electronic,False
C-001613,PMT-0202,F-21,1.83,residential,analog,False
C-001614,PMT-0208,F-21,5.62,residential,analog,False
C-001615,PMT-0019,F-02,48.7,industrial,analog,False
C-001616,PMT-0052,F-06,6.76,residential,analog,False
C-001617,PMT-0239,F-24,5.41,residential,analog,True
C-001618,PMT-0153,F-16,22.6,commercial,electronic,True
C-001619,PMT-0037,F-04,5.36,residential,electronic,False
C-001620,PMT-0298,F-30,6.45,residential,analog,False
C-001621,PMT-0080,F-08,18.93,commercial,analog,False
C-001622,PMT-0002,F-01,4.24,residential,electronic,False
C-001623,PMT-0278,F-28,5.82,residential,electronic,False
C-001624,PMT-0005,F-01,5.65,residential,electronic,False
C-001625,PMT-0167,F-17,1.05,residential,analog,False
C-001626,PMT-0298,F-30,18.97,commercial,analog,False
C-001627,PMT-0174,F-18,2.84,residential,analog,False
C-001628,PMT-0176,F-18,4.79,residential,analog,False
C-001629,PMT-0117,F-12,1.78,residential,analog,False
C-001630,PMT-0039,F-04,1.16,residential,electronic,False
C-001631,PMT-0172,F-18,1.11,residential,analog,False
C-001632,PMT-0270,F-27,2.11,residential,analog,False
C-001633,PMT-0028,F-03,5.4,commercial,electronic,False
C-001634,PMT-0265,F-27,1.93,residential,electronic,False
C-001635,PMT-0125,F-13,4.91,residential,analog,False
C-001636,PMT-0161,F-17,3.8,residential,analog,False
C-001637,PMT-0050,F-05,7.87,residential,electronic,False
C-001638,PMT-0187,F-19,6.66,residential,electronic,False
C-001639,PMT-0055,F-06,2.03,residential,analog,False
C-001640,PMT-0082,F-09,3.92,residential,analog,False
C-001641,PMT-0217,F-22,4.02,residential,electronic,False
C-001642,PMT-0016,F-02,12.24,commercial,electronic,False
C-001643,PMT-0135,F-14,4.47,residential,analog,True
C-001644,PMT-0179,F-18,5.69,residential,analog,False
C-001645,PMT-0040,F-04,5.49,residential,electronic,False
C-001646,PMT-0089,F-09,3.5,residential,electronic,False
C-001647,PMT-0104,F-11,5.94,residential,analog,False
C-001648,PMT-0200,F-20,3.03,residential,electronic,False
C-001649,PMT-0294,F-30,21.71,commercial,electronic,False
C-001650,PMT-0251,F-26,7.75,residential,analog,False
C-001651,PMT-0057,F-06,3.06,residential,analog,False
C-001652,PMT-0006,F-01,82.78,industrial,analog,False
C-001653,PMT-0016,F-02,6.69,residential,electronic,False
C-001654,PMT-0179,F-18,4.44,residential,analog,False
C-001655,PMT-0047,F-05,1.61,residential,electronic,False
C-001656,PMT-0070,F-07,6.5,residential,analog,False
C-001657,PMT-0255,F-26,3.85,residential,electronic,True
C-001658,PMT-0263,F-27,36.65,industrial,electronic,False
C-001659,PMT-0252,F-26,5.39,residential,electronic,False
C-001660,PMT-0077,F-08,4.06,residential,electronic,False
C-001661,PMT-0186,F-19,1.61,residential,analog,False
C-001662,PMT-0184,F-19,24.67,commercial,analog,False
C-001663,PMT-0056,F-06,2.71,residential,analog,False
C-001664,PMT-0167,F-17,15.22,commercial,electronic,False
C-001665,PMT-0158,F-16,5.67,residential,analog,False
C-001666,PMT-0119,F-12,1.81,residential,analog,False
C-001667,PMT-0226,F-23,19.79,commercial,analog,False
C-001668,PMT-0204,F-21,5.54,residential,electronic,False
C-001669,PMT-0160,F-16,4.46,residential,analog,False
C-001670,PMT-0218,F-22,15.57,commercial,analog,True
C-001671,PMT-0229,F-23,7.68,residential,analog,False
C-001672,PMT-0171,F-18,7.38,residential,analog,False
C-001673,PMT-0081,F-09,1.78,residential,electronic,False
C-001674,PMT-0228,F-23,3.58,residential,electronic,False
C-001675,PMT-0216,F-22,4.62,residential,electronic,False
C-001676,PMT-0296,F-30,7.44,residential,analog,False
C-001677,PMT-0045,F-05,6.72,residential,analog,False
C-001678,PMT-0126,F-13,12.73,commercial,electronic,True
C-001679,PMT-0278,F-28,7.2,residential,analog,False
C-001680,PMT-0155,F-16,3.65,residential,electronic,False
C-001681,PMT-0283,F-29,2.9,residential,electronic,False
C-001682,PMT-0004,F-01,17.2,commercial,analog,False
C-001683,PMT-0011,F-02,3.49,residential,electronic,False
C-001684,PMT-0239,F-24,17.45,commercial,analog,False
C-001685,PMT-0108,F-11,3.87,residential,analog,False
C-001686,PMT-0157,F-16,6.57,residential,analog,False
C-001687,PMT-0129,F-13,24.09,commercial,analog,False
C-001688,PMT-0123,F-13,10.41,commercial,electronic,False
C-001689,PMT-0282,F-29,4.57,residential,analog,False
C-001690,PMT-0029,F-03,6.07,residential,electronic,False
C-001691,PMT-0232,F-24,2.11,residential,analog,False
C-001692,PMT-0267,F-27,6.57,residential,analog,False
C-001693,PMT-0198,F-20,16.66,commercial,analog,False
C-001694,PMT-0119,F-12,7.99,commercial,electronic,False
C-001695,PMT-0049,F-05,7.08,residential,electronic,False
C-001696,PMT-0205,F-21,3.99,residential,electronic,False
C-001697,PMT-0141,F-15,2.24,residential,analog,False
C-001698,PMT-0045,F-05,2.37,residential,analog,False
C-001699,PMT-0108,F-11,6.5,residential,analog,False
C-001700,PMT-0289,F-29,7.55,residential,electronic,False
C-001701,PMT-0080,F-08,3.65,residential,analog,False
C-001702,PMT-0054,F-06,1.55,residential,analog,False
C-001703,PMT-0205,F-21,28.07,industrial,electronic,False
C-001704,PMT-0060,F-06,5.58,residential,analog,False
C-001705,PMT-0276,F-28,3.6,residential,electronic,False
C-001706,PMT-0258,F-26,3.98,residential,electronic,False
C-001707,PMT-0296,F-30,3.36,residential,analog,True
C-001708,PMT-0274,F-28,4.26,residential,analog,False
C-001709,PMT-0074,F-08,5.5,residential,electronic,True
C-001710,PMT-0064,F-07,4.79,residential,electronic,False
C-001711,PMT-0103,F-11,2.15,residential,analog,False
C-001712,PMT-0141,F-15,14.83,commercial,electronic,False
C-001713,PMT-0264,F-27,4.22,residential,analog,True
C-001714,PMT-0221,F-23,4.82,residential,electronic,False
C-001715,PMT-0194,F-20,1.77,residential,analog,False
C-001716,PMT-0264,F-27,8.07,commercial,analog,False
C-001717,PMT-0194,F-20,4.71,residential,electronic,False
C-001718,PMT-0114,F-12,10.51,commercial,analog,False
C-001719,PMT-0124,F-13,5.4,residential,electronic,False
C-001720,PMT-0156,F-16,3.61,residential,electronic,False
C-001721,PMT-0027,F-03,2.55,residential,electronic,False
C-001722,PMT-0223,F-23,5.59,residential,analog,False
C-001723,PMT-0196,F-20,3.76,residential,analog,False
C-001724,PMT-0220,F-22,2.1,residential,analog,False
C-001725,PMT-0161,F-17,6.66,residential,analog,False
C-001726,PMT-0235,F-24,4.02,residential,analog,False
C-001727,PMT-0285,F-29,7.41,residential,analog,False
C-001728,PMT-0171,F-18,2.35,residential,analog,False
C-001729,PMT-0134,F-14,7.13,residential,electronic,False
C-001730,PMT-0032,F-04,6.71,residential,analog,False
C-001731,PMT-0234,F-24,7.08,commercial,analog,False
C-001732,PMT-0272,F-28,4.72,residential,electronic,False
C-001733,PMT-0210,F-21,18.07,commercial,analog,False
C-001734,PMT-0260,F-26,4.47,residential,electronic,False
C-001735,PMT-0259,F-26,3.73,residential,electronic,False
C-001736,PMT-0240,F-24,95.51,industrial,electronic,False
C-001737,PMT-0151,F-16,5.91,residential,electronic,False
C-001738,PMT-0030,F-03,7.76,residential,electronic,False
C-001739,PMT-0001,F-01,6.92,residential,electronic,False
C-001740,PMT-0062,F-07,6.72,residential,analog,False
C-001741,PMT-0130,F-13,6.08,residential,analog,True
C-001742,PMT-0224,F-23,5.52,residential,electronic,False
C-001743,PMT-0137,F-14,7.21,residential,analog,False
C-001744,PMT-0007,F-01,5.29,residential,analog,False
C-001745,PMT-0064,F-07,1.53,residential,electronic,False
C-001746,PMT-0294,F-30,5.08,residential,analog,False
C-001747,PMT-0297,F-30,1.72,residential,analog,False
C-001748,PMT-0114,F-12,7.65,residential,electronic,False
C-001749,PMT-0242,F-25,5.53,residential,analog,False
C-001750,PMT-0216,F-22,4.89,residential,analog,False
C-001751,PMT-0280,F-28,2.38,residential,electronic,False
C-001752,PMT-0267,F-27,4.61,residential,electronic,False
C-001753,PMT-0189,F-19,3.4,residential,analog,False
C-001754,PMT-0119,F-12,18.51,commercial,analog,False
C-001755,PMT-0188,F-19,5.23,residential,analog,False
C-001756,PMT-0096,F-10,4.5,residential,electronic,False
C-001757,PMT-0105,F-11,2.77,residential,analog,True
C-001758,PMT-0183,F-19,15.51,commercial,electronic,True
C-001759,PMT-0172,F-18,4.23,residential,electronic,False
C-001760,PMT-0175,F-18,6.96,residential,analog,False
C-001761,PMT-0116,F-12,7.26,residential,analog,False
C-001762,PMT-0123,F-13,6.31,residential,electronic,False
C-001763,PMT-0004,F-01,11.39,commercial,electronic,False
C-001764,PMT-0181,F-19,1.27,residential,analog,False
C-001765,PMT-0173,F-18,7.48,residential,analog,True
C-001766,PMT-0281,F-29,7.94,residential,electronic,False
C-001767,PMT-0152,F-16,7.54,commercial,electronic,False
C-001768,PMT-0141,F-15,5.8,residential,analog,False
C-001769,PMT-0021,F-03,13.5,commercial,analog,False
C-001770,PMT-0060,F-06,2.04,residential,electronic,False
C-001771,PMT-0102,F-11,7.99,residential,analog,False
C-001772,PMT-0114,F-12,7.53,residential,analog,False
C-001773,PMT-0109,F-11,7.88,residential,analog,False
C-001774,PMT-0119,F-12,31.51,industrial,analog,False
C-001775,PMT-0231,F-24,4.44,residential,analog,False
C-001776,PMT-0040,F-04,7.27,residential,analog,False
C-001777,PMT-0100,F-10,5.73,residential,analog,False
C-001778,PMT-0049,F-05,4.04,residential,analog,False
C-001779,PMT-0093,F-10,4.62,residential,analog,False
C-001780,PMT-0206,F-21,1.27,residential,analog,False
C-001781,PMT-0015,F-02,5.28,residential,analog,False
C-001782,PMT-0102,F-11,7.02,residential,analog,False
C-001783,PMT-0008,F-01,1.02,residential,analog,False
C-001784,PMT-0287,F-29,2.12,residential,electronic,False
C-001785,PMT-0219,F-22,4.63,residential,analog,False
C-001786,PMT-0074,F-08,4.93,residential,electronic,True
C-001787,PMT-0060,F-06,3.4,residential,analog,False
C-001788,PMT-0030,F-03,1.2,residential,analog,False
C-001789,PMT-0142,F-15,6.21,residential,analog,False
C-001790,PMT-0227,F-23,9.86,commercial,analog,False
C-001791,PMT-0176,F-18,5.51,residential,analog,False
C-001792,PMT-0265,F-27,4.91,residential,electronic,False
C-001793,PMT-0104,F-11,4.02,residential,analog,False
C-001794,PMT-0084,F-09,5.13,residential,analog,False
C-001795,PMT-0144,F-15,5.87,residential,analog,False
C-001796,PMT-0061,F-07,5.01,residential,electronic,False
C-001797,PMT-0293,F-30,4.9,residential,analog,False
C-001798,PMT-0056,F-06,4.05,residential,analog,False
C-001799,PMT-0144,F-15,4.01,residential,analog,False
C-001800,PMT-0157,F-16,4.44,residential,electronic,False
C-001801,PMT-0018,F-02,4.16,residential,electronic,False
C-001802,PMT-0141,F-15,4.07,residential,analog,False
C-001803,PMT-0137,F-14,2.47,residential,analog,False
C-001804,PMT-0078,F-08,6.07,residential,electronic,False
C-001805,PMT-0039,F-04,7.66,commercial,analog,False
C-001806,PMT-0014,F-02,7.36,residential,analog,True
C-001807,PMT-0003,F-01,5.37,residential,analog,False
C-001808,PMT-0145,F-15,23.91,industrial,analog,False
C-001809,PMT-0027,F-03,5.61,residential,analog,True
C-001810,PMT-0288,F-29,3.53,residential,electronic,False
C-001811,PMT-0074,F-08,7.51,residential,electronic,False
C-001812,PMT-0196,F-20,7.55,residential,analog,False
C-001813,PMT-0203,F-21,6.92,residential,analog,False
C-001814,PMT-0149,F-15,4.97,residential,analog,False
C-001815,PMT-0266,F-27,7.43,residential,electronic,False
C-001816,PMT-0034,F-04,5.55,residential,analog,False
C-001817,PMT-0071,F-08,7.13,residential,analog,False
C-001818,PMT-0076,F-08,2.12,residential,analog,False
C-001819,PMT-0041,F-05,7.33,residential,analog,False
C-001820,PMT-0089,F-09,72.93,industrial,analog,False
C-001821,PMT-0094,F-10,3.12,residential,analog,False
C-001822,PMT-0230,F-23,24.96,commercial,electronic,False
C-001823,PMT-0091,F-10,5.81,residential,analog,False
C-001824,PMT-0264,F-27,7.36,residential,electronic,True
C-001825,PMT-0232,F-24,1.04,residential,analog,False
C-001826,PMT-0271,F-28,4.87,residential,analog,False
C-001827,PMT-0032,F-04,5.99,residential,electronic,False
C-001828,PMT-0296,F-30,5.27,commercial,electronic,True
C-001829,PMT-0185,F-19,6.34,residential,analog,False
C-001830,PMT-0295,F-30,5.56,residential,electronic,False
C-001831,PMT-0107,F-11,2.92,residential,analog,False
C-001832,PMT-0286,F-29,5.82,residential,electronic,False
C-001833,PMT-0177,F-18,1.92,residential,analog,False
C-001834,PMT-0022,F-03,85.92,industrial,analog,False
C-001835,PMT-0124,F-13,7.06,residential,analog,True
C-001836,PMT-0042,F-05,4.4,residential,analog,False
C-001837,PMT-0283,F-29,4.55,residential,analog,False
C-001838,PMT-0092,F-10,3.81,residential,electronic,False
C-001839,PMT-0067,F-07,47.63,industrial,analog,False
C-001840,PMT-0166,F-17,22.46,commercial,analog,False
C-001841,PMT-0128,F-13,3.13,residential,analog,False
C-001842,PMT-0030,F-03,52.23,industrial,analog,False
C-001843,PMT-0245,F-25,3.1,residential,electronic,False
C-001844,PMT-0254,F-26,5.6,residential,electronic,False
C-001845,PMT-0223,F-23,6.7,residential,analog,False
C-001846,PMT-0186,F-19,2.15,residential,analog,False
C-001847,PMT-0121,F-13,2.78,residential,analog,True
C-001848,PMT-0163,F-17,1.73,residential,electronic,False
C-001849,PMT-0157,F-16,2.12,residential,analog,True
C-001850,PMT-0050,F-05,52.55,industrial,analog,False
C-001851,PMT-0025,F-03,82.07,industrial,analog,True
C-001852,PMT-0076,F-08,4.79,residential,analog,False
C-001853,PMT-0137,F-14,1.37,residential,analog,False
C-001854,PMT-0049,F-05,5.38,residential,electronic,False
C-001855,PMT-0033,F-04,6.57,residential,analog,True
C-001856,PMT-0256,F-26,3.75,residential,analog,False
C-001857,PMT-0113,F-12,2.72,residential,analog,False
C-001858,PMT-0176,F-18,6.35,residential,analog,False
C-001859,PMT-0158,F-16,1.17,residential,electronic,False
C-001860,PMT-0221,F-23,6.71,residential,electronic,False
C-001861,PMT-0222,F-23,6.63,residential,electronic,False
C-001862,PMT-0089,F-09,22.76,commercial,electronic,False
C-001863,PMT-0255,F-26,1.63,residential,analog,False
C-001864,PMT-0112,F-12,1.75,residential,analog,False
C-001865,PMT-0251,F-26,7.11,residential,analog,False
C-001866,PMT-0122,F-13,4.33,residential,electronic,False
C-001867,PMT-0034,F-04,3.75,residential,electronic,False
C-001868,PMT-0229,F-23,5.01,residential,analog,False
C-001869,PMT-0010,F-01,1.41,residential,analog,False
C-001870,PMT-0232,F-24,5.51,residential,electronic,False
C-001871,PMT-0013,F-02,7.62,residential,analog,False
C-001872,PMT-0063,F-07,5.73,residential,analog,False
C-001873,PMT-0182,F-19,4.25,residential,analog,False
C-001874,PMT-0283,F-29,7.73,residential,analog,False
C-001875,PMT-0123,F-13,5.82,residential,analog,False
C-001876,PMT-0037,F-04,1.4,residential,electronic,False
C-001877,PMT-0070,F-07,5.69,residential,electronic,False
C-001878,PMT-0269,F-27,1.42,residential,analog,False
C-001879,PMT-0219,F-22,3.15,residential,analog,False
C-001880,PMT-0031,F-04,5.31,residential,analog,False
C-001881,PMT-0116,F-12,2.51,residential,analog,False
C-001882,PMT-0080,F-08,1.27,residential,analog,False
C-001883,PMT-0054,F-06,5.33,residential,electronic,False
C-001884,PMT-0254,F-26,10.72,commercial,electronic,False
C-001885,PMT-0186,F-19,15.66,commercial,analog,False
C-001886,PMT-0054,F-06,40.89,industrial,electronic,False
C-001887,PMT-0196,F-20,5.81,residential,analog,False
C-001888,PMT-0125,F-13,7.27,residential,electronic,False
C-001889,PMT-0019,F-02,1.61,residential,analog,False
C-001890,PMT-0135,F-14,6.5,residential,electronic,False
C-001891,PMT-0056,F-06,2.09,residential,analog,False
C-001892,PMT-0074,F-08,3.31,residential,analog,False
C-001893,PMT-0264,F-27,3.5,residential,analog,False
C-001894,PMT-0214,F-22,2.44,residential,electronic,True
C-001895,PMT-0041,F-05,1.53,residential,electronic,False
C-001896,PMT-0256,F-26,6.38,residential,analog,False
C-001897,PMT-0173,F-18,20.87,commercial,electronic,False
C-001898,PMT-0263,F-27,7.98,residential,analog,False
C-001899,PMT-0225,F-23,7.54,residential,electronic,False
C-001900,PMT-0102,F-11,13.69,commercial,electronic,True
C-001901,PMT-0161,F-17,1.93,residential,analog,True
C-001902,PMT-0160,F-16,1.07,residential,analog,True
C-001903,PMT-0216,F-22,4.72,residential,analog,False
C-001904,PMT-0075,F-08,7.02,residential,analog,False
C-001905,PMT-0100,F-10,2.88,residential,analog,False
C-001906,PMT-0074,F-08,8.98,commercial,electronic,False
C-001907,PMT-0089,F-09,4.07,residential,electronic,False
C-001908,PMT-0049,F-05,22.87,commercial,analog,True
C-001909,PMT-0011,F-02,56.13,industrial,electronic,True
C-001910,PMT-0283,F-29,6.06,residential,electronic,False
C-001911,PMT-0023,F-03,4.24,residential,analog,False
C-001912,PMT-0267,F-27,3.61,residential,electronic,False
C-001913,PMT-0001,F-01,4.09,residential,electronic,False
C-001914,PMT-0234,F-24,6.38,residential,analog,False
C-001915,PMT-0099,F-10,6.28,residential,electronic,False
C-001916,PMT-0156,F-16,13.64,commercial,analog,False
C-001917,PMT-0085,F-09,2.87,residential,analog,False
C-001918,PMT-0148,F-15,1.97,residential,analog,False
C-001919,PMT-0136,F-14,1.01,residential,electronic,False
C-001920,PMT-0159,F-16,1.79,residential,electronic,False
C-001921,PMT-0118,F-12,2.15,residential,analog,False
C-001922,PMT-0161,F-17,5.83,residential,analog,True
C-001923,PMT-0248,F-25,6.73,residential,analog,False
C-001924,PMT-0131,F-14,6.16,residential,electronic,False
C-001925,PMT-0109,F-11,6.06,residential,analog,False
C-001926,PMT-0040,F-04,7.96,residential,analog,False
C-001927,PMT-0108,F-11,7.74,residential,analog,False
C-001928,PMT-0038,F-04,10.38,commercial,analog,False
C-001929,PMT-0055,F-06,2.02,residential,electronic,False
C-001930,PMT-0286,F-29,32.26,industrial,electronic,False
C-001931,PMT-0027,F-03,7.27,residential,analog,False
C-001932,PMT-0145,F-15,1.72,residential,electronic,False
C-001933,PMT-0251,F-26,3.38,residential,electronic,True
C-001934,PMT-0286,F-29,4.71,residential,analog,False
C-001935,PMT-0045,F-05,5.29,residential,analog,True
C-001936,PMT-0050,F-05,5.17,residential,electronic,False
C-001937,PMT-0112,F-12,20.73,commercial,analog,True
C-001938,PMT-0167,F-17,5.0,residential,electronic,False
C-001939,PMT-0288,F-29,6.96,residential,analog,False
C-001940,PMT-0063,F-07,1.59,residential,electronic,False
C-001941,PMT-0050,F-05,7.01,residential,analog,False
C-001942,PMT-0076,F-08,5.13,residential,analog,True
C-001943,PMT-0263,F-27,2.56,residential,analog,False
C-001944,PMT-0010,F-01,7.84,residential,analog,False
C-001945,PMT-0115,F-12,7.58,residential,electronic,False
C-001946,PMT-0036,F-04,6.92,residential,electronic,False
C-001947,PMT-0048,F-05,7.38,residential,analog,True
C-001948,PMT-0276,F-28,3.67,residential,analog,False
C-001949,PMT-0001,F-01,2.59,residential,analog,False
C-001950,PMT-0097,F-10,8.66,commercial,analog,False
C-001951,PMT-0275,F-28,7.12,residential,electronic,False
C-001952,PMT-0183,F-19,86.13,industrial,analog,False
C-001953,PMT-0022,F-03,7.87,residential,electronic,True
C-001954,PMT-0140,F-14,6.94,residential,analog,False
C-001955,PMT-0292,F-30,5.43,residential,analog,False
C-001956,PMT-0121,F-13,2.0,residential,electronic,False
C-001957,PMT-0159,F-16,2.15,residential,electronic,False
C-001958,PMT-0160,F-16,4.32,residential,analog,True
C-001959,PMT-0199,F-20,6.37,residential,electronic,False
C-001960,PMT-0057,F-06,8.47,commercial,electronic,False
C-001961,PMT-0252,F-26,7.41,residential,analog,False
C-001962,PMT-0297,F-30,5.79,residential,analog,True
C-001963,PMT-0043,F-05,3.19,residential,analog,False
C-001964,PMT-0246,F-25,7.2,residential,analog,False
C-001965,PMT-0246,F-25,5.19,residential,electronic,False
C-001966,PMT-0223,F-23,6.13,residential,analog,False
C-001967,PMT-0112,F-12,3.7,residential,analog,False
C-001968,PMT-0141,F-15,3.75,residential,analog,False
C-001969,PMT-0252,F-26,1.09,residential,analog,False
C-001970,PMT-0046,F-05,4.77,residential,analog,False
C-001971,PMT-0249,F-25,6.33,residential,electronic,False
C-001972,PMT-0277,F-28,7.78,residential,electronic,False
C-001973,PMT-0205,F-21,7.25,residential,electronic,False
C-001974,PMT-0103,F-11,26.96,industrial,electronic,False
C-001975,PMT-0168,F-17,7.86,residential,analog,True
C-001976,PMT-0016,F-02,2.05,residential,electronic,False
C-001977,PMT-0280,F-28,5.82,commercial,electronic,False
C-001978,PMT-0103,F-11,6.24,residential,analog,False
C-001979,PMT-0018,F-02,7.34,residential,analog,False
C-001980,PMT-0239,F-24,7.65,residential,analog,False
C-001981,PMT-0198,F-20,86.0,industrial,analog,False
C-001982,PMT-0187,F-19,36.39,industrial,analog,False
C-001983,PMT-0017,F-02,2.08,residential,analog,True
C-001984,PMT-0226,F-23,1.41,residential,analog,True
C-001985,PMT-0192,F-20,5.07,residential,electronic,False
C-001986,PMT-0239,F-24,4.41,residential,analog,False
C-001987,PMT-0249,F-25,1.76,residential,analog,False
C-001988,PMT-0064,F-07,4.25,residential,electronic,True
C-001989,PMT-0064,F-07,4.97,residential,electronic,True
C-001990,PMT-0278,F-28,6.06,residential,analog,True
C-001991,PMT-0160,F-16,3.9,residential,analog,False
C-001992,PMT-0132,F-14,3.23,residential,analog,False
C-001993,PMT-0087,F-09,18.31,commercial,electronic,False
C-001994,PMT-0192,F-20,5.79,residential,electronic,False
C-001995,PMT-0227,F-23,2.89,residential,analog,False
C-001996,PMT-0001,F-01,5.4,commercial,electronic,False
C-001997,PMT-0166,F-17,7.62,residential,electronic,False
C-001998,PMT-0299,F-30,6.29,residential,electronic,False
C-001999,PMT-0085,F-09,9.02,commercial,analog,False
C-002000,PMT-0085,F-09,4.96,residential,electronic,False
C-002001,PMT-0264,F-27,5.16,residential,analog,False
C-002002,PMT-0019,F-02,7.52,commercial,analog,False
C-002003,PMT-0120,F-12,2.34,residential,analog,False
C-002004,PMT-0138,F-14,7.7,residential,analog,False
C-002005,PMT-0240,F-24,15.16,commercial,analog,False
C-002006,PMT-0039,F-04,2.34,residential,analog,False
C-002007,PMT-0131,F-14,20.95,commercial,analog,False
C-002008,PMT-0046,F-05,4.29,residential,analog,False
C-002009,PMT-0237,F-24,5.47,residential,electronic,False
C-002010,PMT-0190,F-19,3.08,residential,electronic,False
C-002011,PMT-0150,F-15,1.41,residential,analog,False
C-002012,PMT-0118,F-12,33.2,industrial,analog,False
C-002013,PMT-0046,F-05,7.81,residential,analog,False
C-002014,PMT-0277,F-28,5.37,residential,electronic,False
C-002015,PMT-0195,F-20,6.82,residential,electronic,False
C-002016,PMT-0096,F-10,21.72,industrial,analog,False
C-002017,PMT-0125,F-13,6.36,residential,electronic,False
C-002018,PMT-0218,F-22,4.39,residential,electronic,False
C-002019,PMT-0216,F-22,5.66,residential,electronic,False
C-002020,PMT-0139,F-14,3.51,residential,electronic,False
C-002021,PMT-0091,F-10,69.67,industrial,analog,True
C-002022,PMT-0198,F-20,22.85,industrial,electronic,True
C-002023,PMT-0198,F-20,1.32,residential,electronic,False
C-002024,PMT-0180,F-18,6.59,residential,electronic,False
C-002025,PMT-0022,F-03,1.87,residential,electronic,True
C-002026,PMT-0142,F-15,1.1,residential,electronic,False
C-002027,PMT-0185,F-19,7.39,residential,electronic,True
C-002028,PMT-0286,F-29,2.86,residential,analog,False
C-002029,PMT-0158,F-16,5.08,residential,analog,False
C-002030,PMT-0103,F-11,21.78,commercial,analog,False
C-002031,PMT-0167,F-17,6.22,residential,electronic,False
C-002032,PMT-0054,F-06,1.33,residential,analog,False
C-002033,PMT-0028,F-03,4.93,residential,analog,True
C-002034,PMT-0204,F-21,4.79,residential,electronic,False
C-002035,PMT-0296,F-30,3.45,residential,analog,False
C-002036,PMT-0254,F-26,6.27,residential,analog,False
C-002037,PMT-0176,F-18,7.75,residential,electronic,False
C-002038,PMT-0013,F-02,2.03,residential,analog,True
C-002039,PMT-0297,F-30,7.9,commercial,analog,True
C-002040,PMT-0135,F-14,19.69,commercial,analog,False
C-002041,PMT-0087,F-09,4.18,residential,electronic,False
C-002042,PMT-0268,F-27,6.57,residential,analog,False
C-002043,PMT-0224,F-23,1.99,residential,analog,False
C-002044,PMT-0225,F-23,1.28,residential,analog,False
C-002045,PMT-0084,F-09,75.83,industrial,electronic,False
C-002046,PMT-0298,F-30,99.58,industrial,analog,True
C-002047,PMT-0136,F-14,1.66,residential,analog,True
C-002048,PMT-0160,F-16,7.05,residential,electronic,False
C-002049,PMT-0226,F-23,3.7,residential,electronic,False
C-002050,PMT-0198,F-20,1.12,residential,analog,False
C-002051,PMT-0052,F-06,60.8,industrial,analog,False
C-002052,PMT-0091,F-10,2.95,residential,electronic,False
C-002053,PMT-0109,F-11,5.85,residential,analog,False
C-002054,PMT-0285,F-29,3.01,residential,electronic,False
C-002055,PMT-0215,F-22,4.37,residential,analog,False
C-002056,PMT-0110,F-11,2.4,residential,analog,False
C-002057,PMT-0221,F-23,21.56,commercial,analog,False
C-002058,PMT-0222,F-23,7.48,residential,analog,True
C-002059,PMT-0119,F-12,3.82,residential,electronic,False
C-002060,PMT-0121,F-13,4.14,residential,electronic,False
C-002061,PMT-0269,F-27,7.88,residential,electronic,False
C-002062,PMT-0169,F-17,1.99,residential,electronic,False
C-002063,PMT-0045,F-05,6.66,residential,analog,False
C-002064,PMT-0216,F-22,4.97,residential,electronic,False
C-002065,PMT-0177,F-18,7.17,residential,electronic,False
C-002066,PMT-0153,F-16,10.85,commercial,analog,False
C-002067,PMT-0218,F-22,3.07,residential,electronic,False
C-002068,PMT-0273,F-28,11.52,commercial,electronic,True
C-002069,PMT-0100,F-10,1.12,residential,analog,False
C-002070,PMT-0126,F-13,2.19,residential,analog,True
C-002071,PMT-0057,F-06,7.96,residential,analog,False
C-002072,PMT-0195,F-20,2.74,residential,electronic,False
C-002073,PMT-0121,F-13,1.14,residential,electronic,False
C-002074,PMT-0103,F-11,2.95,residential,electronic,True
C-002075,PMT-0209,F-21,3.86,residential,electronic,True
C-002076,PMT-0123,F-13,4.83,residential,analog,False
C-002077,PMT-0140,F-14,1.48,residential,electronic,False
C-002078,PMT-0133,F-14,83.23,industrial,analog,False
C-002079,PMT-0078,F-08,6.78,residential,electronic,False
C-002080,PMT-0038,F-04,37.05,industrial,analog,False
C-002081,PMT-0249,F-25,20.97,commercial,analog,True
C-002082,PMT-0028,F-03,12.23,commercial,analog,True
C-002083,PMT-0098,F-10,3.96,residential,analog,True
C-002084,PMT-0201,F-21,7.55,residential,analog,True
C-002085,PMT-0040,F-04,7.24,residential,analog,True
C-002086,PMT-0197,F-20,3.63,residential,analog,False
C-002087,PMT-0220,F-22,4.42,residential,electronic,False
C-002088,PMT-0199,F-20,3.01,residential,analog,False
C-002089,PMT-0092,F-10,4.61,residential,analog,False
C-002090,PMT-0006,F-01,5.77,residential,analog,False
C-002091,PMT-0267,F-27,1.65,residential,electronic,False
C-002092,PMT-0098,F-10,7.44,residential,analog,False
C-002093,PMT-0242,F-25,19.38,commercial,electronic,False
C-002094,PMT-0060,F-06,1.68,residential,analog,False
C-002095,PMT-0049,F-05,7.08,residential,analog,False
C-002096,PMT-0234,F-24,6.21,residential,electronic,False
C-002097,PMT-0282,F-29,3.19,residential,analog,False
C-002098,PMT-0259,F-26,4.65,residential,analog,False
C-002099,PMT-0226,F-23,7.02,residential,electronic,False
C-002100,PMT-0075,F-08,7.78,residential,analog,False
C-002101,PMT-0274,F-28,2.97,residential,analog,False
C-002102,PMT-0201,F-21,5.55,residential,analog,True
C-002103,PMT-0052,F-06,7.02,residential,electronic,False
C-002104,PMT-0039,F-04,7.92,residential,electronic,False
C-002105,PMT-0262,F-27,1.5,residential,analog,False
C-002106,PMT-0083,F-09,4.53,residential,analog,True
C-002107,PMT-0230,F-23,7.12,residential,analog,False
C-002108,PMT-0042,F-05,1.02,residential,analog,False
C-002109,PMT-0085,F-09,4.06,residential,electronic,False
C-002110,PMT-0086,F-09,5.09,residential,analog,False
C-002111,PMT-0085,F-09,62.12,industrial,electronic,False
C-002112,PMT-0203,F-21,6.13,residential,electronic,False
C-002113,PMT-0275,F-28,1.46,residential,analog,False
C-002114,PMT-0274,F-28,6.5,residential,electronic,False
C-002115,PMT-0223,F-23,10.66,commercial,electronic,False
C-002116,PMT-0061,F-07,21.48,commercial,analog,False
C-002117,PMT-0289,F-29,3.94,residential,analog,True
C-002118,PMT-0163,F-17,1.3,residential,electronic,False
C-002119,PMT-0164,F-17,7.75,residential,electronic,False
C-002120,PMT-0211,F-22,6.46,residential,electronic,False
C-002121,PMT-0231,F-24,3.43,residential,analog,False
C-002122,PMT-0286,F-29,2.89,residential,electronic,False
C-002123,PMT-0175,F-18,67.12,industrial,electronic,False
C-002124,PMT-0184,F-19,24.75,commercial,analog,False
C-002125,PMT-0224,F-23,3.03,residential,analog,True
C-002126,PMT-0077,F-08,95.86,industrial,analog,False
C-002127,PMT-0093,F-10,3.31,residential,electronic,False
C-002128,PMT-0188,F-19,5.93,residential,analog,False
C-002129,PMT-0020,F-02,12.63,commercial,electronic,False
C-002130,PMT-0097,F-10,1.6,residential,analog,False
C-002131,PMT-0216,F-22,7.55,residential,electronic,True
C-002132,PMT-0293,F-30,2.15,residential,analog,False
C-002133,PMT-0156,F-16,7.61,residential,electronic,False
C-002134,PMT-0120,F-12,1.72,residential,analog,False
C-002135,PMT-0133,F-14,2.87,residential,electronic,False
C-002136,PMT-0206,F-21,7.45,residential,electronic,False
C-002137,PMT-0164,F-17,5.61,residential,analog,True
C-002138,PMT-0007,F-01,2.33,residential,analog,False
C-002139,PMT-0162,F-17,5.14,residential,analog,False
C-002140,PMT-0121,F-13,2.26,residential,analog,False
C-002141,PMT-0211,F-22,7.12,residential,electronic,False
C-002142,PMT-0263,F-27,1.35,residential,analog,True
C-002143,PMT-0289,F-29,4.71,residential,electronic,False
C-002144,PMT-0184,F-19,1.44,residential,analog,False
C-002145,PMT-0109,F-11,18.9,commercial,electronic,False
C-002146,PMT-0134,F-14,7.55,residential,analog,False
C-002147,PMT-0053,F-06,6.82,residential,electronic,False
C-002148,PMT-0281,F-29,3.6,residential,analog,False
C-002149,PMT-0255,F-26,2.66,residential,electronic,False
C-002150,PMT-0257,F-26,1.85,residential,analog,True
C-002151,PMT-0099,F-10,7.12,residential,analog,False
C-002152,PMT-0097,F-10,1.57,residential,electronic,False
C-002153,PMT-0257,F-26,70.31,industrial,analog,False
C-002154,PMT-0164,F-17,3.57,residential,analog,False
C-002155,PMT-0212,F-22,24.92,commercial,analog,False
C-002156,PMT-0147,F-15,4.56,residential,electronic,False
C-002157,PMT-0133,F-14,15.98,commercial,electronic,False
C-002158,PMT-0190,F-19,93.43,industrial,analog,False
C-002159,PMT-0244,F-25,7.79,residential,electronic,False
C-002160,PMT-0101,F-11,5.09,residential,analog,False
C-002161,PMT-0243,F-25,6.57,residential,analog,True
C-002162,PMT-0074,F-08,5.44,residential,analog,False
C-002163,PMT-0121,F-13,3.99,residential,analog,False
C-002164,PMT-0274,F-28,1.4,residential,electronic,False
C-002165,PMT-0287,F-29,19.35,commercial,analog,False
C-002166,PMT-0278,F-28,5.9,residential,analog,False
C-002167,PMT-0095,F-10,1.82,residential,analog,False
C-002168,PMT-0253,F-26,2.61,residential,electronic,True
C-002169,PMT-0281,F-29,6.12,residential,analog,False
C-002170,PMT-0294,F-30,2.05,residential,analog,False
C-002171,PMT-0007,F-01,5.84,residential,electronic,False
C-002172,PMT-0224,F-23,6.03,residential,analog,False
C-002173,PMT-0300,F-30,3.47,residential,electronic,False
C-002174,PMT-0230,F-23,2.81,residential,analog,False
C-002175,PMT-0070,F-07,3.61,residential,analog,False
C-002176,PMT-0229,F-23,3.51,residential,analog,False
C-002177,PMT-0032,F-04,5.25,residential,analog,False
C-002178,PMT-0145,F-15,79.51,industrial,analog,False
C-002179,PMT-0188,F-19,22.24,commercial,electronic,True
C-002180,PMT-0137,F-14,1.21,residential,analog,False
C-002181,PMT-0210,F-21,6.09,residential,analog,False
C-002182,PMT-0073,F-08,3.2,residential,analog,True
C-002183,PMT-0182,F-19,6.87,residential,electronic,False
C-002184,PMT-0194,F-20,1.53,residential,electronic,False
C-002185,PMT-0191,F-20,4.86,residential,analog,False
C-002186,PMT-0087,F-09,4.84,residential,electronic,False
C-002187,PMT-0092,F-10,3.29,residential,electronic,False
C-002188,PMT-0078,F-08,7.79,residential,analog,False
C-002189,PMT-0139,F-14,1.75,residential,analog,False
C-002190,PMT-0176,F-18,1.95,residential,analog,True
C-002191,PMT-0109,F-11,5.51,residential,analog,False
C-002192,PMT-0123,F-13,4.6,residential,electronic,False
C-002193,PMT-0086,F-09,2.85,residential,electronic,True
C-002194,PMT-0066,F-07,3.13,residential,analog,False
C-002195,PMT-0198,F-20,2.1,residential,analog,False
C-002196,PMT-0245,F-25,89.42,industrial,electronic,False
C-002197,PMT-0088,F-09,4.99,residential,analog,False
C-002198,PMT-0259,F-26,9.9,commercial,analog,False
C-002199,PMT-0172,F-18,3.75,residential,electronic,False
C-002200,PMT-0051,F-06,7.35,residential,analog,False
C-002201,PMT-0110,F-11,7.21,residential,analog,False
C-002202,PMT-0003,F-01,1.48,residential,electronic,False
C-002203,PMT-0012,F-02,5.58,residential,analog,False
C-002204,PMT-0101,F-11,32.24,industrial,analog,False
C-002205,PMT-0137,F-14,2.48,residential,electronic,False
C-002206,PMT-0240,F-24,7.05,residential,analog,False
C-002207,PMT-0041,F-05,7.27,residential,analog,False
C-002208,PMT-0252,F-26,1.58,residential,analog,False
C-002209,PMT-0071,F-08,7.12,residential,electronic,False
C-002210,PMT-0042,F-05,6.1,residential,analog,False
C-002211,PMT-0210,F-21,6.43,residential,analog,False
C-002212,PMT-0233,F-24,6.54,residential,analog,False
C-002213,PMT-0182,F-19,4.55,residential,analog,False
C-002214,PMT-0035,F-04,7.63,residential,electronic,False
C-002215,PMT-0035,F-04,9.01,commercial,electronic,False
C-002216,PMT-0118,F-12,4.53,residential,analog,False
C-002217,PMT-0136,F-14,3.23,residential,electronic,False
C-002218,PMT-0300,F-30,6.76,residential,electronic,False
C-002219,PMT-0086,F-09,1.58,residential,electronic,False
C-002220,PMT-0058,F-06,4.04,residential,analog,False
C-002221,PMT-0284,F-29,6.41,residential,analog,False
C-002222,PMT-0047,F-05,3.19,residential,electronic,False
C-002223,PMT-0008,F-01,2.68,residential,analog,False
C-002224,PMT-0127,F-13,2.84,residential,analog,True
C-002225,PMT-0121,F-13,6.0,residential,analog,False
C-002226,PMT-0186,F-19,3.01,residential,analog,False
C-002227,PMT-0264,F-27,3.82,residential,analog,False
C-002228,PMT-0280,F-28,4.82,residential,analog,False
C-002229,PMT-0087,F-09,7.59,residential,analog,False
C-002230,PMT-0295,F-30,83.55,industrial,analog,False
C-002231,PMT-0190,F-19,2.3,residential,analog,False
C-002232,PMT-0021,F-03,7.18,residential,analog,False
C-002233,PMT-0282,F-29,6.91,residential,electronic,False
C-002234,PMT-0042,F-05,6.22,residential,analog,False
C-002235,PMT-0177,F-18,4.62,residential,analog,False
C-002236,PMT-0238,F-24,1.49,residential,electronic,False
C-002237,PMT-0075,F-08,5.98,residential,analog,False
C-002238,PMT-0082,F-09,4.63,residential,analog,False
C-002239,PMT-0143,F-15,3.17,residential,analog,False
C-002240,PMT-0266,F-27,5.2,commercial,analog,False
C-002241,PMT-0068,F-07,2.62,residential,analog,False
C-002242,PMT-0200,F-20,5.24,residential,analog,False
C-002243,PMT-0136,F-14,1.79,residential,analog,False
C-002244,PMT-0034,F-04,18.11,commercial,analog,False
C-002245,PMT-0214,F-22,6.74,residential,analog,False
C-002246,PMT-0250,F-25,45.45,industrial,electronic,False
C-002247,PMT-0173,F-18,6.64,commercial,analog,False
C-002248,PMT-0053,F-06,1.98,residential,analog,False
C-002249,PMT-0047,F-05,3.51,residential,analog,False
C-002250,PMT-0128,F-13,6.69,residential,electronic,False
C-002251,PMT-0152,F-16,5.44,residential,analog,False
C-002252,PMT-0166,F-17,7.08,residential,electronic,False
C-002253,PMT-0074,F-08,24.89,commercial,analog,False
C-002254,PMT-0151,F-16,2.42,residential,electronic,False
C-002255,PMT-0089,F-09,5.86,residential,analog,False
C-002256,PMT-0206,F-21,4.27,residential,electronic,False
C-002257,PMT-0239,F-24,4.45,residential,analog,False
C-002258,PMT-0196,F-20,11.51,commercial,analog,False
C-002259,PMT-0001,F-01,3.4,residential,electronic,False
C-002260,PMT-0298,F-30,5.73,residential,electronic,False
C-002261,PMT-0008,F-01,17.42,commercial,electronic,False
C-002262,PMT-0300,F-30,11.37,commercial,analog,False
C-002263,PMT-0010,F-01,1.83,residential,analog,True
C-002264,PMT-0155,F-16,5.05,residential,analog,False
C-002265,PMT-0032,F-04,6.18,residential,analog,False
C-002266,PMT-0029,F-03,4.91,residential,analog,False
C-002267,PMT-0206,F-21,1.03,residential,analog,False
C-002268,PMT-0219,F-22,2.98,residential,analog,False
C-002269,PMT-0036,F-04,20.57,commercial,electronic,False
C-002270,PMT-0293,F-30,6.2,residential,analog,False
C-002271,PMT-0097,F-10,5.21,commercial,analog,False
C-002272,PMT-0096,F-10,14.41,commercial,analog,True
C-002273,PMT-0090,F-09,4.06,residential,analog,False
C-002274,PMT-0139,F-14,5.57,residential,analog,True
C-002275,PMT-0054,F-06,1.87,residential,electronic,False
C-002276,PMT-0128,F-13,5.35,residential,analog,False
C-002277,PMT-0063,F-07,7.63,residential,analog,False
C-002278,PMT-0016,F-02,3.6,residential,analog,True
C-002279,PMT-0111,F-12,3.36,residential,analog,False
C-002280,PMT-0202,F-21,1.2,residential,analog,True
C-002281,PMT-0229,F-23,1.4,residential,analog,False
C-002282,PMT-0107,F-11,7.52,residential,electronic,False
C-002283,PMT-0098,F-10,7.83,residential,analog,False
C-002284,PMT-0237,F-24,1.04,residential,analog,True
C-002285,PMT-0205,F-21,23.01,commercial,analog,False
C-002286,PMT-0250,F-25,8.48,commercial,analog,False
C-002287,PMT-0272,F-28,4.93,residential,analog,False
C-002288,PMT-0247,F-25,5.75,residential,analog,False
C-002289,PMT-0281,F-29,3.51,residential,electronic,False
C-002290,PMT-0125,F-13,4.7,residential,analog,False
C-002291,PMT-0119,F-12,5.39,residential,analog,False
C-002292,PMT-0097,F-10,2.36,residential,analog,False
C-002293,PMT-0071,F-08,24.89,commercial,analog,False
C-002294,PMT-0225,F-23,2.43,residential,analog,False
C-002295,PMT-0215,F-22,1.07,residential,analog,False
C-002296,PMT-0241,F-25,95.54,industrial,analog,True
C-002297,PMT-0051,F-06,4.0,residential,electronic,False
C-002298,PMT-0148,F-15,3.79,residential,analog,False
C-002299,PMT-0067,F-07,10.51,commercial,analog,False
C-002300,PMT-0268,F-27,1.18,residential,electronic,True
C-002301,PMT-0081,F-09,2.85,residential,analog,False
C-002302,PMT-0044,F-05,3.75,residential,electronic,False
C-002303,PMT-0171,F-18,15.41,commercial,analog,False
C-002304,PMT-0264,F-27,4.2,residential,analog,False
C-002305,PMT-0275,F-28,7.15,residential,analog,False
C-002306,PMT-0029,F-03,7.38,residential,analog,False
C-002307,PMT-0098,F-10,3.22,residential,analog,False
C-002308,PMT-0047,F-05,7.72,residential,analog,False
C-002309,PMT-0093,F-10,7.05,residential,analog,False
C-002310,PMT-0161,F-17,7.49,residential,analog,False
C-002311,PMT-0085,F-09,5.94,residential,analog,True
C-002312,PMT-0021,F-03,2.39,residential,analog,False
C-002313,PMT-0154,F-16,2.37,residential,electronic,False
C-002314,PMT-0016,F-02,7.36,residential,electronic,False
C-002315,PMT-0069,F-07,4.55,residential,electronic,False
C-002316,PMT-0001,F-01,7.23,residential,analog,False
C-002317,PMT-0027,F-03,19.41,commercial,analog,False
C-002318,PMT-0131,F-14,37.0,industrial,electronic,False
C-002319,PMT-0256,F-26,3.69,residential,electronic,False
C-002320,PMT-0233,F-24,7.77,residential,analog,False
C-002321,PMT-0030,F-03,1.14,residential,electronic,False
C-002322,PMT-0011,F-02,6.0,residential,analog,True
C-002323,PMT-0102,F-11,7.85,residential,electronic,False
C-002324,PMT-0196,F-20,7.08,commercial,electronic,False
C-002325,PMT-0225,F-23,2.9,residential,electronic,False
C-002326,PMT-0247,F-25,4.83,residential,analog,False
C-002327,PMT-0103,F-11,87.5,industrial,analog,False
C-002328,PMT-0051,F-06,4.55,residential,analog,False
C-002329,PMT-0008,F-01,1.42,residential,analog,False
C-002330,PMT-0045,F-05,1.89,residential,analog,False
C-002331,PMT-0020,F-02,3.63,residential,analog,False
C-002332,PMT-0259,F-26,11.45,commercial,analog,False
C-002333,PMT-0081,F-09,2.54,residential,analog,False
C-002334,PMT-0247,F-25,6.88,residential,electronic,False
C-002335,PMT-0166,F-17,1.19,residential,electronic,False
C-002336,PMT-0162,F-17,21.59,commercial,analog,False
C-002337,PMT-0137,F-14,7.45,residential,analog,False
C-002338,PMT-0246,F-25,5.41,residential,analog,False
C-002339,PMT-0014,F-02,5.38,residential,analog,False
C-002340,PMT-0028,F-03,7.98,commercial,analog,False
C-002341,PMT-0128,F-13,4.98,residential,electronic,False
C-002342,PMT-0119,F-12,3.63,residential,electronic,False
C-002343,PMT-0164,F-17,9.58,commercial,analog,False
C-002344,PMT-0222,F-23,5.08,residential,electronic,False
C-002345,PMT-0177,F-18,1.01,residential,electronic,False
C-002346,PMT-0078,F-08,2.93,residential,electronic,False
C-002347,PMT-0099,F-10,5.59,residential,electronic,False
C-002348,PMT-0226,F-23,4.19,residential,analog,False
C-002349,PMT-0061,F-07,2.02,residential,electronic,False
C-002350,PMT-0152,F-16,1.01,residential,electronic,False
C-002351,PMT-0162,F-17,2.89,residential,analog,False
C-002352,PMT-0226,F-23,4.84,residential,analog,True
C-002353,PMT-0215,F-22,62.76,industrial,analog,True
C-002354,PMT-0140,F-14,1.92,residential,analog,False
C-002355,PMT-0093,F-10,5.3,residential,electronic,False
C-002356,PMT-0111,F-12,7.99,residential,analog,False
C-002357,PMT-0124,F-13,5.09,residential,electronic,False
C-002358,PMT-0066,F-07,4.69,residential,electronic,False
C-002359,PMT-0188,F-19,5.36,residential,analog,True
C-002360,PMT-0063,F-07,7.16,residential,analog,False
C-002361,PMT-0195,F-20,7.62,residential,electronic,False
C-002362,PMT-0226,F-23,1.29,residential,analog,False
C-002363,PMT-0289,F-29,9.1,commercial,electronic,False
C-002364,PMT-0036,F-04,7.32,commercial,electronic,False
C-002365,PMT-0228,F-23,6.41,residential,analog,True
C-002366,PMT-0026,F-03,1.32,residential,analog,False
C-002367,PMT-0102,F-11,7.32,residential,electronic,True
C-002368,PMT-0053,F-06,1.14,residential,electronic,False
C-002369,PMT-0049,F-05,17.05,commercial,analog,False
C-002370,PMT-0053,F-06,10.51,commercial,electronic,False
C-002371,PMT-0014,F-02,4.29,residential,analog,True
C-002372,PMT-0247,F-25,13.84,commercial,analog,False
C-002373,PMT-0019,F-02,6.24,residential,analog,False
C-002374,PMT-0120,F-12,14.93,commercial,electronic,False
C-002375,PMT-0210,F-21,3.95,residential,electronic,False
C-002376,PMT-0298,F-30,6.11,residential,analog,False
C-002377,PMT-0257,F-26,7.48,residential,analog,False
C-002378,PMT-0042,F-05,83.51,industrial,analog,False
C-002379,PMT-0297,F-30,6.16,residential,electronic,False
C-002380,PMT-0197,F-20,4.41,residential,electronic,False
C-002381,PMT-0054,F-06,7.3,residential,analog,False
C-002382,PMT-0135,F-14,4.4,residential,electronic,False
C-002383,PMT-0276,F-28,23.61,commercial,electronic,False
C-002384,PMT-0118,F-12,6.62,residential,electronic,False
C-002385,PMT-0056,F-06,2.05,residential,electronic,False
C-002386,PMT-0263,F-27,1.33,residential,analog,False
C-002387,PMT-0286,F-29,6.19,residential,electronic,True
C-002388,PMT-0293,F-30,5.8,residential,analog,False
C-002389,PMT-0287,F-29,5.21,residential,electronic,False
C-002390,PMT-0262,F-27,7.83,residential,analog,False
C-002391,PMT-0137,F-14,4.82,residential,electronic,False
C-002392,PMT-0058,F-06,3.44,residential,analog,False
C-002393,PMT-0186,F-19,4.95,residential,analog,False
C-002394,PMT-0067,F-07,1.2,residential,electronic,False
C-002395,PMT-0142,F-15,16.59,commercial,analog,False
C-002396,PMT-0197,F-20,23.05,commercial,analog,False
C-002397,PMT-0284,F-29,1.03,residential,electronic,False
C-002398,PMT-0087,F-09,6.92,residential,analog,False
C-002399,PMT-0076,F-08,84.15,industrial,analog,False
C-002400,PMT-0221,F-23,1.74,residential,electronic,False
C-002401,PMT-0002,F-01,6.93,residential,analog,False
C-002402,PMT-0170,F-17,6.34,residential,analog,False
C-002403,PMT-0224,F-23,4.44,residential,electronic,False
C-002404,PMT-0166,F-17,2.72,residential,electronic,False
C-002405,PMT-0116,F-12,3.02,residential,analog,False
C-002406,PMT-0249,F-25,5.29,residential,analog,False
C-002407,PMT-0112,F-12,39.7,industrial,analog,False
C-002408,PMT-0214,F-22,3.28,residential,analog,False
C-002409,PMT-0140,F-14,7.52,residential,analog,False
C-002410,PMT-0008,F-01,6.11,residential,electronic,False
C-002411,PMT-0160,F-16,6.15,residential,analog,True
C-002412,PMT-0015,F-02,7.69,residential,analog,False
C-002413,PMT-0280,F-28,1.04,residential,electronic,False
C-002414,PMT-0181,F-19,2.71,residential,analog,False
C-002415,PMT-0112,F-12,5.61,residential,electronic,False
C-002416,PMT-0146,F-15,13.77,commercial,electronic,False
C-002417,PMT-0186,F-19,1.79,residential,analog,False
C-002418,PMT-0079,F-08,20.62,commercial,analog,False
C-002419,PMT-0087,F-09,1.33,residential,analog,False
C-002420,PMT-0126,F-13,4.81,residential,analog,False
C-002421,PMT-0078,F-08,4.94,residential,analog,False
C-002422,PMT-0228,F-23,5.45,residential,analog,False
C-002423,PMT-0032,F-04,3.21,residential,analog,False
C-002424,PMT-0248,F-25,1.17,residential,electronic,False
C-002425,PMT-0105,F-11,7.22,residential,analog,False
C-002426,PMT-0169,F-17,7.5,residential,analog,False
C-002427,PMT-0048,F-05,58.56,industrial,analog,True
C-002428,PMT-0116,F-12,1.14,residential,analog,False
C-002429,PMT-0227,F-23,5.07,residential,electronic,False
C-002430,PMT-0082,F-09,11.32,commercial,electronic,True
C-002431,PMT-0040,F-04,8.65,commercial,analog,False
C-002432,PMT-0157,F-16,2.18,residential,analog,True
C-002433,PMT-0049,F-05,2.25,residential,analog,False
C-002434,PMT-0095,F-10,3.32,residential,electronic,False
C-002435,PMT-0136,F-14,2.96,residential,analog,False
C-002436,PMT-0170,F-17,6.85,residential,electronic,False
C-002437,PMT-0192,F-20,4.47,residential,analog,False
C-002438,PMT-0203,F-21,3.99,residential,analog,False
C-002439,PMT-0254,F-26,2.02,residential,analog,False
C-002440,PMT-0020,F-02,22.52,commercial,analog,False
C-002441,PMT-0109,F-11,6.1,commercial,analog,False
C-002442,PMT-0001,F-01,9.79,commercial,analog,False
C-002443,PMT-0003,F-01,5.35,residential,analog,False
C-002444,PMT-0064,F-07,5.92,residential,electronic,False
C-002445,PMT-0180,F-18,6.61,residential,analog,True
C-002446,PMT-0269,F-27,3.87,residential,electronic,False
C-002447,PMT-0233,F-24,3.43,residential,analog,False
C-002448,PMT-0194,F-20,3.02,residential,analog,False
C-002449,PMT-0234,F-24,4.98,residential,analog,False
C-002450,PMT-0052,F-06,3.44,residential,electronic,False
C-002451,PMT-0252,F-26,3.3,residential,electronic,False
C-002452,PMT-0268,F-27,1.12,residential,electronic,False
C-002453,PMT-0029,F-03,7.64,residential,analog,False
C-002454,PMT-0141,F-15,1.42,residential,analog,False
C-002455,PMT-0250,F-25,41.67,industrial,electronic,False
C-002456,PMT-0143,F-15,7.45,residential,electronic,False
C-002457,PMT-0253,F-26,6.15,residential,analog,False
C-002458,PMT-0281,F-29,16.56,commercial,electronic,False
C-002459,PMT-0143,F-15,5.63,residential,analog,True
C-002460,PMT-0018,F-02,1.68,residential,analog,True
C-002461,PMT-0103,F-11,6.66,residential,analog,False
C-002462,PMT-0065,F-07,2.75,residential,analog,False
C-002463,PMT-0143,F-15,7.69,residential,analog,True
C-002464,PMT-0176,F-18,9.63,commercial,electronic,False
C-002465,PMT-0140,F-14,70.03,industrial,electronic,True
C-002466,PMT-0059,F-06,4.82,residential,analog,False
C-002467,PMT-0091,F-10,2.0,residential,analog,False
C-002468,PMT-0204,F-21,3.54,residential,analog,False
C-002469,PMT-0009,F-01,6.47,residential,analog,False
C-002470,PMT-0065,F-07,2.49,residential,electronic,True
C-002471,PMT-0268,F-27,7.74,residential,analog,False
C-002472,PMT-0030,F-03,10.91,commercial,analog,False
C-002473,PMT-0125,F-13,5.39,residential,electronic,False
C-002474,PMT-0063,F-07,5.33,residential,analog,False
C-002475,PMT-0032,F-04,4.3,residential,analog,False
C-002476,PMT-0127,F-13,5.59,residential,electronic,False
C-002477,PMT-0157,F-16,6.21,residential,analog,False
C-002478,PMT-0053,F-06,5.33,residential,analog,False
C-002479,PMT-0024,F-03,4.92,residential,analog,True
C-002480,PMT-0041,F-05,17.13,commercial,analog,False
C-002481,PMT-0196,F-20,3.81,residential,electronic,False
C-002482,PMT-0259,F-26,6.42,commercial,electronic,False
C-002483,PMT-0055,F-06,2.12,residential,analog,False
C-002484,PMT-0097,F-10,5.25,residential,analog,False
C-002485,PMT-0104,F-11,7.49,residential,analog,False
C-002486,PMT-0109,F-11,1.18,residential,electronic,False
C-002487,PMT-0074,F-08,4.81,residential,electronic,False
C-002488,PMT-0017,F-02,2.76,residential,analog,False
C-002489,PMT-0158,F-16,4.93,residential,analog,True
C-002490,PMT-0108,F-11,6.25,residential,electronic,False
C-002491,PMT-0103,F-11,19.71,commercial,electronic,False
C-002492,PMT-0080,F-08,77.99,industrial,analog,True
C-002493,PMT-0279,F-28,6.45,residential,analog,False
C-002494,PMT-0184,F-19,1.51,residential,analog,False
C-002495,PMT-0126,F-13,15.19,commercial,analog,False
C-002496,PMT-0062,F-07,2.83,residential,analog,False
C-002497,PMT-0241,F-25,7.45,residential,analog,False
C-002498,PMT-0267,F-27,6.48,residential,electronic,False
C-002499,PMT-0010,F-01,1.75,residential,electronic,False
C-002500,PMT-0279,F-28,2.7,residential,analog,False
C-002501,PMT-0210,F-21,4.19,residential,analog,False
C-002502,PMT-0030,F-03,7.74,residential,analog,True
C-002503,PMT-0226,F-23,1.77,residential,analog,False
C-002504,PMT-0033,F-04,4.98,residential,electronic,False
C-002505,PMT-0016,F-02,3.39,residential,analog,False
C-002506,PMT-0035,F-04,5.52,residential,electronic,False
C-002507,PMT-0138,F-14,71.9,industrial,electronic,False
C-002508,PMT-0186,F-19,9.81,commercial,electronic,False
C-002509,PMT-0123,F-13,6.5,residential,analog,True
C-002510,PMT-0037,F-04,1.64,residential,analog,False
C-002511,PMT-0060,F-06,6.73,residential,electronic,False
C-002512,PMT-0256,F-26,2.48,residential,electronic,False
C-002513,PMT-0289,F-29,5.13,residential,electronic,True
C-002514,PMT-0227,F-23,3.43,residential,analog,False
C-002515,PMT-0032,F-04,5.27,residential,analog,False
C-002516,PMT-0246,F-25,2.87,residential,analog,False
C-002517,PMT-0208,F-21,16.38,commercial,analog,False
C-002518,PMT-0158,F-16,1.06,residential,analog,False
C-002519,PMT-0043,F-05,3.62,residential,electronic,False
C-002520,PMT-0300,F-30,6.78,residential,electronic,True
C-002521,PMT-0133,F-14,4.24,residential,analog,False
C-002522,PMT-0014,F-02,4.49,residential,analog,False
C-002523,PMT-0063,F-07,5.35,residential,analog,False
C-002524,PMT-0121,F-13,4.04,residential,analog,False
C-002525,PMT-0019,F-02,7.07,residential,electronic,False
C-002526,PMT-0098,F-10,3.82,residential,electronic,False
C-002527,PMT-0141,F-15,7.6,residential,analog,True
C-002528,PMT-0285,F-29,7.14,residential,electronic,False
C-002529,PMT-0026,F-03,3.95,residential,analog,False
C-002530,PMT-0174,F-18,3.56,residential,electronic,False
C-002531,PMT-0275,F-28,5.74,residential,electronic,False
C-002532,PMT-0242,F-25,6.29,residential,analog,False
C-002533,PMT-0278,F-28,2.3,residential,electronic,False
C-002534,PMT-0052,F-06,2.69,residential,analog,True
C-002535,PMT-0241,F-25,2.02,residential,analog,False
C-002536,PMT-0294,F-30,80.86,industrial,analog,False
C-002537,PMT-0098,F-10,6.0,residential,analog,False
C-002538,PMT-0150,F-15,8.78,commercial,analog,False
C-002539,PMT-0160,F-16,4.76,residential,analog,False
C-002540,PMT-0149,F-15,6.35,residential,analog,False
C-002541,PMT-0087,F-09,23.94,commercial,electronic,False
C-002542,PMT-0292,F-30,2.25,residential,analog,True
C-002543,PMT-0287,F-29,3.13,residential,analog,False
C-002544,PMT-0115,F-12,47.87,industrial,analog,False
C-002545,PMT-0242,F-25,5.37,residential,analog,False
C-002546,PMT-0120,F-12,1.95,residential,electronic,False
C-002547,PMT-0239,F-24,2.35,residential,analog,False
C-002548,PMT-0176,F-18,6.46,residential,analog,False
C-002549,PMT-0142,F-15,4.79,residential,analog,True
C-002550,PMT-0039,F-04,2.12,residential,analog,False
C-002551,PMT-0197,F-20,12.77,commercial,analog,True
C-002552,PMT-0097,F-10,1.94,residential,analog,False
C-002553,PMT-0066,F-07,3.54,residential,analog,False
C-002554,PMT-0058,F-06,3.8,residential,electronic,False
C-002555,PMT-0295,F-30,1.78,residential,analog,False
C-002556,PMT-0031,F-04,6.2,commercial,analog,True
C-002557,PMT-0240,F-24,7.17,residential,analog,False
C-002558,PMT-0260,F-26,7.21,residential,analog,False
C-002559,PMT-0010,F-01,5.05,commercial,electronic,True
C-002560,PMT-0177,F-18,17.82,commercial,analog,False
C-002561,PMT-0174,F-18,6.87,commercial,analog,False
C-002562,PMT-0108,F-11,6.67,residential,analog,False
C-002563,PMT-0201,F-21,7.16,residential,analog,False
C-002564,PMT-0123,F-13,5.32,residential,analog,True
C-002565,PMT-0132,F-14,5.29,residential,analog,False
C-002566,PMT-0130,F-13,12.43,commercial,analog,False
C-002567,PMT-0241,F-25,2.75,residential,analog,False
C-002568,PMT-0190,F-19,4.49,residential,analog,False
C-002569,PMT-0114,F-12,7.67,commercial,analog,False
C-002570,PMT-0279,F-28,73.78,industrial,analog,False
C-002571,PMT-0241,F-25,4.29,residential,electronic,True
C-002572,PMT-0280,F-28,8.55,commercial,analog,False
C-002573,PMT-0220,F-22,5.12,residential,analog,False
C-002574,PMT-0118,F-12,6.57,residential,analog,False
C-002575,PMT-0232,F-24,5.12,residential,analog,False
C-002576,PMT-0099,F-10,62.37,industrial,electronic,False
C-002577,PMT-0082,F-09,21.95,commercial,analog,False
C-002578,PMT-0136,F-14,1.08,residential,analog,False
C-002579,PMT-0291,F-30,5.32,residential,analog,False
C-002580,PMT-0171,F-18,3.87,residential,electronic,False
C-002581,PMT-0116,F-12,2.35,residential,electronic,False
C-002582,PMT-0139,F-14,24.59,commercial,analog,False
C-002583,PMT-0088,F-09,3.83,residential,analog,False
C-002584,PMT-0198,F-20,3.35,residential,analog,False
C-002585,PMT-0106,F-11,2.18,residential,electronic,False
C-002586,PMT-0167,F-17,7.98,residential,electronic,False
C-002587,PMT-0111,F-12,6.99,residential,analog,False
C-002588,PMT-0097,F-10,25.6,industrial,analog,False
C-002589,PMT-0292,F-30,4.96,residential,analog,False
C-002590,PMT-0104,F-11,2.03,residential,analog,False
C-002591,PMT-0022,F-03,6.01,residential,electronic,False
C-002592,PMT-0114,F-12,14.68,commercial,electronic,False
C-002593,PMT-0160,F-16,7.21,commercial,analog,True
C-002594,PMT-0029,F-03,16.14,commercial,electronic,False
C-002595,PMT-0092,F-10,7.37,residential,electronic,True
C-002596,PMT-0050,F-05,11.82,commercial,analog,False
C-002597,PMT-0151,F-16,1.36,residential,analog,False
C-002598,PMT-0217,F-22,7.62,residential,electronic,False
C-002599,PMT-0291,F-30,1.99,residential,analog,False
C-002600,PMT-0117,F-12,4.33,residential,electronic,False
C-002601,PMT-0259,F-26,63.57,industrial,analog,False
C-002602,PMT-0065,F-07,38.97,industrial,electronic,False
C-002603,PMT-0235,F-24,2.24,residential,analog,False
C-002604,PMT-0169,F-17,1.79,residential,analog,False
C-002605,PMT-0228,F-23,6.4,commercial,electronic,False
C-002606,PMT-0227,F-23,60.65,industrial,analog,False
C-002607,PMT-0160,F-16,6.89,residential,analog,False
C-002608,PMT-0078,F-08,1.89,residential,analog,False
C-002609,PMT-0158,F-16,5.9,residential,analog,False
C-002610,PMT-0249,F-25,13.25,commercial,analog,False
C-002611,PMT-0292,F-30,1.25,residential,analog,False
C-002612,PMT-0279,F-28,4.75,residential,analog,False
C-002613,PMT-0055,F-06,2.76,residential,analog,False
C-002614,PMT-0180,F-18,5.24,residential,analog,False
C-002615,PMT-0032,F-04,3.45,residential,electronic,True
C-002616,PMT-0201,F-21,18.33,commercial,analog,False
C-002617,PMT-0298,F-30,7.43,residential,electronic,False
C-002618,PMT-0016,F-02,2.71,residential,analog,False
C-002619,PMT-0197,F-20,7.58,residential,analog,False
C-002620,PMT-0284,F-29,9.09,commercial,analog,False
C-002621,PMT-0255,F-26,1.49,residential,analog,False
C-002622,PMT-0118,F-12,2.35,residential,analog,False
C-002623,PMT-0032,F-04,6.7,residential,electronic,True
C-002624,PMT-0278,F-28,5.74,residential,analog,False
C-002625,PMT-0277,F-28,7.8,residential,analog,False
C-002626,PMT-0174,F-18,5.97,residential,electronic,False
C-002627,PMT-0294,F-30,13.25,commercial,analog,False
C-002628,PMT-0002,F-01,22.85,commercial,electronic,False
C-002629,PMT-0185,F-19,7.71,residential,analog,False
C-002630,PMT-0012,F-02,20.83,commercial,analog,False
C-002631,PMT-0281,F-29,4.9,residential,analog,False
C-002632,PMT-0205,F-21,6.78,residential,analog,False
C-002633,PMT-0275,F-28,8.58,commercial,analog,False
C-002634,PMT-0169,F-17,7.3,residential,electronic,True
C-002635,PMT-0025,F-03,8.0,residential,analog,False
C-002636,PMT-0008,F-01,5.66,residential,electronic,False
C-002637,PMT-0101,F-11,2.37,residential,analog,False
C-002638,PMT-0224,F-23,7.89,commercial,analog,False
C-002639,PMT-0046,F-05,7.72,residential,analog,False
C-002640,PMT-0256,F-26,7.1,residential,electronic,True
C-002641,PMT-0072,F-08,6.24,residential,analog,False
C-002642,PMT-0149,F-15,23.98,commercial,electronic,True
C-002643,PMT-0061,F-07,4.52,residential,analog,False
C-002644,PMT-0140,F-14,7.21,residential,electronic,False
C-002645,PMT-0136,F-14,2.14,residential,electronic,False
C-002646,PMT-0002,F-01,2.28,residential,electronic,False
C-002647,PMT-0171,F-18,4.59,residential,analog,False
C-002648,PMT-0236,F-24,3.33,residential,analog,False
C-002649,PMT-0281,F-29,4.03,residential,electronic,True
C-002650,PMT-0100,F-10,6.59,residential,analog,False
C-002651,PMT-0265,F-27,6.07,commercial,analog,True
C-002652,PMT-0264,F-27,6.05,residential,electronic,True
C-002653,PMT-0297,F-30,1.62,residential,electronic,False
C-002654,PMT-0112,F-12,6.93,residential,analog,False
C-002655,PMT-0256,F-26,2.41,residential,electronic,False
C-002656,PMT-0170,F-17,6.14,residential,analog,False
C-002657,PMT-0018,F-02,5.14,residential,analog,False
C-002658,PMT-0082,F-09,3.7,residential,analog,False
C-002659,PMT-0202,F-21,2.87,residential,electronic,False
C-002660,PMT-0049,F-05,1.4,residential,electronic,False
C-002661,PMT-0131,F-14,3.47,residential,electronic,False
C-002662,PMT-0233,F-24,36.04,industrial,analog,False
C-002663,PMT-0045,F-05,1.95,residential,electronic,False
C-002664,PMT-0149,F-15,19.77,commercial,analog,False
C-002665,PMT-0065,F-07,2.49,residential,analog,False
C-002666,PMT-0161,F-17,2.56,residential,electronic,True
C-002667,PMT-0073,F-08,3.38,residential,electronic,False
C-002668,PMT-0290,F-29,4.24,residential,electronic,False
C-002669,PMT-0024,F-03,4.6,residential,analog,False
C-002670,PMT-0290,F-29,5.65,residential,analog,False
C-002671,PMT-0238,F-24,67.08,industrial,analog,False
C-002672,PMT-0257,F-26,4.37,residential,electronic,True
C-002673,PMT-0256,F-26,12.88,commercial,analog,False
C-002674,PMT-0057,F-06,2.86,residential,electronic,False
C-002675,PMT-0280,F-28,5.97,residential,analog,True
C-002676,PMT-0179,F-18,3.22,residential,analog,False
C-002677,PMT-0289,F-29,6.95,residential,electronic,False
C-002678,PMT-0264,F-27,66.89,industrial,electronic,False
C-002679,PMT-0174,F-18,17.68,commercial,analog,False
C-002680,PMT-0113,F-12,60.7,industrial,analog,False
C-002681,PMT-0036,F-04,94.28,industrial,analog,False
C-002682,PMT-0031,F-04,3.95,residential,analog,True
C-002683,PMT-0117,F-12,3.99,residential,electronic,False
C-002684,PMT-0244,F-25,22.86,commercial,analog,False
C-002685,PMT-0152,F-16,5.23,residential,analog,False
C-002686,PMT-0145,F-15,13.98,commercial,electronic,False
C-002687,PMT-0074,F-08,2.84,residential,electronic,False
C-002688,PMT-0170,F-17,2.72,residential,analog,True
C-002689,PMT-0192,F-20,6.61,residential,electronic,False
C-002690,PMT-0295,F-30,2.96,residential,analog,False
C-002691,PMT-0219,F-22,1.04,residential,analog,True
C-002692,PMT-0183,F-19,1.14,residential,electronic,False
C-002693,PMT-0274,F-28,7.85,residential,analog,False
C-002694,PMT-0128,F-13,4.92,residential,electronic,False
C-002695,PMT-0281,F-29,4.42,residential,analog,False
C-002696,PMT-0111,F-12,7.43,residential,electronic,False
C-002697,PMT-0039,F-04,3.46,residential,analog,False
C-002698,PMT-0126,F-13,20.9,commercial,analog,False
C-002699,PMT-0039,F-04,6.05,residential,electronic,True
C-002700,PMT-0036,F-04,4.34,residential,electronic,False
C-002701,PMT-0265,F-27,6.42,residential,electronic,True
C-002702,PMT-0239,F-24,7.76,residential,analog,False
C-002703,PMT-0067,F-07,2.4,residential,analog,False
C-002704,PMT-0252,F-26,1.12,residential,analog,False
C-002705,PMT-0021,F-03,6.75,residential,analog,False
C-002706,PMT-0086,F-09,3.83,residential,analog,False
C-002707,PMT-0212,F-22,4.81,residential,electronic,False
C-002708,PMT-0092,F-10,2.56,residential,analog,False
C-002709,PMT-0220,F-22,6.89,residential,analog,False
C-002710,PMT-0263,F-27,6.05,residential,electronic,False
C-002711,PMT-0020,F-02,7.67,residential,electronic,True
C-002712,PMT-0008,F-01,4.33,residential,analog,False
C-002713,PMT-0283,F-29,7.84,residential,electronic,False
C-002714,PMT-0157,F-16,4.58,residential,electronic,False
C-002715,PMT-0152,F-16,5.35,residential,analog,False
C-002716,PMT-0140,F-14,5.72,residential,electronic,False
C-002717,PMT-0131,F-14,4.43,residential,electronic,False
C-002718,PMT-0208,F-21,16.26,commercial,electronic,True
C-002719,PMT-0174,F-18,2.56,residential,analog,False
C-002720,PMT-0050,F-05,3.54,residential,analog,True
C-002721,PMT-0188,F-19,5.91,residential,electronic,False
C-002722,PMT-0201,F-21,5.78,commercial,analog,True
C-002723,PMT-0035,F-04,5.9,residential,analog,False
C-002724,PMT-0114,F-12,3.13,residential,analog,False
C-002725,PMT-0238,F-24,10.44,commercial,electronic,False
C-002726,PMT-0186,F-19,5.85,residential,analog,False
C-002727,PMT-0041,F-05,2.5,residential,electronic,False
C-002728,PMT-0013,F-02,7.73,residential,analog,True
C-002729,PMT-0175,F-18,7.93,residential,electronic,False
C-002730,PMT-0139,F-14,4.21,residential,analog,False
C-002731,PMT-0289,F-29,3.81,residential,electronic,False
C-002732,PMT-0157,F-16,1.55,residential,electronic,False
C-002733,PMT-0280,F-28,6.45,residential,analog,False
C-002734,PMT-0065,F-07,2.14,residential,analog,False
C-002735,PMT-0135,F-14,23.66,commercial,electronic,False
C-002736,PMT-0042,F-05,7.93,residential,electronic,False
C-002737,PMT-0173,F-18,1.86,residential,analog,False
C-002738,PMT-0057,F-06,5.78,residential,analog,False
C-002739,PMT-0148,F-15,4.26,residential,electronic,True
C-002740,PMT-0104,F-11,4.79,residential,electronic,True
C-002741,PMT-0056,F-06,2.26,residential,analog,False
C-002742,PMT-0030,F-03,6.06,residential,analog,False
C-002743,PMT-0154,F-16,8.33,commercial,analog,False
C-002744,PMT-0285,F-29,22.71,commercial,electronic,False
C-002745,PMT-0060,F-06,4.18,residential,electronic,False
C-002746,PMT-0122,F-13,5.44,residential,analog,False
C-002747,PMT-0068,F-07,7.45,residential,analog,False
C-002748,PMT-0243,F-25,6.17,residential,analog,False
C-002749,PMT-0125,F-13,4.79,residential,analog,False
C-002750,PMT-0293,F-30,13.05,commercial,electronic,False
C-002751,PMT-0074,F-08,14.24,commercial,electronic,False
C-002752,PMT-0025,F-03,3.39,residential,analog,False
C-002753,PMT-0175,F-18,23.92,commercial,analog,False
C-002754,PMT-0196,F-20,10.06,commercial,analog,False
C-002755,PMT-0298,F-30,3.87,residential,electronic,False
C-002756,PMT-0262,F-27,20.56,commercial,analog,False
C-002757,PMT-0266,F-27,3.55,residential,analog,False
C-002758,PMT-0191,F-20,7.21,residential,electronic,False
C-002759,PMT-0108,F-11,2.7,residential,analog,False
C-002760,PMT-0129,F-13,1.22,residential,electronic,False
C-002761,PMT-0041,F-05,5.4,residential,analog,False
C-002762,PMT-0130,F-13,15.17,commercial,analog,False
C-002763,PMT-0110,F-11,7.53,residential,electronic,False
C-002764,PMT-0011,F-02,3.96,residential,electronic,False
C-002765,PMT-0062,F-07,1.95,residential,electronic,True
C-002766,PMT-0161,F-17,3.31,residential,analog,False
C-002767,PMT-0111,F-12,3.75,residential,analog,False
C-002768,PMT-0299,F-30,5.08,residential,analog,False
C-002769,PMT-0144,F-15,41.96,industrial,analog,False
C-002770,PMT-0288,F-29,4.85,residential,analog,False
C-002771,PMT-0199,F-20,7.36,residential,analog,False
C-002772,PMT-0013,F-02,3.97,residential,analog,False
C-002773,PMT-0062,F-07,5.56,residential,analog,False
C-002774,PMT-0212,F-22,38.31,industrial,analog,False
C-002775,PMT-0164,F-17,6.61,residential,analog,True
C-002776,PMT-0091,F-10,2.89,residential,electronic,False
C-002777,PMT-0157,F-16,5.06,residential,electronic,False
C-002778,PMT-0271,F-28,11.0,commercial,analog,False
C-002779,PMT-0117,F-12,1.47,residential,analog,True
C-002780,PMT-0014,F-02,3.24,residential,electronic,False
C-002781,PMT-0094,F-10,2.48,residential,analog,True
C-002782,PMT-0281,F-29,7.25,residential,electronic,False
C-002783,PMT-0229,F-23,2.86,residential,analog,False
C-002784,PMT-0252,F-26,7.82,residential,analog,False
C-002785,PMT-0274,F-28,4.45,residential,analog,True
C-002786,PMT-0036,F-04,37.69,industrial,electronic,False
C-002787,PMT-0085,F-09,3.74,residential,analog,False
C-002788,PMT-0018,F-02,8.67,commercial,analog,False
C-002789,PMT-0002,F-01,6.84,residential,analog,False
C-002790,PMT-0251,F-26,1.84,residential,analog,False
C-002791,PMT-0282,F-29,7.11,residential,electronic,False
C-002792,PMT-0047,F-05,1.32,residential,analog,False
C-002793,PMT-0217,F-22,3.1,residential,analog,False
C-002794,PMT-0161,F-17,1.98,residential,analog,False
C-002795,PMT-0021,F-03,5.8,residential,analog,False
C-002796,PMT-0275,F-28,4.59,residential,electronic,False
C-002797,PMT-0262,F-27,7.58,residential,electronic,False
C-002798,PMT-0171,F-18,12.32,commercial,analog,True
C-002799,PMT-0213,F-22,1.29,residential,analog,False
C-002800,PMT-0120,F-12,6.33,residential,electronic,False
C-002801,PMT-0238,F-24,5.06,residential,analog,True
C-002802,PMT-0134,F-14,21.55,commercial,analog,True
C-002803,PMT-0297,F-30,3.98,residential,analog,False
C-002804,PMT-0019,F-02,6.17,residential,analog,False
C-002805,PMT-0052,F-06,2.2,residential,analog,False
C-002806,PMT-0291,F-30,8.0,residential,analog,False
C-002807,PMT-0087,F-09,2.22,residential,electronic,False
C-002808,PMT-0094,F-10,6.81,residential,analog,True
C-002809,PMT-0238,F-24,9.25,commercial,electronic,False
C-002810,PMT-0057,F-06,6.48,residential,analog,False
C-002811,PMT-0155,F-16,7.03,residential,electronic,False
C-002812,PMT-0086,F-09,7.14,residential,analog,False
C-002813,PMT-0060,F-06,4.33,residential,analog,False
C-002814,PMT-0290,F-29,4.0,residential,analog,False
C-002815,PMT-0060,F-06,6.84,residential,analog,False
C-002816,PMT-0029,F-03,5.06,residential,analog,False
C-002817,PMT-0203,F-21,5.35,residential,analog,False
C-002818,PMT-0261,F-27,2.65,residential,analog,False
C-002819,PMT-0039,F-04,55.69,industrial,analog,False
C-002820,PMT-0213,F-22,3.59,residential,analog,False
C-002821,PMT-0163,F-17,5.66,residential,analog,False
C-002822,PMT-0250,F-25,2.38,residential,electronic,False
C-002823,PMT-0039,F-04,3.84,residential,electronic,False
C-002824,PMT-0293,F-30,6.94,residential,electronic,True
C-002825,PMT-0186,F-19,63.72,industrial,electronic,False
C-002826,PMT-0253,F-26,7.27,residential,analog,False
C-002827,PMT-0109,F-11,2.63,residential,analog,False
C-002828,PMT-0284,F-29,4.08,residential,analog,False
C-002829,PMT-0188,F-19,15.01,commercial,analog,False
C-002830,PMT-0039,F-04,3.8,residential,electronic,True
C-002831,PMT-0277,F-28,74.76,industrial,electronic,False
C-002832,PMT-0239,F-24,2.04,residential,analog,False
C-002833,PMT-0091,F-10,4.64,residential,electronic,False
C-002834,PMT-0164,F-17,1.97,residential,electronic,False
C-002835,PMT-0117,F-12,5.4,residential,analog,False
C-002836,PMT-0164,F-17,6.81,residential,analog,False
C-002837,PMT-0290,F-29,1.14,residential,electronic,False
C-002838,PMT-0270,F-27,4.2,residential,electronic,False
C-002839,PMT-0065,F-07,4.45,residential,analog,False
C-002840,PMT-0292,F-30,6.04,residential,analog,False
C-002841,PMT-0132,F-14,6.49,commercial,electronic,False
C-002842,PMT-0212,F-22,3.84,residential,electronic,False
C-002843,PMT-0230,F-23,6.5,residential,analog,False
C-002844,PMT-0145,F-15,4.73,residential,electronic,False
C-002845,PMT-0137,F-14,6.25,residential,analog,False
C-002846,PMT-0137,F-14,3.55,residential,electronic,False
C-002847,PMT-0259,F-26,7.44,residential,analog,False
C-002848,PMT-0116,F-12,1.54,residential,electronic,False
C-002849,PMT-0084,F-09,1.64,residential,electronic,False
C-002850,PMT-0109,F-11,4.7,residential,electronic,True
C-002851,PMT-0059,F-06,4.3,residential,analog,False
C-002852,PMT-0118,F-12,17.77,commercial,electronic,False
C-002853,PMT-0035,F-04,2.6,residential,analog,True
C-002854,PMT-0027,F-03,2.58,residential,analog,False
C-002855,PMT-0218,F-22,6.24,residential,electronic,False
C-002856,PMT-0024,F-03,3.04,residential,analog,False
C-002857,PMT-0171,F-18,6.09,residential,analog,False
C-002858,PMT-0234,F-24,5.48,residential,analog,False
C-002859,PMT-0218,F-22,6.67,commercial,analog,False
C-002860,PMT-0134,F-14,5.98,residential,analog,False
C-002861,PMT-0059,F-06,7.16,residential,electronic,False
C-002862,PMT-0280,F-28,6.72,residential,analog,True
C-002863,PMT-0251,F-26,1.06,residential,analog,True
C-002864,PMT-0184,F-19,4.78,residential,analog,True
C-002865,PMT-0027,F-03,7.39,residential,analog,False
C-002866,PMT-0011,F-02,5.19,residential,analog,False
C-002867,PMT-0095,F-10,3.03,residential,analog,False
C-002868,PMT-0048,F-05,2.36,residential,electronic,False
C-002869,PMT-0259,F-26,5.79,residential,electronic,False
C-002870,PMT-0062,F-07,6.4,residential,analog,False
C-002871,PMT-0085,F-09,7.39,residential,analog,False
C-002872,PMT-0293,F-30,7.34,residential,analog,False
C-002873,PMT-0246,F-25,3.37,residential,analog,False
C-002874,PMT-0066,F-07,5.23,residential,analog,False
C-002875,PMT-0116,F-12,1.71,residential,analog,False
C-002876,PMT-0155,F-16,1.66,residential,electronic,False
C-002877,PMT-0200,F-20,1.5,residential,analog,True
C-002878,PMT-0281,F-29,7.49,residential,electronic,False
C-002879,PMT-0262,F-27,32.19,industrial,analog,False
C-002880,PMT-0294,F-30,14.65,commercial,analog,False
C-002881,PMT-0013,F-02,4.03,residential,electronic,False
C-002882,PMT-0071,F-08,3.27,residential,analog,False
C-002883,PMT-0169,F-17,4.76,residential,analog,False
C-002884,PMT-0015,F-02,1.02,residential,analog,False
C-002885,PMT-0107,F-11,3.66,residential,electronic,False
C-002886,PMT-0047,F-05,4.36,residential,analog,False
C-002887,PMT-0280,F-28,6.62,residential,analog,False
C-002888,PMT-0019,F-02,5.91,residential,analog,False
C-002889,PMT-0045,F-05,6.95,residential,analog,False
C-002890,PMT-0059,F-06,3.63,residential,analog,False
C-002891,PMT-0045,F-05,1.99,residential,analog,False
C-002892,PMT-0171,F-18,13.02,commercial,analog,False
C-002893,PMT-0110,F-11,7.74,residential,analog,False
C-002894,PMT-0274,F-28,2.5,residential,electronic,False
C-002895,PMT-0079,F-08,2.22,residential,analog,False
C-002896,PMT-0162,F-17,7.61,residential,analog,False
C-002897,PMT-0199,F-20,7.65,residential,analog,True
C-002898,PMT-0188,F-19,2.04,residential,analog,True
C-002899,PMT-0239,F-24,81.56,industrial,analog,False
C-002900,PMT-0061,F-07,4.01,residential,analog,False
C-002901,PMT-0153,F-16,4.45,residential,electronic,False
C-002902,PMT-0241,F-25,4.49,residential,analog,False
C-002903,PMT-0259,F-26,24.37,commercial,analog,False
C-002904,PMT-0186,F-19,2.29,residential,electronic,False
C-002905,PMT-0196,F-20,81.85,industrial,analog,False
C-002906,PMT-0260,F-26,1.04,residential,analog,False
C-002907,PMT-0188,F-19,5.4,residential,electronic,False
C-002908,PMT-0285,F-29,18.05,commercial,analog,False
C-002909,PMT-0039,F-04,6.28,residential,analog,False
C-002910,PMT-0105,F-11,7.48,residential,analog,False
C-002911,PMT-0034,F-04,80.31,industrial,analog,True
C-002912,PMT-0028,F-03,6.13,residential,analog,True
C-002913,PMT-0142,F-15,2.78,residential,electronic,False
C-002914,PMT-0068,F-07,24.86,commercial,electronic,False
C-002915,PMT-0123,F-13,14.37,commercial,analog,False
C-002916,PMT-0132,F-14,53.4,industrial,electronic,False
C-002917,PMT-0187,F-19,15.04,commercial,electronic,False
C-002918,PMT-0284,F-29,3.76,residential,analog,False
C-002919,PMT-0255,F-26,16.87,commercial,analog,False
C-002920,PMT-0114,F-12,3.45,residential,analog,False
C-002921,PMT-0098,F-10,2.68,residential,analog,False
C-002922,PMT-0232,F-24,7.5,residential,electronic,False
C-002923,PMT-0038,F-04,23.56,commercial,electronic,False
C-002924,PMT-0163,F-17,4.47,residential,electronic,False
C-002925,PMT-0127,F-13,24.24,commercial,analog,False
C-002926,PMT-0055,F-06,3.91,residential,analog,False
C-002927,PMT-0185,F-19,3.71,residential,analog,False
C-002928,PMT-0097,F-10,7.42,residential,analog,False
C-002929,PMT-0056,F-06,5.43,residential,analog,False
C-002930,PMT-0196,F-20,6.34,residential,analog,False
C-002931,PMT-0053,F-06,3.89,residential,analog,False
C-002932,PMT-0202,F-21,3.85,residential,analog,True
C-002933,PMT-0049,F-05,1.58,residential,analog,False
C-002934,PMT-0131,F-14,7.77,residential,analog,False
C-002935,PMT-0243,F-25,2.6,residential,electronic,False
C-002936,PMT-0069,F-07,4.46,residential,analog,False
C-002937,PMT-0231,F-24,1.8,residential,analog,False
C-002938,PMT-0217,F-22,5.53,residential,analog,False
C-002939,PMT-0271,F-28,3.74,residential,analog,False
C-002940,PMT-0051,F-06,6.37,residential,analog,False
C-002941,PMT-0215,F-22,4.7,residential,electronic,True
C-002942,PMT-0282,F-29,1.91,residential,analog,False
C-002943,PMT-0229,F-23,1.08,residential,analog,True
C-002944,PMT-0057,F-06,2.49,residential,analog,False
C-002945,PMT-0247,F-25,6.07,residential,analog,False
C-002946,PMT-0033,F-04,6.8,residential,electronic,False
C-002947,PMT-0177,F-18,11.83,commercial,electronic,False
C-002948,PMT-0150,F-15,4.75,residential,analog,False
C-002949,PMT-0160,F-16,2.68,residential,analog,False
C-002950,PMT-0156,F-16,22.61,commercial,analog,False
C-002951,PMT-0010,F-01,7.76,residential,analog,False
C-002952,PMT-0153,F-16,6.27,residential,analog,True
C-002953,PMT-0282,F-29,6.78,commercial,electronic,False
C-002954,PMT-0132,F-14,4.06,residential,electronic,False
C-002955,PMT-0084,F-09,24.81,commercial,analog,False
C-002956,PMT-0299,F-30,2.61,residential,electronic,True
C-002957,PMT-0030,F-03,5.69,residential,analog,False
C-002958,PMT-0146,F-15,7.57,residential,analog,False
C-002959,PMT-0154,F-16,6.41,residential,analog,False
C-002960,PMT-0144,F-15,17.18,commercial,analog,False
C-002961,PMT-0277,F-28,4.55,residential,analog,False
C-002962,PMT-0127,F-13,7.5,residential,electronic,False
C-002963,PMT-0292,F-30,3.76,residential,analog,False
C-002964,PMT-0021,F-03,7.31,residential,analog,False
C-002965,PMT-0221,F-23,4.02,residential,analog,False
C-002966,PMT-0178,F-18,20.13,commercial,analog,False
C-002967,PMT-0073,F-08,7.41,residential,analog,False
C-002968,PMT-0069,F-07,16.01,commercial,analog,False
C-002969,PMT-0216,F-22,3.17,residential,analog,False
C-002970,PMT-0192,F-20,1.36,residential,analog,False
C-002971,PMT-0184,F-19,6.66,residential,analog,False
C-002972,PMT-0016,F-02,5.35,residential,analog,False
C-002973,PMT-0180,F-18,2.84,residential,electronic,False
C-002974,PMT-0295,F-30,7.14,residential,analog,False
C-002975,PMT-0006,F-01,7.44,residential,electronic,False
C-002976,PMT-0141,F-15,22.74,commercial,electronic,False
C-002977,PMT-0149,F-15,17.03,commercial,analog,False
C-002978,PMT-0270,F-27,98.13,industrial,electronic,False
C-002979,PMT-0085,F-09,22.5,commercial,analog,True
C-002980,PMT-0143,F-15,1.73,residential,electronic,False
C-002981,PMT-0216,F-22,7.87,residential,analog,False
C-002982,PMT-0019,F-02,15.98,commercial,analog,False
C-002983,PMT-0241,F-25,23.4,commercial,electronic,False
C-002984,PMT-0247,F-25,80.83,industrial,electronic,False
C-002985,PMT-0216,F-22,5.53,residential,analog,True
C-002986,PMT-0195,F-20,3.29,residential,electronic,False
C-002987,PMT-0225,F-23,5.54,commercial,electronic,False
C-002988,PMT-0235,F-24,10.53,commercial,electronic,False
C-002989,PMT-0272,F-28,5.8,residential,electronic,False
C-002990,PMT-0129,F-13,22.26,commercial,electronic,False
C-002991,PMT-0137,F-14,1.02,residential,analog,False
C-002992,PMT-0192,F-20,9.16,commercial,electronic,False
C-002993,PMT-0058,F-06,5.71,residential,analog,False
C-002994,PMT-0257,F-26,10.67,commercial,electronic,False
C-002995,PMT-0232,F-24,1.99,residential,electronic,True
C-002996,PMT-0190,F-19,1.57,residential,analog,True
C-002997,PMT-0091,F-10,5.47,residential,analog,False
C-002998,PMT-0105,F-11,5.16,residential,analog,True
C-002999,PMT-0131,F-14,7.01,residential,analog,False
C-003000,PMT-0199,F-20,45.19,industrial,analog,False
C-003001,PMT-0234,F-24,1.96,residential,electronic,False
C-003002,PMT-0202,F-21,20.98,commercial,electronic,False
C-003003,PMT-0279,F-28,7.92,residential,electronic,False
C-003004,PMT-0289,F-29,3.52,residential,analog,False
C-003005,PMT-0212,F-22,7.06,residential,electronic,False
C-003006,PMT-0112,F-12,6.34,residential,electronic,False
C-003007,PMT-0180,F-18,7.38,residential,electronic,False
C-003008,PMT-0128,F-13,13.49,commercial,analog,False
C-003009,PMT-0189,F-19,7.03,commercial,electronic,False
C-003010,PMT-0244,F-25,1.83,residential,analog,False
C-003011,PMT-0111,F-12,81.06,industrial,analog,False
C-003012,PMT-0152,F-16,7.04,residential,analog,False
C-003013,PMT-0014,F-02,4.2,residential,electronic,False
C-003014,PMT-0221,F-23,1.42,residential,analog,False
C-003015,PMT-0147,F-15,1.47,residential,electronic,True
C-003016,PMT-0138,F-14,5.19,residential,electronic,False
C-003017,PMT-0160,F-16,7.43,residential,analog,False
C-003018,PMT-0065,F-07,3.8,residential,analog,False
C-003019,PMT-0180,F-18,5.55,residential,analog,False
C-003020,PMT-0224,F-23,4.79,residential,analog,False
C-003021,PMT-0105,F-11,7.23,residential,electronic,False
C-003022,PMT-0040,F-04,6.83,residential,analog,False
C-003023,PMT-0117,F-12,8.99,commercial,analog,False
C-003024,PMT-0060,F-06,5.74,residential,analog,False
C-003025,PMT-0113,F-12,6.93,residential,analog,False
C-003026,PMT-0189,F-19,7.51,residential,analog,False
C-003027,PMT-0035,F-04,5.13,residential,analog,False
C-003028,PMT-0225,F-23,2.23,residential,analog,False
C-003029,PMT-0068,F-07,64.66,industrial,analog,False
C-003030,PMT-0269,F-27,5.66,residential,electronic,False
C-003031,PMT-0220,F-22,2.91,residential,analog,False
C-003032,PMT-0082,F-09,7.81,residential,analog,False
C-003033,PMT-0169,F-17,2.61,residential,analog,True
C-003034,PMT-0034,F-04,7.38,residential,electronic,False
C-003035,PMT-0030,F-03,3.98,residential,analog,True
C-003036,PMT-0287,F-29,5.01,commercial,analog,False
C-003037,PMT-0241,F-25,4.8,residential,analog,False
C-003038,PMT-0047,F-05,5.4,residential,analog,False
C-003039,PMT-0085,F-09,7.09,residential,electronic,False
C-003040,PMT-0060,F-06,15.81,commercial,electronic,False
C-003041,PMT-0119,F-12,1.66,residential,analog,False
C-003042,PMT-0088,F-09,7.49,residential,electronic,False
C-003043,PMT-0099,F-10,16.31,commercial,analog,False
C-003044,PMT-0159,F-16,2.9,residential,analog,False
C-003045,PMT-0057,F-06,22.98,commercial,analog,False
C-003046,PMT-0265,F-27,1.85,residential,analog,False
C-003047,PMT-0219,F-22,1.68,residential,electronic,False
C-003048,PMT-0229,F-23,62.8,industrial,analog,False
C-003049,PMT-0051,F-06,5.37,residential,analog,False
C-003050,PMT-0213,F-22,4.58,residential,electronic,False
C-003051,PMT-0251,F-26,7.5,residential,analog,False
C-003052,PMT-0053,F-06,2.84,residential,analog,False
C-003053,PMT-0226,F-23,24.8,commercial,analog,False
C-003054,PMT-0108,F-11,1.14,residential,electronic,True
C-003055,PMT-0237,F-24,7.37,commercial,electronic,True
C-003056,PMT-0144,F-15,2.3,residential,analog,False
C-003057,PMT-0241,F-25,1.56,residential,analog,False
C-003058,PMT-0045,F-05,4.07,residential,analog,False
C-003059,PMT-0117,F-12,7.06,residential,electronic,False
C-003060,PMT-0083,F-09,21.42,commercial,analog,False
C-003061,PMT-0075,F-08,6.21,residential,analog,False
C-003062,PMT-0093,F-10,1.05,residential,analog,False
C-003063,PMT-0115,F-12,7.06,residential,analog,False
C-003064,PMT-0039,F-04,3.78,residential,analog,False
C-003065,PMT-0213,F-22,19.63,commercial,electronic,False
C-003066,PMT-0166,F-17,6.09,residential,electronic,True
C-003067,PMT-0249,F-25,2.24,residential,analog,False
C-003068,PMT-0212,F-22,4.61,residential,electronic,False
C-003069,PMT-0045,F-05,7.48,residential,analog,False
C-003070,PMT-0021,F-03,41.04,industrial,electronic,False
C-003071,PMT-0127,F-13,6.01,residential,electronic,False
C-003072,PMT-0145,F-15,7.71,residential,analog,False
C-003073,PMT-0073,F-08,3.52,residential,analog,False
C-003074,PMT-0235,F-24,3.71,residential,analog,True
C-003075,PMT-0175,F-18,56.21,industrial,analog,True
C-003076,PMT-0225,F-23,6.66,residential,analog,False
C-003077,PMT-0033,F-04,4.07,residential,analog,False
C-003078,PMT-0245,F-25,4.4,residential,analog,False
C-003079,PMT-0062,F-07,37.79,industrial,electronic,False
C-003080,PMT-0135,F-14,99.07,industrial,electronic,False
C-003081,PMT-0132,F-14,7.25,residential,analog,False
C-003082,PMT-0247,F-25,5.2,residential,analog,False
C-003083,PMT-0084,F-09,7.72,residential,electronic,False
C-003084,PMT-0073,F-08,5.81,residential,analog,False
C-003085,PMT-0102,F-11,7.71,residential,electronic,True
C-003086,PMT-0109,F-11,8.23,commercial,analog,False
C-003087,PMT-0055,F-06,9.51,commercial,analog,True
C-003088,PMT-0053,F-06,7.2,residential,analog,False
C-003089,PMT-0070,F-07,3.94,residential,analog,False
C-003090,PMT-0141,F-15,3.6,residential,analog,False
C-003091,PMT-0104,F-11,6.28,residential,electronic,False
C-003092,PMT-0118,F-12,5.41,residential,analog,False
C-003093,PMT-0216,F-22,3.41,residential,analog,False
C-003094,PMT-0073,F-08,51.83,industrial,analog,False
C-003095,PMT-0273,F-28,3.86,residential,analog,False
C-003096,PMT-0226,F-23,7.53,commercial,analog,False
C-003097,PMT-0053,F-06,2.61,residential,analog,False
C-003098,PMT-0095,F-10,4.76,residential,analog,False
C-003099,PMT-0056,F-06,6.47,residential,electronic,False
C-003100,PMT-0082,F-09,13.38,commercial,electronic,False
C-003101,PMT-0110,F-11,3.68,residential,analog,True
C-003102,PMT-0040,F-04,5.55,residential,electronic,True
C-003103,PMT-0005,F-01,2.1,residential,electronic,False
C-003104,PMT-0132,F-14,3.67,residential,analog,False
C-003105,PMT-0211,F-22,2.46,residential,analog,False
C-003106,PMT-0091,F-10,5.56,residential,analog,False
C-003107,PMT-0259,F-26,1.79,residential,analog,False
C-003108,PMT-0111,F-12,13.96,commercial,analog,False
C-003109,PMT-0271,F-28,5.17,residential,analog,False
C-003110,PMT-0071,F-08,6.84,residential,analog,False
C-003111,PMT-0162,F-17,6.07,residential,analog,False
C-003112,PMT-0229,F-23,7.6,residential,analog,False
C-003113,PMT-0018,F-02,18.6,commercial,analog,False
C-003114,PMT-0280,F-28,3.44,residential,analog,False
C-003115,PMT-0110,F-11,2.62,residential,analog,True
C-003116,PMT-0150,F-15,6.13,commercial,analog,False
C-003117,PMT-0189,F-19,2.94,residential,analog,False
C-003118,PMT-0193,F-20,1.96,residential,electronic,False
C-003119,PMT-0008,F-01,3.58,residential,analog,False
C-003120,PMT-0261,F-27,5.92,residential,electronic,False
C-003121,PMT-0188,F-19,5.84,residential,electronic,True
C-003122,PMT-0300,F-30,3.23,residential,analog,False
C-003123,PMT-0142,F-15,4.56,residential,analog,False
C-003124,PMT-0185,F-19,2.52,residential,analog,False
C-003125,PMT-0133,F-14,15.06,commercial,analog,False
C-003126,PMT-0267,F-27,4.57,residential,electronic,False
C-003127,PMT-0250,F-25,3.11,residential,electronic,False
C-003128,PMT-0273,F-28,2.82,residential,analog,False
C-003129,PMT-0152,F-16,7.86,residential,analog,True
C-003130,PMT-0238,F-24,4.76,residential,electronic,False
C-003131,PMT-0108,F-11,4.93,residential,analog,False
C-003132,PMT-0139,F-14,5.16,commercial,analog,False
C-003133,PMT-0229,F-23,8.64,commercial,electronic,False
C-003134,PMT-0025,F-03,12.13,commercial,analog,False
C-003135,PMT-0214,F-22,7.76,residential,electronic,False
C-003136,PMT-0005,F-01,2.23,residential,electronic,True
C-003137,PMT-0175,F-18,3.12,residential,analog,False
C-003138,PMT-0144,F-15,7.93,residential,analog,False
C-003139,PMT-0141,F-15,4.37,residential,analog,False
C-003140,PMT-0149,F-15,3.23,residential,electronic,False
C-003141,PMT-0148,F-15,5.44,residential,analog,False
C-003142,PMT-0123,F-13,4.47,residential,analog,False
C-003143,PMT-0136,F-14,7.7,residential,electronic,True
C-003144,PMT-0171,F-18,1.58,residential,analog,False
C-003145,PMT-0230,F-23,6.53,residential,analog,False
C-003146,PMT-0166,F-17,2.95,residential,electronic,False
C-003147,PMT-0193,F-20,6.65,residential,analog,False
C-003148,PMT-0251,F-26,6.93,residential,analog,False
C-003149,PMT-0297,F-30,21.98,commercial,analog,False
C-003150,PMT-0033,F-04,7.07,residential,analog,True
C-003151,PMT-0214,F-22,6.03,residential,analog,False
C-003152,PMT-0068,F-07,2.0,residential,analog,False
C-003153,PMT-0060,F-06,1.36,residential,electronic,False
C-003154,PMT-0238,F-24,11.82,commercial,analog,False
C-003155,PMT-0021,F-03,4.47,residential,analog,False
C-003156,PMT-0255,F-26,44.21,industrial,electronic,True
C-003157,PMT-0232,F-24,19.84,commercial,analog,False
C-003158,PMT-0299,F-30,6.06,residential,electronic,False
C-003159,PMT-0201,F-21,7.8,residential,analog,False
C-003160,PMT-0262,F-27,3.8,residential,analog,False
C-003161,PMT-0036,F-04,6.5,residential,analog,True
C-003162,PMT-0267,F-27,6.19,residential,analog,False
C-003163,PMT-0049,F-05,7.92,residential,electronic,False
C-003164,PMT-0095,F-10,6.42,residential,electronic,False
C-003165,PMT-0039,F-04,2.99,residential,analog,False
C-003166,PMT-0121,F-13,1.11,residential,analog,False
C-003167,PMT-0225,F-23,7.78,residential,analog,False
C-003168,PMT-0081,F-09,77.29,industrial,analog,False
C-003169,PMT-0247,F-25,6.69,residential,analog,False
C-003170,PMT-0182,F-19,6.55,residential,analog,False
C-003171,PMT-0189,F-19,78.86,industrial,analog,False
C-003172,PMT-0282,F-29,6.26,residential,analog,False
C-003173,PMT-0130,F-13,7.51,residential,electronic,False
C-003174,PMT-0104,F-11,7.4,residential,analog,False
C-003175,PMT-0299,F-30,3.65,residential,analog,False
C-003176,PMT-0168,F-17,5.62,commercial,analog,False
C-003177,PMT-0185,F-19,1.27,residential,electronic,False
C-003178,PMT-0089,F-09,4.13,residential,electronic,True
C-003179,PMT-0065,F-07,6.84,residential,analog,True
C-003180,PMT-0051,F-06,6.93,residential,electronic,False
C-003181,PMT-0068,F-07,3.83,residential,electronic,False
C-003182,PMT-0059,F-06,3.11,residential,analog,False
C-003183,PMT-0225,F-23,4.55,residential,analog,False
C-003184,PMT-0018,F-02,6.83,residential,electronic,False
C-003185,PMT-0189,F-19,5.46,residential,analog,False
C-003186,PMT-0285,F-29,7.8,commercial,analog,False
C-003187,PMT-0230,F-23,3.54,residential,analog,False
C-003188,PMT-0121,F-13,4.89,residential,analog,False
C-003189,PMT-0018,F-02,4.77,residential,electronic,False
C-003190,PMT-0251,F-26,21.61,commercial,electronic,False
C-003191,PMT-0001,F-01,7.53,residential,electronic,False
C-003192,PMT-0205,F-21,7.01,commercial,analog,False
C-003193,PMT-0202,F-21,2.57,residential,electronic,False
C-003194,PMT-0058,F-06,12.84,commercial,analog,False
C-003195,PMT-0222,F-23,10.93,commercial,electronic,False
C-003196,PMT-0053,F-06,3.86,residential,analog,False
C-003197,PMT-0068,F-07,1.29,residential,analog,True
C-003198,PMT-0244,F-25,1.46,residential,electronic,False
C-003199,PMT-0294,F-30,6.87,residential,electronic,False
C-003200,PMT-0080,F-08,1.72,residential,analog,True
C-003201,PMT-0277,F-28,6.77,residential,analog,False
C-003202,PMT-0274,F-28,44.52,industrial,analog,False
C-003203,PMT-0231,F-24,3.16,residential,electronic,False
C-003204,PMT-0043,F-05,1.71,residential,analog,False
C-003205,PMT-0090,F-09,1.09,residential,analog,False
C-003206,PMT-0204,F-21,3.49,residential,analog,True
C-003207,PMT-0300,F-30,6.85,residential,electronic,False
C-003208,PMT-0245,F-25,7.44,residential,electronic,False
C-003209,PMT-0127,F-13,1.43,residential,electronic,True
C-003210,PMT-0071,F-08,22.47,industrial,electronic,False
C-003211,PMT-0289,F-29,2.11,residential,analog,False
C-003212,PMT-0083,F-09,81.3,industrial,analog,False
C-003213,PMT-0103,F-11,2.43,residential,analog,False
C-003214,PMT-0290,F-29,2.62,residential,analog,False
C-003215,PMT-0169,F-17,7.22,residential,electronic,False
C-003216,PMT-0080,F-08,7.12,residential,analog,True
C-003217,PMT-0002,F-01,18.41,commercial,electronic,False
C-003218,PMT-0129,F-13,2.15,residential,analog,False
C-003219,PMT-0296,F-30,3.67,residential,analog,False
C-003220,PMT-0130,F-13,9.72,commercial,electronic,False
C-003221,PMT-0210,F-21,5.7,residential,analog,False
C-003222,PMT-0076,F-08,6.46,residential,analog,False
C-003223,PMT-0233,F-24,1.99,residential,electronic,False
C-003224,PMT-0233,F-24,22.96,commercial,analog,True
C-003225,PMT-0183,F-19,4.24,residential,analog,False
C-003226,PMT-0232,F-24,6.57,residential,analog,False
C-003227,PMT-0174,F-18,1.36,residential,electronic,False
C-003228,PMT-0114,F-12,3.52,residential,analog,False
C-003229,PMT-0222,F-23,5.3,commercial,analog,False
C-003230,PMT-0251,F-26,6.03,residential,analog,False
C-003231,PMT-0253,F-26,1.56,residential,analog,False
C-003232,PMT-0064,F-07,3.37,residential,electronic,False
C-003233,PMT-0203,F-21,20.63,commercial,analog,False
C-003234,PMT-0002,F-01,6.24,residential,electronic,False
C-003235,PMT-0172,F-18,17.81,commercial,electronic,True
C-003236,PMT-0172,F-18,5.86,residential,analog,True
C-003237,PMT-0110,F-11,18.02,commercial,electronic,False
C-003238,PMT-0299,F-30,5.49,residential,electronic,False
C-003239,PMT-0265,F-27,3.45,residential,electronic,False
C-003240,PMT-0012,F-02,1.2,residential,analog,False
C-003241,PMT-0063,F-07,4.09,residential,analog,False
C-003242,PMT-0063,F-07,23.64,industrial,analog,False
C-003243,PMT-0270,F-27,57.51,industrial,analog,False
C-003244,PMT-0156,F-16,4.25,residential,analog,False
C-003245,PMT-0219,F-22,8.57,commercial,analog,False
C-003246,PMT-0243,F-25,6.49,residential,electronic,False
C-003247,PMT-0231,F-24,5.93,residential,electronic,False
C-003248,PMT-0027,F-03,4.92,residential,analog,False
C-003249,PMT-0043,F-05,7.48,residential,electronic,False
C-003250,PMT-0119,F-12,3.01,residential,analog,False
C-003251,PMT-0102,F-11,2.83,residential,analog,False
C-003252,PMT-0225,F-23,2.28,residential,electronic,False
C-003253,PMT-0047,F-05,4.81,residential,analog,False
C-003254,PMT-0112,F-12,9.11,commercial,analog,True
C-003255,PMT-0071,F-08,7.08,residential,electronic,False
C-003256,PMT-0057,F-06,3.13,residential,electronic,False
C-003257,PMT-0052,F-06,4.44,residential,electronic,False
C-003258,PMT-0059,F-06,4.71,residential,analog,False
C-003259,PMT-0170,F-17,3.15,residential,analog,False
C-003260,PMT-0124,F-13,6.17,residential,analog,False
C-003261,PMT-0131,F-14,5.84,residential,analog,False
C-003262,PMT-0144,F-15,6.33,residential,electronic,True
C-003263,PMT-0223,F-23,17.12,commercial,analog,False
C-003264,PMT-0259,F-26,14.2,commercial,electronic,False
C-003265,PMT-0158,F-16,4.14,residential,analog,False
C-003266,PMT-0193,F-20,77.32,industrial,analog,True
C-003267,PMT-0222,F-23,12.54,commercial,analog,False
C-003268,PMT-0208,F-21,4.06,residential,analog,False
C-003269,PMT-0041,F-05,2.15,residential,analog,False
C-003270,PMT-0295,F-30,5.76,residential,electronic,False
C-003271,PMT-0050,F-05,1.54,residential,analog,False
C-003272,PMT-0124,F-13,7.93,residential,electronic,False
C-003273,PMT-0196,F-20,31.5,industrial,analog,True
C-003274,PMT-0122,F-13,3.68,residential,electronic,False
C-003275,PMT-0073,F-08,2.66,residential,electronic,False
C-003276,PMT-0278,F-28,3.03,residential,analog,False
C-003277,PMT-0022,F-03,3.26,residential,electronic,True
C-003278,PMT-0074,F-08,6.03,residential,electronic,False
C-003279,PMT-0298,F-30,8.53,commercial,electronic,False
C-003280,PMT-0219,F-22,2.85,residential,electronic,False
C-003281,PMT-0027,F-03,1.71,residential,analog,False
C-003282,PMT-0227,F-23,3.32,residential,analog,False
C-003283,PMT-0291,F-30,7.59,residential,analog,False
C-003284,PMT-0030,F-03,3.66,residential,analog,False
C-003285,PMT-0125,F-13,6.44,residential,analog,False
C-003286,PMT-0141,F-15,4.23,residential,analog,False
C-003287,PMT-0040,F-04,4.15,residential,electronic,False
C-003288,PMT-0061,F-07,21.48,commercial,analog,False
C-003289,PMT-0053,F-06,1.19,residential,analog,False
C-003290,PMT-0056,F-06,7.05,residential,electronic,False
C-003291,PMT-0122,F-13,4.4,residential,analog,False
C-003292,PMT-0140,F-14,12.02,commercial,analog,False
C-003293,PMT-0072,F-08,7.35,residential,electronic,False
C-003294,PMT-0087,F-09,3.38,residential,analog,False
C-003295,PMT-0058,F-06,7.84,residential,analog,False
C-003296,PMT-0239,F-24,7.55,residential,electronic,False
C-003297,PMT-0064,F-07,2.88,residential,analog,False
C-003298,PMT-0273,F-28,3.38,residential,analog,False
C-003299,PMT-0162,F-17,6.69,residential,electronic,False
C-003300,PMT-0241,F-25,2.37,residential,analog,False
C-003301,PMT-0191,F-20,6.12,residential,analog,False
C-003302,PMT-0080,F-08,1.9,residential,analog,False
C-003303,PMT-0181,F-19,2.44,residential,analog,False
C-003304,PMT-0083,F-09,4.5,residential,analog,False
C-003305,PMT-0036,F-04,6.22,residential,analog,False
C-003306,PMT-0077,F-08,6.18,residential,analog,False
C-003307,PMT-0083,F-09,5.26,residential,electronic,False
C-003308,PMT-0041,F-05,2.9,residential,analog,False
C-003309,PMT-0008,F-01,3.91,residential,analog,False
C-003310,PMT-0284,F-29,39.7,industrial,electronic,False
C-003311,PMT-0155,F-16,10.54,commercial,analog,False
C-003312,PMT-0121,F-13,3.26,residential,electronic,False
C-003313,PMT-0279,F-28,5.19,residential,analog,False
C-003314,PMT-0068,F-07,2.45,residential,electronic,False
C-003315,PMT-0121,F-13,1.3,residential,electronic,True
C-003316,PMT-0255,F-26,5.85,residential,analog,False
C-003317,PMT-0190,F-19,5.44,commercial,analog,False
C-003318,PMT-0120,F-12,24.42,commercial,analog,False
C-003319,PMT-0077,F-08,3.45,residential,analog,False
C-003320,PMT-0011,F-02,1.05,residential,analog,False
C-003321,PMT-0026,F-03,7.19,residential,electronic,False
C-003322,PMT-0049,F-05,5.2,residential,analog,True
C-003323,PMT-0236,F-24,6.72,residential,analog,False
C-003324,PMT-0192,F-20,13.7,commercial,electronic,False
C-003325,PMT-0131,F-14,12.08,commercial,analog,False
C-003326,PMT-0235,F-24,5.59,residential,analog,False
C-003327,PMT-0049,F-05,3.84,residential,electronic,True
C-003328,PMT-0064,F-07,4.89,residential,electronic,False
C-003329,PMT-0118,F-12,10.56,commercial,electronic,True
C-003330,PMT-0276,F-28,3.33,residential,analog,False
C-003331,PMT-0185,F-19,1.58,residential,analog,False
C-003332,PMT-0256,F-26,6.47,residential,analog,True
C-003333,PMT-0075,F-08,3.44,residential,electronic,False
C-003334,PMT-0255,F-26,7.82,residential,electronic,False
C-003335,PMT-0022,F-03,2.82,residential,electronic,False
C-003336,PMT-0069,F-07,4.33,residential,analog,True
C-003337,PMT-0157,F-16,11.11,commercial,analog,False
C-003338,PMT-0016,F-02,5.86,residential,electronic,False
C-003339,PMT-0258,F-26,6.66,residential,analog,False
C-003340,PMT-0261,F-27,4.41,residential,analog,False
C-003341,PMT-0163,F-17,3.57,residential,electronic,False
C-003342,PMT-0092,F-10,6.21,residential,electronic,False
C-003343,PMT-0030,F-03,2.34,residential,analog,False
C-003344,PMT-0186,F-19,5.2,residential,electronic,False
C-003345,PMT-0162,F-17,19.67,commercial,analog,True
C-003346,PMT-0228,F-23,2.88,residential,analog,False
C-003347,PMT-0181,F-19,5.59,residential,analog,False
C-003348,PMT-0039,F-04,6.15,residential,analog,False
C-003349,PMT-0037,F-04,1.82,residential,analog,False
C-003350,PMT-0235,F-24,3.27,residential,analog,False
C-003351,PMT-0048,F-05,13.13,commercial,analog,False
C-003352,PMT-0282,F-29,20.52,commercial,analog,False
C-003353,PMT-0032,F-04,16.35,commercial,analog,False
C-003354,PMT-0219,F-22,4.15,residential,electronic,False
C-003355,PMT-0293,F-30,3.23,residential,analog,False
C-003356,PMT-0133,F-14,1.03,residential,analog,True
C-003357,PMT-0018,F-02,1.14,residential,analog,True
C-003358,PMT-0264,F-27,2.68,residential,analog,False
C-003359,PMT-0057,F-06,7.33,commercial,analog,False
C-003360,PMT-0159,F-16,1.84,residential,electronic,False
C-003361,PMT-0296,F-30,5.22,residential,analog,False
C-003362,PMT-0224,F-23,17.11,commercial,analog,False
C-003363,PMT-0014,F-02,1.31,residential,analog,False
C-003364,PMT-0247,F-25,5.16,residential,analog,False
C-003365,PMT-0049,F-05,2.02,residential,electronic,True
C-003366,PMT-0225,F-23,50.18,industrial,analog,False
C-003367,PMT-0187,F-19,7.93,residential,electronic,False
C-003368,PMT-0087,F-09,4.65,residential,electronic,False
C-003369,PMT-0128,F-13,1.24,residential,analog,False
C-003370,PMT-0036,F-04,3.43,residential,analog,False
C-003371,PMT-0297,F-30,5.7,residential,electronic,False
C-003372,PMT-0072,F-08,2.57,residential,electronic,False
C-003373,PMT-0093,F-10,7.75,residential,analog,True
C-003374,PMT-0151,F-16,3.98,residential,analog,False
C-003375,PMT-0202,F-21,1.15,residential,analog,False
C-003376,PMT-0152,F-16,4.78,residential,analog,True
C-003377,PMT-0152,F-16,5.73,residential,electronic,False
C-003378,PMT-0175,F-18,14.12,commercial,analog,True
C-003379,PMT-0258,F-26,7.5,residential,analog,False
C-003380,PMT-0119,F-12,7.31,residential,analog,False
C-003381,PMT-0250,F-25,1.97,residential,analog,False
C-003382,PMT-0237,F-24,1.56,residential,electronic,False
C-003383,PMT-0289,F-29,3.19,residential,analog,True
C-003384,PMT-0274,F-28,5.26,residential,electronic,False
C-003385,PMT-0240,F-24,5.21,residential,analog,False
C-003386,PMT-0075,F-08,2.9,residential,analog,False
C-003387,PMT-0233,F-24,96.09,industrial,analog,False
C-003388,PMT-0221,F-23,3.15,residential,analog,False
C-003389,PMT-0087,F-09,6.63,residential,electronic,False
C-003390,PMT-0204,F-21,6.82,residential,analog,False
C-003391,PMT-0076,F-08,1.69,residential,electronic,False
C-003392,PMT-0157,F-16,2.63,residential,analog,False
C-003393,PMT-0240,F-24,2.51,residential,electronic,False
C-003394,PMT-0057,F-06,7.44,residential,analog,False
C-003395,PMT-0102,F-11,3.46,residential,electronic,False
C-003396,PMT-0239,F-24,6.86,residential,analog,False
C-003397,PMT-0137,F-14,4.35,residential,analog,False
C-003398,PMT-0289,F-29,4.2,residential,electronic,False
C-003399,PMT-0003,F-01,92.27,industrial,electronic,False
C-003400,PMT-0217,F-22,4.09,residential,analog,False
C-003401,PMT-0245,F-25,6.21,residential,electronic,True
C-003402,PMT-0276,F-28,3.97,residential,analog,False
C-003403,PMT-0048,F-05,1.71,residential,electronic,False
C-003404,PMT-0296,F-30,6.06,commercial,analog,False
C-003405,PMT-0118,F-12,9.16,commercial,electronic,False
C-003406,PMT-0106,F-11,19.45,commercial,analog,False
C-003407,PMT-0107,F-11,3.62,residential,electronic,False
C-003408,PMT-0192,F-20,4.18,residential,electronic,False
C-003409,PMT-0198,F-20,7.04,commercial,electronic,False
C-003410,PMT-0143,F-15,5.36,residential,electronic,False
C-003411,PMT-0022,F-03,6.62,residential,electronic,False
C-003412,PMT-0296,F-30,5.37,residential,analog,False
C-003413,PMT-0067,F-07,7.89,residential,analog,False
C-003414,PMT-0029,F-03,1.11,residential,analog,False
C-003415,PMT-0180,F-18,1.11,residential,analog,False
C-003416,PMT-0124,F-13,15.0,commercial,analog,False
C-003417,PMT-0185,F-19,10.33,commercial,electronic,False
C-003418,PMT-0263,F-27,18.73,commercial,analog,False
C-003419,PMT-0030,F-03,6.55,residential,analog,False
C-003420,PMT-0086,F-09,1.72,residential,analog,False
C-003421,PMT-0155,F-16,7.42,residential,electronic,False
C-003422,PMT-0237,F-24,5.6,commercial,analog,False
C-003423,PMT-0181,F-19,5.82,residential,analog,False
C-003424,PMT-0115,F-12,50.76,industrial,analog,False
C-003425,PMT-0184,F-19,5.67,residential,analog,False
C-003426,PMT-0294,F-30,1.68,residential,analog,False
C-003427,PMT-0145,F-15,7.56,residential,analog,False
C-003428,PMT-0266,F-27,7.56,residential,electronic,False
C-003429,PMT-0234,F-24,61.55,industrial,electronic,True
C-003430,PMT-0091,F-10,4.57,residential,analog,False
C-003431,PMT-0075,F-08,5.44,residential,analog,False
C-003432,PMT-0232,F-24,5.06,residential,analog,False
C-003433,PMT-0063,F-07,15.87,commercial,electronic,False
C-003434,PMT-0102,F-11,5.12,residential,electronic,False
C-003435,PMT-0071,F-08,7.01,residential,analog,False
C-003436,PMT-0182,F-19,5.28,residential,analog,False
C-003437,PMT-0089,F-09,2.37,residential,electronic,False
C-003438,PMT-0198,F-20,7.4,residential,analog,False
C-003439,PMT-0281,F-29,9.32,commercial,electronic,False
C-003440,PMT-0249,F-25,2.16,residential,analog,False
C-003441,PMT-0285,F-29,7.98,residential,electronic,False
C-003442,PMT-0008,F-01,2.49,residential,analog,False
C-003443,PMT-0137,F-14,1.7,residential,electronic,True
C-003444,PMT-0067,F-07,4.93,residential,electronic,False
C-003445,PMT-0276,F-28,21.54,commercial,analog,False
C-003446,PMT-0214,F-22,1.43,residential,electronic,False
C-003447,PMT-0097,F-10,4.43,residential,analog,False
C-003448,PMT-0170,F-17,1.48,residential,analog,False
C-003449,PMT-0182,F-19,4.0,residential,analog,False
C-003450,PMT-0149,F-15,3.41,residential,analog,False
C-003451,PMT-0143,F-15,7.74,commercial,analog,False
C-003452,PMT-0017,F-02,7.52,residential,analog,False
C-003453,PMT-0136,F-14,5.44,residential,analog,True
C-003454,PMT-0105,F-11,87.44,industrial,analog,False
C-003455,PMT-0246,F-25,7.34,residential,analog,False
C-003456,PMT-0260,F-26,7.51,residential,analog,False
C-003457,PMT-0226,F-23,79.85,industrial,electronic,False
C-003458,PMT-0010,F-01,11.14,commercial,analog,False
C-003459,PMT-0253,F-26,6.8,residential,electronic,False
C-003460,PMT-0119,F-12,4.64,residential,analog,True
C-003461,PMT-0125,F-13,10.43,commercial,analog,False
C-003462,PMT-0284,F-29,3.7,residential,analog,False
C-003463,PMT-0261,F-27,3.11,residential,analog,False
C-003464,PMT-0016,F-02,14.32,commercial,analog,True
C-003465,PMT-0108,F-11,6.47,residential,analog,False
C-003466,PMT-0225,F-23,4.39,residential,analog,False
C-003467,PMT-0162,F-17,2.88,residential,analog,False
C-003468,PMT-0078,F-08,1.61,residential,electronic,False
C-003469,PMT-0158,F-16,6.99,residential,analog,True
C-003470,PMT-0260,F-26,3.92,residential,analog,False
C-003471,PMT-0067,F-07,4.09,residential,analog,False
C-003472,PMT-0224,F-23,20.27,commercial,analog,True
C-003473,PMT-0221,F-23,6.95,residential,electronic,True
C-003474,PMT-0266,F-27,4.58,residential,analog,False
C-003475,PMT-0090,F-09,5.43,residential,analog,False
C-003476,PMT-0065,F-07,2.67,residential,analog,False
C-003477,PMT-0165,F-17,7.55,residential,electronic,False
C-003478,PMT-0160,F-16,4.98,residential,analog,False
C-003479,PMT-0123,F-13,6.04,residential,electronic,False
C-003480,PMT-0234,F-24,7.28,commercial,electronic,False
C-003481,PMT-0240,F-24,5.46,residential,analog,False
C-003482,PMT-0074,F-08,3.58,residential,electronic,False
C-003483,PMT-0239,F-24,14.0,commercial,analog,False
C-003484,PMT-0070,F-07,5.78,residential,analog,False
C-003485,PMT-0123,F-13,6.57,residential,analog,False
C-003486,PMT-0009,F-01,11.99,commercial,analog,False
C-003487,PMT-0103,F-11,22.46,commercial,analog,False
C-003488,PMT-0288,F-29,2.53,residential,electronic,False
C-003489,PMT-0133,F-14,4.94,residential,electronic,False
C-003490,PMT-0214,F-22,2.06,residential,electronic,False
C-003491,PMT-0033,F-04,3.02,residential,analog,False
C-003492,PMT-0191,F-20,22.91,commercial,analog,False
C-003493,PMT-0112,F-12,1.08,residential,analog,False
C-003494,PMT-0224,F-23,23.31,commercial,electronic,False
C-003495,PMT-0279,F-28,3.3,residential,analog,False
C-003496,PMT-0160,F-16,5.87,residential,analog,False
C-003497,PMT-0031,F-04,1.64,residential,electronic,False
C-003498,PMT-0143,F-15,17.83,commercial,electronic,False
C-003499,PMT-0037,F-04,7.37,residential,analog,False
C-003500,PMT-0135,F-14,4.89,residential,analog,False
C-003501,PMT-0019,F-02,3.53,residential,analog,False
C-003502,PMT-0193,F-20,6.56,residential,electronic,False
C-003503,PMT-0094,F-10,5.99,residential,electronic,False
C-003504,PMT-0061,F-07,1.82,residential,electronic,False
C-003505,PMT-0006,F-01,5.66,residential,analog,False
C-003506,PMT-0267,F-27,5.65,residential,analog,False
C-003507,PMT-0252,F-26,6.26,residential,analog,False
C-003508,PMT-0244,F-25,3.21,residential,analog,False
C-003509,PMT-0018,F-02,13.03,commercial,electronic,True
C-003510,PMT-0105,F-11,24.2,commercial,analog,True
C-003511,PMT-0292,F-30,5.01,residential,analog,True
C-003512,PMT-0174,F-18,4.56,residential,analog,True
C-003513,PMT-0039,F-04,7.91,residential,analog,False
C-003514,PMT-0043,F-05,38.36,industrial,analog,False
C-003515,PMT-0079,F-08,3.79,residential,analog,False
C-003516,PMT-0292,F-30,6.32,residential,analog,False
C-003517,PMT-0051,F-06,19.26,commercial,electronic,False
C-003518,PMT-0271,F-28,7.77,residential,electronic,False
C-003519,PMT-0204,F-21,5.58,residential,electronic,False
C-003520,PMT-0277,F-28,3.19,residential,analog,False
C-003521,PMT-0248,F-25,3.78,residential,electronic,False
C-003522,PMT-0100,F-10,1.63,residential,analog,False
C-003523,PMT-0249,F-25,93.9,industrial,analog,False
C-003524,PMT-0051,F-06,1.9,residential,analog,False
C-003525,PMT-0088,F-09,4.82,residential,analog,False
C-003526,PMT-0064,F-07,13.03,commercial,electronic,False
C-003527,PMT-0040,F-04,7.68,commercial,analog,False
C-003528,PMT-0028,F-03,3.05,residential,analog,True
C-003529,PMT-0057,F-06,5.43,residential,analog,False
C-003530,PMT-0037,F-04,1.22,residential,analog,False
C-003531,PMT-0115,F-12,7.76,residential,electronic,False
C-003532,PMT-0022,F-03,7.36,residential,analog,False
C-003533,PMT-0019,F-02,1.59,residential,analog,False
C-003534,PMT-0297,F-30,22.37,commercial,electronic,False
C-003535,PMT-0027,F-03,3.3,residential,electronic,False
C-003536,PMT-0023,F-03,1.47,residential,analog,False
C-003537,PMT-0010,F-01,3.14,residential,analog,False
C-003538,PMT-0040,F-04,21.18,commercial,electronic,False
C-003539,PMT-0159,F-16,5.66,residential,analog,False
C-003540,PMT-0249,F-25,2.67,residential,analog,False
C-003541,PMT-0221,F-23,6.03,residential,analog,True
C-003542,PMT-0175,F-18,5.95,residential,analog,False
C-003543,PMT-0026,F-03,6.2,residential,electronic,False
C-003544,PMT-0233,F-24,63.25,industrial,electronic,True
C-003545,PMT-0012,F-02,6.73,residential,analog,False
C-003546,PMT-0190,F-19,5.49,residential,electronic,False
C-003547,PMT-0123,F-13,1.88,residential,electronic,False
C-003548,PMT-0265,F-27,6.67,residential,analog,False
C-003549,PMT-0093,F-10,3.27,residential,electronic,True
C-003550,PMT-0192,F-20,5.94,residential,electronic,False
C-003551,PMT-0132,F-14,5.73,residential,analog,False
C-003552,PMT-0157,F-16,3.35,residential,analog,False
C-003553,PMT-0282,F-29,2.13,residential,electronic,False
C-003554,PMT-0214,F-22,5.86,residential,electronic,False
C-003555,PMT-0125,F-13,6.94,residential,analog,False
C-003556,PMT-0135,F-14,6.87,residential,analog,False
C-003557,PMT-0212,F-22,5.39,residential,electronic,False
C-003558,PMT-0104,F-11,2.59,residential,analog,False
C-003559,PMT-0051,F-06,3.21,residential,electronic,False
C-003560,PMT-0141,F-15,20.09,commercial,electronic,False
C-003561,PMT-0021,F-03,3.88,residential,analog,True
C-003562,PMT-0051,F-06,6.13,residential,electronic,False
C-003563,PMT-0127,F-13,11.19,commercial,analog,False
C-003564,PMT-0239,F-24,1.04,residential,analog,False
C-003565,PMT-0235,F-24,5.22,residential,analog,False
C-003566,PMT-0079,F-08,5.21,residential,analog,False
C-003567,PMT-0127,F-13,17.55,commercial,electronic,False
C-003568,PMT-0047,F-05,2.88,residential,electronic,True
C-003569,PMT-0227,F-23,6.68,residential,analog,False
C-003570,PMT-0074,F-08,4.41,residential,electronic,False
C-003571,PMT-0240,F-24,6.34,residential,analog,False
C-003572,PMT-0253,F-26,17.22,commercial,analog,False
C-003573,PMT-0207,F-21,13.32,commercial,analog,False
C-003574,PMT-0100,F-10,5.76,residential,electronic,False
C-003575,PMT-0286,F-29,66.0,industrial,analog,False
C-003576,PMT-0206,F-21,4.57,residential,electronic,True
C-003577,PMT-0194,F-20,5.54,residential,analog,False
C-003578,PMT-0257,F-26,1.6,residential,analog,False
C-003579,PMT-0265,F-27,7.37,residential,analog,False
C-003580,PMT-0024,F-03,3.35,residential,analog,False
C-003581,PMT-0265,F-27,2.57,residential,electronic,False
C-003582,PMT-0230,F-23,6.4,residential,analog,False
C-003583,PMT-0062,F-07,2.62,residential,analog,False
C-003584,PMT-0093,F-10,7.97,residential,analog,False
C-003585,PMT-0226,F-23,13.41,commercial,electronic,False
C-003586,PMT-0065,F-07,3.08,residential,analog,False
C-003587,PMT-0136,F-14,1.43,residential,electronic,False
C-003588,PMT-0207,F-21,1.29,residential,analog,False
C-003589,PMT-0196,F-20,1.67,residential,analog,False
C-003590,PMT-0273,F-28,1.04,residential,electronic,False
C-003591,PMT-0034,F-04,3.29,residential,analog,False
C-003592,PMT-0089,F-09,3.17,residential,analog,True
C-003593,PMT-0296,F-30,13.6,commercial,electronic,False
C-003594,PMT-0171,F-18,2.63,residential,electronic,True
C-003595,PMT-0075,F-08,1.44,residential,analog,False
C-003596,PMT-0087,F-09,1.5,residential,analog,False
C-003597,PMT-0102,F-11,2.28,residential,analog,False
C-003598,PMT-0167,F-17,3.22,residential,analog,False
C-003599,PMT-0086,F-09,2.04,residential,analog,False
C-003600,PMT-0187,F-19,3.56,residential,analog,False
C-003601,PMT-0134,F-14,7.46,residential,analog,False
C-003602,PMT-0184,F-19,2.83,residential,electronic,False
C-003603,PMT-0047,F-05,2.18,residential,analog,False
C-003604,PMT-0188,F-19,73.18,industrial,analog,False
C-003605,PMT-0278,F-28,4.44,residential,analog,False
C-003606,PMT-0041,F-05,1.33,residential,analog,True
C-003607,PMT-0099,F-10,6.51,residential,analog,False
C-003608,PMT-0209,F-21,6.01,residential,electronic,False
C-003609,PMT-0186,F-19,7.84,residential,analog,False
C-003610,PMT-0203,F-21,7.57,residential,electronic,False
C-003611,PMT-0168,F-17,5.09,residential,analog,False
C-003612,PMT-0205,F-21,5.8,residential,analog,False
C-003613,PMT-0183,F-19,3.87,residential,analog,False
C-003614,PMT-0023,F-03,7.22,residential,analog,False
C-003615,PMT-0226,F-23,4.87,residential,electronic,False
C-003616,PMT-0135,F-14,3.28,residential,electronic,False
C-003617,PMT-0016,F-02,1.07,residential,analog,False
C-003618,PMT-0123,F-13,5.11,residential,analog,False
C-003619,PMT-0131,F-14,4.68,residential,electronic,False
C-003620,PMT-0027,F-03,6.68,residential,analog,False
C-003621,PMT-0299,F-30,8.74,commercial,electronic,False
C-003622,PMT-0067,F-07,6.71,residential,analog,False
C-003623,PMT-0100,F-10,1.11,residential,analog,True
C-003624,PMT-0133,F-14,5.11,residential,analog,False
C-003625,PMT-0250,F-25,3.78,residential,analog,False
C-003626,PMT-0223,F-23,3.32,residential,analog,False
C-003627,PMT-0232,F-24,4.03,residential,analog,False
C-003628,PMT-0072,F-08,9.47,commercial,electronic,False
C-003629,PMT-0254,F-26,2.28,residential,analog,False
C-003630,PMT-0249,F-25,21.1,commercial,analog,False
C-003631,PMT-0140,F-14,2.59,residential,analog,False
C-003632,PMT-0164,F-17,6.16,residential,analog,False
C-003633,PMT-0012,F-02,5.98,residential,analog,False
C-003634,PMT-0229,F-23,1.23,residential,electronic,False
C-003635,PMT-0289,F-29,7.17,residential,electronic,False
C-003636,PMT-0142,F-15,6.53,residential,electronic,False
C-003637,PMT-0163,F-17,6.57,residential,electronic,True
C-003638,PMT-0150,F-15,6.66,residential,analog,False
C-003639,PMT-0025,F-03,5.08,residential,analog,False
C-003640,PMT-0186,F-19,7.95,residential,analog,False
C-003641,PMT-0217,F-22,2.25,residential,electronic,False
C-003642,PMT-0279,F-28,25.79,industrial,analog,False
C-003643,PMT-0279,F-28,5.93,residential,electronic,False
C-003644,PMT-0148,F-15,3.06,residential,electronic,False
C-003645,PMT-0288,F-29,5.26,residential,analog,False
C-003646,PMT-0159,F-16,3.74,residential,analog,False
C-003647,PMT-0193,F-20,3.33,residential,analog,False
C-003648,PMT-0181,F-19,7.25,residential,analog,False
C-003649,PMT-0300,F-30,1.99,residential,analog,False
C-003650,PMT-0222,F-23,2.32,residential,analog,True
C-003651,PMT-0037,F-04,5.67,residential,electronic,False
C-003652,PMT-0022,F-03,20.65,commercial,electronic,False
C-003653,PMT-0123,F-13,86.58,industrial,analog,False
C-003654,PMT-0155,F-16,2.62,residential,analog,False
C-003655,PMT-0201,F-21,7.17,residential,electronic,False
C-003656,PMT-0145,F-15,5.27,residential,analog,False
C-003657,PMT-0155,F-16,6.76,residential,electronic,False
C-003658,PMT-0277,F-28,1.48,residential,analog,False
C-003659,PMT-0101,F-11,3.5,residential,electronic,False
C-003660,PMT-0149,F-15,4.67,residential,electronic,False
C-003661,PMT-0168,F-17,5.04,residential,electronic,False
C-003662,PMT-0141,F-15,1.69,residential,electronic,False
C-003663,PMT-0291,F-30,63.09,industrial,analog,False
C-003664,PMT-0289,F-29,18.31,commercial,analog,False
C-003665,PMT-0154,F-16,3.53,residential,electronic,False
C-003666,PMT-0136,F-14,4.51,residential,analog,False
C-003667,PMT-0177,F-18,3.05,residential,analog,False
C-003668,PMT-0055,F-06,7.09,residential,analog,False
C-003669,PMT-0128,F-13,5.19,residential,analog,False
C-003670,PMT-0066,F-07,16.03,commercial,analog,False
C-003671,PMT-0044,F-05,7.61,residential,analog,False
C-003672,PMT-0029,F-03,5.65,residential,analog,True
C-003673,PMT-0177,F-18,42.39,industrial,analog,False
C-003674,PMT-0001,F-01,5.49,residential,electronic,False
C-003675,PMT-0194,F-20,7.73,residential,analog,False
C-003676,PMT-0130,F-13,1.16,residential,electronic,False
C-003677,PMT-0110,F-11,5.39,residential,electronic,False
C-003678,PMT-0231,F-24,2.1,residential,analog,False
C-003679,PMT-0162,F-17,6.72,residential,analog,False
C-003680,PMT-0221,F-23,5.48,residential,analog,False
C-003681,PMT-0213,F-22,7.56,residential,electronic,False
C-003682,PMT-0010,F-01,5.69,residential,analog,False
C-003683,PMT-0065,F-07,1.12,residential,analog,False
C-003684,PMT-0171,F-18,15.21,commercial,analog,False
C-003685,PMT-0293,F-30,7.33,residential,electronic,True
C-003686,PMT-0047,F-05,2.63,residential,analog,True
C-003687,PMT-0032,F-04,1.58,residential,analog,False
C-003688,PMT-0283,F-29,6.04,residential,electronic,False
C-003689,PMT-0291,F-30,4.52,residential,analog,False
C-003690,PMT-0051,F-06,5.95,commercial,electronic,False
C-003691,PMT-0121,F-13,2.96,residential,electronic,False
C-003692,PMT-0188,F-19,3.29,residential,analog,False
C-003693,PMT-0059,F-06,5.68,residential,analog,True
C-003694,PMT-0098,F-10,4.3,residential,analog,False
C-003695,PMT-0119,F-12,4.41,residential,electronic,False
C-003696,PMT-0193,F-20,6.65,residential,electronic,False
C-003697,PMT-0093,F-10,2.95,residential,analog,False
C-003698,PMT-0124,F-13,5.71,residential,electronic,False
C-003699,PMT-0087,F-09,3.57,residential,analog,False
C-003700,PMT-0228,F-23,3.93,residential,analog,False
C-003701,PMT-0046,F-05,4.89,residential,analog,False
C-003702,PMT-0070,F-07,5.87,residential,electronic,True
C-003703,PMT-0075,F-08,7.62,residential,analog,False
C-003704,PMT-0272,F-28,2.88,residential,analog,False
C-003705,PMT-0284,F-29,1.73,residential,analog,False
C-003706,PMT-0151,F-16,4.0,residential,electronic,False
C-003707,PMT-0047,F-05,4.83,residential,electronic,False
C-003708,PMT-0227,F-23,2.6,residential,analog,False
C-003709,PMT-0148,F-15,7.23,residential,analog,False
C-003710,PMT-0255,F-26,6.59,residential,analog,False
C-003711,PMT-0108,F-11,4.46,residential,analog,False
C-003712,PMT-0300,F-30,4.15,residential,analog,False
C-003713,PMT-0243,F-25,1.29,residential,analog,False
C-003714,PMT-0068,F-07,4.76,residential,analog,False
C-003715,PMT-0218,F-22,5.17,residential,electronic,False
C-003716,PMT-0087,F-09,7.24,residential,analog,False
C-003717,PMT-0105,F-11,4.51,residential,analog,False
C-003718,PMT-0076,F-08,2.1,residential,analog,True
C-003719,PMT-0205,F-21,2.26,residential,electronic,True
C-003720,PMT-0079,F-08,2.12,residential,analog,False
C-003721,PMT-0192,F-20,23.77,commercial,analog,False
C-003722,PMT-0175,F-18,6.55,residential,analog,False
C-003723,PMT-0226,F-23,6.77,residential,analog,False
C-003724,PMT-0299,F-30,6.88,residential,electronic,True
C-003725,PMT-0003,F-01,1.67,residential,analog,False
C-003726,PMT-0298,F-30,19.04,commercial,analog,False
C-003727,PMT-0033,F-04,76.35,industrial,analog,True
C-003728,PMT-0159,F-16,2.57,residential,analog,False
C-003729,PMT-0103,F-11,4.43,residential,electronic,True
C-003730,PMT-0192,F-20,5.64,residential,analog,False
C-003731,PMT-0217,F-22,7.28,residential,analog,False
C-003732,PMT-0258,F-26,1.77,residential,analog,False
C-003733,PMT-0121,F-13,7.25,residential,analog,False
C-003734,PMT-0280,F-28,7.46,residential,analog,True
C-003735,PMT-0097,F-10,7.47,residential,electronic,False
C-003736,PMT-0062,F-07,1.03,residential,analog,False
C-003737,PMT-0114,F-12,2.55,residential,analog,False
C-003738,PMT-0159,F-16,5.84,residential,analog,True
C-003739,PMT-0201,F-21,3.25,residential,electronic,False
C-003740,PMT-0250,F-25,1.43,residential,analog,False
C-003741,PMT-0068,F-07,6.34,residential,analog,False
C-003742,PMT-0091,F-10,1.2,residential,analog,False
C-003743,PMT-0282,F-29,4.12,residential,analog,False
C-003744,PMT-0132,F-14,7.63,residential,analog,False
C-003745,PMT-0073,F-08,4.08,residential,electronic,False
C-003746,PMT-0296,F-30,7.38,residential,analog,False
C-003747,PMT-0135,F-14,3.86,residential,electronic,False
C-003748,PMT-0296,F-30,11.93,commercial,analog,False
C-003749,PMT-0276,F-28,1.75,residential,electronic,False
C-003750,PMT-0272,F-28,3.51,residential,analog,False
C-003751,PMT-0175,F-18,3.36,residential,analog,True
C-003752,PMT-0240,F-24,6.93,residential,electronic,False
C-003753,PMT-0289,F-29,7.44,residential,analog,False
C-003754,PMT-0081,F-09,5.44,commercial,analog,True
C-003755,PMT-0012,F-02,1.69,residential,electronic,False
C-003756,PMT-0097,F-10,5.5,residential,electronic,False
C-003757,PMT-0192,F-20,4.39,residential,electronic,False
C-003758,PMT-0165,F-17,3.08,residential,analog,False
C-003759,PMT-0025,F-03,2.82,residential,analog,True
C-003760,PMT-0169,F-17,2.57,residential,analog,False
C-003761,PMT-0053,F-06,4.68,residential,analog,False
C-003762,PMT-0152,F-16,1.12,residential,analog,False
C-003763,PMT-0173,F-18,6.17,residential,electronic,False
C-003764,PMT-0192,F-20,3.1,residential,electronic,False
C-003765,PMT-0124,F-13,3.99,residential,analog,False
C-003766,PMT-0123,F-13,4.69,residential,analog,False
C-003767,PMT-0204,F-21,2.48,residential,analog,False
C-003768,PMT-0225,F-23,90.7,industrial,analog,False
C-003769,PMT-0243,F-25,5.77,residential,electronic,False
C-003770,PMT-0101,F-11,7.09,residential,analog,False
C-003771,PMT-0128,F-13,4.33,residential,analog,False
C-003772,PMT-0100,F-10,54.6,industrial,electronic,False
C-003773,PMT-0159,F-16,2.66,residential,electronic,False
C-003774,PMT-0039,F-04,4.81,residential,analog,True
C-003775,PMT-0130,F-13,5.15,residential,analog,False
C-003776,PMT-0057,F-06,3.94,residential,analog,True
C-003777,PMT-0160,F-16,2.02,residential,analog,False
C-003778,PMT-0256,F-26,2.91,residential,analog,True
C-003779,PMT-0296,F-30,5.29,commercial,analog,False
C-003780,PMT-0134,F-14,3.23,residential,electronic,True
C-003781,PMT-0017,F-02,5.07,residential,analog,False
C-003782,PMT-0069,F-07,7.69,residential,analog,False
C-003783,PMT-0032,F-04,34.23,industrial,electronic,False
C-003784,PMT-0228,F-23,1.39,residential,analog,False
C-003785,PMT-0296,F-30,3.07,residential,analog,False
C-003786,PMT-0167,F-17,2.1,residential,analog,False
C-003787,PMT-0054,F-06,5.87,residential,analog,False
C-003788,PMT-0007,F-01,1.04,residential,analog,False
C-003789,PMT-0293,F-30,7.87,residential,analog,False
C-003790,PMT-0095,F-10,22.11,commercial,analog,False
C-003791,PMT-0034,F-04,14.81,commercial,electronic,True
C-003792,PMT-0054,F-06,23.42,commercial,electronic,False
C-003793,PMT-0077,F-08,5.4,residential,analog,False
C-003794,PMT-0197,F-20,7.96,residential,electronic,False
C-003795,PMT-0268,F-27,2.95,residential,analog,False
C-003796,PMT-0083,F-09,7.98,residential,analog,False
C-003797,PMT-0207,F-21,2.26,residential,analog,False
C-003798,PMT-0020,F-02,3.47,residential,analog,True
C-003799,PMT-0004,F-01,7.55,residential,analog,False
C-003800,PMT-0017,F-02,3.59,residential,electronic,False
C-003801,PMT-0277,F-28,2.47,residential,analog,False
C-003802,PMT-0175,F-18,1.42,residential,analog,False
C-003803,PMT-0242,F-25,2.04,residential,analog,False
C-003804,PMT-0007,F-01,3.49,residential,electronic,False
C-003805,PMT-0007,F-01,3.95,residential,analog,False
C-003806,PMT-0255,F-26,4.8,residential,electronic,False
C-003807,PMT-0031,F-04,6.7,residential,analog,False
C-003808,PMT-0047,F-05,1.09,residential,electronic,True
C-003809,PMT-0156,F-16,21.82,commercial,analog,False
C-003810,PMT-0182,F-19,16.54,commercial,analog,False
C-003811,PMT-0069,F-07,20.13,commercial,analog,True
C-003812,PMT-0134,F-14,80.56,industrial,analog,False
C-003813,PMT-0203,F-21,7.32,residential,analog,False
C-003814,PMT-0133,F-14,27.47,industrial,analog,False
C-003815,PMT-0115,F-12,16.43,commercial,analog,False
C-003816,PMT-0022,F-03,7.36,residential,analog,False
C-003817,PMT-0136,F-14,19.38,commercial,analog,False
C-003818,PMT-0241,F-25,1.68,residential,electronic,False
C-003819,PMT-0189,F-19,5.3,residential,electronic,True
C-003820,PMT-0268,F-27,21.0,commercial,electronic,True
C-003821,PMT-0038,F-04,2.92,residential,analog,False
C-003822,PMT-0004,F-01,5.43,residential,analog,False
C-003823,PMT-0165,F-17,6.88,residential,electronic,False
C-003824,PMT-0054,F-06,4.67,residential,electronic,True
C-003825,PMT-0179,F-18,8.88,commercial,electronic,False
C-003826,PMT-0272,F-28,15.99,commercial,analog,False
C-003827,PMT-0102,F-11,5.12,residential,analog,False
C-003828,PMT-0165,F-17,52.23,industrial,electronic,True
C-003829,PMT-0205,F-21,5.76,residential,analog,False
C-003830,PMT-0046,F-05,54.67,industrial,analog,True
C-003831,PMT-0270,F-27,7.14,residential,electronic,False
C-003832,PMT-0061,F-07,6.54,residential,electronic,False
C-003833,PMT-0243,F-25,6.63,residential,analog,False
C-003834,PMT-0198,F-20,4.68,residential,analog,False
C-003835,PMT-0043,F-05,2.37,residential,electronic,False
C-003836,PMT-0218,F-22,6.07,residential,analog,False
C-003837,PMT-0059,F-06,1.48,residential,electronic,False
C-003838,PMT-0180,F-18,4.62,residential,analog,False
C-003839,PMT-0288,F-29,1.37,residential,analog,False
C-003840,PMT-0286,F-29,4.7,residential,electronic,False
C-003841,PMT-0262,F-27,5.8,residential,electronic,False
C-003842,PMT-0149,F-15,3.93,residential,analog,False
C-003843,PMT-0168,F-17,3.92,residential,analog,False
C-003844,PMT-0091,F-10,1.86,residential,analog,False
C-003845,PMT-0277,F-28,3.11,residential,analog,False
C-003846,PMT-0144,F-15,4.11,residential,electronic,False
C-003847,PMT-0232,F-24,22.27,commercial,analog,False
C-003848,PMT-0108,F-11,7.29,residential,electronic,False
C-003849,PMT-0223,F-23,7.68,residential,electronic,False
C-003850,PMT-0068,F-07,28.02,industrial,analog,False
C-003851,PMT-0221,F-23,3.07,residential,analog,False
C-003852,PMT-0014,F-02,4.24,residential,electronic,False
C-003853,PMT-0032,F-04,5.49,residential,analog,True
C-003854,PMT-0106,F-11,5.92,residential,electronic,True
C-003855,PMT-0145,F-15,6.5,residential,analog,False
C-003856,PMT-0214,F-22,4.47,residential,analog,False
C-003857,PMT-0108,F-11,16.13,commercial,analog,False
C-003858,PMT-0006,F-01,96.85,industrial,analog,False
C-003859,PMT-0098,F-10,2.68,residential,electronic,False
C-003860,PMT-0132,F-14,6.63,residential,analog,False
C-003861,PMT-0164,F-17,5.98,residential,analog,False
C-003862,PMT-0194,F-20,1.98,residential,analog,False
C-003863,PMT-0075,F-08,23.53,commercial,analog,False
C-003864,PMT-0184,F-19,6.99,residential,electronic,False
C-003865,PMT-0190,F-19,6.46,residential,electronic,False
C-003866,PMT-0233,F-24,1.89,residential,analog,True
C-003867,PMT-0157,F-16,1.98,residential,electronic,True
C-003868,PMT-0244,F-25,5.78,residential,analog,False
C-003869,PMT-0067,F-07,1.75,residential,analog,False
C-003870,PMT-0214,F-22,1.79,residential,analog,True
C-003871,PMT-0014,F-02,3.8,residential,electronic,False
C-003872,PMT-0031,F-04,5.11,commercial,analog,False
C-003873,PMT-0260,F-26,6.05,residential,electronic,False
C-003874,PMT-0143,F-15,4.78,residential,analog,True
C-003875,PMT-0187,F-19,1.55,residential,analog,False
C-003876,PMT-0182,F-19,4.81,residential,analog,False
C-003877,PMT-0209,F-21,6.08,commercial,analog,False
C-003878,PMT-0074,F-08,1.49,residential,analog,False
C-003879,PMT-0054,F-06,4.4,residential,electronic,False
C-003880,PMT-0013,F-02,4.5,residential,analog,False
C-003881,PMT-0260,F-26,3.37,residential,analog,False
C-003882,PMT-0068,F-07,17.44,commercial,electronic,False
C-003883,PMT-0173,F-18,3.71,residential,analog,False
C-003884,PMT-0137,F-14,5.11,residential,electronic,True
C-003885,PMT-0049,F-05,3.45,residential,analog,False
C-003886,PMT-0125,F-13,6.0,residential,electronic,False
C-003887,PMT-0025,F-03,5.06,residential,analog,False
C-003888,PMT-0054,F-06,2.12,residential,analog,False
C-003889,PMT-0042,F-05,5.8,residential,analog,True
C-003890,PMT-0248,F-25,6.49,residential,analog,False
C-003891,PMT-0171,F-18,1.46,residential,analog,False
C-003892,PMT-0278,F-28,5.27,residential,analog,False
C-003893,PMT-0131,F-14,6.53,residential,analog,False
C-003894,PMT-0061,F-07,1.8,residential,analog,False
C-003895,PMT-0183,F-19,7.31,residential,electronic,False
C-003896,PMT-0279,F-28,3.9,residential,analog,False
C-003897,PMT-0160,F-16,6.16,residential,analog,False
C-003898,PMT-0006,F-01,7.29,residential,analog,False
C-003899,PMT-0092,F-10,7.93,residential,analog,False
C-003900,PMT-0278,F-28,5.09,residential,electronic,True
C-003901,PMT-0156,F-16,5.93,residential,electronic,False
C-003902,PMT-0286,F-29,10.03,commercial,analog,False
C-003903,PMT-0153,F-16,3.03,residential,analog,False
C-003904,PMT-0004,F-01,6.96,residential,analog,False
C-003905,PMT-0262,F-27,12.96,commercial,electronic,False
C-003906,PMT-0229,F-23,6.76,residential,electronic,False
C-003907,PMT-0215,F-22,1.35,residential,analog,False
C-003908,PMT-0292,F-30,9.37,commercial,electronic,False
C-003909,PMT-0059,F-06,2.19,residential,analog,False
C-003910,PMT-0272,F-28,4.69,residential,analog,False
C-003911,PMT-0070,F-07,1.56,residential,analog,False
C-003912,PMT-0292,F-30,3.41,residential,analog,False
C-003913,PMT-0058,F-06,7.9,residential,analog,False
C-003914,PMT-0166,F-17,6.56,residential,analog,False
C-003915,PMT-0237,F-24,6.32,residential,analog,False
C-003916,PMT-0024,F-03,1.95,residential,analog,False
C-003917,PMT-0021,F-03,3.55,residential,analog,False
C-003918,PMT-0255,F-26,5.76,residential,analog,False
C-003919,PMT-0019,F-02,5.43,commercial,electronic,False
C-003920,PMT-0185,F-19,4.04,residential,analog,False
C-003921,PMT-0282,F-29,7.5,residential,analog,False
C-003922,PMT-0185,F-19,1.58,residential,analog,False
C-003923,PMT-0145,F-15,7.34,residential,analog,True
C-003924,PMT-0126,F-13,2.36,residential,analog,False
C-003925,PMT-0192,F-20,2.32,residential,analog,False
C-003926,PMT-0172,F-18,2.37,residential,analog,False
C-003927,PMT-0151,F-16,7.52,residential,analog,False
C-003928,PMT-0047,F-05,68.3,industrial,electronic,False
C-003929,PMT-0199,F-20,6.26,residential,analog,False
C-003930,PMT-0222,F-23,3.56,residential,analog,True
C-003931,PMT-0213,F-22,7.11,residential,analog,False
C-003932,PMT-0023,F-03,5.07,residential,electronic,False
C-003933,PMT-0211,F-22,5.2,residential,electronic,False
C-003934,PMT-0219,F-22,80.19,industrial,electronic,False
C-003935,PMT-0056,F-06,20.47,commercial,electronic,False
C-003936,PMT-0255,F-26,74.55,industrial,analog,False
C-003937,PMT-0158,F-16,1.83,residential,analog,False
C-003938,PMT-0142,F-15,7.07,residential,electronic,False
C-003939,PMT-0217,F-22,2.83,residential,analog,False
C-003940,PMT-0153,F-16,24.92,commercial,electronic,False
C-003941,PMT-0164,F-17,3.7,residential,analog,False
C-003942,PMT-0094,F-10,1.84,residential,analog,False
C-003943,PMT-0279,F-28,3.21,residential,analog,False
C-003944,PMT-0291,F-30,5.01,residential,analog,False
C-003945,PMT-0040,F-04,3.74,residential,analog,True
C-003946,PMT-0220,F-22,6.8,residential,analog,False
C-003947,PMT-0008,F-01,5.78,residential,analog,False
C-003948,PMT-0111,F-12,2.49,residential,analog,False
C-003949,PMT-0291,F-30,4.77,residential,electronic,False
C-003950,PMT-0053,F-06,6.51,residential,electronic,False
C-003951,PMT-0114,F-12,7.24,residential,electronic,True
C-003952,PMT-0066,F-07,3.76,residential,analog,True
C-003953,PMT-0219,F-22,7.47,residential,analog,False
C-003954,PMT-0140,F-14,22.88,industrial,analog,False
C-003955,PMT-0178,F-18,5.74,residential,analog,False
C-003956,PMT-0283,F-29,6.47,residential,analog,False
C-003957,PMT-0157,F-16,3.98,residential,electronic,False
C-003958,PMT-0221,F-23,1.08,residential,analog,False
C-003959,PMT-0030,F-03,5.81,residential,analog,False
C-003960,PMT-0065,F-07,3.4,residential,analog,False
C-003961,PMT-0285,F-29,2.06,residential,analog,False
C-003962,PMT-0258,F-26,2.1,residential,analog,False
C-003963,PMT-0198,F-20,6.38,residential,electronic,False
C-003964,PMT-0114,F-12,2.31,residential,electronic,False
C-003965,PMT-0060,F-06,4.39,residential,electronic,False
C-003966,PMT-0256,F-26,7.79,residential,electronic,False
C-003967,PMT-0236,F-24,6.31,residential,analog,True
C-003968,PMT-0073,F-08,4.83,residential,electronic,False
C-003969,PMT-0177,F-18,15.57,commercial,electronic,False
C-003970,PMT-0186,F-19,2.17,residential,analog,False
C-003971,PMT-0144,F-15,13.93,commercial,electronic,False
C-003972,PMT-0279,F-28,2.01,residential,electronic,False
C-003973,PMT-0038,F-04,6.67,commercial,analog,True
C-003974,PMT-0078,F-08,1.76,residential,analog,False
C-003975,PMT-0029,F-03,5.25,residential,analog,False
C-003976,PMT-0208,F-21,2.35,residential,electronic,False
C-003977,PMT-0194,F-20,2.05,residential,electronic,True
C-003978,PMT-0297,F-30,22.34,commercial,analog,False
C-003979,PMT-0163,F-17,1.85,residential,analog,False
C-003980,PMT-0046,F-05,5.94,residential,analog,False
C-003981,PMT-0136,F-14,3.92,residential,analog,False
C-003982,PMT-0027,F-03,5.05,residential,electronic,True
C-003983,PMT-0202,F-21,1.16,residential,analog,False
C-003984,PMT-0203,F-21,5.0,commercial,analog,False
C-003985,PMT-0258,F-26,6.72,residential,analog,False
C-003986,PMT-0102,F-11,4.33,residential,analog,True
C-003987,PMT-0094,F-10,1.5,residential,electronic,False
C-003988,PMT-0022,F-03,47.48,industrial,analog,False
C-003989,PMT-0125,F-13,4.54,residential,analog,False
C-003990,PMT-0143,F-15,1.95,residential,electronic,False
C-003991,PMT-0227,F-23,15.93,commercial,analog,False
C-003992,PMT-0227,F-23,4.7,residential,analog,False
C-003993,PMT-0043,F-05,5.22,residential,analog,False
C-003994,PMT-0086,F-09,6.67,residential,electronic,False
C-003995,PMT-0154,F-16,3.89,residential,analog,False
C-003996,PMT-0101,F-11,22.77,commercial,analog,False
C-003997,PMT-0008,F-01,14.49,commercial,analog,False
C-003998,PMT-0254,F-26,4.2,residential,electronic,False
C-003999,PMT-0220,F-22,72.45,industrial,analog,False
C-004000,PMT-0157,F-16,5.32,residential,electronic,True
C-004001,PMT-0096,F-10,5.23,commercial,electronic,False
C-004002,PMT-0253,F-26,7.88,residential,electronic,False
C-004003,PMT-0011,F-02,7.6,residential,analog,False
C-004004,PMT-0134,F-14,2.97,residential,analog,False
C-004005,PMT-0241,F-25,4.91,residential,electronic,False
C-004006,PMT-0286,F-29,6.39,residential,electronic,False
C-004007,PMT-0076,F-08,7.44,residential,electronic,True
C-004008,PMT-0196,F-20,5.1,residential,electronic,False
C-004009,PMT-0057,F-06,1.13,residential,analog,False
C-004010,PMT-0035,F-04,5.76,residential,analog,False
C-004011,PMT-0106,F-11,1.65,residential,electronic,False
C-004012,PMT-0266,F-27,5.7,residential,analog,False
C-004013,PMT-0207,F-21,16.75,commercial,electronic,False
C-004014,PMT-0147,F-15,5.48,residential,electronic,False
C-004015,PMT-0085,F-09,35.14,industrial,analog,False
C-004016,PMT-0043,F-05,14.87,commercial,analog,True
C-004017,PMT-0082,F-09,5.33,residential,electronic,False
C-004018,PMT-0046,F-05,3.1,residential,electronic,False
C-004019,PMT-0057,F-06,2.27,residential,analog,False
C-004020,PMT-0207,F-21,9.45,commercial,analog,False
C-004021,PMT-0040,F-04,7.01,residential,electronic,False
C-004022,PMT-0015,F-02,57.16,industrial,electronic,False
C-004023,PMT-0163,F-17,18.22,commercial,electronic,False
C-004024,PMT-0086,F-09,4.6,residential,analog,False
C-004025,PMT-0137,F-14,6.84,residential,analog,False
C-004026,PMT-0042,F-05,4.56,residential,analog,False
C-004027,PMT-0063,F-07,1.65,residential,electronic,False
C-004028,PMT-0133,F-14,8.96,commercial,analog,False
C-004029,PMT-0208,F-21,1.09,residential,analog,False
C-004030,PMT-0125,F-13,6.82,residential,analog,False
C-004031,PMT-0163,F-17,5.64,residential,analog,False
C-004032,PMT-0157,F-16,20.18,commercial,analog,False
C-004033,PMT-0081,F-09,6.01,residential,electronic,False
C-004034,PMT-0084,F-09,21.49,commercial,analog,False
C-004035,PMT-0128,F-13,7.91,residential,analog,False
C-004036,PMT-0010,F-01,5.57,residential,analog,False
C-004037,PMT-0206,F-21,10.05,commercial,electronic,True
C-004038,PMT-0185,F-19,1.71,residential,analog,False
C-004039,PMT-0092,F-10,5.13,residential,analog,False
C-004040,PMT-0113,F-12,6.4,residential,analog,False
C-004041,PMT-0099,F-10,4.93,residential,electronic,False
C-004042,PMT-0196,F-20,3.12,residential,electronic,False
C-004043,PMT-0228,F-23,6.04,residential,analog,False
C-004044,PMT-0033,F-04,4.14,residential,analog,False
C-004045,PMT-0124,F-13,3.01,residential,analog,False
C-004046,PMT-0005,F-01,6.89,residential,electronic,False
C-004047,PMT-0136,F-14,5.04,residential,analog,False
C-004048,PMT-0075,F-08,2.98,residential,electronic,False
C-004049,PMT-0101,F-11,46.29,industrial,electronic,True
C-004050,PMT-0137,F-14,5.0,residential,electronic,False
C-004051,PMT-0098,F-10,3.96,residential,analog,True
C-004052,PMT-0119,F-12,2.12,residential,analog,False
C-004053,PMT-0230,F-23,17.21,commercial,analog,False
C-004054,PMT-0244,F-25,5.82,residential,electronic,True
C-004055,PMT-0002,F-01,5.0,commercial,electronic,False
C-004056,PMT-0114,F-12,15.74,commercial,analog,False
C-004057,PMT-0255,F-26,5.04,residential,electronic,False
C-004058,PMT-0160,F-16,46.57,industrial,analog,False
C-004059,PMT-0062,F-07,3.37,residential,analog,False
C-004060,PMT-0179,F-18,11.35,commercial,analog,True
C-004061,PMT-0044,F-05,13.91,commercial,electronic,False
C-004062,PMT-0007,F-01,21.24,commercial,analog,False
C-004063,PMT-0190,F-19,4.28,residential,analog,False
C-004064,PMT-0155,F-16,7.96,residential,analog,False
C-004065,PMT-0227,F-23,3.63,residential,analog,False
C-004066,PMT-0104,F-11,5.89,residential,analog,False
C-004067,PMT-0257,F-26,4.84,residential,analog,False
C-004068,PMT-0127,F-13,6.34,residential,electronic,False
C-004069,PMT-0222,F-23,7.22,residential,electronic,False
C-004070,PMT-0031,F-04,4.58,residential,analog,False
C-004071,PMT-0030,F-03,4.46,residential,electronic,False
C-004072,PMT-0235,F-24,7.6,residential,electronic,False
C-004073,PMT-0251,F-26,7.54,residential,electronic,False
C-004074,PMT-0283,F-29,7.98,residential,analog,True
C-004075,PMT-0098,F-10,2.1,residential,electronic,True
C-004076,PMT-0007,F-01,1.02,residential,analog,False
C-004077,PMT-0294,F-30,13.75,commercial,analog,False
C-004078,PMT-0181,F-19,6.13,residential,electronic,False
C-004079,PMT-0075,F-08,1.51,residential,analog,False
C-004080,PMT-0230,F-23,3.62,residential,electronic,False
C-004081,PMT-0272,F-28,5.07,residential,analog,False
C-004082,PMT-0086,F-09,2.49,residential,analog,False
C-004083,PMT-0231,F-24,6.12,residential,analog,False
C-004084,PMT-0237,F-24,2.61,residential,electronic,False
C-004085,PMT-0151,F-16,6.88,residential,analog,False
C-004086,PMT-0190,F-19,3.44,residential,electronic,False
C-004087,PMT-0081,F-09,5.19,residential,electronic,False
C-004088,PMT-0279,F-28,15.88,commercial,analog,False
C-004089,PMT-0295,F-30,3.08,residential,analog,False
C-004090,PMT-0295,F-30,4.07,residential,electronic,True
C-004091,PMT-0222,F-23,6.92,residential,electronic,False
C-004092,PMT-0013,F-02,4.84,residential,analog,False
C-004093,PMT-0110,F-11,1.39,residential,analog,False
C-004094,PMT-0134,F-14,5.99,residential,analog,False
C-004095,PMT-0288,F-29,2.28,residential,electronic,False
C-004096,PMT-0165,F-17,4.4,residential,analog,False
C-004097,PMT-0161,F-17,4.28,residential,analog,False
C-004098,PMT-0045,F-05,4.41,residential,analog,False
C-004099,PMT-0239,F-24,1.22,residential,electronic,False
C-004100,PMT-0101,F-11,41.79,industrial,analog,False
C-004101,PMT-0028,F-03,1.36,residential,electronic,False
C-004102,PMT-0297,F-30,3.9,residential,analog,False
C-004103,PMT-0058,F-06,5.35,residential,analog,False
C-004104,PMT-0005,F-01,5.58,residential,analog,False
C-004105,PMT-0024,F-03,1.45,residential,electronic,True
C-004106,PMT-0136,F-14,1.83,residential,electronic,False
C-004107,PMT-0031,F-04,5.63,residential,analog,False
C-004108,PMT-0253,F-26,4.72,residential,analog,False
C-004109,PMT-0154,F-16,21.67,commercial,analog,False
C-004110,PMT-0098,F-10,2.44,residential,analog,True
C-004111,PMT-0001,F-01,29.63,industrial,electronic,False
C-004112,PMT-0144,F-15,3.53,residential,analog,False
C-004113,PMT-0046,F-05,5.46,residential,electronic,False
C-004114,PMT-0294,F-30,4.4,residential,analog,False
C-004115,PMT-0088,F-09,1.69,residential,electronic,False
C-004116,PMT-0143,F-15,6.43,commercial,electronic,True
C-004117,PMT-0006,F-01,5.74,residential,electronic,False
C-004118,PMT-0040,F-04,3.08,residential,analog,True
C-004119,PMT-0063,F-07,5.69,residential,electronic,False
C-004120,PMT-0016,F-02,10.9,commercial,electronic,True
C-004121,PMT-0218,F-22,3.2,residential,analog,False
C-004122,PMT-0284,F-29,36.79,industrial,electronic,False
C-004123,PMT-0296,F-30,24.67,commercial,electronic,False
C-004124,PMT-0080,F-08,1.11,residential,analog,False
C-004125,PMT-0237,F-24,7.55,commercial,analog,False
C-004126,PMT-0152,F-16,86.9,industrial,analog,False
C-004127,PMT-0014,F-02,1.97,residential,analog,False
C-004128,PMT-0028,F-03,2.96,residential,electronic,False
C-004129,PMT-0165,F-17,2.84,residential,electronic,False
C-004130,PMT-0128,F-13,5.88,residential,analog,False
C-004131,PMT-0003,F-01,3.88,residential,analog,False
C-004132,PMT-0280,F-28,6.88,residential,analog,False
C-004133,PMT-0220,F-22,6.23,residential,analog,False
C-004134,PMT-0151,F-16,4.72,residential,electronic,False
C-004135,PMT-0297,F-30,2.74,residential,analog,False
C-004136,PMT-0292,F-30,6.55,residential,analog,False
C-004137,PMT-0293,F-30,7.06,residential,analog,False
C-004138,PMT-0078,F-08,6.85,residential,electronic,False
C-004139,PMT-0265,F-27,1.36,residential,analog,True
C-004140,PMT-0152,F-16,5.89,residential,analog,False
C-004141,PMT-0218,F-22,5.93,residential,electronic,False
C-004142,PMT-0258,F-26,23.86,commercial,electronic,False
C-004143,PMT-0049,F-05,2.84,residential,electronic,True
C-004144,PMT-0135,F-14,6.5,residential,analog,False
C-004145,PMT-0039,F-04,5.82,residential,analog,False
C-004146,PMT-0084,F-09,7.15,residential,analog,False
C-004147,PMT-0125,F-13,5.85,residential,analog,False
C-004148,PMT-0257,F-26,6.97,residential,analog,False
C-004149,PMT-0259,F-26,3.52,residential,analog,False
C-004150,PMT-0117,F-12,2.1,residential,analog,False
C-004151,PMT-0099,F-10,3.54,residential,electronic,False
C-004152,PMT-0160,F-16,6.71,residential,electronic,False
C-004153,PMT-0274,F-28,1.92,residential,analog,False
C-004154,PMT-0293,F-30,71.04,industrial,analog,False
C-004155,PMT-0069,F-07,7.91,residential,analog,False
C-004156,PMT-0056,F-06,22.9,commercial,analog,False
C-004157,PMT-0213,F-22,5.7,residential,analog,False
C-004158,PMT-0091,F-10,6.55,residential,electronic,False
C-004159,PMT-0060,F-06,1.82,residential,electronic,False
C-004160,PMT-0010,F-01,4.49,residential,electronic,False
C-004161,PMT-0121,F-13,4.72,residential,analog,False
C-004162,PMT-0118,F-12,20.65,commercial,electronic,False
C-004163,PMT-0169,F-17,2.98,residential,electronic,False
C-004164,PMT-0061,F-07,1.75,residential,analog,False
C-004165,PMT-0215,F-22,5.89,residential,analog,False
C-004166,PMT-0205,F-21,4.45,residential,analog,False
C-004167,PMT-0139,F-14,6.9,residential,analog,False
C-004168,PMT-0055,F-06,4.37,residential,electronic,False
C-004169,PMT-0153,F-16,6.92,residential,electronic,False
C-004170,PMT-0203,F-21,4.55,residential,electronic,False
C-004171,PMT-0112,F-12,6.48,residential,analog,False
C-004172,PMT-0080,F-08,6.05,residential,analog,False
C-004173,PMT-0152,F-16,2.86,residential,analog,False
C-004174,PMT-0107,F-11,3.17,residential,analog,False
C-004175,PMT-0121,F-13,22.98,commercial,electronic,False
C-004176,PMT-0105,F-11,38.48,industrial,analog,False
C-004177,PMT-0092,F-10,5.88,residential,analog,True
C-004178,PMT-0216,F-22,2.02,residential,analog,True
C-004179,PMT-0139,F-14,6.29,residential,electronic,False
C-004180,PMT-0140,F-14,2.56,residential,analog,False
C-004181,PMT-0196,F-20,5.16,residential,analog,False
C-004182,PMT-0109,F-11,4.95,residential,electronic,False
C-004183,PMT-0031,F-04,2.42,residential,analog,False
C-004184,PMT-0256,F-26,59.31,industrial,analog,False
C-004185,PMT-0017,F-02,7.15,residential,analog,True
C-004186,PMT-0172,F-18,74.44,industrial,analog,False
C-004187,PMT-0080,F-08,7.95,residential,analog,False
C-004188,PMT-0065,F-07,6.49,residential,analog,True
C-004189,PMT-0013,F-02,5.5,residential,analog,False
C-004190,PMT-0271,F-28,4.94,residential,analog,False
C-004191,PMT-0129,F-13,7.56,residential,analog,False
C-004192,PMT-0103,F-11,4.69,residential,analog,False
C-004193,PMT-0223,F-23,3.82,residential,electronic,False
C-004194,PMT-0012,F-02,6.84,residential,electronic,True
C-004195,PMT-0170,F-17,7.58,residential,electronic,False
C-004196,PMT-0149,F-15,4.35,residential,electronic,False
C-004197,PMT-0167,F-17,1.96,residential,analog,False
C-004198,PMT-0038,F-04,5.26,residential,analog,False
C-004199,PMT-0286,F-29,6.19,residential,analog,False
C-004200,PMT-0072,F-08,3.62,residential,electronic,False
C-004201,PMT-0204,F-21,6.24,residential,analog,False
C-004202,PMT-0225,F-23,62.48,industrial,electronic,False
C-004203,PMT-0104,F-11,3.11,residential,analog,False
C-004204,PMT-0040,F-04,5.41,residential,analog,True
C-004205,PMT-0090,F-09,3.72,residential,electronic,True
C-004206,PMT-0243,F-25,20.74,commercial,analog,False
C-004207,PMT-0272,F-28,1.02,residential,electronic,False
C-004208,PMT-0282,F-29,6.73,residential,analog,False
C-004209,PMT-0068,F-07,3.15,residential,electronic,False
C-004210,PMT-0182,F-19,7.72,residential,analog,False
C-004211,PMT-0046,F-05,20.18,commercial,analog,False
C-004212,PMT-0214,F-22,2.69,residential,electronic,False
C-004213,PMT-0125,F-13,7.85,residential,analog,False
C-004214,PMT-0215,F-22,4.5,residential,analog,False
C-004215,PMT-0206,F-21,4.66,residential,analog,False
C-004216,PMT-0298,F-30,7.37,residential,electronic,False
C-004217,PMT-0147,F-15,93.47,industrial,electronic,False
C-004218,PMT-0103,F-11,75.75,industrial,analog,False
C-004219,PMT-0159,F-16,7.85,residential,electronic,False
C-004220,PMT-0049,F-05,3.3,residential,electronic,True
C-004221,PMT-0034,F-04,38.59,industrial,analog,False
C-004222,PMT-0156,F-16,1.2,residential,electronic,False
C-004223,PMT-0248,F-25,3.42,residential,analog,False
C-004224,PMT-0160,F-16,5.22,residential,electronic,False
C-004225,PMT-0235,F-24,3.14,residential,analog,False
C-004226,PMT-0054,F-06,16.59,commercial,electronic,False
C-004227,PMT-0135,F-14,23.87,industrial,analog,False
C-004228,PMT-0184,F-19,3.48,residential,analog,False
C-004229,PMT-0105,F-11,6.24,residential,electronic,False
C-004230,PMT-0005,F-01,1.73,residential,electronic,False
C-004231,PMT-0023,F-03,6.0,residential,analog,False
C-004232,PMT-0279,F-28,6.34,residential,analog,True
C-004233,PMT-0182,F-19,4.98,residential,electronic,False
C-004234,PMT-0080,F-08,22.72,commercial,analog,False
C-004235,PMT-0078,F-08,7.68,residential,analog,False
C-004236,PMT-0012,F-02,1.24,residential,analog,False
C-004237,PMT-0284,F-29,5.75,residential,analog,False
C-004238,PMT-0033,F-04,2.66,residential,electronic,False
C-004239,PMT-0228,F-23,3.86,residential,analog,False
C-004240,PMT-0073,F-08,69.85,industrial,analog,False
C-004241,PMT-0101,F-11,5.99,residential,analog,False
C-004242,PMT-0083,F-09,6.88,residential,electronic,False
C-004243,PMT-0248,F-25,5.94,residential,analog,False
C-004244,PMT-0010,F-01,6.44,residential,analog,False
C-004245,PMT-0106,F-11,5.19,residential,electronic,True
C-004246,PMT-0084,F-09,1.82,residential,analog,False
C-004247,PMT-0082,F-09,1.15,residential,electronic,False
C-004248,PMT-0058,F-06,4.71,residential,analog,False
C-004249,PMT-0274,F-28,6.01,residential,electronic,False
C-004250,PMT-0114,F-12,7.18,commercial,analog,False
C-004251,PMT-0126,F-13,4.01,residential,analog,False
C-004252,PMT-0116,F-12,2.79,residential,analog,False
C-004253,PMT-0295,F-30,4.97,residential,analog,False
C-004254,PMT-0102,F-11,3.73,residential,electronic,True
C-004255,PMT-0103,F-11,9.03,commercial,analog,False
C-004256,PMT-0099,F-10,1.03,residential,electronic,False
C-004257,PMT-0099,F-10,3.25,residential,analog,False
C-004258,PMT-0027,F-03,15.32,commercial,electronic,False
C-004259,PMT-0182,F-19,7.5,residential,electronic,True
C-004260,PMT-0008,F-01,2.59,residential,analog,False
C-004261,PMT-0068,F-07,60.98,industrial,analog,False
C-004262,PMT-0061,F-07,4.97,residential,electronic,True
C-004263,PMT-0088,F-09,5.54,residential,electronic,False
C-004264,PMT-0227,F-23,11.57,commercial,analog,False
C-004265,PMT-0180,F-18,1.7,residential,analog,False
C-004266,PMT-0298,F-30,7.45,residential,electronic,False
C-004267,PMT-0106,F-11,7.67,residential,analog,False
C-004268,PMT-0279,F-28,13.76,commercial,electronic,False
C-004269,PMT-0014,F-02,16.61,commercial,electronic,False
C-004270,PMT-0152,F-16,5.58,commercial,electronic,False
C-004271,PMT-0240,F-24,1.33,residential,electronic,False
C-004272,PMT-0160,F-16,1.54,residential,electronic,False
C-004273,PMT-0280,F-28,19.77,commercial,analog,False
C-004274,PMT-0095,F-10,2.59,residential,electronic,False
C-004275,PMT-0010,F-01,2.29,residential,analog,False
C-004276,PMT-0233,F-24,1.06,residential,analog,True
C-004277,PMT-0021,F-03,5.46,commercial,analog,False
C-004278,PMT-0230,F-23,3.84,residential,analog,False
C-004279,PMT-0221,F-23,4.79,residential,analog,False
C-004280,PMT-0254,F-26,16.58,commercial,analog,False
C-004281,PMT-0144,F-15,14.16,commercial,analog,False
C-004282,PMT-0269,F-27,56.76,industrial,analog,False
C-004283,PMT-0051,F-06,6.27,residential,analog,False
C-004284,PMT-0131,F-14,3.03,residential,electronic,False
C-004285,PMT-0037,F-04,2.66,residential,analog,True
C-004286,PMT-0231,F-24,6.98,residential,electronic,False
C-004287,PMT-0215,F-22,18.79,commercial,electronic,False
C-004288,PMT-0242,F-25,4.34,residential,electronic,False
C-004289,PMT-0230,F-23,2.93,residential,analog,False
C-004290,PMT-0093,F-10,1.96,residential,analog,False
C-004291,PMT-0021,F-03,1.26,residential,analog,False
C-004292,PMT-0279,F-28,22.05,commercial,analog,False
C-004293,PMT-0148,F-15,5.15,residential,electronic,False
C-004294,PMT-0029,F-03,1.32,residential,analog,False
C-004295,PMT-0279,F-28,2.11,residential,electronic,False
C-004296,PMT-0299,F-30,2.96,residential,analog,False
C-004297,PMT-0134,F-14,2.84,residential,electronic,False
C-004298,PMT-0232,F-24,15.97,commercial,analog,False
C-004299,PMT-0011,F-02,3.8,residential,electronic,False
C-004300,PMT-0028,F-03,7.18,residential,electronic,False
C-004301,PMT-0083,F-09,6.04,residential,analog,False
C-004302,PMT-0197,F-20,7.38,residential,analog,False
C-004303,PMT-0041,F-05,7.04,residential,analog,False
C-004304,PMT-0011,F-02,7.45,residential,analog,False
C-004305,PMT-0201,F-21,7.86,residential,analog,False
C-004306,PMT-0232,F-24,3.18,residential,electronic,False
C-004307,PMT-0222,F-23,9.19,commercial,analog,False
C-004308,PMT-0240,F-24,8.3,commercial,analog,False
C-004309,PMT-0241,F-25,5.4,residential,analog,False
C-004310,PMT-0181,F-19,5.77,residential,analog,False
C-004311,PMT-0156,F-16,1.61,residential,electronic,False
C-004312,PMT-0258,F-26,6.75,residential,analog,False
C-004313,PMT-0105,F-11,6.48,residential,analog,False
C-004314,PMT-0030,F-03,5.4,residential,analog,False
C-004315,PMT-0226,F-23,4.05,residential,electronic,False
C-004316,PMT-0083,F-09,8.07,commercial,analog,False
C-004317,PMT-0294,F-30,15.11,commercial,electronic,False
C-004318,PMT-0125,F-13,2.11,residential,analog,False
C-004319,PMT-0256,F-26,5.23,residential,electronic,False
C-004320,PMT-0013,F-02,3.17,residential,analog,True
C-004321,PMT-0198,F-20,2.73,residential,electronic,False
C-004322,PMT-0135,F-14,4.09,residential,electronic,False
C-004323,PMT-0139,F-14,5.06,residential,analog,False
C-004324,PMT-0080,F-08,3.57,residential,analog,False
C-004325,PMT-0292,F-30,7.75,residential,electronic,False
C-004326,PMT-0118,F-12,1.04,residential,analog,True
C-004327,PMT-0256,F-26,7.39,residential,electronic,False
C-004328,PMT-0128,F-13,1.0,residential,electronic,False
C-004329,PMT-0015,F-02,2.52,residential,analog,False
C-004330,PMT-0264,F-27,7.97,residential,analog,False
C-004331,PMT-0056,F-06,6.1,residential,analog,True
C-004332,PMT-0082,F-09,5.51,residential,analog,False
C-004333,PMT-0259,F-26,6.08,residential,analog,False
C-004334,PMT-0269,F-27,3.86,residential,electronic,False
C-004335,PMT-0276,F-28,6.49,residential,analog,True
C-004336,PMT-0128,F-13,8.1,commercial,electronic,False
C-004337,PMT-0228,F-23,6.56,residential,analog,False
C-004338,PMT-0099,F-10,7.58,residential,analog,False
C-004339,PMT-0223,F-23,7.0,residential,analog,True
C-004340,PMT-0151,F-16,6.18,residential,analog,False
C-004341,PMT-0016,F-02,5.56,residential,analog,True
C-004342,PMT-0126,F-13,4.65,residential,electronic,False
C-004343,PMT-0141,F-15,12.9,commercial,analog,False
C-004344,PMT-0078,F-08,7.06,residential,analog,False
C-004345,PMT-0113,F-12,5.53,residential,electronic,False
C-004346,PMT-0151,F-16,4.04,residential,electronic,False
C-004347,PMT-0015,F-02,6.49,residential,analog,False
C-004348,PMT-0046,F-05,6.08,commercial,analog,False
C-004349,PMT-0231,F-24,6.69,residential,analog,False
C-004350,PMT-0106,F-11,6.67,residential,analog,False
C-004351,PMT-0183,F-19,2.6,residential,analog,True
C-004352,PMT-0170,F-17,1.26,residential,analog,False
C-004353,PMT-0166,F-17,6.0,residential,analog,False
C-004354,PMT-0125,F-13,2.4,residential,electronic,False
C-004355,PMT-0145,F-15,7.97,residential,analog,False
C-004356,PMT-0248,F-25,1.06,residential,analog,False
C-004357,PMT-0290,F-29,38.38,industrial,electronic,False
C-004358,PMT-0078,F-08,1.29,residential,analog,False
C-004359,PMT-0201,F-21,6.48,residential,electronic,False
C-004360,PMT-0291,F-30,5.05,residential,electronic,False
C-004361,PMT-0003,F-01,6.94,residential,electronic,False
C-004362,PMT-0236,F-24,7.74,residential,electronic,True
C-004363,PMT-0150,F-15,5.27,residential,analog,False
C-004364,PMT-0291,F-30,2.62,residential,electronic,True
C-004365,PMT-0174,F-18,1.65,residential,electronic,False
C-004366,PMT-0252,F-26,7.06,residential,analog,False
C-004367,PMT-0050,F-05,2.72,residential,analog,False
C-004368,PMT-0043,F-05,22.87,commercial,analog,False
C-004369,PMT-0278,F-28,7.15,residential,analog,False
C-004370,PMT-0158,F-16,5.39,residential,analog,False
C-004371,PMT-0168,F-17,17.08,commercial,analog,True
C-004372,PMT-0051,F-06,7.66,residential,analog,False
C-004373,PMT-0069,F-07,6.29,residential,analog,False
C-004374,PMT-0246,F-25,74.66,industrial,analog,False
C-004375,PMT-0091,F-10,4.05,residential,analog,True
C-004376,PMT-0176,F-18,4.39,residential,analog,False
C-004377,PMT-0095,F-10,51.11,industrial,analog,True
C-004378,PMT-0080,F-08,7.62,residential,analog,False
C-004379,PMT-0050,F-05,5.47,residential,electronic,False
C-004380,PMT-0279,F-28,6.46,residential,analog,False
C-004381,PMT-0283,F-29,1.26,residential,analog,False
C-004382,PMT-0035,F-04,6.97,residential,electronic,False
C-004383,PMT-0106,F-11,3.92,residential,electronic,False
C-004384,PMT-0170,F-17,19.74,commercial,analog,False
C-004385,PMT-0115,F-12,1.28,residential,analog,False
C-004386,PMT-0217,F-22,7.26,residential,electronic,False
C-004387,PMT-0079,F-08,18.2,commercial,analog,False
C-004388,PMT-0018,F-02,14.15,commercial,analog,False
C-004389,PMT-0102,F-11,3.12,residential,analog,False
C-004390,PMT-0180,F-18,3.18,residential,analog,False
C-004391,PMT-0055,F-06,3.12,residential,analog,False
C-004392,PMT-0245,F-25,7.62,commercial,electronic,False
C-004393,PMT-0004,F-01,4.25,residential,electronic,False
C-004394,PMT-0021,F-03,4.17,residential,analog,False
C-004395,PMT-0153,F-16,3.88,residential,electronic,False
C-004396,PMT-0154,F-16,5.92,residential,electronic,False
C-004397,PMT-0089,F-09,3.94,residential,electronic,False
C-004398,PMT-0078,F-08,6.78,commercial,electronic,False
C-004399,PMT-0021,F-03,6.96,residential,electronic,True
C-004400,PMT-0199,F-20,3.98,residential,analog,False
C-004401,PMT-0114,F-12,5.59,residential,analog,False
C-004402,PMT-0036,F-04,7.51,residential,analog,False
C-004403,PMT-0120,F-12,6.37,residential,electronic,True
C-004404,PMT-0282,F-29,4.77,residential,electronic,True
C-004405,PMT-0079,F-08,4.82,residential,electronic,False
C-004406,PMT-0269,F-27,6.95,residential,electronic,False
C-004407,PMT-0078,F-08,6.77,residential,electronic,False
C-004408,PMT-0056,F-06,2.25,residential,analog,False
C-004409,PMT-0079,F-08,5.39,residential,analog,False
C-004410,PMT-0097,F-10,7.06,residential,analog,False
C-004411,PMT-0037,F-04,6.62,residential,analog,False
C-004412,PMT-0177,F-18,1.87,residential,electronic,True
C-004413,PMT-0101,F-11,4.05,residential,electronic,False
C-004414,PMT-0216,F-22,61.46,industrial,analog,False
C-004415,PMT-0148,F-15,10.16,commercial,analog,True
C-004416,PMT-0133,F-14,5.76,residential,analog,False
C-004417,PMT-0142,F-15,4.33,residential,electronic,False
C-004418,PMT-0047,F-05,3.08,residential,electronic,False
C-004419,PMT-0214,F-22,3.36,residential,analog,False
C-004420,PMT-0032,F-04,88.53,industrial,electronic,False
C-004421,PMT-0217,F-22,7.06,residential,analog,False
C-004422,PMT-0300,F-30,6.69,residential,analog,False
C-004423,PMT-0230,F-23,7.4,residential,analog,True
C-004424,PMT-0137,F-14,7.67,residential,electronic,False
C-004425,PMT-0095,F-10,4.44,residential,electronic,False
C-004426,PMT-0262,F-27,1.68,residential,analog,False
C-004427,PMT-0078,F-08,6.6,residential,electronic,False
C-004428,PMT-0145,F-15,5.43,residential,electronic,False
C-004429,PMT-0232,F-24,3.66,residential,electronic,False
C-004430,PMT-0277,F-28,24.51,commercial,analog,False
C-004431,PMT-0277,F-28,3.37,residential,analog,False
C-004432,PMT-0027,F-03,7.35,residential,analog,False
C-004433,PMT-0270,F-27,5.15,residential,electronic,False
C-004434,PMT-0035,F-04,1.26,residential,analog,False
C-004435,PMT-0176,F-18,7.02,residential,analog,False
C-004436,PMT-0279,F-28,6.34,residential,electronic,False
C-004437,PMT-0197,F-20,5.5,residential,analog,False
C-004438,PMT-0285,F-29,5.3,residential,analog,False
C-004439,PMT-0104,F-11,2.53,residential,electronic,False
C-004440,PMT-0095,F-10,2.5,residential,analog,False
C-004441,PMT-0098,F-10,1.2,residential,analog,False
C-004442,PMT-0107,F-11,8.08,commercial,analog,False
C-004443,PMT-0205,F-21,3.36,residential,analog,True
C-004444,PMT-0136,F-14,4.79,residential,analog,False
C-004445,PMT-0222,F-23,1.92,residential,analog,False
C-004446,PMT-0125,F-13,4.9,residential,analog,False
C-004447,PMT-0093,F-10,2.84,residential,analog,False
C-004448,PMT-0058,F-06,2.78,residential,electronic,False
C-004449,PMT-0166,F-17,7.64,residential,analog,False
C-004450,PMT-0270,F-27,7.95,residential,electronic,False
C-004451,PMT-0258,F-26,21.23,commercial,electronic,True
C-004452,PMT-0076,F-08,1.38,residential,electronic,True
C-004453,PMT-0144,F-15,19.57,commercial,analog,False
C-004454,PMT-0212,F-22,2.25,residential,analog,False
C-004455,PMT-0184,F-19,4.98,residential,analog,True
C-004456,PMT-0021,F-03,7.26,residential,analog,True
C-004457,PMT-0178,F-18,3.66,residential,analog,False
C-004458,PMT-0012,F-02,7.5,residential,electronic,False
C-004459,PMT-0035,F-04,5.96,residential,analog,False
C-004460,PMT-0197,F-20,44.08,industrial,analog,False
C-004461,PMT-0031,F-04,6.9,commercial,electronic,False
C-004462,PMT-0102,F-11,6.71,residential,electronic,False
C-004463,PMT-0177,F-18,4.21,residential,electronic,False
C-004464,PMT-0197,F-20,1.51,residential,analog,False
C-004465,PMT-0134,F-14,28.25,industrial,analog,False
C-004466,PMT-0029,F-03,7.77,residential,analog,False
C-004467,PMT-0240,F-24,2.7,residential,analog,False
C-004468,PMT-0285,F-29,7.77,residential,electronic,False
C-004469,PMT-0267,F-27,5.77,residential,electronic,False
C-004470,PMT-0225,F-23,3.1,residential,analog,False
C-004471,PMT-0121,F-13,3.69,residential,electronic,False
C-004472,PMT-0263,F-27,6.44,residential,analog,False
C-004473,PMT-0147,F-15,4.05,residential,analog,False
C-004474,PMT-0041,F-05,1.52,residential,electronic,False
C-004475,PMT-0256,F-26,2.61,residential,analog,False
C-004476,PMT-0097,F-10,88.83,industrial,analog,False
C-004477,PMT-0282,F-29,5.87,residential,analog,False
C-004478,PMT-0111,F-12,4.51,residential,analog,False
C-004479,PMT-0261,F-27,2.72,residential,analog,False
C-004480,PMT-0162,F-17,4.32,residential,electronic,False
C-004481,PMT-0141,F-15,83.11,industrial,analog,True
C-004482,PMT-0090,F-09,1.57,residential,electronic,False
C-004483,PMT-0251,F-26,99.58,industrial,electronic,False
C-004484,PMT-0019,F-02,7.02,residential,electronic,False
C-004485,PMT-0141,F-15,3.23,residential,electronic,False
C-004486,PMT-0111,F-12,7.09,residential,electronic,True
C-004487,PMT-0164,F-17,5.77,residential,analog,False
C-004488,PMT-0077,F-08,5.66,residential,electronic,False
C-004489,PMT-0200,F-20,31.18,industrial,analog,False
C-004490,PMT-0116,F-12,23.12,commercial,analog,False
C-004491,PMT-0057,F-06,4.15,residential,analog,False
C-004492,PMT-0060,F-06,21.06,commercial,analog,False
C-004493,PMT-0209,F-21,10.99,commercial,electronic,False
C-004494,PMT-0079,F-08,3.16,residential,electronic,False
C-004495,PMT-0093,F-10,7.75,residential,electronic,False
C-004496,PMT-0189,F-19,4.48,residential,analog,False
C-004497,PMT-0099,F-10,1.42,residential,analog,False
C-004498,PMT-0117,F-12,6.85,residential,analog,False
C-004499,PMT-0074,F-08,38.18,industrial,analog,False
C-004500,PMT-0104,F-11,7.15,residential,analog,True
C-004501,PMT-0208,F-21,7.42,residential,electronic,False
C-004502,PMT-0161,F-17,1.51,residential,electronic,False
C-004503,PMT-0300,F-30,5.08,residential,analog,False
C-004504,PMT-0232,F-24,7.87,residential,analog,False
C-004505,PMT-0006,F-01,7.52,residential,analog,False
C-004506,PMT-0114,F-12,4.68,residential,analog,False
C-004507,PMT-0087,F-09,5.76,residential,analog,False
C-004508,PMT-0177,F-18,5.23,residential,analog,False
C-004509,PMT-0080,F-08,2.42,residential,electronic,False
C-004510,PMT-0290,F-29,5.57,residential,analog,False
C-004511,PMT-0090,F-09,3.33,residential,analog,False
C-004512,PMT-0157,F-16,3.37,residential,analog,False
C-004513,PMT-0037,F-04,3.94,residential,analog,False
C-004514,PMT-0273,F-28,22.04,commercial,electronic,False
C-004515,PMT-0274,F-28,2.67,residential,analog,False
C-004516,PMT-0239,F-24,10.02,commercial,electronic,False
C-004517,PMT-0106,F-11,5.15,commercial,analog,False
C-004518,PMT-0018,F-02,2.09,residential,analog,False
C-004519,PMT-0214,F-22,7.85,residential,analog,False
C-004520,PMT-0129,F-13,4.04,residential,electronic,False
C-004521,PMT-0298,F-30,8.9,commercial,analog,False
C-004522,PMT-0210,F-21,7.76,residential,electronic,False
C-004523,PMT-0162,F-17,1.19,residential,electronic,True
C-004524,PMT-0297,F-30,4.39,residential,analog,False
C-004525,PMT-0241,F-25,6.63,residential,analog,False
C-004526,PMT-0138,F-14,6.41,residential,electronic,True
C-004527,PMT-0006,F-01,2.32,residential,electronic,True
C-004528,PMT-0028,F-03,5.95,residential,analog,False
C-004529,PMT-0134,F-14,17.45,commercial,electronic,False
C-004530,PMT-0169,F-17,5.73,residential,analog,False
C-004531,PMT-0010,F-01,2.86,residential,electronic,False
C-004532,PMT-0038,F-04,6.68,residential,analog,False
C-004533,PMT-0212,F-22,64.74,industrial,analog,False
C-004534,PMT-0226,F-23,6.08,residential,analog,False
C-004535,PMT-0009,F-01,23.79,commercial,electronic,False
C-004536,PMT-0153,F-16,6.99,residential,analog,False
C-004537,PMT-0025,F-03,20.65,commercial,electronic,False
C-004538,PMT-0218,F-22,3.03,residential,analog,False
C-004539,PMT-0251,F-26,1.38,residential,analog,False
C-004540,PMT-0261,F-27,5.02,residential,analog,False
C-004541,PMT-0180,F-18,22.76,industrial,electronic,False
C-004542,PMT-0189,F-19,77.14,industrial,analog,True
C-004543,PMT-0278,F-28,6.16,residential,electronic,True
C-004544,PMT-0184,F-19,4.94,residential,electronic,False
C-004545,PMT-0134,F-14,2.18,residential,electronic,False
C-004546,PMT-0227,F-23,7.13,residential,electronic,False
C-004547,PMT-0178,F-18,5.17,residential,analog,True
C-004548,PMT-0253,F-26,4.6,residential,analog,False
C-004549,PMT-0158,F-16,4.97,residential,analog,False
C-004550,PMT-0261,F-27,1.58,residential,analog,False
C-004551,PMT-0014,F-02,19.81,commercial,electronic,False
C-004552,PMT-0011,F-02,1.43,residential,analog,False
C-004553,PMT-0030,F-03,5.05,residential,analog,False
C-004554,PMT-0167,F-17,2.18,residential,analog,False
C-004555,PMT-0213,F-22,2.45,residential,electronic,False
C-004556,PMT-0065,F-07,2.63,residential,analog,False
C-004557,PMT-0047,F-05,1.1,residential,electronic,True
C-004558,PMT-0259,F-26,7.24,residential,analog,False
C-004559,PMT-0226,F-23,6.63,residential,analog,False
C-004560,PMT-0195,F-20,1.22,residential,electronic,False
C-004561,PMT-0147,F-15,1.4,residential,analog,False
C-004562,PMT-0127,F-13,6.48,residential,analog,False
C-004563,PMT-0007,F-01,1.05,residential,electronic,False
C-004564,PMT-0057,F-06,4.28,residential,analog,False
C-004565,PMT-0270,F-27,1.75,residential,analog,False
C-004566,PMT-0102,F-11,5.14,residential,electronic,False
C-004567,PMT-0212,F-22,7.99,residential,analog,False
C-004568,PMT-0212,F-22,8.44,commercial,electronic,False
C-004569,PMT-0093,F-10,7.7,residential,electronic,False
C-004570,PMT-0062,F-07,7.06,residential,analog,False
C-004571,PMT-0208,F-21,7.9,residential,analog,False
C-004572,PMT-0029,F-03,6.36,residential,analog,False
C-004573,PMT-0149,F-15,7.0,residential,analog,True
C-004574,PMT-0267,F-27,5.16,residential,analog,False
C-004575,PMT-0214,F-22,7.07,residential,electronic,False
C-004576,PMT-0230,F-23,1.78,residential,electronic,False
C-004577,PMT-0025,F-03,6.19,residential,electronic,False
C-004578,PMT-0060,F-06,5.4,residential,electronic,True
C-004579,PMT-0083,F-09,1.42,residential,analog,False
C-004580,PMT-0088,F-09,3.04,residential,analog,True
C-004581,PMT-0059,F-06,2.51,residential,analog,False
C-004582,PMT-0292,F-30,3.84,residential,analog,False
C-004583,PMT-0050,F-05,2.39,residential,electronic,False
C-004584,PMT-0213,F-22,10.5,commercial,electronic,False
C-004585,PMT-0177,F-18,10.92,commercial,electronic,True
C-004586,PMT-0184,F-19,17.0,commercial,analog,False
C-004587,PMT-0065,F-07,1.94,residential,analog,False
C-004588,PMT-0093,F-10,2.69,residential,analog,False
C-004589,PMT-0182,F-19,3.22,residential,analog,False
C-004590,PMT-0090,F-09,4.14,residential,analog,False
C-004591,PMT-0209,F-21,1.27,residential,electronic,False
C-004592,PMT-0012,F-02,7.99,residential,analog,True
C-004593,PMT-0022,F-03,11.01,commercial,electronic,False
C-004594,PMT-0219,F-22,3.01,residential,electronic,True
C-004595,PMT-0186,F-19,4.88,residential,analog,False
C-004596,PMT-0013,F-02,6.98,residential,analog,False
C-004597,PMT-0270,F-27,4.2,residential,electronic,False
C-004598,PMT-0002,F-01,2.74,residential,electronic,False
C-004599,PMT-0287,F-29,4.96,residential,analog,False
C-004600,PMT-0219,F-22,4.38,residential,electronic,False
C-004601,PMT-0297,F-30,3.96,residential,analog,True
C-004602,PMT-0285,F-29,7.89,residential,analog,False
C-004603,PMT-0094,F-10,7.97,residential,analog,False
C-004604,PMT-0227,F-23,4.93,residential,analog,False
C-004605,PMT-0064,F-07,1.48,residential,analog,False
C-004606,PMT-0142,F-15,16.34,commercial,electronic,True
C-004607,PMT-0073,F-08,7.67,residential,analog,False
C-004608,PMT-0146,F-15,7.48,residential,analog,False
C-004609,PMT-0262,F-27,37.24,industrial,electronic,False
C-004610,PMT-0131,F-14,2.33,residential,analog,False
C-004611,PMT-0028,F-03,8.05,commercial,analog,False
C-004612,PMT-0098,F-10,6.74,residential,analog,False
C-004613,PMT-0236,F-24,4.43,residential,analog,False
C-004614,PMT-0157,F-16,3.37,residential,analog,False
C-004615,PMT-0169,F-17,3.27,residential,electronic,False
C-004616,PMT-0130,F-13,2.93,residential,electronic,True
C-004617,PMT-0088,F-09,7.18,residential,analog,False
C-004618,PMT-0180,F-18,3.87,residential,analog,False
C-004619,PMT-0190,F-19,2.71,residential,electronic,False
C-004620,PMT-0270,F-27,5.97,residential,analog,False
C-004621,PMT-0186,F-19,5.45,residential,analog,True
C-004622,PMT-0299,F-30,6.01,residential,analog,False
C-004623,PMT-0248,F-25,21.44,commercial,electronic,False
C-004624,PMT-0024,F-03,1.71,residential,electronic,False
C-004625,PMT-0118,F-12,1.01,residential,analog,False
C-004626,PMT-0116,F-12,1.35,residential,analog,False
C-004627,PMT-0001,F-01,5.95,residential,electronic,False
C-004628,PMT-0055,F-06,7.54,residential,analog,False
C-004629,PMT-0229,F-23,11.62,commercial,analog,False
C-004630,PMT-0106,F-11,6.47,residential,electronic,False
C-004631,PMT-0045,F-05,6.1,residential,analog,False
C-004632,PMT-0087,F-09,98.24,industrial,analog,False
C-004633,PMT-0083,F-09,4.3,residential,electronic,False
C-004634,PMT-0053,F-06,2.16,residential,electronic,True
C-004635,PMT-0031,F-04,6.36,residential,analog,False
C-004636,PMT-0230,F-23,6.73,residential,analog,False
C-004637,PMT-0248,F-25,5.95,residential,analog,False
C-004638,PMT-0149,F-15,22.26,commercial,analog,False
C-004639,PMT-0185,F-19,3.6,residential,analog,False
C-004640,PMT-0276,F-28,5.83,residential,analog,False
C-004641,PMT-0253,F-26,2.85,residential,analog,False
C-004642,PMT-0010,F-01,4.13,residential,analog,False
C-004643,PMT-0286,F-29,9.85,commercial,analog,True
C-004644,PMT-0021,F-03,2.08,residential,analog,False
C-004645,PMT-0008,F-01,5.72,commercial,analog,True
C-004646,PMT-0121,F-13,5.7,residential,electronic,False
C-004647,PMT-0224,F-23,7.13,residential,analog,False
C-004648,PMT-0025,F-03,3.2,residential,electronic,False
C-004649,PMT-0088,F-09,4.0,residential,analog,False
C-004650,PMT-0079,F-08,1.02,residential,electronic,False
C-004651,PMT-0120,F-12,13.26,commercial,analog,False
C-004652,PMT-0296,F-30,10.63,commercial,electronic,False
C-004653,PMT-0100,F-10,5.02,residential,electronic,False
C-004654,PMT-0063,F-07,7.36,residential,analog,False
C-004655,PMT-0037,F-04,15.12,commercial,electronic,False
C-004656,PMT-0060,F-06,18.51,commercial,electronic,False
C-004657,PMT-0040,F-04,5.94,residential,electronic,False
C-004658,PMT-0173,F-18,2.07,residential,analog,False
C-004659,PMT-0127,F-13,11.93,commercial,analog,False
C-004660,PMT-0150,F-15,1.79,residential,electronic,False
C-004661,PMT-0250,F-25,4.09,residential,analog,False
C-004662,PMT-0175,F-18,7.21,residential,analog,False
C-004663,PMT-0047,F-05,4.37,residential,analog,False
C-004664,PMT-0114,F-12,14.12,commercial,analog,False
C-004665,PMT-0094,F-10,2.47,residential,electronic,False
C-004666,PMT-0249,F-25,3.17,residential,electronic,False
C-004667,PMT-0093,F-10,94.93,industrial,electronic,False
C-004668,PMT-0042,F-05,44.24,industrial,electronic,False
C-004669,PMT-0221,F-23,19.63,commercial,electronic,False
C-004670,PMT-0129,F-13,5.84,commercial,electronic,False
C-004671,PMT-0029,F-03,1.9,residential,analog,False
C-004672,PMT-0207,F-21,44.92,industrial,electronic,False
C-004673,PMT-0064,F-07,23.03,commercial,electronic,False
C-004674,PMT-0261,F-27,2.54,residential,electronic,True
C-004675,PMT-0250,F-25,6.09,residential,electronic,True
C-004676,PMT-0111,F-12,2.17,residential,analog,True
C-004677,PMT-0167,F-17,5.29,residential,analog,False
C-004678,PMT-0171,F-18,5.11,residential,analog,False
C-004679,PMT-0197,F-20,5.35,residential,electronic,False
C-004680,PMT-0021,F-03,3.0,residential,analog,False
C-004681,PMT-0098,F-10,2.13,residential,analog,False
C-004682,PMT-0052,F-06,7.21,residential,analog,False
C-004683,PMT-0210,F-21,65.56,industrial,analog,False
C-004684,PMT-0021,F-03,2.48,residential,analog,False
C-004685,PMT-0156,F-16,3.89,residential,analog,False
C-004686,PMT-0219,F-22,1.47,residential,analog,False
C-004687,PMT-0285,F-29,14.51,commercial,analog,False
C-004688,PMT-0087,F-09,13.48,commercial,electronic,False
C-004689,PMT-0003,F-01,1.93,residential,analog,False
C-004690,PMT-0218,F-22,4.11,residential,electronic,False
C-004691,PMT-0001,F-01,5.48,residential,analog,False
C-004692,PMT-0020,F-02,7.5,residential,analog,False
C-004693,PMT-0298,F-30,5.92,residential,analog,False
C-004694,PMT-0259,F-26,4.52,residential,analog,False
C-004695,PMT-0213,F-22,6.39,residential,analog,True
C-004696,PMT-0251,F-26,2.96,residential,analog,False
C-004697,PMT-0023,F-03,5.68,residential,analog,False
C-004698,PMT-0027,F-03,1.04,residential,electronic,False
C-004699,PMT-0091,F-10,1.51,residential,analog,False
C-004700,PMT-0008,F-01,5.37,residential,analog,True
C-004701,PMT-0267,F-27,2.35,residential,electronic,False
C-004702,PMT-0017,F-02,5.82,residential,analog,False
C-004703,PMT-0164,F-17,70.94,industrial,analog,False
C-004704,PMT-0257,F-26,1.45,residential,analog,False
C-004705,PMT-0221,F-23,3.75,residential,electronic,False
C-004706,PMT-0071,F-08,5.29,residential,analog,False
C-004707,PMT-0142,F-15,5.99,residential,electronic,False
C-004708,PMT-0165,F-17,21.32,commercial,analog,False
C-004709,PMT-0231,F-24,3.31,residential,analog,False
C-004710,PMT-0128,F-13,6.86,residential,electronic,False
C-004711,PMT-0086,F-09,12.09,commercial,analog,False
C-004712,PMT-0239,F-24,1.05,residential,electronic,False
C-004713,PMT-0266,F-27,17.2,commercial,electronic,False
C-004714,PMT-0147,F-15,2.69,residential,analog,False
C-004715,PMT-0009,F-01,1.87,residential,analog,False
C-004716,PMT-0151,F-16,2.81,residential,analog,False
C-004717,PMT-0267,F-27,6.8,residential,analog,True
C-004718,PMT-0297,F-30,7.4,residential,analog,False
C-004719,PMT-0121,F-13,24.23,commercial,analog,False
C-004720,PMT-0046,F-05,3.12,residential,electronic,False
C-004721,PMT-0172,F-18,4.19,residential,electronic,False
C-004722,PMT-0250,F-25,84.2,industrial,electronic,False
C-004723,PMT-0284,F-29,3.23,residential,analog,False
C-004724,PMT-0016,F-02,3.7,residential,analog,False
C-004725,PMT-0088,F-09,2.66,residential,analog,True
C-004726,PMT-0144,F-15,16.45,commercial,analog,False
C-004727,PMT-0030,F-03,5.61,residential,analog,False
C-004728,PMT-0266,F-27,3.23,residential,analog,False
C-004729,PMT-0034,F-04,1.17,residential,electronic,False
C-004730,PMT-0200,F-20,19.72,commercial,analog,False
C-004731,PMT-0276,F-28,5.32,residential,electronic,False
C-004732,PMT-0206,F-21,2.53,residential,analog,True
C-004733,PMT-0229,F-23,45.17,industrial,analog,False
C-004734,PMT-0079,F-08,7.7,residential,electronic,False
C-004735,PMT-0249,F-25,5.41,residential,analog,False
C-004736,PMT-0126,F-13,5.17,residential,analog,True
C-004737,PMT-0019,F-02,5.48,residential,electronic,False
C-004738,PMT-0110,F-11,7.68,residential,analog,True
C-004739,PMT-0105,F-11,3.38,residential,analog,False
C-004740,PMT-0157,F-16,2.97,residential,analog,False
C-004741,PMT-0080,F-08,3.64,residential,electronic,False
C-004742,PMT-0139,F-14,6.61,residential,analog,False
C-004743,PMT-0129,F-13,1.85,residential,analog,False
C-004744,PMT-0099,F-10,2.45,residential,electronic,True
C-004745,PMT-0209,F-21,9.56,commercial,analog,False
C-004746,PMT-0092,F-10,5.45,residential,analog,False
C-004747,PMT-0230,F-23,5.49,residential,electronic,False
C-004748,PMT-0076,F-08,12.44,commercial,analog,False
C-004749,PMT-0260,F-26,10.52,commercial,electronic,False
C-004750,PMT-0110,F-11,6.28,residential,electronic,True
C-004751,PMT-0013,F-02,22.54,industrial,electronic,False
C-004752,PMT-0045,F-05,19.77,commercial,analog,True
C-004753,PMT-0242,F-25,2.47,residential,analog,False
C-004754,PMT-0262,F-27,7.32,residential,electronic,False
C-004755,PMT-0064,F-07,3.9,residential,analog,False
C-004756,PMT-0181,F-19,5.5,residential,analog,False
C-004757,PMT-0173,F-18,1.85,residential,analog,False
C-004758,PMT-0041,F-05,2.78,residential,analog,False
C-004759,PMT-0136,F-14,5.9,residential,electronic,False
C-004760,PMT-0209,F-21,4.85,residential,electronic,False
C-004761,PMT-0291,F-30,20.41,commercial,analog,False
C-004762,PMT-0255,F-26,4.94,residential,analog,False
C-004763,PMT-0030,F-03,4.99,residential,analog,False
C-004764,PMT-0072,F-08,7.01,residential,analog,True
C-004765,PMT-0132,F-14,3.97,residential,analog,False
C-004766,PMT-0046,F-05,7.27,residential,electronic,True
C-004767,PMT-0172,F-18,3.61,residential,analog,True
C-004768,PMT-0003,F-01,3.3,residential,electronic,False
C-004769,PMT-0035,F-04,6.46,residential,analog,False
C-004770,PMT-0015,F-02,1.08,residential,analog,False
C-004771,PMT-0089,F-09,2.21,residential,electronic,False
C-004772,PMT-0229,F-23,1.5,residential,analog,False
C-004773,PMT-0054,F-06,4.58,residential,analog,False
C-004774,PMT-0297,F-30,5.4,residential,analog,False
C-004775,PMT-0081,F-09,1.07,residential,analog,False
C-004776,PMT-0014,F-02,2.13,residential,analog,False
C-004777,PMT-0101,F-11,3.12,residential,electronic,False
C-004778,PMT-0225,F-23,3.06,residential,analog,False
C-004779,PMT-0032,F-04,1.68,residential,analog,False
C-004780,PMT-0022,F-03,8.46,commercial,analog,False
C-004781,PMT-0255,F-26,6.93,residential,electronic,False
C-004782,PMT-0178,F-18,5.9,residential,analog,False
C-004783,PMT-0103,F-11,3.07,residential,electronic,False
C-004784,PMT-0227,F-23,2.84,residential,analog,False
C-004785,PMT-0254,F-26,1.56,residential,electronic,False
C-004786,PMT-0108,F-11,3.44,residential,electronic,False
C-004787,PMT-0169,F-17,3.79,residential,electronic,False
C-004788,PMT-0004,F-01,7.33,residential,electronic,False
C-004789,PMT-0092,F-10,6.2,residential,analog,False
C-004790,PMT-0179,F-18,14.58,commercial,analog,False
C-004791,PMT-0060,F-06,1.94,residential,analog,True
C-004792,PMT-0298,F-30,5.59,residential,analog,False
C-004793,PMT-0292,F-30,7.55,residential,analog,False
C-004794,PMT-0078,F-08,1.55,residential,electronic,False
C-004795,PMT-0119,F-12,6.94,residential,analog,False
C-004796,PMT-0057,F-06,2.26,residential,electronic,False
C-004797,PMT-0152,F-16,5.91,residential,electronic,False
C-004798,PMT-0038,F-04,2.29,residential,analog,False
C-004799,PMT-0118,F-12,5.2,residential,analog,False
C-004800,PMT-0167,F-17,2.66,residential,analog,False
C-004801,PMT-0184,F-19,4.79,residential,analog,True
C-004802,PMT-0179,F-18,5.2,residential,analog,False
C-004803,PMT-0067,F-07,5.33,residential,analog,False
C-004804,PMT-0238,F-24,5.78,residential,electronic,False
C-004805,PMT-0208,F-21,1.48,residential,analog,False
C-004806,PMT-0226,F-23,19.07,commercial,analog,False
C-004807,PMT-0141,F-15,2.08,residential,analog,True
C-004808,PMT-0268,F-27,5.74,residential,analog,False
C-004809,PMT-0117,F-12,1.87,residential,analog,False
C-004810,PMT-0242,F-25,4.36,residential,electronic,False
C-004811,PMT-0062,F-07,3.71,residential,analog,False
C-004812,PMT-0075,F-08,7.77,residential,analog,False
C-004813,PMT-0159,F-16,5.42,residential,electronic,False
C-004814,PMT-0167,F-17,1.62,residential,analog,True
C-004815,PMT-0224,F-23,76.07,industrial,analog,False
C-004816,PMT-0090,F-09,2.36,residential,electronic,False
C-004817,PMT-0262,F-27,3.0,residential,electronic,False
C-004818,PMT-0099,F-10,3.65,residential,analog,False
C-004819,PMT-0161,F-17,6.43,residential,analog,True
C-004820,PMT-0280,F-28,23.88,commercial,electronic,False
C-004821,PMT-0162,F-17,23.49,commercial,analog,False
C-004822,PMT-0205,F-21,8.41,commercial,analog,False
C-004823,PMT-0273,F-28,1.42,residential,electronic,False
C-004824,PMT-0293,F-30,6.8,residential,electronic,False
C-004825,PMT-0150,F-15,3.02,residential,analog,False
C-004826,PMT-0126,F-13,5.08,residential,analog,False
C-004827,PMT-0060,F-06,24.57,commercial,analog,False
C-004828,PMT-0162,F-17,2.3,residential,electronic,False
C-004829,PMT-0276,F-28,3.62,residential,electronic,False
C-004830,PMT-0147,F-15,7.07,residential,electronic,False
C-004831,PMT-0105,F-11,5.55,residential,analog,False
C-004832,PMT-0033,F-04,7.56,residential,electronic,False
C-004833,PMT-0117,F-12,5.42,residential,analog,False
C-004834,PMT-0072,F-08,3.12,residential,analog,False
C-004835,PMT-0294,F-30,21.1,commercial,electronic,False
C-004836,PMT-0159,F-16,6.31,residential,analog,False
C-004837,PMT-0042,F-05,7.54,residential,analog,False
C-004838,PMT-0021,F-03,4.33,residential,analog,False
C-004839,PMT-0256,F-26,15.06,commercial,electronic,False
C-004840,PMT-0280,F-28,45.91,industrial,analog,False
C-004841,PMT-0229,F-23,2.88,residential,analog,False
C-004842,PMT-0038,F-04,7.98,residential,analog,False
C-004843,PMT-0030,F-03,7.84,residential,electronic,False
C-004844,PMT-0060,F-06,4.71,residential,electronic,False
C-004845,PMT-0226,F-23,7.69,residential,analog,False
C-004846,PMT-0230,F-23,3.49,residential,electronic,False
C-004847,PMT-0252,F-26,22.0,commercial,analog,False
C-004848,PMT-0030,F-03,5.44,residential,analog,False
C-004849,PMT-0046,F-05,6.02,residential,analog,False
C-004850,PMT-0271,F-28,6.03,residential,analog,False
C-004851,PMT-0279,F-28,5.45,residential,analog,False
C-004852,PMT-0218,F-22,6.97,residential,analog,True
C-004853,PMT-0032,F-04,3.74,residential,analog,False
C-004854,PMT-0021,F-03,6.94,residential,electronic,False
C-004855,PMT-0017,F-02,2.28,residential,analog,False
C-004856,PMT-0208,F-21,2.4,residential,electronic,False
C-004857,PMT-0254,F-26,6.02,residential,electronic,False
C-004858,PMT-0190,F-19,6.25,residential,analog,False
C-004859,PMT-0079,F-08,7.32,residential,electronic,False
C-004860,PMT-0228,F-23,2.92,residential,analog,False
C-004861,PMT-0018,F-02,1.39,residential,analog,False
C-004862,PMT-0249,F-25,4.55,residential,electronic,False
C-004863,PMT-0268,F-27,7.13,residential,analog,False
C-004864,PMT-0216,F-22,24.43,commercial,analog,False
C-004865,PMT-0264,F-27,7.0,residential,electronic,False
C-004866,PMT-0176,F-18,4.43,residential,electronic,True
C-004867,PMT-0141,F-15,7.04,residential,analog,False
C-004868,PMT-0097,F-10,2.5,residential,analog,False
C-004869,PMT-0277,F-28,7.45,residential,electronic,False
C-004870,PMT-0210,F-21,16.34,commercial,electronic,False
C-004871,PMT-0058,F-06,3.73,residential,analog,False
C-004872,PMT-0288,F-29,16.63,commercial,electronic,True
C-004873,PMT-0018,F-02,6.49,residential,analog,False
C-004874,PMT-0177,F-18,2.68,residential,analog,False
C-004875,PMT-0058,F-06,1.71,residential,electronic,False
C-004876,PMT-0200,F-20,6.13,residential,electronic,False
C-004877,PMT-0124,F-13,24.05,commercial,analog,False
C-004878,PMT-0132,F-14,17.74,commercial,electronic,False
C-004879,PMT-0202,F-21,2.0,residential,analog,False
C-004880,PMT-0227,F-23,5.5,residential,analog,False
C-004881,PMT-0115,F-12,1.82,residential,electronic,False
C-004882,PMT-0300,F-30,3.12,residential,analog,False
C-004883,PMT-0150,F-15,1.22,residential,analog,False
C-004884,PMT-0049,F-05,4.41,residential,analog,True
C-004885,PMT-0002,F-01,3.25,residential,analog,False
C-004886,PMT-0061,F-07,6.95,commercial,electronic,True
C-004887,PMT-0208,F-21,3.16,residential,analog,False
C-004888,PMT-0162,F-17,5.53,residential,analog,True
C-004889,PMT-0102,F-11,3.02,residential,electronic,False
C-004890,PMT-0145,F-15,7.86,commercial,electronic,False
C-004891,PMT-0252,F-26,4.81,residential,electronic,False
C-004892,PMT-0172,F-18,6.27,residential,electronic,False
C-004893,PMT-0018,F-02,6.81,residential,electronic,False
C-004894,PMT-0015,F-02,14.44,commercial,electronic,False
C-004895,PMT-0145,F-15,5.98,residential,analog,False
C-004896,PMT-0122,F-13,21.67,commercial,analog,False
C-004897,PMT-0256,F-26,5.71,residential,analog,False
C-004898,PMT-0175,F-18,4.69,residential,electronic,False
C-004899,PMT-0228,F-23,1.42,residential,electronic,False
C-004900,PMT-0176,F-18,10.8,commercial,electronic,True
C-004901,PMT-0104,F-11,3.24,residential,analog,False
C-004902,PMT-0198,F-20,3.77,residential,electronic,False
C-004903,PMT-0187,F-19,7.66,residential,analog,False
C-004904,PMT-0217,F-22,2.46,residential,analog,False
C-004905,PMT-0057,F-06,4.79,residential,analog,False
C-004906,PMT-0193,F-20,7.94,residential,analog,False
C-004907,PMT-0086,F-09,5.33,residential,electronic,False
C-004908,PMT-0238,F-24,2.46,residential,analog,False
C-004909,PMT-0240,F-24,7.72,residential,analog,False
C-004910,PMT-0188,F-19,11.73,commercial,electronic,False
C-004911,PMT-0285,F-29,1.34,residential,analog,True
C-004912,PMT-0162,F-17,4.02,residential,analog,False
C-004913,PMT-0008,F-01,9.81,commercial,analog,False
C-004914,PMT-0182,F-19,6.73,residential,analog,False
C-004915,PMT-0234,F-24,2.54,residential,electronic,False
C-004916,PMT-0031,F-04,6.74,residential,analog,True
C-004917,PMT-0032,F-04,1.25,residential,analog,False
C-004918,PMT-0082,F-09,7.5,residential,analog,False
C-004919,PMT-0254,F-26,1.3,residential,analog,False
C-004920,PMT-0159,F-16,23.77,commercial,analog,True
C-004921,PMT-0293,F-30,1.52,residential,analog,False
C-004922,PMT-0262,F-27,7.11,residential,electronic,False
C-004923,PMT-0167,F-17,6.82,residential,analog,False
C-004924,PMT-0204,F-21,5.16,residential,electronic,False
C-004925,PMT-0100,F-10,1.25,residential,electronic,False
C-004926,PMT-0028,F-03,69.69,industrial,analog,True
C-004927,PMT-0120,F-12,5.32,residential,analog,False
C-004928,PMT-0178,F-18,4.9,residential,electronic,False
C-004929,PMT-0055,F-06,5.42,residential,analog,False
C-004930,PMT-0067,F-07,7.78,residential,electronic,True
C-004931,PMT-0005,F-01,7.97,residential,analog,False
C-004932,PMT-0221,F-23,4.64,residential,analog,False
C-004933,PMT-0270,F-27,1.64,residential,electronic,False
C-004934,PMT-0249,F-25,1.94,residential,electronic,False
C-004935,PMT-0114,F-12,19.41,commercial,analog,False
C-004936,PMT-0179,F-18,7.87,residential,electronic,False
C-004937,PMT-0289,F-29,4.05,residential,analog,False
C-004938,PMT-0178,F-18,1.69,residential,analog,False
C-004939,PMT-0089,F-09,3.47,residential,electronic,False
C-004940,PMT-0102,F-11,3.7,residential,analog,True
C-004941,PMT-0219,F-22,24.93,commercial,analog,False
C-004942,PMT-0134,F-14,5.81,residential,analog,False
C-004943,PMT-0252,F-26,1.83,residential,electronic,False
C-004944,PMT-0260,F-26,3.36,residential,analog,True
C-004945,PMT-0011,F-02,1.34,residential,electronic,True
C-004946,PMT-0217,F-22,5.57,residential,electronic,False
C-004947,PMT-0111,F-12,18.45,commercial,electronic,False
C-004948,PMT-0156,F-16,1.4,residential,analog,False
C-004949,PMT-0080,F-08,3.35,residential,analog,False
C-004950,PMT-0111,F-12,7.32,residential,electronic,False
C-004951,PMT-0100,F-10,6.79,residential,analog,False
C-004952,PMT-0016,F-02,65.94,industrial,analog,False
C-004953,PMT-0235,F-24,14.69,commercial,analog,False
C-004954,PMT-0043,F-05,7.95,residential,electronic,False
C-004955,PMT-0113,F-12,6.06,residential,electronic,False
C-004956,PMT-0058,F-06,7.67,residential,analog,False
C-004957,PMT-0049,F-05,1.5,residential,analog,False
C-004958,PMT-0113,F-12,2.49,residential,electronic,False
C-004959,PMT-0276,F-28,1.22,residential,analog,False
C-004960,PMT-0284,F-29,7.08,residential,electronic,False
C-004961,PMT-0115,F-12,5.86,residential,analog,False
C-004962,PMT-0152,F-16,2.24,residential,analog,False
C-004963,PMT-0296,F-30,7.82,residential,analog,False
C-004964,PMT-0071,F-08,96.46,industrial,analog,False
C-004965,PMT-0284,F-29,2.57,residential,analog,False
C-004966,PMT-0032,F-04,5.53,residential,electronic,False
C-004967,PMT-0068,F-07,5.68,residential,analog,False
C-004968,PMT-0102,F-11,1.03,residential,electronic,False
C-004969,PMT-0012,F-02,5.82,residential,analog,False
C-004970,PMT-0245,F-25,2.55,residential,analog,False
C-004971,PMT-0257,F-26,7.31,residential,analog,False
C-004972,PMT-0116,F-12,6.87,residential,analog,False
C-004973,PMT-0251,F-26,92.42,industrial,analog,False
C-004974,PMT-0232,F-24,6.3,residential,electronic,False
C-004975,PMT-0241,F-25,2.15,residential,analog,False
C-004976,PMT-0241,F-25,3.52,residential,analog,False
C-004977,PMT-0173,F-18,5.96,residential,analog,True
C-004978,PMT-0034,F-04,11.47,commercial,electronic,False
C-004979,PMT-0278,F-28,5.97,residential,analog,False
C-004980,PMT-0183,F-19,3.35,residential,analog,False
C-004981,PMT-0271,F-28,2.24,residential,analog,False
C-004982,PMT-0288,F-29,4.63,residential,analog,True
C-004983,PMT-0057,F-06,74.9,industrial,analog,True
C-004984,PMT-0121,F-13,4.62,residential,electronic,False
C-004985,PMT-0058,F-06,5.49,residential,analog,False
C-004986,PMT-0016,F-02,55.04,industrial,analog,False
C-004987,PMT-0290,F-29,20.57,commercial,analog,False
C-004988,PMT-0277,F-28,18.0,commercial,analog,False
C-004989,PMT-0280,F-28,5.02,residential,electronic,False
C-004990,PMT-0266,F-27,4.05,residential,electronic,False
C-004991,PMT-0195,F-20,4.75,residential,analog,False
C-004992,PMT-0157,F-16,1.36,residential,electronic,False
C-004993,PMT-0298,F-30,5.67,residential,analog,True
C-004994,PMT-0166,F-17,2.43,residential,analog,False
C-004995,PMT-0193,F-20,7.02,residential,electronic,False
C-004996,PMT-0064,F-07,6.69,residential,electronic,True
C-004997,PMT-0225,F-23,4.7,residential,analog,False
C-004998,PMT-0246,F-25,6.93,residential,analog,False
C-004999,PMT-0204,F-21,5.7,residential,electronic,False
C-005000,PMT-0150,F-15,1.99,residential,analog,False
C-005001,PMT-0060,F-06,6.19,residential,analog,False
C-005002,PMT-0011,F-02,7.97,residential,analog,False
C-005003,PMT-0189,F-19,1.29,residential,electronic,False
C-005004,PMT-0205,F-21,2.71,residential,analog,False
C-005005,PMT-0232,F-24,5.18,residential,analog,True
C-005006,PMT-0286,F-29,3.91,residential,analog,False
C-005007,PMT-0150,F-15,5.46,residential,analog,False
C-005008,PMT-0249,F-25,66.91,industrial,electronic,False
C-005009,PMT-0215,F-22,6.52,residential,analog,False
C-005010,PMT-0084,F-09,1.5,residential,electronic,False
C-005011,PMT-0254,F-26,4.08,residential,electronic,False
C-005012,PMT-0016,F-02,7.02,residential,analog,False
C-005013,PMT-0180,F-18,3.54,residential,electronic,False
C-005014,PMT-0283,F-29,4.53,residential,analog,False
C-005015,PMT-0198,F-20,5.43,commercial,analog,False
C-005016,PMT-0282,F-29,2.57,residential,analog,False
C-005017,PMT-0017,F-02,4.25,residential,analog,False
C-005018,PMT-0160,F-16,3.79,residential,analog,False
C-005019,PMT-0235,F-24,6.0,residential,analog,False
C-005020,PMT-0193,F-20,5.28,residential,analog,False
C-005021,PMT-0265,F-27,7.16,residential,electronic,False
C-005022,PMT-0139,F-14,6.98,residential,analog,False
C-005023,PMT-0205,F-21,2.69,residential,analog,False
C-005024,PMT-0126,F-13,21.41,industrial,electronic,False
C-005025,PMT-0262,F-27,6.98,residential,analog,False
C-005026,PMT-0036,F-04,3.3,residential,electronic,False
C-005027,PMT-0077,F-08,11.94,commercial,electronic,False
C-005028,PMT-0030,F-03,2.11,residential,analog,False
C-005029,PMT-0211,F-22,18.86,commercial,analog,False
C-005030,PMT-0070,F-07,2.96,residential,electronic,False
C-005031,PMT-0096,F-10,2.24,residential,electronic,False
C-005032,PMT-0251,F-26,4.52,residential,electronic,False
C-005033,PMT-0109,F-11,6.25,residential,electronic,False
C-005034,PMT-0044,F-05,2.89,residential,analog,False
C-005035,PMT-0007,F-01,77.76,industrial,analog,False
C-005036,PMT-0069,F-07,14.24,commercial,electronic,True
C-005037,PMT-0275,F-28,13.08,commercial,analog,False
C-005038,PMT-0165,F-17,3.52,residential,analog,False
C-005039,PMT-0299,F-30,2.02,residential,analog,False
C-005040,PMT-0065,F-07,3.33,residential,electronic,False
C-005041,PMT-0106,F-11,7.15,residential,electronic,False
C-005042,PMT-0049,F-05,1.72,residential,analog,False
C-005043,PMT-0120,F-12,7.71,residential,analog,False
C-005044,PMT-0169,F-17,1.75,residential,analog,False
C-005045,PMT-0243,F-25,3.53,residential,analog,False
C-005046,PMT-0111,F-12,5.24,residential,electronic,True
C-005047,PMT-0232,F-24,6.86,residential,analog,False
C-005048,PMT-0188,F-19,2.01,residential,electronic,False
C-005049,PMT-0088,F-09,31.29,industrial,analog,False
C-005050,PMT-0274,F-28,5.4,residential,electronic,False
C-005051,PMT-0131,F-14,3.05,residential,analog,False
C-005052,PMT-0046,F-05,5.51,residential,electronic,False
C-005053,PMT-0289,F-29,6.74,residential,analog,False
C-005054,PMT-0275,F-28,1.54,residential,electronic,False
C-005055,PMT-0015,F-02,21.89,commercial,electronic,False
C-005056,PMT-0271,F-28,1.26,residential,analog,False
C-005057,PMT-0285,F-29,7.29,residential,electronic,False
C-005058,PMT-0249,F-25,7.83,residential,analog,True
C-005059,PMT-0077,F-08,5.67,residential,analog,False
C-005060,PMT-0190,F-19,98.74,industrial,analog,False
C-005061,PMT-0162,F-17,21.44,commercial,analog,False
C-005062,PMT-0187,F-19,1.31,residential,electronic,False
C-005063,PMT-0185,F-19,5.08,commercial,electronic,True
C-005064,PMT-0192,F-20,1.15,residential,analog,False
C-005065,PMT-0155,F-16,4.16,residential,electronic,False
C-005066,PMT-0208,F-21,17.47,commercial,analog,False
C-005067,PMT-0158,F-16,4.37,residential,analog,False
C-005068,PMT-0005,F-01,74.17,industrial,electronic,False
C-005069,PMT-0011,F-02,4.15,residential,analog,False
C-005070,PMT-0288,F-29,1.3,residential,analog,False
C-005071,PMT-0273,F-28,2.58,residential,analog,False
C-005072,PMT-0176,F-18,24.85,commercial,analog,False
C-005073,PMT-0053,F-06,3.42,residential,analog,False
C-005074,PMT-0235,F-24,11.5,commercial,analog,False
C-005075,PMT-0043,F-05,2.07,residential,analog,True
C-005076,PMT-0114,F-12,7.91,residential,electronic,False
C-005077,PMT-0099,F-10,2.61,residential,analog,False
C-005078,PMT-0004,F-01,5.53,residential,electronic,False
C-005079,PMT-0243,F-25,1.29,residential,electronic,False
C-005080,PMT-0153,F-16,1.47,residential,analog,False
C-005081,PMT-0095,F-10,6.02,residential,analog,False
C-005082,PMT-0153,F-16,5.45,residential,analog,False
C-005083,PMT-0001,F-01,5.76,residential,electronic,False
C-005084,PMT-0132,F-14,38.48,industrial,electronic,False
C-005085,PMT-0156,F-16,7.89,residential,analog,False
C-005086,PMT-0102,F-11,16.17,commercial,analog,True
C-005087,PMT-0250,F-25,7.79,residential,analog,False
C-005088,PMT-0075,F-08,8.28,commercial,analog,True
C-005089,PMT-0042,F-05,3.84,residential,analog,True
C-005090,PMT-0159,F-16,3.35,residential,analog,False
C-005091,PMT-0267,F-27,6.29,residential,analog,False
C-005092,PMT-0113,F-12,6.23,residential,electronic,False
C-005093,PMT-0014,F-02,4.41,residential,analog,False
C-005094,PMT-0291,F-30,1.11,residential,analog,False
C-005095,PMT-0134,F-14,8.5,commercial,analog,True
C-005096,PMT-0052,F-06,1.35,residential,electronic,False
C-005097,PMT-0185,F-19,6.93,residential,analog,False
C-005098,PMT-0096,F-10,43.18,industrial,analog,False
C-005099,PMT-0282,F-29,1.83,residential,analog,False
C-005100,PMT-0089,F-09,3.48,residential,electronic,False
C-005101,PMT-0166,F-17,26.18,industrial,analog,True
C-005102,PMT-0163,F-17,7.85,residential,electronic,False
C-005103,PMT-0073,F-08,11.3,commercial,electronic,False
C-005104,PMT-0150,F-15,23.66,commercial,electronic,False
C-005105,PMT-0033,F-04,5.78,residential,electronic,False
C-005106,PMT-0194,F-20,4.96,residential,analog,False
C-005107,PMT-0228,F-23,4.33,residential,analog,False
C-005108,PMT-0286,F-29,18.75,commercial,electronic,False
C-005109,PMT-0098,F-10,18.73,commercial,electronic,False
C-005110,PMT-0086,F-09,1.07,residential,electronic,False
C-005111,PMT-0165,F-17,7.35,residential,analog,False
C-005112,PMT-0208,F-21,3.58,residential,electronic,False
C-005113,PMT-0298,F-30,3.47,residential,analog,False
C-005114,PMT-0008,F-01,13.13,commercial,analog,False
C-005115,PMT-0072,F-08,5.8,residential,analog,False
C-005116,PMT-0079,F-08,3.63,residential,analog,False
C-005117,PMT-0077,F-08,12.48,commercial,analog,False
C-005118,PMT-0140,F-14,1.44,residential,analog,False
C-005119,PMT-0262,F-27,3.92,residential,analog,False
C-005120,PMT-0010,F-01,2.05,residential,electronic,False
C-005121,PMT-0245,F-25,6.99,residential,electronic,False
C-005122,PMT-0186,F-19,3.34,residential,electronic,False
C-005123,PMT-0185,F-19,7.73,residential,electronic,False
C-005124,PMT-0204,F-21,5.79,residential,electronic,False
C-005125,PMT-0035,F-04,6.29,residential,electronic,False
C-005126,PMT-0225,F-23,7.63,residential,analog,False
C-005127,PMT-0075,F-08,2.67,residential,analog,False
C-005128,PMT-0155,F-16,65.38,industrial,electronic,True
C-005129,PMT-0204,F-21,1.29,residential,analog,True
C-005130,PMT-0182,F-19,1.71,residential,electronic,False
C-005131,PMT-0097,F-10,12.33,commercial,analog,False
C-005132,PMT-0119,F-12,5.78,residential,analog,False
C-005133,PMT-0143,F-15,6.82,residential,analog,False
C-005134,PMT-0013,F-02,10.13,commercial,electronic,False
C-005135,PMT-0218,F-22,6.24,residential,analog,True
C-005136,PMT-0030,F-03,2.57,residential,analog,False
C-005137,PMT-0138,F-14,1.04,residential,analog,True
C-005138,PMT-0197,F-20,1.38,residential,analog,False
C-005139,PMT-0025,F-03,5.1,residential,analog,False
C-005140,PMT-0299,F-30,4.48,residential,electronic,False
C-005141,PMT-0114,F-12,2.89,residential,analog,True
C-005142,PMT-0005,F-01,5.13,commercial,electronic,False
C-005143,PMT-0198,F-20,4.98,residential,analog,False
C-005144,PMT-0168,F-17,6.72,residential,electronic,False
C-005145,PMT-0193,F-20,1.48,residential,electronic,False
C-005146,PMT-0226,F-23,19.73,commercial,electronic,False
C-005147,PMT-0143,F-15,5.44,residential,electronic,False
C-005148,PMT-0249,F-25,4.36,residential,analog,False
C-005149,PMT-0112,F-12,1.34,residential,analog,False
C-005150,PMT-0164,F-17,7.46,residential,analog,False
C-005151,PMT-0048,F-05,4.34,residential,analog,False
C-005152,PMT-0186,F-19,12.99,commercial,analog,False
C-005153,PMT-0079,F-08,7.03,residential,analog,False
C-005154,PMT-0210,F-21,6.92,residential,electronic,True
C-005155,PMT-0241,F-25,6.09,residential,analog,False
C-005156,PMT-0258,F-26,6.81,residential,analog,False
C-005157,PMT-0279,F-28,1.87,residential,analog,True
C-005158,PMT-0037,F-04,6.33,residential,analog,False
C-005159,PMT-0042,F-05,3.3,residential,analog,False
C-005160,PMT-0278,F-28,7.07,residential,electronic,False
C-005161,PMT-0115,F-12,3.59,residential,analog,False
C-005162,PMT-0008,F-01,1.38,residential,electronic,False
C-005163,PMT-0087,F-09,3.9,residential,analog,False
C-005164,PMT-0251,F-26,6.3,residential,analog,False
C-005165,PMT-0107,F-11,4.51,residential,analog,True
C-005166,PMT-0024,F-03,81.09,industrial,analog,False
C-005167,PMT-0217,F-22,5.71,commercial,analog,False
C-005168,PMT-0059,F-06,8.54,commercial,analog,False
C-005169,PMT-0106,F-11,16.27,commercial,electronic,False
C-005170,PMT-0002,F-01,3.7,residential,electronic,False
C-005171,PMT-0181,F-19,5.76,residential,analog,False
C-005172,PMT-0134,F-14,7.74,residential,electronic,False
C-005173,PMT-0261,F-27,18.2,commercial,electronic,False
C-005174,PMT-0101,F-11,3.92,residential,analog,False
C-005175,PMT-0062,F-07,4.8,residential,analog,False
C-005176,PMT-0050,F-05,7.39,residential,analog,False
C-005177,PMT-0061,F-07,5.71,residential,electronic,False
C-005178,PMT-0136,F-14,6.62,residential,analog,False
C-005179,PMT-0027,F-03,3.11,residential,analog,False
C-005180,PMT-0121,F-13,6.21,residential,analog,False
C-005181,PMT-0257,F-26,7.79,commercial,analog,False
C-005182,PMT-0231,F-24,6.25,residential,analog,False
C-005183,PMT-0192,F-20,7.17,residential,analog,False
C-005184,PMT-0268,F-27,7.3,residential,electronic,False
C-005185,PMT-0235,F-24,1.82,residential,analog,False
C-005186,PMT-0196,F-20,6.81,residential,analog,False
C-005187,PMT-0259,F-26,1.77,residential,analog,False
C-005188,PMT-0038,F-04,4.35,residential,analog,False
C-005189,PMT-0246,F-25,5.78,residential,electronic,False
C-005190,PMT-0089,F-09,4.39,residential,electronic,False
C-005191,PMT-0220,F-22,11.8,commercial,electronic,True
C-005192,PMT-0274,F-28,5.79,residential,analog,False
C-005193,PMT-0149,F-15,5.63,residential,electronic,False
C-005194,PMT-0027,F-03,5.08,residential,electronic,False
C-005195,PMT-0112,F-12,4.7,residential,analog,False
C-005196,PMT-0123,F-13,19.11,commercial,electronic,False
C-005197,PMT-0282,F-29,3.82,residential,electronic,False
C-005198,PMT-0283,F-29,1.48,residential,electronic,False
C-005199,PMT-0171,F-18,4.76,residential,analog,False
C-005200,PMT-0286,F-29,19.47,commercial,analog,False
C-005201,PMT-0131,F-14,3.09,residential,electronic,False
C-005202,PMT-0124,F-13,1.99,residential,analog,False
C-005203,PMT-0251,F-26,7.38,residential,electronic,False
C-005204,PMT-0201,F-21,7.05,residential,analog,False
C-005205,PMT-0157,F-16,5.33,residential,analog,False
C-005206,PMT-0138,F-14,6.51,residential,electronic,False
C-005207,PMT-0212,F-22,7.78,residential,analog,False
C-005208,PMT-0227,F-23,4.98,residential,analog,False
C-005209,PMT-0148,F-15,2.71,residential,electronic,False
C-005210,PMT-0010,F-01,5.47,residential,electronic,True
C-005211,PMT-0031,F-04,7.4,residential,analog,False
C-005212,PMT-0044,F-05,5.83,residential,analog,False
C-005213,PMT-0139,F-14,1.18,residential,analog,False
C-005214,PMT-0185,F-19,7.42,residential,analog,False
C-005215,PMT-0242,F-25,6.28,residential,electronic,False
C-005216,PMT-0070,F-07,3.81,residential,electronic,False
C-005217,PMT-0236,F-24,7.91,residential,analog,True
C-005218,PMT-0200,F-20,6.05,residential,analog,False
C-005219,PMT-0016,F-02,6.78,residential,analog,False
C-005220,PMT-0106,F-11,7.6,residential,analog,False
C-005221,PMT-0091,F-10,5.79,commercial,analog,False
C-005222,PMT-0266,F-27,6.42,residential,electronic,False
C-005223,PMT-0277,F-28,3.7,residential,electronic,False
C-005224,PMT-0246,F-25,7.08,residential,analog,True
C-005225,PMT-0159,F-16,7.15,residential,electronic,False
C-005226,PMT-0148,F-15,6.8,residential,analog,False
C-005227,PMT-0094,F-10,6.45,residential,analog,False
C-005228,PMT-0232,F-24,6.56,residential,analog,False
C-005229,PMT-0026,F-03,3.08,residential,analog,False
C-005230,PMT-0082,F-09,3.85,residential,analog,False
C-005231,PMT-0041,F-05,1.81,residential,electronic,False
C-005232,PMT-0149,F-15,6.81,residential,analog,False
C-005233,PMT-0090,F-09,5.52,residential,analog,False
C-005234,PMT-0060,F-06,5.29,residential,analog,False
C-005235,PMT-0113,F-12,2.72,residential,electronic,False
C-005236,PMT-0259,F-26,5.31,residential,analog,False
C-005237,PMT-0168,F-17,14.09,commercial,electronic,False
C-005238,PMT-0247,F-25,7.97,residential,electronic,False
C-005239,PMT-0275,F-28,7.04,residential,analog,False
C-005240,PMT-0271,F-28,4.68,residential,analog,True
C-005241,PMT-0106,F-11,6.66,residential,analog,False
C-005242,PMT-0264,F-27,2.15,residential,analog,False
C-005243,PMT-0273,F-28,1.71,residential,analog,False
C-005244,PMT-0288,F-29,5.41,residential,electronic,False
C-005245,PMT-0106,F-11,6.09,residential,electronic,False
C-005246,PMT-0069,F-07,1.37,residential,analog,True
C-005247,PMT-0176,F-18,2.41,residential,analog,False
C-005248,PMT-0280,F-28,4.76,residential,analog,False
C-005249,PMT-0271,F-28,1.44,residential,analog,True
C-005250,PMT-0172,F-18,13.48,commercial,analog,False
C-005251,PMT-0045,F-05,4.37,residential,electronic,True
C-005252,PMT-0127,F-13,93.74,industrial,analog,False
C-005253,PMT-0215,F-22,11.31,commercial,analog,False
C-005254,PMT-0169,F-17,2.18,residential,electronic,False
C-005255,PMT-0104,F-11,1.05,residential,analog,False
C-005256,PMT-0103,F-11,1.85,residential,electronic,True
C-005257,PMT-0018,F-02,20.02,commercial,electronic,False
C-005258,PMT-0087,F-09,4.11,residential,analog,False
C-005259,PMT-0201,F-21,2.39,residential,analog,False
C-005260,PMT-0073,F-08,23.66,commercial,electronic,False
C-005261,PMT-0299,F-30,20.75,commercial,analog,False
C-005262,PMT-0025,F-03,29.15,industrial,analog,False
C-005263,PMT-0177,F-18,2.88,residential,electronic,False
C-005264,PMT-0149,F-15,6.95,residential,analog,False
C-005265,PMT-0250,F-25,5.85,residential,analog,False
C-005266,PMT-0267,F-27,7.62,residential,analog,False
C-005267,PMT-0164,F-17,1.53,residential,analog,False
C-005268,PMT-0190,F-19,6.43,residential,electronic,False
C-005269,PMT-0210,F-21,1.53,residential,electronic,False
C-005270,PMT-0157,F-16,3.36,residential,analog,False
C-005271,PMT-0056,F-06,6.25,residential,analog,True
C-005272,PMT-0129,F-13,19.22,commercial,electronic,False
C-005273,PMT-0073,F-08,1.01,residential,analog,False
C-005274,PMT-0140,F-14,2.41,residential,analog,True
C-005275,PMT-0185,F-19,6.45,residential,analog,True
C-005276,PMT-0063,F-07,1.88,residential,analog,False
C-005277,PMT-0075,F-08,3.28,residential,analog,False
C-005278,PMT-0247,F-25,2.29,residential,analog,False
C-005279,PMT-0114,F-12,1.78,residential,analog,False
C-005280,PMT-0060,F-06,86.93,industrial,analog,False
C-005281,PMT-0214,F-22,1.43,residential,electronic,False
C-005282,PMT-0215,F-22,15.72,commercial,analog,False
C-005283,PMT-0248,F-25,5.85,residential,electronic,False
C-005284,PMT-0228,F-23,24.61,industrial,analog,False
C-005285,PMT-0298,F-30,5.43,residential,analog,False
C-005286,PMT-0173,F-18,3.34,residential,analog,False
C-005287,PMT-0087,F-09,21.67,commercial,analog,False
C-005288,PMT-0259,F-26,20.95,commercial,analog,False
C-005289,PMT-0080,F-08,6.56,residential,analog,False
C-005290,PMT-0088,F-09,3.79,residential,analog,False
C-005291,PMT-0249,F-25,6.76,residential,analog,False
C-005292,PMT-0265,F-27,5.41,residential,analog,False
C-005293,PMT-0102,F-11,12.57,commercial,electronic,True
C-005294,PMT-0219,F-22,1.56,residential,analog,False
C-005295,PMT-0277,F-28,1.47,residential,electronic,False
C-005296,PMT-0240,F-24,2.76,residential,analog,False
C-005297,PMT-0002,F-01,3.1,residential,analog,True
C-005298,PMT-0200,F-20,7.49,residential,analog,True
C-005299,PMT-0051,F-06,8.0,residential,electronic,False
C-005300,PMT-0254,F-26,31.49,industrial,analog,False
C-005301,PMT-0021,F-03,7.6,residential,electronic,False
C-005302,PMT-0298,F-30,5.95,residential,electronic,False
C-005303,PMT-0054,F-06,4.49,residential,analog,False
C-005304,PMT-0127,F-13,7.68,residential,analog,False
C-005305,PMT-0071,F-08,19.27,commercial,analog,False
C-005306,PMT-0245,F-25,5.16,residential,analog,False
C-005307,PMT-0119,F-12,2.47,residential,electronic,False
C-005308,PMT-0224,F-23,2.71,residential,electronic,False
C-005309,PMT-0021,F-03,7.38,residential,analog,False
C-005310,PMT-0136,F-14,2.51,residential,analog,False
C-005311,PMT-0274,F-28,1.23,residential,analog,False
C-005312,PMT-0279,F-28,2.86,residential,electronic,False
C-005313,PMT-0063,F-07,4.36,residential,analog,False
C-005314,PMT-0119,F-12,50.56,industrial,electronic,False
C-005315,PMT-0123,F-13,7.55,residential,analog,False
C-005316,PMT-0170,F-17,13.37,commercial,electronic,False
C-005317,PMT-0162,F-17,7.22,residential,analog,True
C-005318,PMT-0032,F-04,5.16,residential,analog,False
C-005319,PMT-0229,F-23,61.93,industrial,electronic,False
C-005320,PMT-0068,F-07,2.12,residential,electronic,False
C-005321,PMT-0095,F-10,10.42,commercial,analog,False
C-005322,PMT-0253,F-26,7.07,residential,electronic,False
C-005323,PMT-0207,F-21,6.46,residential,analog,False
C-005324,PMT-0119,F-12,4.13,residential,analog,False
C-005325,PMT-0274,F-28,7.36,residential,analog,False
C-005326,PMT-0119,F-12,6.73,residential,analog,False
C-005327,PMT-0170,F-17,1.78,residential,electronic,False
C-005328,PMT-0074,F-08,5.24,residential,analog,False
C-005329,PMT-0055,F-06,6.59,residential,analog,False
C-005330,PMT-0148,F-15,21.17,commercial,electronic,False
C-005331,PMT-0169,F-17,1.64,residential,analog,False
C-005332,PMT-0242,F-25,9.49,commercial,analog,True
C-005333,PMT-0118,F-12,3.89,residential,analog,False
C-005334,PMT-0269,F-27,2.76,residential,electronic,False
C-005335,PMT-0183,F-19,1.76,residential,analog,False
C-005336,PMT-0022,F-03,17.58,commercial,electronic,False
C-005337,PMT-0222,F-23,4.55,residential,electronic,False
C-005338,PMT-0173,F-18,8.1,commercial,electronic,False
C-005339,PMT-0117,F-12,5.1,residential,electronic,False
C-005340,PMT-0141,F-15,1.43,residential,analog,False
C-005341,PMT-0091,F-10,3.68,residential,electronic,False
C-005342,PMT-0185,F-19,83.4,industrial,analog,False
C-005343,PMT-0171,F-18,7.23,residential,analog,False
C-005344,PMT-0135,F-14,39.62,industrial,analog,False
C-005345,PMT-0086,F-09,7.02,residential,electronic,False
C-005346,PMT-0120,F-12,22.84,commercial,analog,False
C-005347,PMT-0150,F-15,5.25,residential,electronic,False
C-005348,PMT-0142,F-15,7.88,residential,electronic,True
C-005349,PMT-0093,F-10,2.72,residential,analog,False
C-005350,PMT-0175,F-18,6.38,commercial,analog,False
C-005351,PMT-0068,F-07,6.9,residential,analog,False
C-005352,PMT-0151,F-16,4.44,residential,analog,False
C-005353,PMT-0037,F-04,3.43,residential,electronic,True
C-005354,PMT-0142,F-15,1.39,residential,analog,False
C-005355,PMT-0236,F-24,1.45,residential,analog,False
C-005356,PMT-0246,F-25,1.64,residential,analog,True
C-005357,PMT-0209,F-21,2.29,residential,analog,False
C-005358,PMT-0224,F-23,7.79,residential,analog,False
C-005359,PMT-0020,F-02,2.97,residential,analog,True
C-005360,PMT-0103,F-11,6.72,residential,electronic,False
C-005361,PMT-0197,F-20,5.39,commercial,analog,False
C-005362,PMT-0241,F-25,3.25,residential,analog,False
C-005363,PMT-0175,F-18,7.34,residential,analog,False
C-005364,PMT-0257,F-26,2.3,residential,electronic,False
C-005365,PMT-0082,F-09,2.99,residential,electronic,False
C-005366,PMT-0047,F-05,6.79,residential,analog,False
C-005367,PMT-0026,F-03,1.85,residential,analog,False
C-005368,PMT-0175,F-18,1.37,residential,electronic,False
C-005369,PMT-0200,F-20,7.76,residential,electronic,False
C-005370,PMT-0086,F-09,52.38,industrial,analog,False
C-005371,PMT-0236,F-24,5.61,residential,electronic,False
C-005372,PMT-0222,F-23,1.89,residential,analog,False
C-005373,PMT-0109,F-11,2.54,residential,analog,False
C-005374,PMT-0072,F-08,4.22,residential,electronic,True
C-005375,PMT-0223,F-23,5.73,residential,analog,False
C-005376,PMT-0202,F-21,3.05,residential,analog,False
C-005377,PMT-0052,F-06,7.19,residential,electronic,False
C-005378,PMT-0077,F-08,6.47,residential,electronic,False
C-005379,PMT-0146,F-15,4.86,residential,analog,False
C-005380,PMT-0154,F-16,4.21,residential,electronic,True
C-005381,PMT-0050,F-05,5.34,residential,analog,True
C-005382,PMT-0285,F-29,6.12,residential,electronic,False
C-005383,PMT-0117,F-12,1.94,residential,electronic,False
C-005384,PMT-0115,F-12,22.05,commercial,electronic,False
C-005385,PMT-0019,F-02,4.43,residential,electronic,False
C-005386,PMT-0263,F-27,7.55,residential,electronic,False
C-005387,PMT-0071,F-08,7.69,residential,electronic,False
C-005388,PMT-0297,F-30,1.22,residential,analog,False
C-005389,PMT-0149,F-15,3.69,residential,analog,False
C-005390,PMT-0263,F-27,4.68,residential,analog,False
C-005391,PMT-0054,F-06,4.78,residential,analog,False
C-005392,PMT-0050,F-05,21.45,commercial,electronic,False
C-005393,PMT-0241,F-25,1.99,residential,analog,False
C-005394,PMT-0246,F-25,5.36,residential,electronic,False
C-005395,PMT-0163,F-17,7.6,residential,analog,True
C-005396,PMT-0010,F-01,7.98,residential,analog,False
C-005397,PMT-0284,F-29,1.07,residential,analog,False
C-005398,PMT-0118,F-12,7.81,residential,analog,True
C-005399,PMT-0281,F-29,7.44,commercial,analog,False
C-005400,PMT-0262,F-27,15.74,commercial,analog,True
C-005401,PMT-0256,F-26,9.93,commercial,analog,False
C-005402,PMT-0207,F-21,5.24,residential,electronic,False
C-005403,PMT-0202,F-21,1.26,residential,analog,False
C-005404,PMT-0160,F-16,2.67,residential,electronic,False
C-005405,PMT-0008,F-01,3.1,residential,electronic,False
C-005406,PMT-0117,F-12,7.41,residential,analog,False
C-005407,PMT-0220,F-22,5.09,residential,analog,False
C-005408,PMT-0244,F-25,5.96,residential,electronic,False
C-005409,PMT-0168,F-17,5.73,residential,electronic,False
C-005410,PMT-0213,F-22,3.75,residential,analog,False
C-005411,PMT-0007,F-01,1.1,residential,electronic,True
C-005412,PMT-0141,F-15,1.75,residential,analog,False
C-005413,PMT-0153,F-16,4.21,residential,analog,True
C-005414,PMT-0268,F-27,7.59,residential,analog,False
C-005415,PMT-0094,F-10,2.74,residential,electronic,False
C-005416,PMT-0069,F-07,75.87,industrial,analog,False
C-005417,PMT-0106,F-11,6.79,residential,analog,False
C-005418,PMT-0052,F-06,7.35,residential,analog,False
C-005419,PMT-0168,F-17,3.05,residential,analog,False
C-005420,PMT-0193,F-20,7.52,residential,analog,False
C-005421,PMT-0241,F-25,5.26,residential,analog,False
C-005422,PMT-0292,F-30,4.56,residential,electronic,False
C-005423,PMT-0023,F-03,6.45,residential,electronic,False
C-005424,PMT-0075,F-08,2.67,residential,analog,False
C-005425,PMT-0091,F-10,6.69,residential,analog,True
C-005426,PMT-0075,F-08,5.55,residential,analog,False
C-005427,PMT-0249,F-25,6.6,residential,electronic,False
C-005428,PMT-0042,F-05,6.99,residential,analog,True
C-005429,PMT-0009,F-01,5.32,residential,electronic,False
C-005430,PMT-0259,F-26,1.26,residential,analog,False
C-005431,PMT-0289,F-29,3.08,residential,analog,False
C-005432,PMT-0068,F-07,7.15,residential,analog,False
C-005433,PMT-0100,F-10,5.39,residential,analog,False
C-005434,PMT-0151,F-16,7.23,residential,analog,False
C-005435,PMT-0158,F-16,3.69,residential,analog,False
C-005436,PMT-0298,F-30,60.38,industrial,analog,False
C-005437,PMT-0122,F-13,7.04,residential,electronic,False
C-005438,PMT-0004,F-01,20.24,commercial,analog,False
C-005439,PMT-0127,F-13,12.55,commercial,electronic,False
C-005440,PMT-0167,F-17,1.16,residential,electronic,False
C-005441,PMT-0156,F-16,7.16,residential,analog,False
C-005442,PMT-0154,F-16,6.5,residential,analog,False
C-005443,PMT-0277,F-28,55.93,industrial,analog,True
C-005444,PMT-0243,F-25,4.82,residential,electronic,False
C-005445,PMT-0076,F-08,2.43,residential,electronic,False
C-005446,PMT-0107,F-11,3.88,residential,electronic,True
C-005447,PMT-0201,F-21,8.26,commercial,analog,False
C-005448,PMT-0124,F-13,2.47,residential,electronic,False
C-005449,PMT-0129,F-13,6.92,residential,analog,False
C-005450,PMT-0051,F-06,3.54,residential,analog,False
C-005451,PMT-0077,F-08,6.7,residential,analog,False
C-005452,PMT-0223,F-23,14.48,commercial,analog,False
C-005453,PMT-0253,F-26,1.5,residential,analog,False
C-005454,PMT-0236,F-24,3.53,residential,analog,True
C-005455,PMT-0093,F-10,2.11,residential,electronic,False
C-005456,PMT-0041,F-05,5.86,residential,analog,False
C-005457,PMT-0048,F-05,7.38,residential,electronic,False
C-005458,PMT-0119,F-12,6.34,residential,analog,False
C-005459,PMT-0156,F-16,6.45,residential,analog,False
C-005460,PMT-0268,F-27,7.03,residential,analog,True
C-005461,PMT-0270,F-27,82.13,industrial,electronic,False
C-005462,PMT-0001,F-01,4.98,residential,electronic,False
C-005463,PMT-0213,F-22,6.0,residential,analog,True
C-005464,PMT-0090,F-09,3.91,residential,analog,True
C-005465,PMT-0060,F-06,1.5,residential,analog,False
C-005466,PMT-0167,F-17,19.11,commercial,analog,False
C-005467,PMT-0011,F-02,6.05,residential,electronic,False
C-005468,PMT-0101,F-11,2.57,residential,electronic,False
C-005469,PMT-0166,F-17,7.68,residential,analog,False
C-005470,PMT-0082,F-09,1.37,residential,analog,True
C-005471,PMT-0179,F-18,6.15,residential,analog,False
C-005472,PMT-0139,F-14,7.78,residential,electronic,False
C-005473,PMT-0240,F-24,3.16,residential,analog,False
C-005474,PMT-0055,F-06,23.25,commercial,analog,False
C-005475,PMT-0018,F-02,6.79,residential,electronic,False
C-005476,PMT-0159,F-16,6.21,residential,analog,False
C-005477,PMT-0078,F-08,7.68,residential,analog,False
C-005478,PMT-0213,F-22,5.58,residential,analog,False
C-005479,PMT-0028,F-03,4.46,residential,electronic,False
C-005480,PMT-0173,F-18,18.51,commercial,electronic,False
C-005481,PMT-0297,F-30,52.95,industrial,analog,False
C-005482,PMT-0028,F-03,3.27,residential,analog,False
C-005483,PMT-0091,F-10,1.58,residential,analog,False
C-005484,PMT-0254,F-26,3.65,residential,electronic,False
C-005485,PMT-0161,F-17,6.62,residential,analog,False
C-005486,PMT-0053,F-06,7.62,residential,analog,False
C-005487,PMT-0064,F-07,7.83,residential,analog,False
C-005488,PMT-0230,F-23,2.45,residential,electronic,True
C-005489,PMT-0259,F-26,65.71,industrial,analog,False
C-005490,PMT-0109,F-11,5.03,residential,analog,False
C-005491,PMT-0143,F-15,2.23,residential,analog,False
C-005492,PMT-0235,F-24,5.07,residential,electronic,True
C-005493,PMT-0054,F-06,49.02,industrial,electronic,True
C-005494,PMT-0062,F-07,7.6,residential,electronic,False
C-005495,PMT-0233,F-24,10.1,commercial,analog,False
C-005496,PMT-0056,F-06,21.7,commercial,analog,False
C-005497,PMT-0232,F-24,7.28,residential,analog,False
C-005498,PMT-0150,F-15,6.15,residential,electronic,False
C-005499,PMT-0298,F-30,2.5,residential,electronic,False
C-005500,PMT-0010,F-01,2.82,residential,analog,False
C-005501,PMT-0284,F-29,7.8,residential,analog,False
C-005502,PMT-0068,F-07,1.53,residential,analog,False
C-005503,PMT-0011,F-02,1.82,residential,electronic,False
C-005504,PMT-0218,F-22,7.85,residential,analog,False
C-005505,PMT-0160,F-16,6.44,residential,analog,False
C-005506,PMT-0252,F-26,6.22,residential,analog,False
C-005507,PMT-0033,F-04,2.12,residential,analog,False
C-005508,PMT-0025,F-03,4.42,residential,analog,False
C-005509,PMT-0171,F-18,6.89,residential,electronic,False
C-005510,PMT-0265,F-27,3.3,residential,electronic,False
C-005511,PMT-0122,F-13,2.35,residential,analog,False
C-005512,PMT-0240,F-24,1.08,residential,analog,False
C-005513,PMT-0272,F-28,5.36,residential,electronic,False
C-005514,PMT-0261,F-27,3.06,residential,electronic,False
C-005515,PMT-0153,F-16,22.27,commercial,analog,False
C-005516,PMT-0210,F-21,2.98,residential,electronic,False
C-005517,PMT-0158,F-16,2.06,residential,electronic,False
C-005518,PMT-0203,F-21,7.72,residential,electronic,True
C-005519,PMT-0171,F-18,7.75,residential,analog,False
C-005520,PMT-0158,F-16,74.8,industrial,analog,True
C-005521,PMT-0132,F-14,23.57,commercial,analog,True
C-005522,PMT-0196,F-20,2.13,residential,electronic,True
C-005523,PMT-0226,F-23,4.22,residential,electronic,False
C-005524,PMT-0276,F-28,2.43,residential,electronic,True
C-005525,PMT-0184,F-19,14.58,commercial,analog,False
C-005526,PMT-0031,F-04,6.54,residential,analog,False
C-005527,PMT-0177,F-18,87.59,industrial,electronic,False
C-005528,PMT-0095,F-10,1.03,residential,electronic,False
C-005529,PMT-0009,F-01,3.73,residential,electronic,False
C-005530,PMT-0022,F-03,7.96,residential,analog,False
C-005531,PMT-0178,F-18,5.13,residential,electronic,False
C-005532,PMT-0284,F-29,3.07,residential,electronic,False
C-005533,PMT-0152,F-16,3.72,residential,electronic,False
C-005534,PMT-0134,F-14,3.26,residential,analog,False
C-005535,PMT-0027,F-03,4.13,residential,electronic,False
C-005536,PMT-0203,F-21,4.11,residential,analog,False
C-005537,PMT-0017,F-02,4.55,residential,analog,True
C-005538,PMT-0253,F-26,4.25,residential,analog,False
C-005539,PMT-0245,F-25,4.61,residential,analog,False
C-005540,PMT-0298,F-30,22.24,industrial,electronic,False
C-005541,PMT-0086,F-09,6.09,commercial,analog,False
C-005542,PMT-0049,F-05,3.6,residential,analog,True
C-005543,PMT-0090,F-09,7.19,residential,electronic,False
C-005544,PMT-0240,F-24,6.54,residential,analog,False
C-005545,PMT-0066,F-07,1.77,residential,analog,False
C-005546,PMT-0267,F-27,14.9,commercial,analog,True
C-005547,PMT-0047,F-05,5.23,residential,analog,True
C-005548,PMT-0015,F-02,4.37,residential,analog,False
C-005549,PMT-0066,F-07,5.88,residential,electronic,False
C-005550,PMT-0227,F-23,7.98,residential,analog,False
C-005551,PMT-0181,F-19,6.93,commercial,analog,False
C-005552,PMT-0107,F-11,4.61,residential,analog,False
C-005553,PMT-0197,F-20,15.25,commercial,electronic,False
C-005554,PMT-0195,F-20,4.94,residential,analog,False
C-005555,PMT-0167,F-17,2.17,residential,electronic,False
C-005556,PMT-0155,F-16,17.77,commercial,analog,False
C-005557,PMT-0031,F-04,1.31,residential,analog,True
C-005558,PMT-0078,F-08,6.19,residential,analog,False
C-005559,PMT-0159,F-16,18.26,commercial,analog,False
C-005560,PMT-0041,F-05,11.61,commercial,analog,False
C-005561,PMT-0143,F-15,7.92,residential,analog,False
C-005562,PMT-0036,F-04,6.8,residential,electronic,False
C-005563,PMT-0237,F-24,15.79,commercial,analog,True
C-005564,PMT-0031,F-04,7.93,residential,analog,False
C-005565,PMT-0028,F-03,6.81,residential,analog,False
C-005566,PMT-0192,F-20,1.97,residential,analog,False
C-005567,PMT-0067,F-07,5.14,residential,electronic,False
C-005568,PMT-0106,F-11,16.62,commercial,electronic,False
C-005569,PMT-0095,F-10,5.57,residential,electronic,False
C-005570,PMT-0065,F-07,23.82,commercial,analog,False
C-005571,PMT-0229,F-23,4.44,residential,electronic,True
C-005572,PMT-0208,F-21,1.54,residential,electronic,False
C-005573,PMT-0072,F-08,4.36,residential,analog,False
C-005574,PMT-0207,F-21,6.51,residential,analog,False
C-005575,PMT-0215,F-22,12.17,commercial,analog,False
C-005576,PMT-0162,F-17,1.19,residential,electronic,False
C-005577,PMT-0174,F-18,3.12,residential,analog,False
C-005578,PMT-0281,F-29,5.78,residential,analog,False
C-005579,PMT-0137,F-14,1.6,residential,analog,True
C-005580,PMT-0116,F-12,3.63,residential,analog,False
C-005581,PMT-0162,F-17,1.93,residential,electronic,True
C-005582,PMT-0251,F-26,4.33,residential,analog,False
C-005583,PMT-0213,F-22,1.99,residential,analog,False
C-005584,PMT-0023,F-03,1.76,residential,analog,False
C-005585,PMT-0138,F-14,5.88,residential,electronic,True
C-005586,PMT-0222,F-23,2.11,residential,analog,False
C-005587,PMT-0068,F-07,2.08,residential,analog,False
C-005588,PMT-0297,F-30,67.4,industrial,analog,False
C-005589,PMT-0243,F-25,1.31,residential,analog,False
C-005590,PMT-0254,F-26,1.23,residential,electronic,False
C-005591,PMT-0025,F-03,4.02,residential,electronic,False
C-005592,PMT-0174,F-18,12.3,commercial,analog,False
C-005593,PMT-0159,F-16,4.81,residential,analog,False
C-005594,PMT-0189,F-19,7.95,residential,analog,True
C-005595,PMT-0256,F-26,13.69,commercial,analog,True
C-005596,PMT-0106,F-11,5.03,residential,analog,False
C-005597,PMT-0161,F-17,7.43,residential,analog,False
C-005598,PMT-0204,F-21,4.38,residential,analog,False
C-005599,PMT-0226,F-23,6.47,residential,electronic,True
C-005600,PMT-0232,F-24,15.97,commercial,electronic,False
C-005601,PMT-0102,F-11,5.46,residential,analog,False
C-005602,PMT-0300,F-30,7.53,residential,electronic,False
C-005603,PMT-0003,F-01,5.01,commercial,electronic,False
C-005604,PMT-0148,F-15,7.31,residential,analog,False
C-005605,PMT-0183,F-19,4.48,residential,electronic,True
C-005606,PMT-0019,F-02,5.25,residential,analog,False
C-005607,PMT-0136,F-14,4.15,residential,analog,False
C-005608,PMT-0179,F-18,10.22,commercial,electronic,False
C-005609,PMT-0183,F-19,6.32,commercial,analog,True
C-005610,PMT-0036,F-04,7.62,residential,analog,False
C-005611,PMT-0084,F-09,5.37,residential,analog,False
C-005612,PMT-0074,F-08,7.11,residential,electronic,False
C-005613,PMT-0192,F-20,10.82,commercial,electronic,False
C-005614,PMT-0099,F-10,2.95,residential,analog,False
C-005615,PMT-0172,F-18,3.35,residential,analog,False
C-005616,PMT-0220,F-22,2.62,residential,analog,False
C-005617,PMT-0240,F-24,4.49,residential,electronic,False
C-005618,PMT-0056,F-06,7.55,residential,analog,False
C-005619,PMT-0272,F-28,90.09,industrial,electronic,False
C-005620,PMT-0050,F-05,4.47,residential,analog,False
C-005621,PMT-0007,F-01,3.44,residential,analog,False
C-005622,PMT-0014,F-02,5.28,residential,analog,False
C-005623,PMT-0061,F-07,17.25,commercial,analog,True
C-005624,PMT-0262,F-27,5.79,residential,analog,False
C-005625,PMT-0063,F-07,4.75,residential,electronic,False
C-005626,PMT-0209,F-21,1.19,residential,analog,False
C-005627,PMT-0126,F-13,1.53,residential,analog,False
C-005628,PMT-0012,F-02,7.82,residential,analog,False
C-005629,PMT-0134,F-14,19.92,commercial,analog,True
C-005630,PMT-0009,F-01,7.64,residential,electronic,False
C-005631,PMT-0143,F-15,3.38,residential,electronic,False
C-005632,PMT-0168,F-17,4.74,residential,electronic,False
C-005633,PMT-0157,F-16,45.76,industrial,analog,True
C-005634,PMT-0085,F-09,7.36,residential,analog,False
C-005635,PMT-0230,F-23,3.01,residential,analog,False
C-005636,PMT-0180,F-18,5.86,residential,analog,False
C-005637,PMT-0077,F-08,34.0,industrial,analog,False
C-005638,PMT-0131,F-14,7.11,commercial,analog,False
C-005639,PMT-0033,F-04,2.09,residential,analog,False
C-005640,PMT-0277,F-28,4.71,residential,electronic,True
C-005641,PMT-0226,F-23,6.91,residential,electronic,False
C-005642,PMT-0087,F-09,24.99,commercial,analog,False
C-005643,PMT-0203,F-21,5.36,residential,electronic,False
C-005644,PMT-0204,F-21,62.69,industrial,electronic,False
C-005645,PMT-0183,F-19,6.51,residential,analog,False
C-005646,PMT-0017,F-02,1.45,residential,electronic,False
C-005647,PMT-0264,F-27,6.67,residential,electronic,False
C-005648,PMT-0287,F-29,20.17,commercial,analog,False
C-005649,PMT-0293,F-30,4.71,residential,electronic,False
C-005650,PMT-0295,F-30,1.16,residential,analog,False
C-005651,PMT-0279,F-28,2.42,residential,analog,False
C-005652,PMT-0222,F-23,3.59,residential,electronic,False
C-005653,PMT-0018,F-02,23.82,commercial,analog,False
C-005654,PMT-0140,F-14,5.47,residential,analog,False
C-005655,PMT-0074,F-08,4.57,residential,analog,False
C-005656,PMT-0066,F-07,4.42,residential,electronic,False
C-005657,PMT-0250,F-25,6.46,residential,electronic,False
C-005658,PMT-0244,F-25,3.27,residential,analog,False
C-005659,PMT-0157,F-16,1.66,residential,analog,False
C-005660,PMT-0221,F-23,5.74,residential,analog,False
C-005661,PMT-0039,F-04,3.3,residential,analog,False
C-005662,PMT-0067,F-07,3.28,residential,analog,False
C-005663,PMT-0259,F-26,56.38,industrial,electronic,False
C-005664,PMT-0136,F-14,2.7,residential,analog,False
C-005665,PMT-0164,F-17,7.45,residential,analog,True
C-005666,PMT-0139,F-14,6.93,residential,electronic,False
C-005667,PMT-0061,F-07,7.94,residential,analog,False
C-005668,PMT-0248,F-25,7.75,residential,analog,False
C-005669,PMT-0228,F-23,3.2,residential,analog,False
C-005670,PMT-0206,F-21,3.66,residential,analog,False
C-005671,PMT-0106,F-11,5.89,residential,electronic,False
C-005672,PMT-0193,F-20,1.11,residential,analog,False
C-005673,PMT-0286,F-29,7.96,residential,electronic,False
C-005674,PMT-0195,F-20,1.08,residential,analog,False
C-005675,PMT-0149,F-15,15.63,commercial,analog,False
C-005676,PMT-0082,F-09,5.68,residential,electronic,False
C-005677,PMT-0157,F-16,7.4,residential,electronic,True
C-005678,PMT-0112,F-12,5.51,residential,electronic,False
C-005679,PMT-0184,F-19,5.18,residential,analog,False
C-005680,PMT-0014,F-02,3.1,residential,analog,False
C-005681,PMT-0058,F-06,5.14,residential,analog,False
C-005682,PMT-0237,F-24,19.99,commercial,analog,False
C-005683,PMT-0115,F-12,15.31,commercial,electronic,False
C-005684,PMT-0130,F-13,20.59,commercial,analog,False
C-005685,PMT-0164,F-17,1.49,residential,analog,False
C-005686,PMT-0132,F-14,3.35,residential,analog,False
C-005687,PMT-0228,F-23,24.2,commercial,analog,False
C-005688,PMT-0074,F-08,11.47,commercial,electronic,False
C-005689,PMT-0228,F-23,5.35,residential,analog,False
C-005690,PMT-0063,F-07,61.59,industrial,electronic,True
C-005691,PMT-0112,F-12,23.73,commercial,analog,False
C-005692,PMT-0177,F-18,2.14,residential,electronic,False
C-005693,PMT-0266,F-27,3.1,residential,analog,False
C-005694,PMT-0070,F-07,7.04,residential,analog,False
C-005695,PMT-0177,F-18,5.66,residential,analog,False
C-005696,PMT-0020,F-02,4.8,residential,analog,False
C-005697,PMT-0023,F-03,3.76,residential,electronic,False
C-005698,PMT-0231,F-24,3.88,residential,electronic,False
C-005699,PMT-0216,F-22,23.7,commercial,analog,True
C-005700,PMT-0113,F-12,18.42,commercial,analog,True
C-005701,PMT-0187,F-19,7.5,residential,analog,True
C-005702,PMT-0115,F-12,7.81,residential,analog,False
C-005703,PMT-0084,F-09,4.83,residential,analog,False
C-005704,PMT-0130,F-13,5.27,residential,analog,False
C-005705,PMT-0094,F-10,5.59,residential,analog,False
C-005706,PMT-0245,F-25,6.87,residential,electronic,True
C-005707,PMT-0124,F-13,72.73,industrial,analog,False
C-005708,PMT-0097,F-10,1.8,residential,electronic,False
C-005709,PMT-0161,F-17,7.6,residential,electronic,False
C-005710,PMT-0228,F-23,5.63,residential,analog,False
C-005711,PMT-0083,F-09,22.4,commercial,analog,False
C-005712,PMT-0282,F-29,3.97,residential,analog,False
C-005713,PMT-0140,F-14,4.32,residential,electronic,False
C-005714,PMT-0199,F-20,5.82,residential,analog,False
C-005715,PMT-0288,F-29,6.43,residential,analog,False
C-005716,PMT-0130,F-13,1.55,residential,analog,False
C-005717,PMT-0060,F-06,3.85,residential,electronic,False
C-005718,PMT-0225,F-23,6.39,residential,electronic,False
C-005719,PMT-0002,F-01,7.95,residential,analog,False
C-005720,PMT-0138,F-14,1.08,residential,electronic,False
C-005721,PMT-0294,F-30,2.85,residential,analog,False
C-005722,PMT-0125,F-13,4.25,residential,analog,False
C-005723,PMT-0206,F-21,2.56,residential,analog,False
C-005724,PMT-0158,F-16,1.19,residential,electronic,False
C-005725,PMT-0065,F-07,63.16,industrial,electronic,False
C-005726,PMT-0096,F-10,71.95,industrial,analog,False
C-005727,PMT-0158,F-16,3.91,residential,analog,False
C-005728,PMT-0032,F-04,3.59,residential,analog,False
C-005729,PMT-0125,F-13,7.9,residential,analog,False
C-005730,PMT-0125,F-13,14.55,commercial,analog,False
C-005731,PMT-0251,F-26,6.59,residential,analog,False
C-005732,PMT-0038,F-04,3.01,residential,analog,True
C-005733,PMT-0253,F-26,6.81,residential,analog,False
C-005734,PMT-0124,F-13,85.9,industrial,analog,False
C-005735,PMT-0196,F-20,2.87,residential,analog,True
C-005736,PMT-0168,F-17,5.59,residential,analog,False
C-005737,PMT-0090,F-09,5.77,residential,analog,False
C-005738,PMT-0280,F-28,4.1,residential,electronic,False
C-005739,PMT-0068,F-07,6.42,residential,analog,False
C-005740,PMT-0011,F-02,3.15,residential,analog,True
C-005741,PMT-0226,F-23,14.69,commercial,analog,False
C-005742,PMT-0187,F-19,7.93,residential,analog,False
C-005743,PMT-0268,F-27,2.25,residential,electronic,False
C-005744,PMT-0138,F-14,7.96,commercial,analog,True
C-005745,PMT-0006,F-01,2.0,residential,analog,True
C-005746,PMT-0007,F-01,7.99,residential,analog,False
C-005747,PMT-0130,F-13,2.12,residential,analog,False
C-005748,PMT-0075,F-08,8.8,commercial,electronic,False
C-005749,PMT-0277,F-28,5.86,residential,electronic,False
C-005750,PMT-0036,F-04,6.32,residential,analog,True
C-005751,PMT-0265,F-27,4.69,residential,analog,False
C-005752,PMT-0066,F-07,7.88,residential,analog,False
C-005753,PMT-0036,F-04,1.27,residential,analog,True
C-005754,PMT-0083,F-09,5.35,residential,analog,False
C-005755,PMT-0044,F-05,5.25,residential,analog,False
C-005756,PMT-0121,F-13,3.25,residential,analog,False
C-005757,PMT-0100,F-10,22.99,commercial,analog,True
C-005758,PMT-0159,F-16,4.87,residential,analog,False
C-005759,PMT-0162,F-17,9.93,commercial,analog,False
C-005760,PMT-0001,F-01,6.77,commercial,electronic,False
C-005761,PMT-0038,F-04,1.75,residential,analog,False
C-005762,PMT-0049,F-05,7.28,residential,electronic,False
C-005763,PMT-0059,F-06,2.75,residential,analog,False
C-005764,PMT-0029,F-03,23.14,commercial,analog,False
C-005765,PMT-0095,F-10,1.84,residential,analog,False
C-005766,PMT-0165,F-17,7.89,residential,analog,False
C-005767,PMT-0093,F-10,6.83,residential,electronic,False
C-005768,PMT-0099,F-10,1.81,residential,electronic,False
C-005769,PMT-0141,F-15,6.72,commercial,analog,False
C-005770,PMT-0165,F-17,6.62,residential,analog,False
C-005771,PMT-0100,F-10,1.55,residential,analog,False
C-005772,PMT-0067,F-07,2.84,residential,electronic,False
C-005773,PMT-0123,F-13,6.61,residential,analog,False
C-005774,PMT-0008,F-01,7.35,residential,electronic,True
C-005775,PMT-0148,F-15,6.37,residential,analog,False
C-005776,PMT-0283,F-29,7.23,residential,analog,False
C-005777,PMT-0120,F-12,16.2,commercial,analog,True
C-005778,PMT-0033,F-04,6.46,residential,electronic,False
C-005779,PMT-0213,F-22,3.41,residential,electronic,True
C-005780,PMT-0039,F-04,6.5,residential,analog,False
C-005781,PMT-0059,F-06,5.76,residential,analog,False
C-005782,PMT-0044,F-05,5.02,residential,analog,False
C-005783,PMT-0266,F-27,7.95,residential,analog,True
C-005784,PMT-0295,F-30,4.29,residential,electronic,True
C-005785,PMT-0171,F-18,69.54,industrial,analog,False
C-005786,PMT-0186,F-19,15.2,commercial,electronic,False
C-005787,PMT-0194,F-20,2.82,residential,analog,False
C-005788,PMT-0184,F-19,3.31,residential,electronic,False
C-005789,PMT-0164,F-17,7.85,residential,electronic,False
C-005790,PMT-0297,F-30,3.74,residential,analog,False
C-005791,PMT-0220,F-22,18.59,commercial,electronic,False
C-005792,PMT-0027,F-03,16.34,commercial,analog,False
C-005793,PMT-0118,F-12,7.23,residential,electronic,False
C-005794,PMT-0293,F-30,80.62,industrial,analog,False
C-005795,PMT-0122,F-13,1.56,residential,analog,True
C-005796,PMT-0062,F-07,3.49,residential,analog,False
C-005797,PMT-0261,F-27,5.98,residential,electronic,False
C-005798,PMT-0187,F-19,2.13,residential,electronic,False
C-005799,PMT-0169,F-17,15.07,commercial,analog,False
C-005800,PMT-0127,F-13,11.36,commercial,electronic,False
C-005801,PMT-0038,F-04,1.45,residential,electronic,True
C-005802,PMT-0116,F-12,7.98,residential,electronic,False
C-005803,PMT-0132,F-14,7.51,residential,analog,False
C-005804,PMT-0280,F-28,6.23,residential,analog,False
C-005805,PMT-0093,F-10,2.41,residential,analog,True
C-005806,PMT-0045,F-05,7.92,residential,electronic,False
C-005807,PMT-0129,F-13,5.42,residential,analog,True
C-005808,PMT-0300,F-30,7.76,residential,electronic,False
C-005809,PMT-0145,F-15,1.3,residential,electronic,False
C-005810,PMT-0114,F-12,8.47,commercial,analog,False
C-005811,PMT-0201,F-21,5.74,residential,electronic,False
C-005812,PMT-0195,F-20,7.35,residential,analog,False
C-005813,PMT-0090,F-09,2.23,residential,analog,False
C-005814,PMT-0291,F-30,3.22,residential,analog,True
C-005815,PMT-0178,F-18,5.12,residential,electronic,False
C-005816,PMT-0018,F-02,8.0,residential,electronic,False
C-005817,PMT-0123,F-13,6.6,residential,electronic,False
C-005818,PMT-0277,F-28,7.46,residential,analog,False
C-005819,PMT-0119,F-12,5.73,residential,analog,False
C-005820,PMT-0171,F-18,7.14,residential,electronic,False
C-005821,PMT-0184,F-19,60.56,industrial,electronic,False
C-005822,PMT-0212,F-22,1.87,residential,electronic,False
C-005823,PMT-0262,F-27,5.97,residential,electronic,False
C-005824,PMT-0045,F-05,5.21,residential,electronic,False
C-005825,PMT-0156,F-16,4.4,residential,analog,False
C-005826,PMT-0161,F-17,2.92,residential,electronic,False
C-005827,PMT-0046,F-05,6.49,residential,analog,False
C-005828,PMT-0203,F-21,6.74,residential,electronic,False
C-005829,PMT-0036,F-04,3.55,residential,analog,False
C-005830,PMT-0137,F-14,7.49,residential,electronic,True
C-005831,PMT-0100,F-10,3.59,residential,analog,False
C-005832,PMT-0047,F-05,1.75,residential,analog,False
C-005833,PMT-0247,F-25,2.17,residential,analog,False
C-005834,PMT-0074,F-08,4.46,residential,electronic,False
C-005835,PMT-0077,F-08,1.56,residential,electronic,False
C-005836,PMT-0257,F-26,6.03,residential,electronic,False
C-005837,PMT-0264,F-27,6.57,residential,analog,False
C-005838,PMT-0011,F-02,4.85,residential,analog,False
C-005839,PMT-0084,F-09,7.25,residential,electronic,False
C-005840,PMT-0213,F-22,7.68,residential,electronic,True
C-005841,PMT-0234,F-24,4.13,residential,electronic,False
C-005842,PMT-0300,F-30,1.62,residential,analog,False
C-005843,PMT-0167,F-17,2.62,residential,electronic,False
C-005844,PMT-0003,F-01,18.15,commercial,analog,False
C-005845,PMT-0263,F-27,3.84,residential,electronic,False
C-005846,PMT-0049,F-05,18.7,commercial,analog,False
C-005847,PMT-0037,F-04,5.67,residential,analog,False
C-005848,PMT-0203,F-21,5.24,residential,analog,False
C-005849,PMT-0182,F-19,2.1,residential,electronic,False
C-005850,PMT-0018,F-02,3.0,residential,electronic,False
C-005851,PMT-0051,F-06,3.65,residential,electronic,False
C-005852,PMT-0177,F-18,6.77,residential,analog,False
C-005853,PMT-0077,F-08,5.78,residential,electronic,False
C-005854,PMT-0206,F-21,5.51,residential,analog,False
C-005855,PMT-0124,F-13,18.44,commercial,analog,False
C-005856,PMT-0177,F-18,4.52,residential,electronic,False
C-005857,PMT-0143,F-15,1.28,residential,analog,False
C-005858,PMT-0110,F-11,2.41,residential,analog,False
C-005859,PMT-0103,F-11,1.98,residential,analog,False
C-005860,PMT-0210,F-21,1.45,residential,electronic,True
C-005861,PMT-0155,F-16,3.24,residential,analog,False
C-005862,PMT-0179,F-18,6.51,residential,analog,False
C-005863,PMT-0174,F-18,1.81,residential,analog,False
C-005864,PMT-0063,F-07,1.78,residential,electronic,False
C-005865,PMT-0274,F-28,1.87,residential,analog,False
C-005866,PMT-0169,F-17,2.89,residential,analog,True
C-005867,PMT-0216,F-22,2.42,residential,analog,False
C-005868,PMT-0265,F-27,1.1,residential,analog,True
C-005869,PMT-0278,F-28,2.94,residential,analog,True
C-005870,PMT-0201,F-21,99.7,industrial,electronic,False
C-005871,PMT-0237,F-24,3.36,residential,analog,False
C-005872,PMT-0142,F-15,2.48,residential,analog,False
C-005873,PMT-0222,F-23,14.91,commercial,analog,False
C-005874,PMT-0097,F-10,2.61,residential,analog,False
C-005875,PMT-0214,F-22,64.77,industrial,electronic,False
C-005876,PMT-0026,F-03,3.8,residential,electronic,True
C-005877,PMT-0275,F-28,7.28,residential,electronic,False
C-005878,PMT-0074,F-08,7.5,residential,analog,False
C-005879,PMT-0197,F-20,5.99,residential,analog,False
C-005880,PMT-0004,F-01,2.51,residential,analog,False
C-005881,PMT-0047,F-05,4.32,residential,analog,False
C-005882,PMT-0296,F-30,11.11,commercial,electronic,False
C-005883,PMT-0251,F-26,6.59,residential,analog,True
C-005884,PMT-0067,F-07,5.58,commercial,analog,False
C-005885,PMT-0040,F-04,18.25,commercial,electronic,False
C-005886,PMT-0245,F-25,3.26,residential,analog,False
C-005887,PMT-0298,F-30,4.37,residential,electronic,True
C-005888,PMT-0051,F-06,11.46,commercial,analog,False
C-005889,PMT-0200,F-20,3.55,residential,electronic,False
C-005890,PMT-0086,F-09,5.72,residential,electronic,False
C-005891,PMT-0224,F-23,5.17,residential,electronic,True
C-005892,PMT-0126,F-13,2.71,residential,analog,False
C-005893,PMT-0038,F-04,5.87,commercial,analog,False
C-005894,PMT-0098,F-10,6.99,residential,analog,False
C-005895,PMT-0162,F-17,4.45,residential,electronic,False
C-005896,PMT-0240,F-24,69.5,industrial,analog,False
C-005897,PMT-0007,F-01,4.42,residential,analog,False
C-005898,PMT-0288,F-29,5.33,residential,analog,False
C-005899,PMT-0195,F-20,5.39,residential,electronic,True
C-005900,PMT-0263,F-27,1.11,residential,analog,False
C-005901,PMT-0280,F-28,4.73,residential,analog,False
C-005902,PMT-0047,F-05,4.51,residential,electronic,False
C-005903,PMT-0029,F-03,1.67,residential,electronic,False
C-005904,PMT-0234,F-24,6.22,residential,electronic,False
C-005905,PMT-0057,F-06,2.65,residential,analog,False
C-005906,PMT-0045,F-05,1.38,residential,analog,False
C-005907,PMT-0141,F-15,6.62,residential,analog,False
C-005908,PMT-0275,F-28,7.06,residential,analog,False
C-005909,PMT-0239,F-24,9.81,commercial,analog,False
C-005910,PMT-0156,F-16,18.75,commercial,analog,False
C-005911,PMT-0059,F-06,1.03,residential,analog,True
C-005912,PMT-0101,F-11,6.05,residential,analog,False
C-005913,PMT-0207,F-21,4.25,residential,electronic,True
C-005914,PMT-0048,F-05,6.55,residential,analog,False
C-005915,PMT-0158,F-16,12.86,commercial,electronic,False
C-005916,PMT-0004,F-01,48.09,industrial,electronic,True
C-005917,PMT-0098,F-10,6.89,residential,analog,False
C-005918,PMT-0075,F-08,1.27,residential,analog,False
C-005919,PMT-0205,F-21,8.74,commercial,electronic,False
C-005920,PMT-0275,F-28,3.88,residential,electronic,False
C-005921,PMT-0044,F-05,5.17,residential,analog,False
C-005922,PMT-0240,F-24,1.04,residential,analog,False
C-005923,PMT-0197,F-20,5.03,residential,electronic,False
C-005924,PMT-0291,F-30,3.65,residential,electronic,False
C-005925,PMT-0274,F-28,5.41,residential,electronic,False
C-005926,PMT-0031,F-04,7.35,residential,analog,False
C-005927,PMT-0223,F-23,4.09,residential,electronic,False
C-005928,PMT-0178,F-18,16.09,commercial,analog,True
C-005929,PMT-0034,F-04,14.26,commercial,analog,False
C-005930,PMT-0078,F-08,1.83,residential,electronic,False
C-005931,PMT-0279,F-28,6.55,residential,analog,False
C-005932,PMT-0163,F-17,7.2,residential,analog,False
C-005933,PMT-0102,F-11,6.68,residential,electronic,False
C-005934,PMT-0097,F-10,7.63,residential,analog,False
C-005935,PMT-0252,F-26,4.28,residential,electronic,False
C-005936,PMT-0086,F-09,5.57,residential,analog,False
C-005937,PMT-0048,F-05,2.18,residential,analog,False
C-005938,PMT-0173,F-18,7.84,residential,analog,False
C-005939,PMT-0298,F-30,5.06,residential,analog,False
C-005940,PMT-0055,F-06,10.23,commercial,analog,False
C-005941,PMT-0077,F-08,6.64,residential,analog,True
C-005942,PMT-0141,F-15,16.73,commercial,analog,False
C-005943,PMT-0060,F-06,7.65,residential,analog,False
C-005944,PMT-0196,F-20,6.39,residential,analog,True
C-005945,PMT-0077,F-08,22.55,commercial,analog,False
C-005946,PMT-0039,F-04,63.73,industrial,analog,False
C-005947,PMT-0079,F-08,61.38,industrial,analog,True
C-005948,PMT-0280,F-28,20.15,commercial,analog,True
C-005949,PMT-0281,F-29,1.74,residential,electronic,False
C-005950,PMT-0152,F-16,1.38,residential,analog,False
C-005951,PMT-0121,F-13,7.89,residential,electronic,False
C-005952,PMT-0246,F-25,23.33,commercial,electronic,False
C-005953,PMT-0059,F-06,7.69,residential,electronic,False
C-005954,PMT-0197,F-20,1.44,residential,electronic,False
C-005955,PMT-0205,F-21,10.39,commercial,analog,False
C-005956,PMT-0214,F-22,92.12,industrial,analog,False
C-005957,PMT-0066,F-07,6.79,commercial,electronic,False
C-005958,PMT-0215,F-22,4.16,residential,analog,False
C-005959,PMT-0184,F-19,3.39,residential,analog,False
C-005960,PMT-0263,F-27,90.39,industrial,electronic,False
C-005961,PMT-0053,F-06,4.63,residential,analog,False
C-005962,PMT-0185,F-19,3.03,residential,analog,False
C-005963,PMT-0249,F-25,61.94,industrial,analog,False
C-005964,PMT-0084,F-09,1.79,residential,analog,False
C-005965,PMT-0224,F-23,6.12,residential,electronic,False
C-005966,PMT-0030,F-03,5.33,residential,electronic,False
C-005967,PMT-0216,F-22,5.2,residential,analog,True
C-005968,PMT-0182,F-19,13.76,commercial,analog,False
C-005969,PMT-0058,F-06,3.06,residential,analog,False
C-005970,PMT-0020,F-02,1.46,residential,analog,False
C-005971,PMT-0224,F-23,7.63,residential,electronic,False
C-005972,PMT-0073,F-08,13.33,commercial,electronic,False
C-005973,PMT-0150,F-15,14.92,commercial,electronic,True
C-005974,PMT-0019,F-02,3.63,residential,analog,False
C-005975,PMT-0290,F-29,7.92,residential,analog,False
C-005976,PMT-0165,F-17,6.57,residential,analog,False
C-005977,PMT-0280,F-28,1.67,residential,analog,True
C-005978,PMT-0049,F-05,5.26,residential,analog,False
C-005979,PMT-0062,F-07,4.39,residential,analog,False
C-005980,PMT-0184,F-19,6.55,residential,analog,True
C-005981,PMT-0182,F-19,7.98,residential,analog,True
C-005982,PMT-0238,F-24,6.21,residential,electronic,False
C-005983,PMT-0279,F-28,7.05,residential,analog,False
C-005984,PMT-0247,F-25,4.52,residential,analog,False
C-005985,PMT-0043,F-05,3.62,residential,electronic,False
C-005986,PMT-0093,F-10,5.5,residential,analog,False
C-005987,PMT-0275,F-28,6.25,residential,analog,False
C-005988,PMT-0165,F-17,38.2,industrial,analog,False
C-005989,PMT-0261,F-27,4.52,residential,analog,False
C-005990,PMT-0169,F-17,7.28,commercial,electronic,False
C-005991,PMT-0015,F-02,2.51,residential,analog,False
C-005992,PMT-0142,F-15,7.17,residential,analog,False
C-005993,PMT-0248,F-25,2.01,residential,analog,True
C-005994,PMT-0197,F-20,6.68,residential,analog,False
C-005995,PMT-0040,F-04,12.45,commercial,analog,False
C-005996,PMT-0064,F-07,18.27,commercial,analog,True
C-005997,PMT-0257,F-26,7.37,residential,analog,False
C-005998,PMT-0294,F-30,6.47,residential,analog,True
C-005999,PMT-0226,F-23,6.78,residential,analog,False
C-006000,PMT-0030,F-03,10.22,commercial,electronic,False
C-006001,PMT-0186,F-19,12.23,commercial,electronic,False
C-006002,PMT-0249,F-25,6.13,residential,electronic,False
C-006003,PMT-0193,F-20,20.54,commercial,electronic,False
C-006004,PMT-0179,F-18,83.2,industrial,analog,False
C-006005,PMT-0141,F-15,6.18,residential,electronic,False
C-006006,PMT-0074,F-08,2.62,residential,electronic,False
C-006007,PMT-0085,F-09,10.78,commercial,electronic,True
C-006008,PMT-0224,F-23,7.59,residential,electronic,False
C-006009,PMT-0021,F-03,4.88,residential,electronic,False
C-006010,PMT-0026,F-03,20.09,commercial,analog,False
C-006011,PMT-0119,F-12,5.19,residential,electronic,False
C-006012,PMT-0233,F-24,23.49,commercial,analog,False
C-006013,PMT-0198,F-20,7.08,residential,analog,False
C-006014,PMT-0177,F-18,2.83,residential,analog,False
C-006015,PMT-0161,F-17,90.78,industrial,analog,False
C-006016,PMT-0034,F-04,3.1,residential,analog,False
C-006017,PMT-0100,F-10,4.09,residential,analog,False
C-006018,PMT-0024,F-03,6.96,residential,analog,False
C-006019,PMT-0228,F-23,3.27,residential,analog,False
C-006020,PMT-0226,F-23,3.04,residential,analog,False
C-006021,PMT-0078,F-08,5.68,residential,analog,False
C-006022,PMT-0088,F-09,24.99,commercial,electronic,False
C-006023,PMT-0096,F-10,30.48,industrial,electronic,False
C-006024,PMT-0267,F-27,5.91,residential,electronic,False
C-006025,PMT-0147,F-15,4.69,residential,analog,False
C-006026,PMT-0229,F-23,3.87,residential,electronic,True
C-006027,PMT-0135,F-14,6.25,residential,electronic,False
C-006028,PMT-0210,F-21,16.1,commercial,analog,False
C-006029,PMT-0159,F-16,6.58,residential,analog,False
C-006030,PMT-0084,F-09,19.88,commercial,analog,False
C-006031,PMT-0263,F-27,7.9,residential,electronic,False
C-006032,PMT-0213,F-22,6.68,residential,electronic,True
C-006033,PMT-0231,F-24,25.34,industrial,electronic,False
C-006034,PMT-0285,F-29,6.46,residential,electronic,False
C-006035,PMT-0075,F-08,17.99,commercial,electronic,True
C-006036,PMT-0028,F-03,6.8,commercial,analog,False
C-006037,PMT-0175,F-18,5.24,residential,analog,False
C-006038,PMT-0098,F-10,6.26,residential,analog,False
C-006039,PMT-0131,F-14,2.38,residential,analog,False
C-006040,PMT-0071,F-08,13.7,commercial,analog,True
C-006041,PMT-0120,F-12,63.4,industrial,analog,True
C-006042,PMT-0118,F-12,3.89,residential,electronic,True
C-006043,PMT-0106,F-11,7.13,residential,analog,False
C-006044,PMT-0223,F-23,2.18,residential,electronic,False
C-006045,PMT-0178,F-18,6.4,residential,electronic,False
C-006046,PMT-0143,F-15,20.56,commercial,analog,False
C-006047,PMT-0034,F-04,13.96,commercial,analog,False
C-006048,PMT-0172,F-18,4.78,residential,analog,False
C-006049,PMT-0053,F-06,2.07,residential,electronic,True
C-006050,PMT-0095,F-10,2.37,residential,electronic,False
C-006051,PMT-0125,F-13,4.72,residential,analog,False
C-006052,PMT-0043,F-05,2.57,residential,electronic,False
C-006053,PMT-0117,F-12,21.13,commercial,electronic,False
C-006054,PMT-0081,F-09,5.31,residential,analog,False
C-006055,PMT-0255,F-26,1.4,residential,electronic,False
C-006056,PMT-0258,F-26,3.51,residential,analog,False
C-006057,PMT-0002,F-01,7.01,residential,analog,False
C-006058,PMT-0181,F-19,2.94,residential,electronic,False
C-006059,PMT-0193,F-20,19.39,commercial,analog,False
C-006060,PMT-0114,F-12,1.66,residential,electronic,False
C-006061,PMT-0141,F-15,7.51,residential,electronic,False
C-006062,PMT-0237,F-24,4.15,residential,analog,False
C-006063,PMT-0114,F-12,4.44,residential,electronic,False
C-006064,PMT-0020,F-02,4.99,residential,analog,False
C-006065,PMT-0112,F-12,3.54,residential,analog,False
C-006066,PMT-0077,F-08,6.08,residential,analog,False
C-006067,PMT-0115,F-12,5.29,commercial,electronic,True
C-006068,PMT-0070,F-07,2.14,residential,electronic,False
C-006069,PMT-0045,F-05,2.32,residential,analog,False
C-006070,PMT-0296,F-30,5.45,residential,analog,False
C-006071,PMT-0039,F-04,91.25,industrial,electronic,False
C-006072,PMT-0212,F-22,1.45,residential,electronic,False
C-006073,PMT-0216,F-22,22.05,commercial,analog,False
C-006074,PMT-0186,F-19,6.74,residential,analog,True
C-006075,PMT-0274,F-28,26.13,industrial,analog,False
C-006076,PMT-0002,F-01,2.0,residential,analog,False
C-006077,PMT-0091,F-10,3.45,residential,analog,False
C-006078,PMT-0056,F-06,1.8,residential,electronic,False
C-006079,PMT-0174,F-18,6.31,residential,electronic,False
C-006080,PMT-0191,F-20,4.53,residential,analog,False
C-006081,PMT-0270,F-27,3.88,residential,electronic,False
C-006082,PMT-0114,F-12,6.07,residential,analog,False
C-006083,PMT-0071,F-08,3.05,residential,electronic,False
C-006084,PMT-0278,F-28,7.1,residential,analog,False
C-006085,PMT-0202,F-21,5.58,residential,analog,False
C-006086,PMT-0230,F-23,47.72,industrial,analog,False
C-006087,PMT-0134,F-14,4.78,residential,analog,True
C-006088,PMT-0135,F-14,2.82,residential,electronic,False
C-006089,PMT-0117,F-12,24.7,commercial,analog,False
C-006090,PMT-0225,F-23,4.05,residential,analog,False
C-006091,PMT-0064,F-07,7.28,residential,analog,False
C-006092,PMT-0293,F-30,7.85,residential,electronic,False
C-006093,PMT-0053,F-06,4.75,residential,electronic,False
C-006094,PMT-0139,F-14,6.11,residential,electronic,False
C-006095,PMT-0095,F-10,5.01,residential,electronic,False
C-006096,PMT-0193,F-20,6.83,commercial,electronic,False
C-006097,PMT-0205,F-21,7.67,residential,analog,False
C-006098,PMT-0276,F-28,4.2,residential,electronic,False
C-006099,PMT-0237,F-24,7.26,residential,analog,True
C-006100,PMT-0075,F-08,5.59,residential,electronic,False
C-006101,PMT-0062,F-07,7.1,commercial,electronic,False
C-006102,PMT-0266,F-27,3.92,residential,analog,False
C-006103,PMT-0147,F-15,2.37,residential,analog,False
C-006104,PMT-0030,F-03,2.19,residential,analog,True
C-006105,PMT-0248,F-25,19.3,commercial,electronic,False
C-006106,PMT-0195,F-20,1.21,residential,analog,False
C-006107,PMT-0008,F-01,7.76,residential,electronic,False
C-006108,PMT-0235,F-24,4.15,residential,analog,False
C-006109,PMT-0183,F-19,4.43,residential,analog,False
C-006110,PMT-0185,F-19,3.1,residential,analog,False
C-006111,PMT-0260,F-26,1.6,residential,electronic,False
C-006112,PMT-0149,F-15,5.12,residential,analog,False
C-006113,PMT-0139,F-14,3.41,residential,electronic,True
C-006114,PMT-0186,F-19,5.37,residential,electronic,False
C-006115,PMT-0060,F-06,4.89,residential,electronic,False
C-006116,PMT-0046,F-05,2.52,residential,analog,False
C-006117,PMT-0254,F-26,4.23,residential,analog,False
C-006118,PMT-0065,F-07,3.16,residential,analog,True
C-006119,PMT-0152,F-16,2.68,residential,analog,False
C-006120,PMT-0081,F-09,6.39,residential,analog,False
C-006121,PMT-0070,F-07,5.24,commercial,analog,False
C-006122,PMT-0180,F-18,2.88,residential,electronic,False
C-006123,PMT-0241,F-25,4.72,residential,analog,False
C-006124,PMT-0133,F-14,4.33,residential,analog,False
C-006125,PMT-0042,F-05,95.21,industrial,analog,False
C-006126,PMT-0074,F-08,6.91,residential,analog,False
C-006127,PMT-0050,F-05,6.26,residential,analog,False
C-006128,PMT-0265,F-27,4.6,residential,electronic,False
C-006129,PMT-0096,F-10,4.0,residential,analog,False
C-006130,PMT-0113,F-12,1.26,residential,analog,False
C-006131,PMT-0022,F-03,6.75,residential,analog,False
C-006132,PMT-0134,F-14,4.01,residential,analog,False
C-006133,PMT-0275,F-28,3.25,residential,analog,False
C-006134,PMT-0123,F-13,68.53,industrial,electronic,True
C-006135,PMT-0196,F-20,6.28,residential,analog,False
C-006136,PMT-0055,F-06,15.46,commercial,analog,False
C-006137,PMT-0043,F-05,7.99,commercial,analog,False
C-006138,PMT-0220,F-22,23.43,commercial,electronic,False
C-006139,PMT-0020,F-02,1.79,residential,analog,False
C-006140,PMT-0135,F-14,7.79,residential,analog,False
C-006141,PMT-0096,F-10,4.1,residential,analog,False
C-006142,PMT-0005,F-01,7.63,residential,analog,False
C-006143,PMT-0160,F-16,7.4,residential,analog,False
C-006144,PMT-0290,F-29,3.84,residential,analog,False
C-006145,PMT-0021,F-03,6.6,residential,analog,True
C-006146,PMT-0245,F-25,1.63,residential,analog,False
C-006147,PMT-0162,F-17,1.58,residential,electronic,False
C-006148,PMT-0218,F-22,3.49,residential,analog,False
C-006149,PMT-0029,F-03,5.27,residential,analog,False
C-006150,PMT-0261,F-27,1.07,residential,analog,False
C-006151,PMT-0004,F-01,4.61,residential,analog,False
C-006152,PMT-0273,F-28,7.83,residential,analog,False
C-006153,PMT-0198,F-20,7.01,residential,analog,False
C-006154,PMT-0102,F-11,2.63,residential,analog,False
C-006155,PMT-0003,F-01,4.7,residential,analog,False
C-006156,PMT-0184,F-19,2.2,residential,analog,False
C-006157,PMT-0027,F-03,10.27,commercial,analog,False
C-006158,PMT-0183,F-19,23.46,commercial,analog,False
C-006159,PMT-0232,F-24,7.98,residential,analog,False
C-006160,PMT-0081,F-09,2.7,residential,analog,False
C-006161,PMT-0072,F-08,2.48,residential,analog,False
C-006162,PMT-0067,F-07,3.69,residential,analog,False
C-006163,PMT-0068,F-07,4.12,residential,electronic,False
C-006164,PMT-0035,F-04,6.78,commercial,analog,False
C-006165,PMT-0075,F-08,7.95,commercial,analog,False
C-006166,PMT-0198,F-20,3.97,residential,electronic,False
C-006167,PMT-0091,F-10,2.65,residential,analog,False
C-006168,PMT-0235,F-24,21.9,commercial,analog,True
C-006169,PMT-0246,F-25,6.26,residential,electronic,False
C-006170,PMT-0229,F-23,4.75,residential,analog,False
C-006171,PMT-0162,F-17,4.03,residential,analog,False
C-006172,PMT-0095,F-10,6.82,residential,analog,True
C-006173,PMT-0279,F-28,8.32,commercial,analog,True
C-006174,PMT-0062,F-07,90.99,industrial,analog,False
C-006175,PMT-0140,F-14,1.34,residential,electronic,False
C-006176,PMT-0137,F-14,7.46,residential,analog,False
C-006177,PMT-0224,F-23,1.97,residential,analog,False
C-006178,PMT-0165,F-17,6.68,residential,electronic,False
C-006179,PMT-0240,F-24,5.36,commercial,electronic,False
C-006180,PMT-0276,F-28,6.71,residential,analog,False
C-006181,PMT-0118,F-12,5.09,residential,analog,False
C-006182,PMT-0263,F-27,1.13,residential,electronic,False
C-006183,PMT-0051,F-06,6.42,residential,electronic,False
C-006184,PMT-0275,F-28,7.03,commercial,electronic,False
C-006185,PMT-0054,F-06,4.78,residential,electronic,False
C-006186,PMT-0256,F-26,3.32,residential,electronic,False
C-006187,PMT-0118,F-12,20.18,commercial,analog,False
C-006188,PMT-0290,F-29,6.97,residential,analog,False
C-006189,PMT-0039,F-04,4.25,residential,analog,False
C-006190,PMT-0140,F-14,6.31,residential,electronic,False
C-006191,PMT-0271,F-28,7.42,residential,analog,False
C-006192,PMT-0015,F-02,5.82,residential,analog,False
C-006193,PMT-0080,F-08,3.25,residential,analog,False
C-006194,PMT-0026,F-03,4.24,residential,electronic,False
C-006195,PMT-0097,F-10,2.61,residential,analog,False
C-006196,PMT-0118,F-12,4.21,residential,electronic,False
C-006197,PMT-0186,F-19,2.72,residential,analog,False
C-006198,PMT-0078,F-08,6.65,residential,analog,False
C-006199,PMT-0048,F-05,5.27,residential,analog,False
C-006200,PMT-0051,F-06,5.43,residential,analog,False
C-006201,PMT-0282,F-29,1.77,residential,electronic,False
C-006202,PMT-0286,F-29,1.01,residential,analog,False
C-006203,PMT-0067,F-07,6.52,residential,electronic,False
C-006204,PMT-0059,F-06,4.8,residential,electronic,False
C-006205,PMT-0017,F-02,7.52,residential,analog,False
C-006206,PMT-0288,F-29,4.76,residential,analog,False
C-006207,PMT-0212,F-22,2.5,residential,analog,False
C-006208,PMT-0229,F-23,5.89,residential,analog,False
C-006209,PMT-0088,F-09,19.02,commercial,analog,True
C-006210,PMT-0193,F-20,1.46,residential,analog,False
C-006211,PMT-0018,F-02,5.86,residential,electronic,False
C-006212,PMT-0203,F-21,2.49,residential,electronic,False
C-006213,PMT-0174,F-18,2.78,residential,electronic,False
C-006214,PMT-0100,F-10,1.22,residential,analog,False
C-006215,PMT-0214,F-22,5.39,residential,analog,False
C-006216,PMT-0194,F-20,6.12,residential,electronic,True
C-006217,PMT-0132,F-14,9.61,commercial,analog,False
C-006218,PMT-0057,F-06,6.55,residential,electronic,True
C-006219,PMT-0008,F-01,6.33,residential,electronic,False
C-006220,PMT-0282,F-29,3.87,residential,electronic,False
C-006221,PMT-0085,F-09,1.48,residential,analog,False
C-006222,PMT-0091,F-10,2.96,residential,electronic,False
C-006223,PMT-0205,F-21,2.16,residential,analog,False
C-006224,PMT-0077,F-08,7.71,residential,analog,False
C-006225,PMT-0113,F-12,6.72,residential,analog,False
C-006226,PMT-0214,F-22,1.55,residential,analog,False
C-006227,PMT-0179,F-18,4.59,residential,analog,False
C-006228,PMT-0197,F-20,2.87,residential,analog,False
C-006229,PMT-0002,F-01,1.22,residential,analog,True
C-006230,PMT-0136,F-14,3.26,residential,electronic,False
C-006231,PMT-0143,F-15,1.89,residential,electronic,True
C-006232,PMT-0190,F-19,37.82,industrial,electronic,False
C-006233,PMT-0046,F-05,3.29,residential,analog,False
C-006234,PMT-0048,F-05,13.18,commercial,electronic,False
C-006235,PMT-0229,F-23,4.28,residential,analog,False
C-006236,PMT-0202,F-21,4.64,residential,analog,True
C-006237,PMT-0244,F-25,3.59,residential,analog,False
C-006238,PMT-0082,F-09,4.49,residential,analog,False
C-006239,PMT-0300,F-30,3.93,residential,analog,True
C-006240,PMT-0082,F-09,7.75,residential,analog,False
C-006241,PMT-0196,F-20,1.47,residential,electronic,True
C-006242,PMT-0049,F-05,5.1,residential,analog,False
C-006243,PMT-0276,F-28,2.36,residential,analog,False
C-006244,PMT-0100,F-10,3.63,residential,analog,True
C-006245,PMT-0241,F-25,15.93,commercial,analog,True
C-006246,PMT-0100,F-10,6.32,residential,electronic,False
C-006247,PMT-0238,F-24,7.84,residential,analog,False
C-006248,PMT-0137,F-14,4.46,residential,analog,False
C-006249,PMT-0019,F-02,2.8,residential,analog,False
C-006250,PMT-0058,F-06,6.54,residential,analog,True
C-006251,PMT-0206,F-21,2.55,residential,analog,True
C-006252,PMT-0058,F-06,4.55,residential,analog,False
C-006253,PMT-0083,F-09,6.93,residential,analog,False
C-006254,PMT-0163,F-17,3.83,residential,analog,False
C-006255,PMT-0076,F-08,4.9,residential,electronic,True
C-006256,PMT-0039,F-04,1.84,residential,analog,False
C-006257,PMT-0188,F-19,1.39,residential,analog,True
C-006258,PMT-0207,F-21,7.9,residential,electronic,False
C-006259,PMT-0220,F-22,2.25,residential,analog,False
C-006260,PMT-0284,F-29,3.35,residential,analog,False
C-006261,PMT-0038,F-04,4.53,residential,analog,False
C-006262,PMT-0129,F-13,12.49,commercial,analog,False
C-006263,PMT-0071,F-08,1.68,residential,analog,False
C-006264,PMT-0271,F-28,2.38,residential,analog,False
C-006265,PMT-0162,F-17,4.45,residential,analog,False
C-006266,PMT-0030,F-03,4.07,residential,electronic,False
C-006267,PMT-0208,F-21,6.59,residential,analog,False
C-006268,PMT-0013,F-02,3.18,residential,electronic,False
C-006269,PMT-0083,F-09,7.58,residential,analog,False
C-006270,PMT-0217,F-22,2.98,residential,analog,True
C-006271,PMT-0152,F-16,3.32,residential,analog,False
C-006272,PMT-0229,F-23,7.65,residential,analog,False
C-006273,PMT-0172,F-18,87.24,industrial,electronic,False
C-006274,PMT-0253,F-26,3.22,residential,analog,False
C-006275,PMT-0169,F-17,3.77,residential,analog,False
C-006276,PMT-0018,F-02,6.9,residential,analog,False
C-006277,PMT-0022,F-03,1.6,residential,analog,False
C-006278,PMT-0234,F-24,3.06,residential,electronic,False
C-006279,PMT-0012,F-02,4.72,residential,electronic,False
C-006280,PMT-0113,F-12,6.8,residential,analog,False
C-006281,PMT-0005,F-01,4.95,residential,electronic,False
C-006282,PMT-0092,F-10,4.43,residential,electronic,False
C-006283,PMT-0179,F-18,7.73,residential,analog,False
C-006284,PMT-0052,F-06,1.81,residential,analog,False
C-006285,PMT-0140,F-14,20.6,commercial,electronic,False
C-006286,PMT-0299,F-30,1.89,residential,electronic,False
C-006287,PMT-0022,F-03,78.63,industrial,analog,False
C-006288,PMT-0020,F-02,15.86,commercial,analog,False
C-006289,PMT-0082,F-09,2.85,residential,electronic,False
C-006290,PMT-0249,F-25,4.8,residential,electronic,False
C-006291,PMT-0122,F-13,22.59,commercial,analog,False
C-006292,PMT-0192,F-20,4.31,residential,electronic,False
C-006293,PMT-0011,F-02,1.05,residential,analog,False
C-006294,PMT-0221,F-23,1.4,residential,analog,False
C-006295,PMT-0021,F-03,5.43,residential,electronic,False
C-006296,PMT-0214,F-22,18.56,commercial,analog,False
C-006297,PMT-0045,F-05,3.81,residential,analog,False
C-006298,PMT-0258,F-26,9.86,commercial,electronic,False
C-006299,PMT-0089,F-09,6.01,residential,analog,False
C-006300,PMT-0056,F-06,3.13,residential,analog,False
C-006301,PMT-0102,F-11,1.52,residential,analog,False
C-006302,PMT-0001,F-01,52.77,industrial,analog,False
C-006303,PMT-0050,F-05,63.13,industrial,analog,False
C-006304,PMT-0180,F-18,24.31,commercial,analog,False
C-006305,PMT-0091,F-10,5.15,residential,electronic,True
C-006306,PMT-0107,F-11,2.46,residential,analog,False
C-006307,PMT-0243,F-25,6.83,residential,electronic,False
C-006308,PMT-0038,F-04,10.83,commercial,analog,False
C-006309,PMT-0119,F-12,7.71,residential,analog,False
C-006310,PMT-0056,F-06,3.28,residential,electronic,False
C-006311,PMT-0145,F-15,7.37,residential,analog,False
C-006312,PMT-0100,F-10,7.15,residential,electronic,False
C-006313,PMT-0014,F-02,7.05,residential,analog,False
C-006314,PMT-0022,F-03,1.28,residential,analog,False
C-006315,PMT-0256,F-26,6.95,residential,analog,False
C-006316,PMT-0018,F-02,6.05,residential,analog,False
C-006317,PMT-0235,F-24,3.34,residential,electronic,False
C-006318,PMT-0275,F-28,4.43,residential,analog,False
C-006319,PMT-0140,F-14,5.48,residential,analog,False
C-006320,PMT-0094,F-10,7.6,residential,analog,False
C-006321,PMT-0233,F-24,6.46,residential,analog,False
C-006322,PMT-0295,F-30,4.0,residential,electronic,True
C-006323,PMT-0037,F-04,5.52,residential,analog,False
C-006324,PMT-0290,F-29,8.72,commercial,electronic,False
C-006325,PMT-0284,F-29,3.97,residential,analog,False
C-006326,PMT-0043,F-05,6.54,residential,electronic,False
C-006327,PMT-0017,F-02,5.25,residential,electronic,False
C-006328,PMT-0215,F-22,6.48,residential,electronic,True
C-006329,PMT-0024,F-03,15.2,commercial,electronic,False
C-006330,PMT-0181,F-19,50.41,industrial,analog,False
C-006331,PMT-0020,F-02,6.2,residential,analog,False
C-006332,PMT-0208,F-21,27.5,industrial,electronic,False
C-006333,PMT-0070,F-07,7.85,residential,electronic,False
C-006334,PMT-0029,F-03,7.64,residential,analog,False
C-006335,PMT-0020,F-02,7.16,residential,electronic,False
C-006336,PMT-0057,F-06,7.19,residential,analog,True
C-006337,PMT-0163,F-17,4.58,residential,analog,False
C-006338,PMT-0023,F-03,4.49,residential,analog,False
C-006339,PMT-0241,F-25,6.74,residential,electronic,False
C-006340,PMT-0182,F-19,2.98,residential,electronic,False
C-006341,PMT-0090,F-09,6.95,residential,electronic,False
C-006342,PMT-0296,F-30,2.41,residential,analog,False
C-006343,PMT-0198,F-20,7.15,residential,analog,False
C-006344,PMT-0202,F-21,4.79,residential,analog,False
C-006345,PMT-0053,F-06,6.9,residential,analog,False
C-006346,PMT-0214,F-22,4.45,residential,analog,False
C-006347,PMT-0168,F-17,5.26,residential,analog,False
C-006348,PMT-0296,F-30,7.49,residential,electronic,True
C-006349,PMT-0144,F-15,3.93,residential,electronic,False
C-006350,PMT-0204,F-21,37.62,industrial,analog,False
C-006351,PMT-0103,F-11,1.64,residential,electronic,False
C-006352,PMT-0013,F-02,5.13,residential,analog,False
C-006353,PMT-0039,F-04,5.28,residential,analog,True
C-006354,PMT-0261,F-27,5.34,residential,electronic,False
C-006355,PMT-0222,F-23,1.26,residential,electronic,True
C-006356,PMT-0110,F-11,1.19,residential,analog,False
C-006357,PMT-0210,F-21,7.27,residential,analog,False
C-006358,PMT-0002,F-01,18.91,commercial,analog,False
C-006359,PMT-0012,F-02,1.79,residential,analog,False
C-006360,PMT-0153,F-16,1.52,residential,analog,True
C-006361,PMT-0188,F-19,8.24,commercial,analog,False
C-006362,PMT-0282,F-29,6.65,residential,electronic,False
C-006363,PMT-0228,F-23,19.46,commercial,analog,False
C-006364,PMT-0078,F-08,5.47,residential,electronic,True
C-006365,PMT-0245,F-25,5.49,residential,electronic,False
C-006366,PMT-0148,F-15,22.18,commercial,electronic,False
C-006367,PMT-0248,F-25,3.33,residential,analog,False
C-006368,PMT-0053,F-06,11.44,commercial,analog,False
C-006369,PMT-0008,F-01,3.98,residential,analog,False
C-006370,PMT-0018,F-02,24.79,commercial,analog,False
C-006371,PMT-0298,F-30,4.88,residential,analog,False
C-006372,PMT-0025,F-03,4.83,residential,analog,False
C-006373,PMT-0282,F-29,6.67,residential,analog,False
C-006374,PMT-0219,F-22,34.25,industrial,analog,False
C-006375,PMT-0044,F-05,3.84,residential,analog,False
C-006376,PMT-0260,F-26,5.49,residential,electronic,False
C-006377,PMT-0044,F-05,24.76,commercial,electronic,True
C-006378,PMT-0043,F-05,2.08,residential,analog,False
C-006379,PMT-0173,F-18,4.16,residential,analog,False
C-006380,PMT-0087,F-09,7.34,residential,electronic,True
C-006381,PMT-0088,F-09,6.08,residential,analog,False
C-006382,PMT-0059,F-06,5.3,residential,electronic,True
C-006383,PMT-0183,F-19,2.8,residential,analog,False
C-006384,PMT-0009,F-01,2.31,residential,electronic,False
C-006385,PMT-0074,F-08,3.62,residential,analog,False
C-006386,PMT-0167,F-17,2.79,residential,electronic,False
C-006387,PMT-0146,F-15,6.66,residential,electronic,False
C-006388,PMT-0210,F-21,6.04,residential,electronic,False
C-006389,PMT-0065,F-07,6.85,residential,analog,False
C-006390,PMT-0195,F-20,2.2,residential,analog,False
C-006391,PMT-0228,F-23,3.17,residential,analog,False
C-006392,PMT-0117,F-12,6.38,residential,electronic,False
C-006393,PMT-0078,F-08,2.14,residential,analog,False
C-006394,PMT-0167,F-17,2.02,residential,analog,False
C-006395,PMT-0174,F-18,12.66,commercial,electronic,False
C-006396,PMT-0029,F-03,2.31,residential,analog,False
C-006397,PMT-0170,F-17,6.58,commercial,electronic,False
C-006398,PMT-0047,F-05,3.19,residential,analog,False
C-006399,PMT-0171,F-18,7.13,residential,electronic,False
C-006400,PMT-0280,F-28,24.52,industrial,analog,False
C-006401,PMT-0162,F-17,4.96,residential,electronic,False
C-006402,PMT-0229,F-23,4.94,residential,analog,True
C-006403,PMT-0093,F-10,4.72,residential,analog,False
C-006404,PMT-0277,F-28,4.54,residential,analog,False
C-006405,PMT-0244,F-25,1.12,residential,electronic,False
C-006406,PMT-0276,F-28,1.33,residential,analog,False
C-006407,PMT-0223,F-23,4.58,residential,analog,False
C-006408,PMT-0195,F-20,7.78,residential,analog,False
C-006409,PMT-0158,F-16,3.86,residential,electronic,False
C-006410,PMT-0279,F-28,4.31,residential,analog,False
C-006411,PMT-0255,F-26,7.87,residential,analog,False
C-006412,PMT-0126,F-13,6.45,residential,analog,True
C-006413,PMT-0026,F-03,20.4,commercial,analog,False
C-006414,PMT-0002,F-01,4.53,residential,analog,False
C-006415,PMT-0071,F-08,22.96,commercial,analog,False
C-006416,PMT-0019,F-02,5.07,residential,analog,False
C-006417,PMT-0064,F-07,5.6,residential,electronic,False
C-006418,PMT-0033,F-04,6.51,residential,analog,False
C-006419,PMT-0295,F-30,13.13,commercial,analog,True
C-006420,PMT-0029,F-03,24.07,commercial,analog,False
C-006421,PMT-0189,F-19,7.92,residential,analog,False
C-006422,PMT-0106,F-11,5.11,residential,electronic,False
C-006423,PMT-0053,F-06,2.55,residential,electronic,False
C-006424,PMT-0211,F-22,6.42,residential,analog,True
C-006425,PMT-0292,F-30,3.25,residential,electronic,False
C-006426,PMT-0238,F-24,5.04,residential,analog,False
C-006427,PMT-0293,F-30,6.73,commercial,electronic,False
C-006428,PMT-0178,F-18,6.65,residential,analog,False
C-006429,PMT-0203,F-21,7.71,residential,electronic,False
C-006430,PMT-0044,F-05,6.88,commercial,electronic,False
C-006431,PMT-0256,F-26,6.12,residential,analog,False
C-006432,PMT-0225,F-23,7.03,residential,analog,True
C-006433,PMT-0077,F-08,1.77,residential,electronic,False
C-006434,PMT-0107,F-11,9.94,commercial,analog,False
C-006435,PMT-0184,F-19,3.74,residential,analog,False
C-006436,PMT-0004,F-01,6.86,residential,analog,False
C-006437,PMT-0246,F-25,4.45,residential,analog,False
C-006438,PMT-0085,F-09,1.96,residential,analog,False
C-006439,PMT-0023,F-03,2.79,residential,electronic,False
C-006440,PMT-0100,F-10,14.35,commercial,electronic,False
C-006441,PMT-0251,F-26,1.27,residential,analog,False
C-006442,PMT-0083,F-09,5.42,residential,electronic,False
C-006443,PMT-0162,F-17,1.18,residential,analog,False
C-006444,PMT-0244,F-25,6.47,residential,analog,False
C-006445,PMT-0011,F-02,6.14,residential,analog,False
C-006446,PMT-0228,F-23,7.06,residential,analog,True
C-006447,PMT-0087,F-09,2.1,residential,analog,False
C-006448,PMT-0209,F-21,5.22,residential,analog,False
C-006449,PMT-0057,F-06,6.47,residential,analog,False
C-006450,PMT-0042,F-05,4.61,residential,electronic,True
C-006451,PMT-0237,F-24,7.62,commercial,analog,False
C-006452,PMT-0243,F-25,27.91,industrial,analog,False
C-006453,PMT-0295,F-30,5.24,residential,analog,False
C-006454,PMT-0204,F-21,4.48,residential,electronic,False
C-006455,PMT-0140,F-14,7.51,residential,electronic,False
C-006456,PMT-0059,F-06,6.84,residential,electronic,True
C-006457,PMT-0089,F-09,6.07,residential,electronic,False
C-006458,PMT-0195,F-20,7.88,residential,electronic,False
C-006459,PMT-0104,F-11,18.89,commercial,analog,False
C-006460,PMT-0146,F-15,1.65,residential,analog,True
C-006461,PMT-0051,F-06,1.54,residential,analog,False
C-006462,PMT-0132,F-14,6.71,residential,analog,False
C-006463,PMT-0072,F-08,3.52,residential,analog,False
C-006464,PMT-0034,F-04,7.47,residential,analog,False
C-006465,PMT-0040,F-04,7.36,commercial,analog,False
C-006466,PMT-0156,F-16,2.39,residential,electronic,False
C-006467,PMT-0110,F-11,6.41,residential,analog,False
C-006468,PMT-0030,F-03,6.93,residential,electronic,False
C-006469,PMT-0155,F-16,22.34,commercial,electronic,False
C-006470,PMT-0050,F-05,1.69,residential,electronic,False
C-006471,PMT-0005,F-01,3.67,residential,analog,True
C-006472,PMT-0040,F-04,5.52,residential,electronic,False
C-006473,PMT-0135,F-14,7.43,residential,analog,False
C-006474,PMT-0287,F-29,2.67,residential,electronic,False
C-006475,PMT-0073,F-08,5.2,residential,analog,False
C-006476,PMT-0086,F-09,2.0,residential,analog,False
C-006477,PMT-0073,F-08,6.23,residential,analog,True
C-006478,PMT-0107,F-11,7.55,commercial,electronic,False
C-006479,PMT-0216,F-22,8.0,residential,electronic,False
C-006480,PMT-0097,F-10,6.85,commercial,electronic,False
C-006481,PMT-0198,F-20,5.8,residential,electronic,False
C-006482,PMT-0270,F-27,6.44,residential,analog,False
C-006483,PMT-0284,F-29,2.81,residential,electronic,False
C-006484,PMT-0169,F-17,2.78,residential,analog,False
C-006485,PMT-0214,F-22,5.17,residential,electronic,False
C-006486,PMT-0276,F-28,5.41,residential,electronic,False
C-006487,PMT-0237,F-24,77.64,industrial,analog,False
C-006488,PMT-0090,F-09,16.61,commercial,analog,False
C-006489,PMT-0040,F-04,2.22,residential,electronic,False
C-006490,PMT-0035,F-04,7.47,residential,electronic,False
C-006491,PMT-0265,F-27,2.17,residential,electronic,False
C-006492,PMT-0167,F-17,4.96,residential,electronic,False
C-006493,PMT-0089,F-09,7.44,residential,electronic,False
C-006494,PMT-0104,F-11,7.39,residential,analog,False
C-006495,PMT-0085,F-09,2.18,residential,analog,False
C-006496,PMT-0241,F-25,2.67,residential,analog,False
C-006497,PMT-0184,F-19,5.21,residential,analog,False
C-006498,PMT-0264,F-27,46.97,industrial,electronic,True
C-006499,PMT-0091,F-10,6.12,residential,analog,False
C-006500,PMT-0142,F-15,4.66,residential,electronic,False
C-006501,PMT-0037,F-04,2.86,residential,analog,False
C-006502,PMT-0292,F-30,3.88,residential,electronic,False
C-006503,PMT-0154,F-16,5.84,residential,analog,False
C-006504,PMT-0166,F-17,6.5,residential,analog,False
C-006505,PMT-0125,F-13,12.39,commercial,analog,False
C-006506,PMT-0082,F-09,1.73,residential,electronic,True
C-006507,PMT-0285,F-29,3.47,residential,analog,False
C-006508,PMT-0147,F-15,5.41,residential,analog,False
C-006509,PMT-0203,F-21,20.2,commercial,electronic,True
C-006510,PMT-0012,F-02,7.16,residential,analog,False
C-006511,PMT-0083,F-09,7.73,residential,analog,False
C-006512,PMT-0242,F-25,62.35,industrial,analog,False
C-006513,PMT-0027,F-03,7.16,residential,analog,False
C-006514,PMT-0031,F-04,2.83,residential,analog,False
C-006515,PMT-0243,F-25,4.92,residential,analog,False
C-006516,PMT-0093,F-10,4.78,residential,analog,False
C-006517,PMT-0083,F-09,81.5,industrial,analog,False
C-006518,PMT-0170,F-17,6.41,residential,analog,False
C-006519,PMT-0059,F-06,3.0,residential,analog,False
C-006520,PMT-0013,F-02,7.2,residential,analog,False
C-006521,PMT-0002,F-01,7.24,residential,analog,False
C-006522,PMT-0024,F-03,7.64,residential,analog,False
C-006523,PMT-0048,F-05,14.15,commercial,electronic,False
C-006524,PMT-0209,F-21,7.91,residential,analog,False
C-006525,PMT-0090,F-09,20.7,commercial,electronic,False
C-006526,PMT-0022,F-03,5.57,residential,analog,False
C-006527,PMT-0005,F-01,4.03,residential,analog,False
C-006528,PMT-0144,F-15,6.9,residential,electronic,True
C-006529,PMT-0253,F-26,6.35,residential,analog,False
C-006530,PMT-0102,F-11,5.1,residential,electronic,False
C-006531,PMT-0020,F-02,7.98,residential,analog,False
C-006532,PMT-0069,F-07,2.75,residential,analog,False
C-006533,PMT-0150,F-15,5.49,residential,analog,False
C-006534,PMT-0057,F-06,3.25,residential,electronic,False
C-006535,PMT-0294,F-30,4.2,residential,analog,False
C-006536,PMT-0230,F-23,3.37,residential,analog,False
C-006537,PMT-0104,F-11,3.34,residential,electronic,False
C-006538,PMT-0286,F-29,3.64,residential,analog,False
C-006539,PMT-0098,F-10,1.4,residential,analog,False
C-006540,PMT-0043,F-05,5.8,commercial,analog,False
C-006541,PMT-0282,F-29,19.5,commercial,analog,False
C-006542,PMT-0288,F-29,3.18,residential,analog,False
C-006543,PMT-0094,F-10,1.15,residential,analog,False
C-006544,PMT-0179,F-18,6.63,commercial,electronic,True
C-006545,PMT-0052,F-06,2.37,residential,analog,False
C-006546,PMT-0193,F-20,1.34,residential,analog,False
C-006547,PMT-0208,F-21,7.62,residential,analog,False
C-006548,PMT-0213,F-22,4.98,residential,analog,False
C-006549,PMT-0171,F-18,3.76,residential,analog,False
C-006550,PMT-0212,F-22,4.73,residential,analog,False
C-006551,PMT-0167,F-17,1.79,residential,electronic,True
C-006552,PMT-0246,F-25,19.04,commercial,analog,False
C-006553,PMT-0054,F-06,7.79,residential,electronic,False
C-006554,PMT-0146,F-15,1.91,residential,electronic,False
C-006555,PMT-0125,F-13,2.07,residential,analog,False
C-006556,PMT-0161,F-17,5.4,residential,electronic,False
C-006557,PMT-0043,F-05,2.06,residential,electronic,False
C-006558,PMT-0098,F-10,30.08,industrial,analog,False
C-006559,PMT-0287,F-29,5.69,residential,analog,False
C-006560,PMT-0032,F-04,5.33,residential,analog,False
C-006561,PMT-0191,F-20,9.35,commercial,analog,True
C-006562,PMT-0200,F-20,6.76,residential,electronic,False
C-006563,PMT-0143,F-15,1.74,residential,analog,False
C-006564,PMT-0011,F-02,3.33,residential,analog,False
C-006565,PMT-0011,F-02,6.17,residential,electronic,False
C-006566,PMT-0083,F-09,5.3,residential,electronic,False
C-006567,PMT-0031,F-04,5.2,residential,analog,False
C-006568,PMT-0029,F-03,5.8,residential,analog,False
C-006569,PMT-0049,F-05,5.53,residential,analog,False
C-006570,PMT-0058,F-06,7.12,residential,electronic,True
C-006571,PMT-0252,F-26,16.38,commercial,analog,False
C-006572,PMT-0192,F-20,52.1,industrial,analog,False
C-006573,PMT-0010,F-01,6.36,residential,analog,False
C-006574,PMT-0189,F-19,10.18,commercial,analog,True
C-006575,PMT-0042,F-05,20.19,commercial,analog,False
C-006576,PMT-0127,F-13,2.96,residential,electronic,False
C-006577,PMT-0012,F-02,4.36,residential,electronic,False
C-006578,PMT-0028,F-03,6.17,residential,analog,False
C-006579,PMT-0040,F-04,5.39,residential,electronic,False
C-006580,PMT-0131,F-14,1.6,residential,analog,False
C-006581,PMT-0139,F-14,4.13,residential,analog,False
C-006582,PMT-0106,F-11,6.68,residential,analog,False
C-006583,PMT-0187,F-19,7.98,residential,analog,True
C-006584,PMT-0217,F-22,4.27,residential,analog,False
C-006585,PMT-0219,F-22,6.72,commercial,analog,False
C-006586,PMT-0174,F-18,49.29,industrial,analog,True
C-006587,PMT-0164,F-17,4.43,residential,electronic,False
C-006588,PMT-0148,F-15,1.51,residential,analog,False
C-006589,PMT-0072,F-08,7.05,residential,analog,False
C-006590,PMT-0147,F-15,4.77,residential,analog,False
C-006591,PMT-0004,F-01,3.91,residential,electronic,False
C-006592,PMT-0290,F-29,3.78,residential,analog,False
C-006593,PMT-0112,F-12,5.57,commercial,analog,False
C-006594,PMT-0227,F-23,4.63,residential,electronic,False
C-006595,PMT-0288,F-29,4.33,residential,analog,False
C-006596,PMT-0150,F-15,3.42,residential,electronic,False
C-006597,PMT-0259,F-26,5.61,residential,analog,False
C-006598,PMT-0144,F-15,3.88,residential,electronic,False
C-006599,PMT-0040,F-04,5.0,residential,analog,False
C-006600,PMT-0008,F-01,7.2,residential,electronic,False
C-006601,PMT-0041,F-05,12.28,commercial,analog,False
C-006602,PMT-0283,F-29,3.79,residential,analog,False
C-006603,PMT-0143,F-15,7.06,residential,electronic,False
C-006604,PMT-0096,F-10,48.65,industrial,analog,False
C-006605,PMT-0134,F-14,4.08,residential,analog,False
C-006606,PMT-0077,F-08,6.61,residential,analog,False
C-006607,PMT-0262,F-27,5.14,residential,analog,True
C-006608,PMT-0300,F-30,7.54,residential,analog,False
C-006609,PMT-0026,F-03,4.29,residential,analog,True
C-006610,PMT-0216,F-22,4.35,residential,analog,False
C-006611,PMT-0101,F-11,1.3,residential,analog,False
C-006612,PMT-0015,F-02,2.38,residential,electronic,False
C-006613,PMT-0277,F-28,4.78,residential,analog,False
C-006614,PMT-0019,F-02,2.31,residential,analog,False
C-006615,PMT-0062,F-07,14.07,commercial,analog,False
C-006616,PMT-0008,F-01,2.98,residential,analog,False
C-006617,PMT-0142,F-15,1.15,residential,analog,True
C-006618,PMT-0180,F-18,4.33,residential,analog,True
C-006619,PMT-0097,F-10,5.52,residential,analog,True
C-006620,PMT-0022,F-03,3.37,residential,electronic,False
C-006621,PMT-0035,F-04,6.44,residential,analog,False
C-006622,PMT-0281,F-29,2.02,residential,analog,False
C-006623,PMT-0242,F-25,1.64,residential,analog,False
C-006624,PMT-0282,F-29,7.54,residential,analog,False
C-006625,PMT-0160,F-16,23.43,commercial,electronic,False
C-006626,PMT-0164,F-17,3.85,residential,electronic,False
C-006627,PMT-0236,F-24,3.94,residential,electronic,False
C-006628,PMT-0185,F-19,88.08,industrial,analog,False
C-006629,PMT-0131,F-14,4.71,residential,analog,False
C-006630,PMT-0088,F-09,1.82,residential,electronic,False
C-006631,PMT-0146,F-15,1.8,residential,electronic,False
C-006632,PMT-0020,F-02,1.92,residential,analog,False
C-006633,PMT-0058,F-06,6.47,residential,analog,False
C-006634,PMT-0222,F-23,5.21,residential,analog,False
C-006635,PMT-0261,F-27,3.1,residential,analog,False
C-006636,PMT-0031,F-04,2.13,residential,analog,False
C-006637,PMT-0030,F-03,1.86,residential,analog,True
C-006638,PMT-0026,F-03,6.19,residential,electronic,False
C-006639,PMT-0238,F-24,22.72,commercial,analog,True
C-006640,PMT-0094,F-10,62.49,industrial,electronic,True
C-006641,PMT-0099,F-10,6.41,residential,analog,False
C-006642,PMT-0004,F-01,2.98,residential,analog,False
C-006643,PMT-0292,F-30,5.1,residential,electronic,False
C-006644,PMT-0131,F-14,4.07,residential,analog,False
C-006645,PMT-0240,F-24,1.61,residential,analog,False
C-006646,PMT-0213,F-22,4.41,residential,analog,False
C-006647,PMT-0043,F-05,6.93,residential,analog,False
C-006648,PMT-0241,F-25,1.36,residential,electronic,False
C-006649,PMT-0166,F-17,4.34,residential,electronic,False
C-006650,PMT-0182,F-19,22.47,commercial,electronic,False
C-006651,PMT-0061,F-07,6.53,residential,analog,False
C-006652,PMT-0255,F-26,4.45,residential,electronic,False
C-006653,PMT-0280,F-28,2.2,residential,analog,False
C-006654,PMT-0122,F-13,6.94,residential,analog,False
C-006655,PMT-0028,F-03,2.07,residential,electronic,False
C-006656,PMT-0255,F-26,2.94,residential,analog,False
C-006657,PMT-0267,F-27,1.87,residential,analog,False
C-006658,PMT-0152,F-16,4.21,residential,electronic,False
C-006659,PMT-0174,F-18,5.4,residential,analog,False
C-006660,PMT-0067,F-07,86.17,industrial,analog,False
C-006661,PMT-0021,F-03,4.23,residential,analog,False
C-006662,PMT-0284,F-29,7.8,residential,electronic,False
C-006663,PMT-0145,F-15,5.17,residential,analog,False
C-006664,PMT-0083,F-09,5.23,residential,analog,False
C-006665,PMT-0208,F-21,2.23,residential,analog,False
C-006666,PMT-0008,F-01,2.33,residential,analog,False
C-006667,PMT-0024,F-03,5.04,residential,analog,False
C-006668,PMT-0073,F-08,19.42,commercial,electronic,False
C-006669,PMT-0136,F-14,2.43,residential,electronic,False
C-006670,PMT-0111,F-12,4.39,residential,electronic,False
C-006671,PMT-0057,F-06,3.49,residential,electronic,False
C-006672,PMT-0106,F-11,4.07,residential,analog,False
C-006673,PMT-0101,F-11,2.55,residential,analog,False
C-006674,PMT-0158,F-16,1.99,residential,analog,False
C-006675,PMT-0169,F-17,3.24,residential,analog,False
C-006676,PMT-0265,F-27,7.08,residential,analog,False
C-006677,PMT-0243,F-25,6.64,residential,analog,False
C-006678,PMT-0088,F-09,7.03,commercial,electronic,False
C-006679,PMT-0271,F-28,1.61,residential,analog,False
C-006680,PMT-0157,F-16,4.45,residential,analog,False
C-006681,PMT-0057,F-06,2.94,residential,electronic,True
C-006682,PMT-0103,F-11,6.76,residential,analog,False
C-006683,PMT-0223,F-23,14.72,commercial,analog,True
C-006684,PMT-0247,F-25,88.22,industrial,analog,False
C-006685,PMT-0113,F-12,7.16,commercial,analog,False
C-006686,PMT-0048,F-05,24.4,commercial,analog,False
C-006687,PMT-0058,F-06,6.37,residential,electronic,False
C-006688,PMT-0032,F-04,6.12,residential,electronic,False
C-006689,PMT-0210,F-21,7.58,residential,electronic,False
C-006690,PMT-0151,F-16,4.29,residential,electronic,False
C-006691,PMT-0136,F-14,2.04,residential,analog,False
C-006692,PMT-0202,F-21,4.48,residential,electronic,False
C-006693,PMT-0249,F-25,6.71,residential,analog,False
C-006694,PMT-0239,F-24,7.02,residential,analog,False
C-006695,PMT-0042,F-05,4.42,residential,electronic,False
C-006696,PMT-0177,F-18,19.65,commercial,analog,False
C-006697,PMT-0265,F-27,2.73,residential,analog,False
C-006698,PMT-0233,F-24,2.61,residential,electronic,False
C-006699,PMT-0099,F-10,16.73,commercial,analog,False
C-006700,PMT-0118,F-12,13.44,commercial,analog,False
C-006701,PMT-0268,F-27,2.13,residential,analog,False
C-006702,PMT-0010,F-01,6.33,residential,analog,False
C-006703,PMT-0158,F-16,4.73,residential,analog,False
C-006704,PMT-0035,F-04,4.64,residential,analog,False
C-006705,PMT-0269,F-27,2.33,residential,analog,True
C-006706,PMT-0012,F-02,2.69,residential,analog,False
C-006707,PMT-0008,F-01,5.85,residential,analog,False
C-006708,PMT-0099,F-10,6.96,residential,analog,False
C-006709,PMT-0061,F-07,2.24,residential,analog,False
C-006710,PMT-0149,F-15,6.69,residential,analog,False
C-006711,PMT-0090,F-09,6.52,residential,analog,False
C-006712,PMT-0107,F-11,6.7,residential,analog,False
C-006713,PMT-0170,F-17,5.07,residential,electronic,False
C-006714,PMT-0169,F-17,3.46,residential,analog,False
C-006715,PMT-0281,F-29,20.42,commercial,analog,False
C-006716,PMT-0145,F-15,14.6,commercial,analog,False
C-006717,PMT-0170,F-17,2.55,residential,analog,True
C-006718,PMT-0204,F-21,3.82,residential,analog,False
C-006719,PMT-0053,F-06,4.2,residential,electronic,False
C-006720,PMT-0201,F-21,60.43,industrial,electronic,False
C-006721,PMT-0259,F-26,7.28,residential,analog,False
C-006722,PMT-0096,F-10,3.88,residential,analog,False
C-006723,PMT-0054,F-06,2.99,residential,electronic,False
C-006724,PMT-0104,F-11,7.74,residential,analog,False
C-006725,PMT-0083,F-09,2.69,residential,analog,False
C-006726,PMT-0176,F-18,1.08,residential,analog,False
C-006727,PMT-0260,F-26,6.95,residential,analog,False
C-006728,PMT-0179,F-18,7.68,residential,electronic,False
C-006729,PMT-0038,F-04,5.77,residential,analog,False
C-006730,PMT-0095,F-10,3.85,residential,analog,False
C-006731,PMT-0207,F-21,15.88,commercial,analog,False
C-006732,PMT-0100,F-10,6.82,residential,electronic,False
C-006733,PMT-0176,F-18,90.83,industrial,analog,False
C-006734,PMT-0209,F-21,1.72,residential,analog,True
C-006735,PMT-0099,F-10,22.36,commercial,analog,False
C-006736,PMT-0195,F-20,17.35,commercial,analog,False
C-006737,PMT-0120,F-12,5.65,commercial,analog,False
C-006738,PMT-0041,F-05,7.17,commercial,analog,False
C-006739,PMT-0112,F-12,1.32,residential,electronic,False
C-006740,PMT-0133,F-14,7.64,residential,electronic,False
C-006741,PMT-0001,F-01,3.99,residential,analog,False
C-006742,PMT-0268,F-27,6.01,residential,electronic,False
C-006743,PMT-0159,F-16,20.14,industrial,analog,True
C-006744,PMT-0011,F-02,6.55,residential,electronic,True
C-006745,PMT-0261,F-27,4.37,residential,electronic,False
C-006746,PMT-0257,F-26,23.47,commercial,electronic,False
C-006747,PMT-0004,F-01,4.65,residential,analog,False
C-006748,PMT-0049,F-05,6.52,residential,electronic,False
C-006749,PMT-0110,F-11,5.41,residential,analog,False
C-006750,PMT-0153,F-16,4.64,residential,analog,True
C-006751,PMT-0218,F-22,23.96,commercial,electronic,False
C-006752,PMT-0128,F-13,4.47,residential,analog,False
C-006753,PMT-0184,F-19,7.25,residential,analog,False
C-006754,PMT-0004,F-01,1.25,residential,analog,False
C-006755,PMT-0198,F-20,5.6,residential,analog,False
C-006756,PMT-0275,F-28,7.38,residential,electronic,False
C-006757,PMT-0158,F-16,91.94,industrial,analog,False
C-006758,PMT-0137,F-14,4.4,residential,analog,True
C-006759,PMT-0090,F-09,4.3,residential,electronic,False
C-006760,PMT-0287,F-29,6.67,residential,electronic,False
C-006761,PMT-0010,F-01,3.35,residential,electronic,True
C-006762,PMT-0087,F-09,7.56,residential,analog,False
C-006763,PMT-0042,F-05,2.75,residential,analog,True
C-006764,PMT-0260,F-26,1.52,residential,electronic,False
C-006765,PMT-0145,F-15,20.44,commercial,electronic,False
C-006766,PMT-0277,F-28,3.83,residential,analog,True
C-006767,PMT-0200,F-20,3.49,residential,analog,False
C-006768,PMT-0168,F-17,3.25,residential,analog,False
C-006769,PMT-0156,F-16,7.86,residential,analog,False
C-006770,PMT-0061,F-07,5.0,residential,analog,False
C-006771,PMT-0169,F-17,7.94,residential,analog,False
C-006772,PMT-0206,F-21,3.41,residential,analog,False
C-006773,PMT-0290,F-29,3.9,residential,analog,False
C-006774,PMT-0165,F-17,2.48,residential,analog,True
C-006775,PMT-0282,F-29,4.01,residential,analog,False
C-006776,PMT-0284,F-29,1.43,residential,electronic,False
C-006777,PMT-0157,F-16,1.0,residential,analog,False
C-006778,PMT-0132,F-14,4.17,residential,electronic,False
C-006779,PMT-0043,F-05,6.22,residential,electronic,False
C-006780,PMT-0081,F-09,13.74,commercial,electronic,False
C-006781,PMT-0264,F-27,4.63,residential,electronic,False
C-006782,PMT-0042,F-05,4.12,residential,electronic,True
C-006783,PMT-0120,F-12,4.69,residential,analog,False
C-006784,PMT-0210,F-21,6.43,residential,analog,False
C-006785,PMT-0073,F-08,6.63,residential,electronic,True
C-006786,PMT-0293,F-30,6.87,residential,analog,False
C-006787,PMT-0195,F-20,2.49,residential,electronic,False
C-006788,PMT-0009,F-01,4.2,residential,analog,False
C-006789,PMT-0075,F-08,6.82,residential,analog,False
C-006790,PMT-0223,F-23,7.59,residential,analog,False
C-006791,PMT-0259,F-26,4.8,residential,electronic,False
C-006792,PMT-0279,F-28,4.45,residential,analog,False
C-006793,PMT-0256,F-26,6.35,residential,analog,False
C-006794,PMT-0023,F-03,7.94,residential,analog,False
C-006795,PMT-0219,F-22,3.98,residential,electronic,False
C-006796,PMT-0034,F-04,2.16,residential,electronic,False
C-006797,PMT-0023,F-03,6.84,residential,analog,False
C-006798,PMT-0208,F-21,5.97,residential,analog,False
C-006799,PMT-0144,F-15,2.02,residential,electronic,False
C-006800,PMT-0195,F-20,3.26,residential,analog,False
C-006801,PMT-0256,F-26,4.87,residential,analog,False
C-006802,PMT-0021,F-03,6.12,residential,electronic,False
C-006803,PMT-0159,F-16,6.46,residential,electronic,False
C-006804,PMT-0251,F-26,2.09,residential,analog,False
C-006805,PMT-0133,F-14,2.52,residential,analog,False
C-006806,PMT-0158,F-16,6.21,residential,analog,False
C-006807,PMT-0150,F-15,1.81,residential,electronic,False
C-006808,PMT-0273,F-28,4.49,residential,electronic,False
C-006809,PMT-0015,F-02,4.82,residential,analog,False
C-006810,PMT-0264,F-27,11.79,commercial,electronic,False
C-006811,PMT-0245,F-25,83.71,industrial,analog,False
C-006812,PMT-0244,F-25,1.39,residential,electronic,False
C-006813,PMT-0124,F-13,20.55,commercial,electronic,False
C-006814,PMT-0155,F-16,71.68,industrial,electronic,False
C-006815,PMT-0111,F-12,4.55,residential,electronic,False
C-006816,PMT-0076,F-08,7.11,residential,analog,False
C-006817,PMT-0263,F-27,2.42,residential,analog,False
C-006818,PMT-0152,F-16,6.61,residential,analog,False
C-006819,PMT-0218,F-22,2.31,residential,electronic,True
C-006820,PMT-0031,F-04,7.93,residential,analog,False
C-006821,PMT-0237,F-24,1.23,residential,analog,False
C-006822,PMT-0198,F-20,4.87,residential,analog,False
C-006823,PMT-0300,F-30,2.18,residential,analog,False
C-006824,PMT-0041,F-05,3.86,residential,analog,True
C-006825,PMT-0163,F-17,2.04,residential,analog,False
C-006826,PMT-0154,F-16,2.36,residential,analog,False
C-006827,PMT-0162,F-17,1.43,residential,analog,False
C-006828,PMT-0017,F-02,1.06,residential,analog,False
C-006829,PMT-0142,F-15,6.04,residential,electronic,False
C-006830,PMT-0090,F-09,4.17,residential,analog,False
C-006831,PMT-0186,F-19,1.32,residential,analog,False
C-006832,PMT-0070,F-07,7.57,residential,electronic,False
C-006833,PMT-0131,F-14,5.66,residential,analog,False
C-006834,PMT-0187,F-19,2.85,residential,analog,False
C-006835,PMT-0020,F-02,4.07,residential,analog,False
C-006836,PMT-0237,F-24,14.79,commercial,analog,False
C-006837,PMT-0215,F-22,4.99,residential,analog,True
C-006838,PMT-0018,F-02,22.15,commercial,electronic,False
C-006839,PMT-0020,F-02,5.13,residential,analog,False
C-006840,PMT-0256,F-26,7.85,residential,analog,False
C-006841,PMT-0085,F-09,19.54,commercial,electronic,True
C-006842,PMT-0259,F-26,24.77,commercial,analog,False
C-006843,PMT-0150,F-15,4.86,residential,analog,False
C-006844,PMT-0103,F-11,5.75,residential,electronic,False
C-006845,PMT-0083,F-09,6.17,residential,analog,False
C-006846,PMT-0198,F-20,6.28,residential,analog,False
C-006847,PMT-0033,F-04,1.17,residential,analog,True
C-006848,PMT-0121,F-13,1.89,residential,electronic,False
C-006849,PMT-0104,F-11,2.59,residential,electronic,False
C-006850,PMT-0047,F-05,2.9,residential,electronic,False
C-006851,PMT-0106,F-11,7.34,residential,analog,False
C-006852,PMT-0159,F-16,6.06,residential,analog,False
C-006853,PMT-0204,F-21,2.0,residential,analog,False
C-006854,PMT-0026,F-03,13.53,commercial,electronic,False
C-006855,PMT-0262,F-27,2.7,residential,analog,True
C-006856,PMT-0264,F-27,6.81,residential,analog,False
C-006857,PMT-0208,F-21,7.42,residential,analog,False
C-006858,PMT-0278,F-28,2.15,residential,analog,True
C-006859,PMT-0129,F-13,3.92,residential,electronic,False
C-006860,PMT-0247,F-25,7.67,residential,electronic,False
C-006861,PMT-0219,F-22,72.57,industrial,analog,False
C-006862,PMT-0169,F-17,89.45,industrial,analog,True
C-006863,PMT-0054,F-06,12.15,commercial,analog,False
C-006864,PMT-0168,F-17,9.19,commercial,analog,False
C-006865,PMT-0271,F-28,5.84,residential,analog,False
C-006866,PMT-0296,F-30,1.96,residential,analog,False
C-006867,PMT-0135,F-14,6.88,residential,analog,True
C-006868,PMT-0075,F-08,6.28,residential,electronic,False
C-006869,PMT-0225,F-23,3.13,residential,analog,False
C-006870,PMT-0023,F-03,4.49,residential,analog,False
C-006871,PMT-0046,F-05,6.59,residential,analog,False
C-006872,PMT-0169,F-17,7.54,residential,analog,False
C-006873,PMT-0298,F-30,3.47,residential,analog,False
C-006874,PMT-0099,F-10,6.53,residential,analog,False
C-006875,PMT-0133,F-14,2.36,residential,analog,False
C-006876,PMT-0097,F-10,7.32,residential,analog,False
C-006877,PMT-0133,F-14,5.8,residential,electronic,False
C-006878,PMT-0003,F-01,2.07,residential,electronic,False
C-006879,PMT-0179,F-18,6.18,residential,electronic,False
C-006880,PMT-0179,F-18,6.07,residential,analog,False
C-006881,PMT-0095,F-10,6.2,residential,electronic,False
C-006882,PMT-0080,F-08,11.9,commercial,analog,False
C-006883,PMT-0229,F-23,6.18,residential,analog,False
C-006884,PMT-0057,F-06,21.53,commercial,analog,False
C-006885,PMT-0015,F-02,3.43,residential,electronic,False
C-006886,PMT-0013,F-02,2.46,residential,electronic,False
C-006887,PMT-0265,F-27,91.03,industrial,analog,False
C-006888,PMT-0110,F-11,5.34,residential,analog,True
C-006889,PMT-0031,F-04,4.22,residential,electronic,False
C-006890,PMT-0264,F-27,7.16,residential,electronic,False
C-006891,PMT-0045,F-05,1.95,residential,analog,False
C-006892,PMT-0102,F-11,6.67,residential,analog,False
C-006893,PMT-0007,F-01,4.44,residential,analog,False
C-006894,PMT-0204,F-21,1.3,residential,analog,False
C-006895,PMT-0210,F-21,7.81,residential,analog,False
C-006896,PMT-0227,F-23,6.45,residential,analog,False
C-006897,PMT-0079,F-08,2.5,residential,analog,False
C-006898,PMT-0099,F-10,7.47,residential,analog,True
C-006899,PMT-0282,F-29,7.55,residential,electronic,False
C-006900,PMT-0247,F-25,84.04,industrial,analog,False
C-006901,PMT-0012,F-02,1.89,residential,analog,False
C-006902,PMT-0208,F-21,2.3,residential,analog,False
C-006903,PMT-0244,F-25,6.28,residential,electronic,False
C-006904,PMT-0168,F-17,7.4,residential,analog,False
C-006905,PMT-0192,F-20,2.51,residential,analog,False
C-006906,PMT-0001,F-01,4.23,residential,analog,False
C-006907,PMT-0010,F-01,2.08,residential,analog,False
C-006908,PMT-0011,F-02,14.56,commercial,electronic,False
C-006909,PMT-0048,F-05,5.5,residential,analog,False
C-006910,PMT-0298,F-30,1.13,residential,analog,False
C-006911,PMT-0191,F-20,17.86,commercial,analog,False
C-006912,PMT-0235,F-24,17.79,commercial,analog,False
C-006913,PMT-0089,F-09,14.1,commercial,electronic,False
C-006914,PMT-0282,F-29,7.27,residential,electronic,True
C-006915,PMT-0060,F-06,30.79,industrial,electronic,False
C-006916,PMT-0271,F-28,6.03,commercial,analog,False
C-006917,PMT-0010,F-01,4.47,residential,analog,False
C-006918,PMT-0007,F-01,4.73,residential,electronic,False
C-006919,PMT-0024,F-03,41.34,industrial,analog,False
C-006920,PMT-0238,F-24,7.73,residential,electronic,False
C-006921,PMT-0078,F-08,2.78,residential,analog,False
C-006922,PMT-0136,F-14,2.89,residential,analog,True
C-006923,PMT-0142,F-15,6.68,residential,electronic,False
C-006924,PMT-0237,F-24,7.46,residential,analog,False
C-006925,PMT-0105,F-11,4.75,residential,analog,False
C-006926,PMT-0003,F-01,1.13,residential,analog,False
C-006927,PMT-0116,F-12,3.49,residential,analog,False
C-006928,PMT-0087,F-09,2.57,residential,analog,False
C-006929,PMT-0220,F-22,4.58,residential,analog,False
C-006930,PMT-0226,F-23,18.65,commercial,electronic,True
C-006931,PMT-0028,F-03,3.75,residential,analog,False
C-006932,PMT-0238,F-24,4.76,residential,analog,False
C-006933,PMT-0022,F-03,6.32,residential,analog,False
C-006934,PMT-0186,F-19,2.72,residential,electronic,False
C-006935,PMT-0117,F-12,8.92,commercial,analog,False
C-006936,PMT-0091,F-10,6.64,residential,analog,False
C-006937,PMT-0145,F-15,5.74,commercial,electronic,False
C-006938,PMT-0094,F-10,32.05,industrial,electronic,False
C-006939,PMT-0239,F-24,1.09,residential,electronic,False
C-006940,PMT-0291,F-30,4.89,residential,electronic,False
C-006941,PMT-0245,F-25,5.2,residential,analog,False
C-006942,PMT-0132,F-14,4.72,residential,electronic,False
C-006943,PMT-0151,F-16,3.9,residential,analog,False
C-006944,PMT-0135,F-14,4.7,residential,analog,False
C-006945,PMT-0239,F-24,2.36,residential,analog,False
C-006946,PMT-0166,F-17,6.78,residential,analog,False
C-006947,PMT-0141,F-15,7.87,residential,analog,False
C-006948,PMT-0123,F-13,4.78,residential,analog,False
C-006949,PMT-0113,F-12,3.62,residential,analog,False
C-006950,PMT-0166,F-17,6.54,residential,electronic,False
C-006951,PMT-0207,F-21,8.86,commercial,analog,False
C-006952,PMT-0130,F-13,3.25,residential,analog,True
C-006953,PMT-0242,F-25,7.58,residential,analog,False
C-006954,PMT-0249,F-25,34.9,industrial,analog,False
C-006955,PMT-0129,F-13,7.24,commercial,electronic,False
C-006956,PMT-0273,F-28,4.82,residential,analog,False
C-006957,PMT-0052,F-06,5.11,residential,analog,False
C-006958,PMT-0280,F-28,5.18,residential,analog,True
C-006959,PMT-0089,F-09,2.15,residential,analog,False
C-006960,PMT-0170,F-17,6.05,residential,analog,False
C-006961,PMT-0086,F-09,2.7,residential,electronic,False
C-006962,PMT-0133,F-14,7.64,residential,electronic,False
C-006963,PMT-0103,F-11,2.6,residential,analog,False
C-006964,PMT-0212,F-22,1.12,residential,electronic,False
C-006965,PMT-0025,F-03,4.97,residential,electronic,False
C-006966,PMT-0252,F-26,2.42,residential,analog,True
C-006967,PMT-0272,F-28,5.4,residential,electronic,False
C-006968,PMT-0169,F-17,2.6,residential,analog,False
C-006969,PMT-0165,F-17,4.0,residential,electronic,False
C-006970,PMT-0210,F-21,2.26,residential,analog,False
C-006971,PMT-0060,F-06,4.0,residential,electronic,False
C-006972,PMT-0225,F-23,1.96,residential,electronic,False
C-006973,PMT-0066,F-07,11.76,commercial,electronic,False
C-006974,PMT-0203,F-21,2.39,residential,analog,False
C-006975,PMT-0092,F-10,6.71,residential,analog,True
C-006976,PMT-0224,F-23,6.11,residential,electronic,False
C-006977,PMT-0238,F-24,2.17,residential,analog,True
C-006978,PMT-0063,F-07,1.58,residential,electronic,False
C-006979,PMT-0186,F-19,1.18,residential,analog,False
C-006980,PMT-0150,F-15,9.53,commercial,analog,False
C-006981,PMT-0089,F-09,4.36,residential,electronic,False
C-006982,PMT-0177,F-18,3.8,residential,electronic,False
C-006983,PMT-0298,F-30,7.8,residential,analog,False
C-006984,PMT-0001,F-01,6.55,residential,electronic,False
C-006985,PMT-0288,F-29,1.55,residential,analog,False
C-006986,PMT-0257,F-26,2.11,residential,analog,False
C-006987,PMT-0159,F-16,1.19,residential,analog,False
C-006988,PMT-0184,F-19,1.97,residential,analog,False
C-006989,PMT-0111,F-12,15.59,commercial,electronic,True
C-006990,PMT-0039,F-04,1.54,residential,analog,False
C-006991,PMT-0172,F-18,6.2,commercial,electronic,False
C-006992,PMT-0245,F-25,1.83,residential,analog,False
C-006993,PMT-0070,F-07,18.39,commercial,electronic,False
C-006994,PMT-0216,F-22,1.14,residential,analog,False
C-006995,PMT-0225,F-23,7.79,residential,analog,False
C-006996,PMT-0228,F-23,12.62,commercial,analog,False
C-006997,PMT-0103,F-11,3.36,residential,electronic,False
C-006998,PMT-0118,F-12,4.32,residential,electronic,False
C-006999,PMT-0125,F-13,15.36,commercial,analog,False
C-007000,PMT-0257,F-26,3.94,residential,analog,False
C-007001,PMT-0271,F-28,4.4,residential,analog,False
C-007002,PMT-0125,F-13,3.38,residential,analog,False
C-007003,PMT-0291,F-30,3.25,residential,analog,False
C-007004,PMT-0172,F-18,22.19,industrial,electronic,False
C-007005,PMT-0116,F-12,5.7,residential,analog,False
C-007006,PMT-0001,F-01,5.32,residential,analog,False
C-007007,PMT-0184,F-19,5.68,residential,electronic,False
C-007008,PMT-0194,F-20,23.82,commercial,electronic,False
C-007009,PMT-0291,F-30,4.31,residential,analog,False
C-007010,PMT-0216,F-22,7.17,residential,electronic,False
C-007011,PMT-0009,F-01,55.52,industrial,analog,False
C-007012,PMT-0171,F-18,4.34,residential,analog,False
C-007013,PMT-0223,F-23,17.66,commercial,analog,False
C-007014,PMT-0149,F-15,2.51,residential,analog,False
C-007015,PMT-0129,F-13,2.52,residential,analog,False
C-007016,PMT-0243,F-25,4.57,residential,electronic,False
C-007017,PMT-0184,F-19,25.49,industrial,analog,False
C-007018,PMT-0205,F-21,9.73,commercial,analog,True
C-007019,PMT-0140,F-14,6.55,residential,electronic,False
C-007020,PMT-0084,F-09,4.25,residential,electronic,False
C-007021,PMT-0156,F-16,1.19,residential,electronic,False
C-007022,PMT-0288,F-29,1.43,residential,electronic,False
C-007023,PMT-0181,F-19,7.44,residential,electronic,True
C-007024,PMT-0213,F-22,7.7,residential,electronic,False
C-007025,PMT-0038,F-04,5.49,residential,analog,True
C-007026,PMT-0297,F-30,2.29,residential,analog,False
C-007027,PMT-0074,F-08,12.36,commercial,analog,False
C-007028,PMT-0292,F-30,3.14,residential,analog,False
C-007029,PMT-0134,F-14,6.5,residential,analog,False
C-007030,PMT-0276,F-28,4.76,residential,analog,False
C-007031,PMT-0268,F-27,6.46,residential,analog,False
C-007032,PMT-0227,F-23,3.52,residential,analog,False
C-007033,PMT-0275,F-28,7.09,residential,analog,False
C-007034,PMT-0183,F-19,4.0,residential,analog,False
C-007035,PMT-0255,F-26,3.92,residential,analog,False
C-007036,PMT-0052,F-06,14.78,commercial,analog,False
C-007037,PMT-0022,F-03,5.14,residential,analog,False
C-007038,PMT-0164,F-17,7.26,residential,analog,False
C-007039,PMT-0243,F-25,4.2,residential,electronic,False
C-007040,PMT-0230,F-23,7.51,residential,electronic,False
C-007041,PMT-0159,F-16,3.76,residential,analog,True
C-007042,PMT-0157,F-16,11.49,commercial,electronic,False
C-007043,PMT-0183,F-19,10.9,commercial,electronic,False
C-007044,PMT-0261,F-27,1.15,residential,electronic,False
C-007045,PMT-0253,F-26,6.94,residential,electronic,False
C-007046,PMT-0033,F-04,1.55,residential,analog,False
C-007047,PMT-0179,F-18,3.34,residential,analog,True
C-007048,PMT-0115,F-12,2.75,residential,analog,False
C-007049,PMT-0240,F-24,6.21,residential,analog,False
C-007050,PMT-0152,F-16,7.53,residential,analog,False
C-007051,PMT-0298,F-30,6.72,residential,electronic,False
C-007052,PMT-0130,F-13,3.24,residential,analog,True
C-007053,PMT-0204,F-21,4.19,residential,analog,False
C-007054,PMT-0033,F-04,2.73,residential,electronic,False
C-007055,PMT-0280,F-28,23.48,commercial,analog,False
C-007056,PMT-0047,F-05,1.83,residential,analog,False
C-007057,PMT-0114,F-12,7.66,residential,analog,True
C-007058,PMT-0252,F-26,21.27,commercial,analog,False
C-007059,PMT-0291,F-30,5.98,residential,analog,False
C-007060,PMT-0146,F-15,6.42,residential,analog,False
C-007061,PMT-0146,F-15,3.38,residential,analog,False
C-007062,PMT-0015,F-02,3.07,residential,analog,False
C-007063,PMT-0294,F-30,3.67,residential,electronic,False
C-007064,PMT-0005,F-01,2.27,residential,analog,False
C-007065,PMT-0008,F-01,6.22,residential,analog,False
C-007066,PMT-0143,F-15,4.33,residential,analog,False
C-007067,PMT-0002,F-01,7.2,residential,electronic,False
C-007068,PMT-0050,F-05,90.27,industrial,analog,False
C-007069,PMT-0189,F-19,2.09,residential,analog,False
C-007070,PMT-0212,F-22,2.53,residential,analog,False
C-007071,PMT-0090,F-09,3.87,residential,analog,True
C-007072,PMT-0239,F-24,1.83,residential,electronic,False
C-007073,PMT-0183,F-19,5.83,residential,electronic,False
C-007074,PMT-0069,F-07,6.16,residential,analog,False
C-007075,PMT-0214,F-22,6.05,residential,analog,False
C-007076,PMT-0178,F-18,57.62,industrial,analog,False
C-007077,PMT-0244,F-25,6.9,residential,electronic,False
C-007078,PMT-0047,F-05,68.47,industrial,analog,False
C-007079,PMT-0070,F-07,7.96,residential,analog,False
C-007080,PMT-0092,F-10,6.71,residential,electronic,False
C-007081,PMT-0103,F-11,19.45,commercial,analog,True
C-007082,PMT-0267,F-27,7.47,commercial,electronic,False
C-007083,PMT-0220,F-22,6.83,residential,analog,False
C-007084,PMT-0164,F-17,3.14,residential,electronic,False
C-007085,PMT-0163,F-17,13.38,commercial,electronic,False
C-007086,PMT-0266,F-27,4.24,residential,analog,False
C-007087,PMT-0135,F-14,3.32,residential,analog,False
C-007088,PMT-0068,F-07,1.76,residential,analog,False
C-007089,PMT-0042,F-05,2.4,residential,electronic,False
C-007090,PMT-0100,F-10,6.62,residential,analog,False
C-007091,PMT-0196,F-20,5.57,residential,electronic,True
C-007092,PMT-0142,F-15,7.6,residential,electronic,False
C-007093,PMT-0127,F-13,6.75,residential,electronic,True
C-007094,PMT-0145,F-15,3.82,residential,analog,False
C-007095,PMT-0293,F-30,6.5,residential,analog,False
C-007096,PMT-0300,F-30,5.04,residential,analog,False
C-007097,PMT-0049,F-05,3.0,residential,analog,False
C-007098,PMT-0035,F-04,7.83,residential,analog,False
C-007099,PMT-0074,F-08,23.57,commercial,analog,False
C-007100,PMT-0256,F-26,1.79,residential,electronic,False
C-007101,PMT-0138,F-14,6.88,residential,analog,True
C-007102,PMT-0260,F-26,1.54,residential,analog,False
C-007103,PMT-0195,F-20,7.5,residential,analog,False
C-007104,PMT-0166,F-17,5.37,residential,electronic,True
C-007105,PMT-0085,F-09,2.17,residential,electronic,False
C-007106,PMT-0104,F-11,6.72,residential,analog,False
C-007107,PMT-0045,F-05,4.61,residential,analog,False
C-007108,PMT-0156,F-16,1.42,residential,analog,False
C-007109,PMT-0085,F-09,6.59,residential,analog,False
C-007110,PMT-0088,F-09,6.52,residential,analog,False
C-007111,PMT-0012,F-02,4.37,residential,analog,False
C-007112,PMT-0240,F-24,6.12,residential,electronic,False
C-007113,PMT-0282,F-29,1.28,residential,analog,False
C-007114,PMT-0150,F-15,3.23,residential,analog,False
C-007115,PMT-0161,F-17,5.71,residential,analog,False
C-007116,PMT-0278,F-28,2.61,residential,electronic,True
C-007117,PMT-0154,F-16,4.15,residential,analog,True
C-007118,PMT-0187,F-19,7.52,residential,electronic,False
C-007119,PMT-0129,F-13,6.79,residential,electronic,False
C-007120,PMT-0155,F-16,4.91,residential,electronic,False
C-007121,PMT-0157,F-16,5.04,residential,analog,False
C-007122,PMT-0214,F-22,7.21,residential,analog,True
C-007123,PMT-0182,F-19,7.04,residential,electronic,False
C-007124,PMT-0152,F-16,6.77,commercial,electronic,False
C-007125,PMT-0023,F-03,57.25,industrial,electronic,False
C-007126,PMT-0272,F-28,8.82,commercial,electronic,False
C-007127,PMT-0267,F-27,1.58,residential,analog,False
C-007128,PMT-0056,F-06,3.05,residential,analog,False
C-007129,PMT-0088,F-09,5.27,residential,analog,False
C-007130,PMT-0293,F-30,20.89,commercial,analog,False
C-007131,PMT-0097,F-10,7.39,residential,analog,True
C-007132,PMT-0244,F-25,3.96,residential,analog,False
C-007133,PMT-0236,F-24,3.96,residential,analog,False
C-007134,PMT-0259,F-26,8.07,commercial,analog,False
C-007135,PMT-0005,F-01,8.9,commercial,analog,False
C-007136,PMT-0145,F-15,1.72,residential,electronic,False
C-007137,PMT-0170,F-17,7.83,residential,analog,False
C-007138,PMT-0252,F-26,1.89,residential,analog,False
C-007139,PMT-0068,F-07,20.13,commercial,electronic,False
C-007140,PMT-0093,F-10,3.22,residential,analog,False
C-007141,PMT-0054,F-06,4.76,residential,analog,False
C-007142,PMT-0229,F-23,7.11,residential,analog,False
C-007143,PMT-0300,F-30,23.72,commercial,analog,False
C-007144,PMT-0043,F-05,2.68,residential,analog,False
C-007145,PMT-0070,F-07,7.38,residential,electronic,False
C-007146,PMT-0093,F-10,2.76,residential,analog,False
C-007147,PMT-0267,F-27,6.63,residential,electronic,False
C-007148,PMT-0134,F-14,1.11,residential,analog,False
C-007149,PMT-0085,F-09,4.75,residential,analog,False
C-007150,PMT-0097,F-10,6.08,residential,electronic,False
C-007151,PMT-0180,F-18,6.87,residential,electronic,True
C-007152,PMT-0117,F-12,21.82,commercial,analog,True
C-007153,PMT-0043,F-05,10.98,commercial,analog,True
C-007154,PMT-0247,F-25,6.97,residential,analog,False
C-007155,PMT-0127,F-13,3.27,residential,electronic,False
C-007156,PMT-0078,F-08,2.64,residential,analog,False
C-007157,PMT-0219,F-22,5.03,commercial,analog,False
C-007158,PMT-0224,F-23,2.65,residential,analog,False
C-007159,PMT-0047,F-05,1.83,residential,electronic,False
C-007160,PMT-0023,F-03,73.99,industrial,analog,False
C-007161,PMT-0014,F-02,2.01,residential,electronic,False
C-007162,PMT-0230,F-23,5.1,residential,analog,False
C-007163,PMT-0188,F-19,1.89,residential,analog,False
C-007164,PMT-0238,F-24,5.93,residential,analog,False
C-007165,PMT-0188,F-19,3.0,residential,analog,False
C-007166,PMT-0121,F-13,3.16,residential,analog,False
C-007167,PMT-0177,F-18,5.48,residential,analog,False
C-007168,PMT-0217,F-22,95.12,industrial,analog,False
C-007169,PMT-0120,F-12,7.94,residential,electronic,False
C-007170,PMT-0275,F-28,3.5,residential,analog,False
C-007171,PMT-0270,F-27,7.62,residential,analog,False
C-007172,PMT-0241,F-25,17.25,commercial,analog,False
C-007173,PMT-0298,F-30,7.35,residential,analog,False
C-007174,PMT-0118,F-12,1.19,residential,analog,False
C-007175,PMT-0035,F-04,22.65,industrial,analog,False
C-007176,PMT-0146,F-15,1.52,residential,electronic,False
C-007177,PMT-0224,F-23,6.63,residential,electronic,True
C-007178,PMT-0234,F-24,7.76,commercial,analog,False
C-007179,PMT-0117,F-12,2.24,residential,analog,False
C-007180,PMT-0088,F-09,5.1,residential,electronic,False
C-007181,PMT-0134,F-14,7.7,residential,analog,False
C-007182,PMT-0242,F-25,16.34,commercial,analog,False
C-007183,PMT-0019,F-02,19.65,commercial,electronic,False
C-007184,PMT-0099,F-10,2.31,residential,analog,False
C-007185,PMT-0069,F-07,7.4,residential,analog,False
C-007186,PMT-0242,F-25,1.39,residential,electronic,False
C-007187,PMT-0141,F-15,2.98,residential,analog,False
C-007188,PMT-0027,F-03,4.18,residential,electronic,False
C-007189,PMT-0079,F-08,2.58,residential,analog,True
C-007190,PMT-0014,F-02,5.65,residential,analog,False
C-007191,PMT-0143,F-15,5.75,residential,electronic,False
C-007192,PMT-0300,F-30,2.48,residential,electronic,False
C-007193,PMT-0171,F-18,1.06,residential,electronic,False
C-007194,PMT-0261,F-27,1.52,residential,analog,True
C-007195,PMT-0223,F-23,1.0,residential,electronic,False
C-007196,PMT-0265,F-27,7.34,residential,analog,False
C-007197,PMT-0094,F-10,5.35,residential,analog,False
C-007198,PMT-0286,F-29,1.97,residential,electronic,False
C-007199,PMT-0072,F-08,1.65,residential,analog,False
C-007200,PMT-0132,F-14,6.72,residential,analog,False
C-007201,PMT-0205,F-21,21.22,commercial,electronic,True
C-007202,PMT-0087,F-09,7.49,residential,electronic,False
C-007203,PMT-0080,F-08,2.11,residential,analog,False
C-007204,PMT-0040,F-04,15.45,commercial,analog,False
C-007205,PMT-0002,F-01,1.85,residential,analog,False
C-007206,PMT-0151,F-16,6.57,residential,analog,False
C-007207,PMT-0297,F-30,3.89,residential,analog,False
C-007208,PMT-0067,F-07,5.87,residential,analog,False
C-007209,PMT-0133,F-14,1.21,residential,analog,False
C-007210,PMT-0281,F-29,6.45,residential,analog,False
C-007211,PMT-0232,F-24,2.61,residential,electronic,False
C-007212,PMT-0002,F-01,6.9,residential,electronic,False
C-007213,PMT-0151,F-16,2.3,residential,analog,False
C-007214,PMT-0043,F-05,20.8,commercial,analog,True
C-007215,PMT-0075,F-08,1.94,residential,electronic,False
C-007216,PMT-0074,F-08,5.64,residential,analog,False
C-007217,PMT-0184,F-19,6.45,residential,electronic,False
C-007218,PMT-0060,F-06,3.7,residential,analog,True
C-007219,PMT-0076,F-08,39.55,industrial,electronic,False
C-007220,PMT-0068,F-07,3.41,residential,analog,False
C-007221,PMT-0108,F-11,3.08,residential,electronic,False
C-007222,PMT-0197,F-20,5.43,residential,electronic,False
C-007223,PMT-0120,F-12,1.31,residential,analog,True
C-007224,PMT-0099,F-10,1.29,residential,electronic,False
C-007225,PMT-0156,F-16,3.01,residential,analog,False
C-007226,PMT-0185,F-19,2.94,residential,analog,False
C-007227,PMT-0005,F-01,2.24,residential,electronic,False
C-007228,PMT-0268,F-27,6.02,residential,analog,False
C-007229,PMT-0275,F-28,5.48,commercial,analog,False
C-007230,PMT-0181,F-19,7.47,residential,analog,False
C-007231,PMT-0173,F-18,6.3,residential,analog,False
C-007232,PMT-0209,F-21,13.06,commercial,analog,False
C-007233,PMT-0133,F-14,7.01,residential,analog,False
C-007234,PMT-0110,F-11,5.33,residential,analog,False
C-007235,PMT-0106,F-11,16.4,commercial,analog,False
C-007236,PMT-0048,F-05,11.26,commercial,analog,False
C-007237,PMT-0253,F-26,5.64,residential,electronic,False
C-007238,PMT-0097,F-10,1.98,residential,electronic,False
C-007239,PMT-0086,F-09,61.99,industrial,analog,False
C-007240,PMT-0290,F-29,1.81,residential,analog,False
C-007241,PMT-0153,F-16,4.12,residential,analog,False
C-007242,PMT-0187,F-19,5.31,residential,analog,False
C-007243,PMT-0074,F-08,2.09,residential,analog,False
C-007244,PMT-0084,F-09,9.44,commercial,analog,False
C-007245,PMT-0219,F-22,21.27,commercial,electronic,True
C-007246,PMT-0136,F-14,2.79,residential,electronic,True
C-007247,PMT-0045,F-05,1.67,residential,analog,False
C-007248,PMT-0251,F-26,3.31,residential,analog,False
C-007249,PMT-0121,F-13,7.55,residential,electronic,False
C-007250,PMT-0201,F-21,5.86,residential,electronic,False
C-007251,PMT-0103,F-11,5.03,residential,analog,False
C-007252,PMT-0169,F-17,6.88,residential,analog,False
C-007253,PMT-0233,F-24,5.62,residential,analog,True
C-007254,PMT-0266,F-27,6.68,residential,analog,False
C-007255,PMT-0063,F-07,5.6,residential,electronic,False
C-007256,PMT-0202,F-21,22.29,commercial,analog,False
C-007257,PMT-0275,F-28,5.37,residential,analog,False
C-007258,PMT-0193,F-20,2.85,residential,analog,False
C-007259,PMT-0043,F-05,1.29,residential,analog,False
C-007260,PMT-0057,F-06,1.74,residential,electronic,False
C-007261,PMT-0061,F-07,4.59,residential,analog,False
C-007262,PMT-0032,F-04,7.8,residential,electronic,False
C-007263,PMT-0227,F-23,6.32,residential,electronic,False
C-007264,PMT-0290,F-29,6.43,residential,electronic,False
C-007265,PMT-0156,F-16,5.65,residential,analog,True
C-007266,PMT-0180,F-18,7.32,residential,analog,False
C-007267,PMT-0233,F-24,6.15,residential,analog,False
C-007268,PMT-0125,F-13,2.81,residential,analog,False
C-007269,PMT-0142,F-15,4.5,residential,analog,False
C-007270,PMT-0177,F-18,3.83,residential,analog,False
C-007271,PMT-0092,F-10,8.31,commercial,electronic,False
C-007272,PMT-0019,F-02,2.56,residential,electronic,False
C-007273,PMT-0171,F-18,3.0,residential,electronic,False
C-007274,PMT-0247,F-25,2.22,residential,electronic,False
C-007275,PMT-0022,F-03,2.52,residential,electronic,False
C-007276,PMT-0065,F-07,7.41,residential,analog,False
C-007277,PMT-0079,F-08,11.86,commercial,analog,False
C-007278,PMT-0242,F-25,6.79,residential,electronic,False
C-007279,PMT-0152,F-16,1.45,residential,electronic,False
C-007280,PMT-0161,F-17,7.87,residential,electronic,True
C-007281,PMT-0194,F-20,6.35,residential,analog,False
C-007282,PMT-0083,F-09,92.54,industrial,electronic,False
C-007283,PMT-0215,F-22,62.07,industrial,analog,False
C-007284,PMT-0010,F-01,5.44,residential,analog,True
C-007285,PMT-0035,F-04,3.53,residential,analog,False
C-007286,PMT-0245,F-25,4.02,residential,analog,False
C-007287,PMT-0198,F-20,6.26,residential,analog,False
C-007288,PMT-0053,F-06,1.35,residential,electronic,False
C-007289,PMT-0132,F-14,5.73,commercial,analog,False
C-007290,PMT-0016,F-02,7.12,residential,electronic,False
C-007291,PMT-0202,F-21,1.77,residential,analog,False
C-007292,PMT-0227,F-23,6.05,residential,analog,False
C-007293,PMT-0084,F-09,2.4,residential,analog,False
C-007294,PMT-0106,F-11,3.56,residential,analog,False
C-007295,PMT-0072,F-08,3.05,residential,analog,False
C-007296,PMT-0117,F-12,4.43,residential,analog,False
C-007297,PMT-0082,F-09,86.13,industrial,analog,False
C-007298,PMT-0075,F-08,7.13,residential,analog,False
C-007299,PMT-0130,F-13,2.55,residential,analog,False
C-007300,PMT-0258,F-26,3.36,residential,analog,False
C-007301,PMT-0229,F-23,6.86,residential,analog,False
C-007302,PMT-0090,F-09,1.63,residential,analog,False
C-007303,PMT-0283,F-29,7.34,commercial,analog,False
C-007304,PMT-0064,F-07,4.36,residential,electronic,False
C-007305,PMT-0274,F-28,6.53,residential,analog,False
C-007306,PMT-0093,F-10,3.35,residential,analog,False
C-007307,PMT-0163,F-17,1.49,residential,electronic,False
C-007308,PMT-0061,F-07,24.36,commercial,analog,False
C-007309,PMT-0229,F-23,7.57,residential,electronic,False
C-007310,PMT-0096,F-10,5.56,residential,electronic,False
C-007311,PMT-0262,F-27,18.64,commercial,electronic,False
C-007312,PMT-0025,F-03,7.54,residential,electronic,True
C-007313,PMT-0151,F-16,5.51,residential,analog,False
C-007314,PMT-0048,F-05,6.52,residential,analog,False
C-007315,PMT-0267,F-27,4.24,residential,analog,False
C-007316,PMT-0126,F-13,2.6,residential,electronic,False
C-007317,PMT-0203,F-21,21.65,commercial,analog,False
C-007318,PMT-0264,F-27,5.79,residential,analog,False
C-007319,PMT-0161,F-17,3.03,residential,electronic,False
C-007320,PMT-0018,F-02,17.47,commercial,analog,False
C-007321,PMT-0067,F-07,6.72,residential,analog,False
C-007322,PMT-0064,F-07,2.89,residential,analog,False
C-007323,PMT-0275,F-28,6.38,residential,analog,False
C-007324,PMT-0273,F-28,1.51,residential,analog,False
C-007325,PMT-0144,F-15,5.37,residential,analog,False
C-007326,PMT-0268,F-27,7.99,residential,electronic,False
C-007327,PMT-0074,F-08,7.06,residential,analog,False
C-007328,PMT-0204,F-21,7.13,residential,analog,True
C-007329,PMT-0118,F-12,5.76,residential,electronic,False
C-007330,PMT-0073,F-08,4.23,residential,analog,False
C-007331,PMT-0076,F-08,5.74,residential,analog,True
C-007332,PMT-0126,F-13,3.25,residential,analog,False
C-007333,PMT-0102,F-11,4.87,residential,electronic,False
C-007334,PMT-0064,F-07,4.78,residential,analog,False
C-007335,PMT-0101,F-11,4.81,residential,electronic,True
C-007336,PMT-0039,F-04,3.88,residential,electronic,False
C-007337,PMT-0291,F-30,3.47,residential,analog,False
C-007338,PMT-0114,F-12,3.31,residential,analog,False
C-007339,PMT-0033,F-04,2.57,residential,electronic,False
C-007340,PMT-0173,F-18,4.07,residential,analog,False
C-007341,PMT-0265,F-27,1.82,residential,analog,False
C-007342,PMT-0108,F-11,23.03,commercial,analog,False
C-007343,PMT-0254,F-26,1.49,residential,analog,False
C-007344,PMT-0184,F-19,21.75,commercial,electronic,False
C-007345,PMT-0222,F-23,9.82,commercial,analog,False
C-007346,PMT-0089,F-09,6.97,residential,analog,False
C-007347,PMT-0012,F-02,6.04,residential,analog,False
C-007348,PMT-0104,F-11,7.45,residential,analog,False
C-007349,PMT-0278,F-28,22.4,commercial,electronic,False
C-007350,PMT-0238,F-24,5.91,residential,analog,False
C-007351,PMT-0236,F-24,8.03,commercial,electronic,False
C-007352,PMT-0264,F-27,4.84,residential,analog,False
C-007353,PMT-0112,F-12,3.38,residential,electronic,False
C-007354,PMT-0097,F-10,7.2,residential,electronic,True
C-007355,PMT-0278,F-28,7.11,residential,analog,True
C-007356,PMT-0172,F-18,3.2,residential,electronic,False
C-007357,PMT-0090,F-09,18.43,commercial,analog,True
C-007358,PMT-0084,F-09,3.37,residential,analog,False
C-007359,PMT-0264,F-27,18.56,commercial,analog,False
C-007360,PMT-0017,F-02,69.11,industrial,analog,False
C-007361,PMT-0019,F-02,4.58,residential,electronic,False
C-007362,PMT-0222,F-23,7.15,residential,electronic,False
C-007363,PMT-0001,F-01,2.72,residential,analog,False
C-007364,PMT-0052,F-06,6.58,residential,electronic,True
C-007365,PMT-0298,F-30,75.16,industrial,analog,False
C-007366,PMT-0128,F-13,10.63,commercial,analog,False
C-007367,PMT-0219,F-22,13.43,commercial,electronic,False
C-007368,PMT-0147,F-15,1.48,residential,analog,False
C-007369,PMT-0028,F-03,5.18,residential,electronic,False
C-007370,PMT-0056,F-06,7.22,residential,analog,False
C-007371,PMT-0229,F-23,7.36,commercial,analog,False
C-007372,PMT-0029,F-03,1.92,residential,analog,False
C-007373,PMT-0179,F-18,4.32,residential,analog,False
C-007374,PMT-0105,F-11,2.97,residential,analog,False
C-007375,PMT-0112,F-12,2.94,residential,analog,True
C-007376,PMT-0286,F-29,5.47,residential,analog,False
C-007377,PMT-0182,F-19,3.87,residential,electronic,False
C-007378,PMT-0185,F-19,21.89,commercial,analog,False
C-007379,PMT-0106,F-11,4.0,residential,analog,False
C-007380,PMT-0115,F-12,5.31,residential,analog,False
C-007381,PMT-0206,F-21,3.79,residential,analog,False
C-007382,PMT-0012,F-02,2.79,residential,analog,False
C-007383,PMT-0072,F-08,4.3,residential,analog,False
C-007384,PMT-0181,F-19,6.04,residential,analog,False
C-007385,PMT-0188,F-19,7.67,residential,electronic,False
C-007386,PMT-0028,F-03,1.3,residential,analog,False
C-007387,PMT-0237,F-24,4.72,residential,analog,False
C-007388,PMT-0163,F-17,5.45,residential,electronic,False
C-007389,PMT-0072,F-08,1.6,residential,analog,False
C-007390,PMT-0226,F-23,6.8,residential,analog,False
C-007391,PMT-0298,F-30,2.93,residential,analog,False
C-007392,PMT-0128,F-13,7.12,residential,analog,False
C-007393,PMT-0086,F-09,4.87,residential,electronic,False
C-007394,PMT-0090,F-09,2.06,residential,analog,False
C-007395,PMT-0178,F-18,6.17,residential,electronic,False
C-007396,PMT-0015,F-02,2.1,residential,analog,False
C-007397,PMT-0146,F-15,6.04,residential,electronic,False
C-007398,PMT-0008,F-01,6.66,residential,analog,False
C-007399,PMT-0012,F-02,5.03,residential,electronic,False
C-007400,PMT-0130,F-13,2.9,residential,analog,False
C-007401,PMT-0224,F-23,4.06,residential,analog,False
C-007402,PMT-0266,F-27,4.7,residential,analog,False
C-007403,PMT-0027,F-03,5.66,residential,electronic,False
C-007404,PMT-0074,F-08,5.44,residential,analog,False
C-007405,PMT-0127,F-13,13.01,commercial,analog,False
C-007406,PMT-0173,F-18,6.31,residential,electronic,True
C-007407,PMT-0297,F-30,6.4,residential,electronic,False
C-007408,PMT-0206,F-21,5.87,residential,electronic,False
C-007409,PMT-0162,F-17,2.91,residential,analog,False
C-007410,PMT-0019,F-02,4.29,residential,analog,False
C-007411,PMT-0025,F-03,4.03,residential,electronic,True
C-007412,PMT-0046,F-05,6.72,residential,analog,False
C-007413,PMT-0199,F-20,21.16,commercial,electronic,False
C-007414,PMT-0100,F-10,22.32,commercial,analog,False
C-007415,PMT-0073,F-08,2.62,residential,electronic,False
C-007416,PMT-0202,F-21,79.88,industrial,analog,False
C-007417,PMT-0245,F-25,22.41,commercial,analog,False
C-007418,PMT-0132,F-14,2.17,residential,electronic,False
C-007419,PMT-0265,F-27,1.28,residential,electronic,False
C-007420,PMT-0221,F-23,1.74,residential,electronic,False
C-007421,PMT-0215,F-22,5.24,residential,analog,False
C-007422,PMT-0261,F-27,3.95,residential,analog,False
C-007423,PMT-0056,F-06,2.37,residential,electronic,False
C-007424,PMT-0228,F-23,4.7,residential,analog,False
C-007425,PMT-0288,F-29,6.5,residential,analog,True
C-007426,PMT-0298,F-30,6.99,residential,analog,False
C-007427,PMT-0174,F-18,6.26,residential,analog,False
C-007428,PMT-0227,F-23,22.71,commercial,analog,False
C-007429,PMT-0267,F-27,68.33,industrial,analog,False
C-007430,PMT-0256,F-26,6.86,residential,electronic,False
C-007431,PMT-0270,F-27,3.92,residential,electronic,False
C-007432,PMT-0250,F-25,22.05,commercial,analog,True
C-007433,PMT-0115,F-12,7.27,residential,analog,False
C-007434,PMT-0220,F-22,74.91,industrial,analog,False
C-007435,PMT-0124,F-13,4.02,residential,electronic,False
C-007436,PMT-0241,F-25,2.97,residential,electronic,True
C-007437,PMT-0244,F-25,3.28,residential,analog,False
C-007438,PMT-0281,F-29,1.93,residential,electronic,False
C-007439,PMT-0177,F-18,1.33,residential,analog,False
C-007440,PMT-0143,F-15,3.9,residential,electronic,False
C-007441,PMT-0050,F-05,5.85,commercial,electronic,False
C-007442,PMT-0192,F-20,7.16,residential,electronic,False
C-007443,PMT-0170,F-17,5.55,residential,analog,False
C-007444,PMT-0155,F-16,6.91,residential,analog,False
C-007445,PMT-0203,F-21,4.11,residential,analog,False
C-007446,PMT-0256,F-26,2.57,residential,analog,False
C-007447,PMT-0045,F-05,3.03,residential,analog,False
C-007448,PMT-0130,F-13,6.98,residential,analog,False
C-007449,PMT-0217,F-22,7.44,commercial,analog,False
C-007450,PMT-0246,F-25,5.89,residential,analog,False
C-007451,PMT-0234,F-24,2.58,residential,analog,False
C-007452,PMT-0240,F-24,12.06,commercial,electronic,False
C-007453,PMT-0257,F-26,1.02,residential,analog,False
C-007454,PMT-0289,F-29,4.35,residential,analog,False
C-007455,PMT-0183,F-19,1.9,residential,electronic,False
C-007456,PMT-0075,F-08,22.19,commercial,analog,False
C-007457,PMT-0170,F-17,1.68,residential,analog,False
C-007458,PMT-0213,F-22,2.75,residential,electronic,False
C-007459,PMT-0031,F-04,1.1,residential,analog,False
C-007460,PMT-0228,F-23,7.95,residential,analog,True
C-007461,PMT-0164,F-17,17.83,commercial,electronic,False
C-007462,PMT-0281,F-29,5.51,residential,electronic,False
C-007463,PMT-0064,F-07,4.63,residential,analog,False
C-007464,PMT-0273,F-28,7.08,residential,analog,False
C-007465,PMT-0135,F-14,7.88,commercial,electronic,False
C-007466,PMT-0173,F-18,6.55,residential,analog,False
C-007467,PMT-0199,F-20,6.65,residential,electronic,False
C-007468,PMT-0174,F-18,1.25,residential,analog,False
C-007469,PMT-0272,F-28,1.93,residential,analog,False
C-007470,PMT-0051,F-06,4.83,residential,analog,False
C-007471,PMT-0219,F-22,1.63,residential,electronic,False
C-007472,PMT-0293,F-30,2.98,residential,analog,False
C-007473,PMT-0067,F-07,3.83,residential,electronic,True
C-007474,PMT-0077,F-08,2.1,residential,electronic,False
C-007475,PMT-0143,F-15,5.93,residential,electronic,False
C-007476,PMT-0218,F-22,4.47,residential,electronic,False
C-007477,PMT-0288,F-29,5.48,residential,analog,False
C-007478,PMT-0239,F-24,4.32,residential,analog,True
C-007479,PMT-0239,F-24,53.0,industrial,analog,False
C-007480,PMT-0133,F-14,4.45,residential,analog,True
C-007481,PMT-0194,F-20,22.99,commercial,analog,False
C-007482,PMT-0064,F-07,3.77,residential,electronic,False
C-007483,PMT-0139,F-14,5.5,residential,electronic,False
C-007484,PMT-0057,F-06,21.68,commercial,analog,False
C-007485,PMT-0009,F-01,5.35,residential,analog,True
C-007486,PMT-0257,F-26,2.58,residential,electronic,False
C-007487,PMT-0242,F-25,1.85,residential,electronic,False
C-007488,PMT-0154,F-16,5.14,residential,electronic,False
C-007489,PMT-0005,F-01,19.55,commercial,analog,True
C-007490,PMT-0028,F-03,6.38,residential,analog,False
C-007491,PMT-0034,F-04,5.86,residential,electronic,False
C-007492,PMT-0216,F-22,1.02,residential,analog,False
C-007493,PMT-0062,F-07,6.42,residential,electronic,True
C-007494,PMT-0076,F-08,17.09,commercial,analog,False
C-007495,PMT-0259,F-26,7.92,residential,analog,False
C-007496,PMT-0263,F-27,20.29,commercial,analog,False
C-007497,PMT-0229,F-23,4.01,residential,electronic,False
C-007498,PMT-0093,F-10,5.73,residential,analog,False
C-007499,PMT-0174,F-18,5.31,residential,electronic,False
C-007500,PMT-0061,F-07,3.36,residential,electronic,False
C-007501,PMT-0258,F-26,4.73,residential,electronic,False
C-007502,PMT-0026,F-03,2.43,residential,electronic,False
C-007503,PMT-0224,F-23,1.61,residential,electronic,False
C-007504,PMT-0154,F-16,19.66,commercial,electronic,False
C-007505,PMT-0228,F-23,3.69,residential,analog,True
C-007506,PMT-0136,F-14,6.29,residential,electronic,False
C-007507,PMT-0048,F-05,4.42,residential,electronic,False
C-007508,PMT-0226,F-23,6.67,residential,analog,False
C-007509,PMT-0190,F-19,19.79,commercial,analog,False
C-007510,PMT-0140,F-14,6.35,residential,analog,False
C-007511,PMT-0112,F-12,4.01,residential,electronic,False
C-007512,PMT-0104,F-11,7.73,residential,electronic,False
C-007513,PMT-0145,F-15,3.84,residential,analog,False
C-007514,PMT-0079,F-08,6.55,residential,electronic,False
C-007515,PMT-0085,F-09,4.43,residential,analog,False
C-007516,PMT-0084,F-09,2.65,residential,analog,False
C-007517,PMT-0004,F-01,5.4,residential,electronic,False
C-007518,PMT-0279,F-28,4.28,residential,electronic,False
C-007519,PMT-0071,F-08,2.85,residential,analog,False
C-007520,PMT-0050,F-05,3.68,residential,electronic,False
C-007521,PMT-0046,F-05,2.12,residential,electronic,False
C-007522,PMT-0297,F-30,7.91,residential,electronic,False
C-007523,PMT-0144,F-15,17.86,commercial,electronic,False
C-007524,PMT-0099,F-10,2.21,residential,analog,True
C-007525,PMT-0122,F-13,6.35,residential,analog,False
C-007526,PMT-0027,F-03,5.21,residential,analog,True
C-007527,PMT-0095,F-10,6.06,residential,analog,False
C-007528,PMT-0075,F-08,5.09,residential,analog,True
C-007529,PMT-0241,F-25,1.42,residential,analog,False
C-007530,PMT-0018,F-02,2.42,residential,analog,False
C-007531,PMT-0128,F-13,6.38,residential,analog,False
C-007532,PMT-0238,F-24,6.28,residential,analog,False
C-007533,PMT-0251,F-26,6.28,residential,analog,False
C-007534,PMT-0154,F-16,1.11,residential,analog,False
C-007535,PMT-0067,F-07,6.64,residential,analog,False
C-007536,PMT-0102,F-11,55.13,industrial,electronic,False
C-007537,PMT-0067,F-07,5.86,residential,electronic,False
C-007538,PMT-0199,F-20,2.9,residential,electronic,False
C-007539,PMT-0088,F-09,20.39,commercial,electronic,False
C-007540,PMT-0190,F-19,7.88,residential,electronic,False
C-007541,PMT-0197,F-20,2.77,residential,electronic,False
C-007542,PMT-0282,F-29,6.49,residential,analog,False
C-007543,PMT-0112,F-12,5.23,residential,analog,False
C-007544,PMT-0289,F-29,2.91,residential,analog,False
C-007545,PMT-0121,F-13,3.06,residential,analog,False
C-007546,PMT-0205,F-21,6.12,residential,electronic,False
C-007547,PMT-0199,F-20,10.69,commercial,analog,False
C-007548,PMT-0246,F-25,1.33,residential,electronic,False
C-007549,PMT-0141,F-15,7.12,residential,analog,False
C-007550,PMT-0238,F-24,5.12,residential,electronic,True
C-007551,PMT-0107,F-11,6.31,residential,analog,False
C-007552,PMT-0148,F-15,5.22,residential,analog,False
C-007553,PMT-0150,F-15,4.62,residential,analog,False
C-007554,PMT-0212,F-22,6.39,residential,analog,False
C-007555,PMT-0186,F-19,5.64,commercial,analog,False
C-007556,PMT-0024,F-03,3.18,residential,electronic,False
C-007557,PMT-0243,F-25,5.39,residential,analog,False
C-007558,PMT-0228,F-23,7.61,residential,analog,False
C-007559,PMT-0032,F-04,3.76,residential,analog,False
C-007560,PMT-0289,F-29,7.83,residential,analog,True
C-007561,PMT-0199,F-20,6.29,residential,analog,True
C-007562,PMT-0026,F-03,4.39,residential,analog,False
C-007563,PMT-0148,F-15,4.0,residential,electronic,False
C-007564,PMT-0251,F-26,7.59,commercial,analog,False
C-007565,PMT-0084,F-09,5.31,residential,electronic,False
C-007566,PMT-0280,F-28,1.37,residential,analog,False
C-007567,PMT-0126,F-13,4.0,residential,electronic,True
C-007568,PMT-0068,F-07,2.66,residential,electronic,False
C-007569,PMT-0107,F-11,96.5,industrial,analog,False
C-007570,PMT-0158,F-16,3.54,residential,electronic,False
C-007571,PMT-0207,F-21,4.42,residential,analog,True
C-007572,PMT-0279,F-28,12.51,commercial,analog,True
C-007573,PMT-0059,F-06,1.96,residential,electronic,True
C-007574,PMT-0289,F-29,3.47,residential,electronic,True
C-007575,PMT-0159,F-16,6.45,residential,analog,False
C-007576,PMT-0039,F-04,5.35,residential,electronic,False
C-007577,PMT-0278,F-28,4.06,residential,analog,False
C-007578,PMT-0105,F-11,85.65,industrial,analog,False
C-007579,PMT-0187,F-19,1.03,residential,analog,False
C-007580,PMT-0210,F-21,6.79,residential,analog,False
C-007581,PMT-0005,F-01,1.42,residential,electronic,False
C-007582,PMT-0067,F-07,7.09,residential,analog,False
C-007583,PMT-0206,F-21,7.63,residential,electronic,False
C-007584,PMT-0098,F-10,6.73,residential,electronic,False
C-007585,PMT-0003,F-01,1.14,residential,analog,False
C-007586,PMT-0007,F-01,4.68,residential,analog,False
C-007587,PMT-0248,F-25,6.8,residential,analog,False
C-007588,PMT-0047,F-05,4.82,residential,analog,False
C-007589,PMT-0031,F-04,3.52,residential,analog,False
C-007590,PMT-0169,F-17,4.29,residential,analog,True
C-007591,PMT-0036,F-04,1.56,residential,analog,False
C-007592,PMT-0196,F-20,14.93,commercial,analog,True
C-007593,PMT-0164,F-17,1.19,residential,electronic,False
C-007594,PMT-0195,F-20,5.51,residential,electronic,False
C-007595,PMT-0148,F-15,3.73,residential,electronic,True
C-007596,PMT-0234,F-24,2.34,residential,electronic,True
C-007597,PMT-0194,F-20,21.39,industrial,analog,False
C-007598,PMT-0125,F-13,7.45,residential,analog,False
C-007599,PMT-0005,F-01,4.89,residential,analog,False
C-007600,PMT-0083,F-09,5.53,residential,electronic,False
C-007601,PMT-0040,F-04,6.46,residential,analog,False
C-007602,PMT-0005,F-01,17.53,commercial,analog,False
C-007603,PMT-0082,F-09,13.26,commercial,electronic,False
C-007604,PMT-0062,F-07,5.39,residential,analog,True
C-007605,PMT-0024,F-03,2.77,residential,electronic,False
C-007606,PMT-0094,F-10,4.93,residential,analog,False
C-007607,PMT-0152,F-16,2.44,residential,analog,False
C-007608,PMT-0054,F-06,23.35,commercial,electronic,False
C-007609,PMT-0082,F-09,4.57,residential,analog,False
C-007610,PMT-0007,F-01,9.68,commercial,analog,False
C-007611,PMT-0016,F-02,5.48,residential,analog,False
C-007612,PMT-0048,F-05,1.63,residential,electronic,False
C-007613,PMT-0136,F-14,4.04,residential,analog,False
C-007614,PMT-0200,F-20,7.06,residential,analog,False
C-007615,PMT-0237,F-24,6.38,residential,analog,False
C-007616,PMT-0189,F-19,5.92,residential,analog,False
C-007617,PMT-0186,F-19,4.29,residential,analog,True
C-007618,PMT-0281,F-29,4.13,residential,analog,False
C-007619,PMT-0077,F-08,1.08,residential,electronic,True
C-007620,PMT-0240,F-24,68.0,industrial,analog,False
C-007621,PMT-0282,F-29,5.04,residential,analog,False
C-007622,PMT-0171,F-18,1.04,residential,analog,False
C-007623,PMT-0253,F-26,1.96,residential,analog,False
C-007624,PMT-0042,F-05,1.09,residential,analog,False
C-007625,PMT-0264,F-27,10.06,commercial,electronic,True
C-007626,PMT-0170,F-17,1.03,residential,analog,False
C-007627,PMT-0067,F-07,3.92,residential,electronic,False
C-007628,PMT-0019,F-02,4.33,residential,analog,False
C-007629,PMT-0216,F-22,4.06,residential,electronic,False
C-007630,PMT-0130,F-13,2.4,residential,electronic,False
C-007631,PMT-0094,F-10,4.66,residential,electronic,False
C-007632,PMT-0118,F-12,6.7,residential,analog,False
C-007633,PMT-0298,F-30,43.3,industrial,analog,False
C-007634,PMT-0129,F-13,3.19,residential,electronic,False
C-007635,PMT-0024,F-03,4.8,residential,analog,False
C-007636,PMT-0084,F-09,2.64,residential,analog,False
C-007637,PMT-0044,F-05,3.36,residential,electronic,False
C-007638,PMT-0206,F-21,4.17,residential,analog,False
C-007639,PMT-0241,F-25,3.7,residential,analog,False
C-007640,PMT-0253,F-26,6.73,residential,electronic,False
C-007641,PMT-0190,F-19,6.94,residential,analog,False
C-007642,PMT-0231,F-24,3.82,residential,electronic,False
C-007643,PMT-0126,F-13,4.13,residential,electronic,False
C-007644,PMT-0189,F-19,7.7,residential,analog,False
C-007645,PMT-0033,F-04,4.52,residential,analog,True
C-007646,PMT-0162,F-17,24.86,commercial,electronic,False
C-007647,PMT-0168,F-17,6.34,residential,analog,True
C-007648,PMT-0010,F-01,2.85,residential,electronic,False
C-007649,PMT-0165,F-17,2.6,residential,analog,False
C-007650,PMT-0217,F-22,2.11,residential,analog,False
C-007651,PMT-0111,F-12,6.64,residential,electronic,True
C-007652,PMT-0164,F-17,3.15,residential,analog,False
C-007653,PMT-0086,F-09,5.73,residential,analog,False
C-007654,PMT-0082,F-09,4.78,residential,analog,False
C-007655,PMT-0039,F-04,6.78,residential,analog,False
C-007656,PMT-0099,F-10,6.26,residential,analog,False
C-007657,PMT-0241,F-25,1.45,residential,electronic,True
C-007658,PMT-0281,F-29,3.37,residential,analog,False
C-007659,PMT-0191,F-20,15.4,commercial,electronic,False
C-007660,PMT-0188,F-19,6.63,residential,analog,False
C-007661,PMT-0185,F-19,77.12,industrial,analog,False
C-007662,PMT-0143,F-15,4.85,residential,analog,False
C-007663,PMT-0127,F-13,6.66,residential,electronic,False
C-007664,PMT-0187,F-19,4.04,residential,analog,False
C-007665,PMT-0236,F-24,1.39,residential,electronic,False
C-007666,PMT-0125,F-13,7.09,residential,electronic,True
C-007667,PMT-0170,F-17,4.69,residential,electronic,False
C-007668,PMT-0142,F-15,6.66,residential,analog,False
C-007669,PMT-0086,F-09,3.74,residential,analog,False
C-007670,PMT-0088,F-09,16.77,commercial,analog,False
C-007671,PMT-0024,F-03,3.32,residential,electronic,False
C-007672,PMT-0132,F-14,13.19,commercial,analog,False
C-007673,PMT-0214,F-22,2.03,residential,analog,False
C-007674,PMT-0206,F-21,6.19,residential,analog,False
C-007675,PMT-0296,F-30,2.96,residential,analog,False
C-007676,PMT-0012,F-02,3.11,residential,analog,False
C-007677,PMT-0229,F-23,3.48,residential,analog,False
C-007678,PMT-0239,F-24,4.02,residential,analog,False
C-007679,PMT-0131,F-14,5.03,residential,analog,False
C-007680,PMT-0085,F-09,5.78,residential,analog,False
C-007681,PMT-0108,F-11,74.06,industrial,analog,False
C-007682,PMT-0205,F-21,3.97,residential,electronic,False
C-007683,PMT-0259,F-26,4.37,residential,analog,False
C-007684,PMT-0193,F-20,1.98,residential,electronic,False
C-007685,PMT-0155,F-16,4.65,residential,analog,False
C-007686,PMT-0196,F-20,7.14,residential,analog,False
C-007687,PMT-0022,F-03,4.22,residential,analog,True
C-007688,PMT-0183,F-19,7.57,residential,electronic,False
C-007689,PMT-0013,F-02,2.09,residential,electronic,False
C-007690,PMT-0288,F-29,6.16,residential,electronic,False
C-007691,PMT-0267,F-27,5.96,residential,analog,False
C-007692,PMT-0153,F-16,5.77,residential,electronic,False
C-007693,PMT-0113,F-12,18.26,commercial,analog,False
C-007694,PMT-0220,F-22,1.16,residential,analog,False
C-007695,PMT-0192,F-20,6.19,residential,electronic,False
C-007696,PMT-0212,F-22,14.99,commercial,analog,False
C-007697,PMT-0155,F-16,4.67,residential,electronic,False
C-007698,PMT-0071,F-08,1.36,residential,electronic,False
C-007699,PMT-0022,F-03,2.32,residential,electronic,False
C-007700,PMT-0085,F-09,7.38,residential,analog,False
C-007701,PMT-0159,F-16,3.21,residential,analog,False
C-007702,PMT-0128,F-13,3.76,residential,analog,False
C-007703,PMT-0152,F-16,2.32,residential,analog,False
C-007704,PMT-0084,F-09,5.43,residential,electronic,False
C-007705,PMT-0282,F-29,6.18,residential,analog,False
C-007706,PMT-0111,F-12,23.43,commercial,electronic,False
C-007707,PMT-0254,F-26,4.93,residential,analog,False
C-007708,PMT-0118,F-12,2.93,residential,analog,True
C-007709,PMT-0134,F-14,1.5,residential,electronic,False
C-007710,PMT-0182,F-19,2.86,residential,analog,False
C-007711,PMT-0079,F-08,5.33,residential,analog,False
C-007712,PMT-0066,F-07,7.82,residential,electronic,False
C-007713,PMT-0114,F-12,1.55,residential,analog,False
C-007714,PMT-0242,F-25,3.72,residential,analog,False
C-007715,PMT-0044,F-05,5.67,residential,electronic,True
C-007716,PMT-0132,F-14,5.02,residential,analog,False
C-007717,PMT-0202,F-21,5.56,residential,electronic,False
C-007718,PMT-0212,F-22,4.24,residential,electronic,False
C-007719,PMT-0131,F-14,2.87,residential,analog,False
C-007720,PMT-0025,F-03,4.38,residential,electronic,False
C-007721,PMT-0005,F-01,3.67,residential,analog,False
C-007722,PMT-0141,F-15,5.97,residential,analog,False
C-007723,PMT-0244,F-25,2.2,residential,electronic,False
C-007724,PMT-0009,F-01,59.69,industrial,analog,False
C-007725,PMT-0267,F-27,7.71,residential,analog,False
C-007726,PMT-0203,F-21,4.72,residential,analog,False
C-007727,PMT-0003,F-01,9.74,commercial,analog,False
C-007728,PMT-0104,F-11,7.55,residential,analog,False
C-007729,PMT-0067,F-07,2.71,residential,analog,False
C-007730,PMT-0285,F-29,6.26,residential,electronic,False
C-007731,PMT-0167,F-17,7.19,commercial,electronic,False
C-007732,PMT-0098,F-10,6.96,residential,analog,False
C-007733,PMT-0084,F-09,2.26,residential,analog,False
C-007734,PMT-0170,F-17,12.88,commercial,analog,False
C-007735,PMT-0002,F-01,7.76,residential,analog,False
C-007736,PMT-0078,F-08,66.35,industrial,analog,False
C-007737,PMT-0050,F-05,2.85,residential,electronic,False
C-007738,PMT-0187,F-19,5.01,commercial,analog,False
C-007739,PMT-0201,F-21,1.05,residential,electronic,False
C-007740,PMT-0141,F-15,2.92,residential,electronic,False
C-007741,PMT-0043,F-05,15.54,commercial,analog,False
C-007742,PMT-0112,F-12,4.39,residential,electronic,False
C-007743,PMT-0253,F-26,7.45,residential,analog,False
C-007744,PMT-0062,F-07,6.35,residential,electronic,False
C-007745,PMT-0050,F-05,23.49,commercial,analog,False
C-007746,PMT-0034,F-04,4.58,residential,analog,False
C-007747,PMT-0246,F-25,13.93,commercial,analog,True
C-007748,PMT-0036,F-04,4.96,residential,analog,False
C-007749,PMT-0175,F-18,3.61,residential,electronic,False
C-007750,PMT-0300,F-30,2.48,residential,electronic,False
C-007751,PMT-0193,F-20,21.73,commercial,analog,False
C-007752,PMT-0124,F-13,5.76,residential,electronic,False
C-007753,PMT-0063,F-07,3.28,residential,analog,True
C-007754,PMT-0001,F-01,4.12,residential,analog,False
C-007755,PMT-0047,F-05,9.51,commercial,analog,False
C-007756,PMT-0286,F-29,4.94,residential,electronic,False
C-007757,PMT-0044,F-05,3.51,residential,analog,False
C-007758,PMT-0006,F-01,7.13,residential,analog,False
C-007759,PMT-0245,F-25,4.7,residential,electronic,True
C-007760,PMT-0126,F-13,3.88,residential,electronic,False
C-007761,PMT-0108,F-11,19.99,commercial,analog,True
C-007762,PMT-0216,F-22,7.34,residential,analog,False
C-007763,PMT-0157,F-16,6.72,residential,analog,False
C-007764,PMT-0275,F-28,4.46,residential,analog,False
C-007765,PMT-0141,F-15,3.5,residential,analog,False
C-007766,PMT-0214,F-22,5.63,residential,electronic,True
C-007767,PMT-0264,F-27,6.72,residential,analog,False
C-007768,PMT-0140,F-14,7.85,residential,electronic,False
C-007769,PMT-0086,F-09,4.2,residential,electronic,False
C-007770,PMT-0293,F-30,5.68,residential,analog,False
C-007771,PMT-0069,F-07,3.05,residential,analog,True
C-007772,PMT-0012,F-02,1.61,residential,analog,False
C-007773,PMT-0174,F-18,2.77,residential,electronic,True
C-007774,PMT-0297,F-30,1.1,residential,analog,False
C-007775,PMT-0026,F-03,4.57,residential,analog,False
C-007776,PMT-0255,F-26,3.61,residential,electronic,False
C-007777,PMT-0250,F-25,5.75,residential,electronic,False
C-007778,PMT-0279,F-28,5.31,residential,analog,False
C-007779,PMT-0127,F-13,2.18,residential,electronic,True
C-007780,PMT-0077,F-08,5.72,residential,electronic,False
C-007781,PMT-0154,F-16,2.31,residential,analog,False
C-007782,PMT-0043,F-05,1.04,residential,analog,False
C-007783,PMT-0253,F-26,7.79,residential,electronic,False
C-007784,PMT-0199,F-20,1.19,residential,electronic,False
C-007785,PMT-0145,F-15,3.39,residential,analog,False
C-007786,PMT-0155,F-16,5.46,residential,electronic,False
C-007787,PMT-0214,F-22,3.59,residential,analog,False
C-007788,PMT-0157,F-16,3.67,residential,analog,False
C-007789,PMT-0252,F-26,6.06,residential,electronic,False
C-007790,PMT-0278,F-28,5.22,residential,electronic,False
C-007791,PMT-0285,F-29,4.63,residential,analog,False
C-007792,PMT-0187,F-19,7.2,residential,analog,False
C-007793,PMT-0223,F-23,1.76,residential,analog,False
C-007794,PMT-0094,F-10,4.29,residential,analog,True
C-007795,PMT-0012,F-02,2.67,residential,electronic,False
C-007796,PMT-0121,F-13,1.26,residential,analog,False
C-007797,PMT-0262,F-27,24.58,commercial,electronic,False
C-007798,PMT-0041,F-05,6.14,residential,analog,False
C-007799,PMT-0164,F-17,2.51,residential,electronic,False
C-007800,PMT-0058,F-06,3.82,residential,analog,False
C-007801,PMT-0129,F-13,9.52,commercial,electronic,False
C-007802,PMT-0044,F-05,5.79,residential,analog,False
C-007803,PMT-0221,F-23,3.45,residential,analog,True
C-007804,PMT-0244,F-25,7.44,residential,analog,True
C-007805,PMT-0228,F-23,2.45,residential,analog,True
C-007806,PMT-0212,F-22,3.45,residential,analog,False
C-007807,PMT-0071,F-08,23.64,commercial,electronic,False
C-007808,PMT-0160,F-16,22.69,commercial,electronic,False
C-007809,PMT-0032,F-04,10.86,commercial,analog,False
C-007810,PMT-0113,F-12,4.38,residential,electronic,False
C-007811,PMT-0152,F-16,7.19,residential,analog,False
C-007812,PMT-0201,F-21,5.69,residential,analog,False
C-007813,PMT-0030,F-03,5.46,residential,analog,True
C-007814,PMT-0244,F-25,5.62,residential,analog,True
C-007815,PMT-0138,F-14,7.45,residential,analog,False
C-007816,PMT-0265,F-27,4.62,residential,analog,True
C-007817,PMT-0159,F-16,34.54,industrial,analog,False
C-007818,PMT-0165,F-17,14.45,commercial,analog,False
C-007819,PMT-0208,F-21,6.1,residential,analog,False
C-007820,PMT-0246,F-25,4.44,residential,analog,False
C-007821,PMT-0048,F-05,3.19,residential,analog,False
C-007822,PMT-0154,F-16,5.66,residential,analog,False
C-007823,PMT-0009,F-01,4.15,residential,analog,False
C-007824,PMT-0143,F-15,7.74,residential,analog,False
C-007825,PMT-0245,F-25,3.46,residential,analog,False
C-007826,PMT-0260,F-26,19.35,commercial,electronic,False
C-007827,PMT-0086,F-09,16.1,commercial,electronic,False
C-007828,PMT-0116,F-12,1.54,residential,electronic,False
C-007829,PMT-0166,F-17,4.29,residential,analog,False
C-007830,PMT-0119,F-12,1.2,residential,analog,False
C-007831,PMT-0054,F-06,6.53,residential,analog,False
C-007832,PMT-0092,F-10,6.14,residential,electronic,False
C-007833,PMT-0122,F-13,1.35,residential,analog,False
C-007834,PMT-0156,F-16,4.5,residential,electronic,False
C-007835,PMT-0277,F-28,7.73,residential,analog,False
C-007836,PMT-0164,F-17,2.99,residential,electronic,False
C-007837,PMT-0117,F-12,23.09,commercial,analog,False
C-007838,PMT-0199,F-20,2.06,residential,analog,False
C-007839,PMT-0232,F-24,1.05,residential,analog,False
C-007840,PMT-0130,F-13,62.44,industrial,electronic,False
C-007841,PMT-0147,F-15,2.67,residential,electronic,False
C-007842,PMT-0066,F-07,7.15,residential,electronic,False
C-007843,PMT-0260,F-26,18.48,commercial,electronic,False
C-007844,PMT-0261,F-27,5.81,residential,analog,False
C-007845,PMT-0053,F-06,5.71,residential,analog,False
C-007846,PMT-0104,F-11,5.75,residential,electronic,False
C-007847,PMT-0082,F-09,6.23,residential,analog,False
C-007848,PMT-0277,F-28,5.69,residential,analog,False
C-007849,PMT-0020,F-02,6.84,residential,analog,False
C-007850,PMT-0063,F-07,4.91,residential,analog,False
C-007851,PMT-0095,F-10,3.45,residential,analog,True
C-007852,PMT-0169,F-17,57.35,industrial,electronic,True
C-007853,PMT-0075,F-08,4.08,residential,analog,False
C-007854,PMT-0161,F-17,3.33,residential,analog,False
C-007855,PMT-0225,F-23,13.31,commercial,analog,False
C-007856,PMT-0249,F-25,3.69,residential,electronic,False
C-007857,PMT-0030,F-03,1.78,residential,electronic,False
C-007858,PMT-0042,F-05,6.81,residential,electronic,False
C-007859,PMT-0029,F-03,6.3,residential,analog,True
C-007860,PMT-0273,F-28,3.36,residential,electronic,False
C-007861,PMT-0196,F-20,7.62,residential,electronic,False
C-007862,PMT-0160,F-16,23.99,commercial,analog,False
C-007863,PMT-0238,F-24,7.0,residential,electronic,False
C-007864,PMT-0176,F-18,1.21,residential,analog,False
C-007865,PMT-0071,F-08,3.6,residential,electronic,False
C-007866,PMT-0154,F-16,14.15,commercial,electronic,False
C-007867,PMT-0211,F-22,6.03,residential,analog,False
C-007868,PMT-0011,F-02,5.44,residential,analog,False
C-007869,PMT-0182,F-19,5.75,residential,analog,False
C-007870,PMT-0150,F-15,6.37,residential,electronic,False
C-007871,PMT-0021,F-03,23.97,commercial,electronic,False
C-007872,PMT-0080,F-08,4.86,residential,analog,False
C-007873,PMT-0135,F-14,7.33,residential,electronic,True
C-007874,PMT-0103,F-11,6.7,residential,analog,False
C-007875,PMT-0088,F-09,3.37,residential,analog,False
C-007876,PMT-0195,F-20,6.7,residential,analog,False
C-007877,PMT-0122,F-13,1.82,residential,electronic,False
C-007878,PMT-0150,F-15,2.11,residential,electronic,False
C-007879,PMT-0240,F-24,7.95,residential,electronic,False
C-007880,PMT-0028,F-03,4.0,residential,electronic,False
C-007881,PMT-0108,F-11,4.22,residential,analog,False
C-007882,PMT-0022,F-03,7.66,residential,analog,True
C-007883,PMT-0279,F-28,3.53,residential,analog,False
C-007884,PMT-0056,F-06,9.74,commercial,analog,False
C-007885,PMT-0246,F-25,6.56,commercial,analog,False
C-007886,PMT-0058,F-06,15.45,commercial,analog,False
C-007887,PMT-0098,F-10,2.4,residential,analog,True
C-007888,PMT-0183,F-19,1.45,residential,analog,False
C-007889,PMT-0250,F-25,21.26,commercial,analog,False
C-007890,PMT-0054,F-06,3.3,residential,electronic,False
C-007891,PMT-0064,F-07,5.06,residential,analog,True
C-007892,PMT-0265,F-27,7.09,commercial,electronic,False
C-007893,PMT-0097,F-10,4.54,residential,analog,False
C-007894,PMT-0063,F-07,5.42,residential,electronic,False
C-007895,PMT-0224,F-23,4.15,residential,analog,False
C-007896,PMT-0028,F-03,3.36,residential,analog,False
C-007897,PMT-0261,F-27,3.18,residential,analog,True
C-007898,PMT-0263,F-27,1.77,residential,analog,False
C-007899,PMT-0257,F-26,1.81,residential,electronic,False
C-007900,PMT-0089,F-09,4.47,residential,analog,True
C-007901,PMT-0035,F-04,1.97,residential,analog,False
C-007902,PMT-0128,F-13,2.56,residential,electronic,False
C-007903,PMT-0101,F-11,2.15,residential,analog,False
C-007904,PMT-0288,F-29,84.2,industrial,analog,False
C-007905,PMT-0190,F-19,4.15,residential,analog,False
C-007906,PMT-0284,F-29,16.05,commercial,analog,True
C-007907,PMT-0226,F-23,5.08,residential,analog,False
C-007908,PMT-0215,F-22,3.77,residential,analog,True
C-007909,PMT-0034,F-04,3.09,residential,analog,False
C-007910,PMT-0021,F-03,3.68,residential,electronic,False
C-007911,PMT-0014,F-02,4.74,residential,analog,False
C-007912,PMT-0179,F-18,3.51,residential,analog,False
C-007913,PMT-0061,F-07,1.96,residential,electronic,False
C-007914,PMT-0297,F-30,23.27,commercial,electronic,False
C-007915,PMT-0040,F-04,6.13,residential,electronic,False
C-007916,PMT-0285,F-29,6.33,commercial,analog,True
C-007917,PMT-0201,F-21,7.34,residential,electronic,False
C-007918,PMT-0032,F-04,8.41,commercial,analog,False
C-007919,PMT-0018,F-02,1.68,residential,electronic,False
C-007920,PMT-0119,F-12,2.21,residential,electronic,False
C-007921,PMT-0102,F-11,7.53,residential,analog,False
C-007922,PMT-0095,F-10,9.43,commercial,electronic,False
C-007923,PMT-0159,F-16,6.51,residential,electronic,False
C-007924,PMT-0039,F-04,5.5,residential,electronic,True
C-007925,PMT-0039,F-04,15.36,commercial,electronic,False
C-007926,PMT-0209,F-21,3.56,residential,electronic,False
C-007927,PMT-0298,F-30,1.65,residential,analog,True
C-007928,PMT-0083,F-09,5.97,residential,analog,False
C-007929,PMT-0280,F-28,3.76,residential,analog,False
C-007930,PMT-0104,F-11,4.74,residential,analog,False
C-007931,PMT-0101,F-11,1.36,residential,electronic,False
C-007932,PMT-0028,F-03,6.43,residential,electronic,False
C-007933,PMT-0127,F-13,5.85,residential,analog,False
C-007934,PMT-0150,F-15,4.71,residential,electronic,False
C-007935,PMT-0200,F-20,59.7,industrial,electronic,False
C-007936,PMT-0048,F-05,3.36,residential,electronic,False
C-007937,PMT-0057,F-06,3.4,residential,analog,False
C-007938,PMT-0130,F-13,1.48,residential,analog,False
C-007939,PMT-0021,F-03,5.81,residential,analog,False
C-007940,PMT-0044,F-05,1.31,residential,electronic,False
C-007941,PMT-0189,F-19,1.01,residential,electronic,False
C-007942,PMT-0287,F-29,1.22,residential,electronic,False
C-007943,PMT-0172,F-18,2.42,residential,analog,False
C-007944,PMT-0044,F-05,16.4,commercial,analog,False
C-007945,PMT-0298,F-30,5.77,residential,electronic,False
C-007946,PMT-0157,F-16,3.95,residential,analog,False
C-007947,PMT-0216,F-22,3.86,residential,electronic,False
C-007948,PMT-0060,F-06,5.04,residential,electronic,False
C-007949,PMT-0174,F-18,5.18,residential,electronic,False
C-007950,PMT-0023,F-03,21.9,commercial,electronic,False
C-007951,PMT-0188,F-19,6.73,residential,analog,False
C-007952,PMT-0061,F-07,6.76,residential,analog,False
C-007953,PMT-0273,F-28,6.91,residential,electronic,False
C-007954,PMT-0017,F-02,7.16,residential,electronic,False
C-007955,PMT-0196,F-20,16.11,commercial,electronic,False
C-007956,PMT-0042,F-05,5.17,residential,analog,False
C-007957,PMT-0207,F-21,6.09,residential,analog,True
C-007958,PMT-0149,F-15,2.39,residential,analog,True
C-007959,PMT-0291,F-30,48.84,industrial,analog,False
C-007960,PMT-0196,F-20,23.25,commercial,electronic,False
C-007961,PMT-0112,F-12,4.66,residential,analog,False
C-007962,PMT-0027,F-03,1.36,residential,analog,False
C-007963,PMT-0179,F-18,3.84,residential,analog,False
C-007964,PMT-0133,F-14,2.13,residential,electronic,False
C-007965,PMT-0016,F-02,3.49,residential,analog,True
C-007966,PMT-0175,F-18,4.81,residential,analog,False
C-007967,PMT-0063,F-07,4.54,residential,analog,False
C-007968,PMT-0071,F-08,4.43,residential,analog,False
C-007969,PMT-0003,F-01,1.13,residential,analog,False
C-007970,PMT-0112,F-12,4.12,residential,electronic,False
C-007971,PMT-0066,F-07,1.2,residential,electronic,False
C-007972,PMT-0022,F-03,3.83,residential,analog,False
C-007973,PMT-0131,F-14,17.94,commercial,analog,False
C-007974,PMT-0067,F-07,7.52,commercial,analog,False
C-007975,PMT-0041,F-05,7.42,residential,analog,False
C-007976,PMT-0141,F-15,5.41,residential,analog,False
C-007977,PMT-0019,F-02,2.52,residential,electronic,False
C-007978,PMT-0298,F-30,3.76,residential,analog,False
C-007979,PMT-0142,F-15,1.68,residential,analog,False
C-007980,PMT-0299,F-30,5.44,commercial,analog,False
C-007981,PMT-0265,F-27,7.41,residential,analog,False
C-007982,PMT-0294,F-30,5.73,residential,analog,False
C-007983,PMT-0163,F-17,6.46,residential,analog,False
C-007984,PMT-0127,F-13,5.36,residential,electronic,False
C-007985,PMT-0216,F-22,7.35,residential,analog,False
C-007986,PMT-0025,F-03,7.27,residential,analog,False
C-007987,PMT-0253,F-26,6.16,commercial,electronic,False
C-007988,PMT-0098,F-10,2.33,residential,analog,False
C-007989,PMT-0003,F-01,3.77,residential,electronic,False
C-007990,PMT-0072,F-08,3.39,residential,analog,False
C-007991,PMT-0073,F-08,4.68,residential,analog,False
C-007992,PMT-0005,F-01,2.87,residential,analog,True
C-007993,PMT-0201,F-21,6.58,residential,electronic,False
C-007994,PMT-0029,F-03,1.05,residential,electronic,False
C-007995,PMT-0255,F-26,20.83,commercial,analog,False
C-007996,PMT-0136,F-14,3.75,residential,analog,False
C-007997,PMT-0216,F-22,5.1,commercial,analog,False
C-007998,PMT-0102,F-11,6.93,residential,analog,True
C-007999,PMT-0040,F-04,13.94,commercial,analog,False
C-008000,PMT-0055,F-06,6.07,residential,electronic,False
C-008001,PMT-0194,F-20,7.15,residential,analog,True
C-008002,PMT-0215,F-22,1.24,residential,analog,False
C-008003,PMT-0081,F-09,2.84,residential,electronic,False
C-008004,PMT-0108,F-11,1.83,residential,analog,False
C-008005,PMT-0284,F-29,1.69,residential,electronic,False
C-008006,PMT-0256,F-26,7.62,residential,analog,False
C-008007,PMT-0124,F-13,6.64,residential,electronic,False
C-008008,PMT-0073,F-08,3.55,residential,analog,False
C-008009,PMT-0091,F-10,5.81,residential,analog,True
C-008010,PMT-0162,F-17,7.44,residential,analog,False
C-008011,PMT-0171,F-18,2.55,residential,electronic,False
C-008012,PMT-0056,F-06,1.1,residential,analog,False
C-008013,PMT-0020,F-02,85.93,industrial,analog,False
C-008014,PMT-0149,F-15,6.06,residential,analog,False
C-008015,PMT-0240,F-24,2.12,residential,analog,False
C-008016,PMT-0046,F-05,4.43,residential,electronic,False
C-008017,PMT-0123,F-13,2.12,residential,electronic,False
C-008018,PMT-0049,F-05,5.22,residential,electronic,False
C-008019,PMT-0073,F-08,5.53,residential,analog,False
C-008020,PMT-0184,F-19,2.94,residential,analog,False
C-008021,PMT-0086,F-09,20.62,commercial,analog,False
C-008022,PMT-0080,F-08,4.32,residential,analog,False
C-008023,PMT-0299,F-30,5.94,residential,analog,False
C-008024,PMT-0052,F-06,5.48,residential,electronic,False
C-008025,PMT-0057,F-06,4.16,residential,electronic,False
C-008026,PMT-0279,F-28,3.05,residential,analog,False
C-008027,PMT-0166,F-17,2.43,residential,electronic,False
C-008028,PMT-0013,F-02,6.22,residential,electronic,False
C-008029,PMT-0128,F-13,5.49,residential,electronic,True
C-008030,PMT-0170,F-17,2.97,residential,electronic,False
C-008031,PMT-0076,F-08,7.77,residential,analog,False
C-008032,PMT-0165,F-17,6.67,residential,analog,False
C-008033,PMT-0195,F-20,1.89,residential,electronic,False
C-008034,PMT-0076,F-08,2.14,residential,electronic,False
C-008035,PMT-0244,F-25,4.81,residential,analog,False
C-008036,PMT-0136,F-14,1.72,residential,analog,False
C-008037,PMT-0290,F-29,24.29,commercial,electronic,False
C-008038,PMT-0027,F-03,5.47,residential,analog,False
C-008039,PMT-0098,F-10,1.46,residential,analog,False
C-008040,PMT-0217,F-22,55.48,industrial,analog,False
C-008041,PMT-0269,F-27,37.76,industrial,analog,False
C-008042,PMT-0067,F-07,4.43,residential,analog,False
C-008043,PMT-0295,F-30,2.73,residential,analog,False
C-008044,PMT-0059,F-06,6.82,residential,electronic,False
C-008045,PMT-0125,F-13,77.69,industrial,analog,False
C-008046,PMT-0095,F-10,7.35,residential,electronic,False
C-008047,PMT-0128,F-13,2.39,residential,analog,False
C-008048,PMT-0271,F-28,3.7,residential,electronic,False
C-008049,PMT-0220,F-22,84.44,industrial,analog,False
C-008050,PMT-0239,F-24,3.62,residential,electronic,False
C-008051,PMT-0077,F-08,3.65,residential,analog,False
C-008052,PMT-0285,F-29,24.72,commercial,analog,False
C-008053,PMT-0131,F-14,6.4,residential,analog,False
C-008054,PMT-0196,F-20,7.03,residential,analog,False
C-008055,PMT-0210,F-21,3.85,residential,electronic,False
C-008056,PMT-0199,F-20,5.1,residential,analog,True
C-008057,PMT-0181,F-19,4.15,residential,electronic,False
C-008058,PMT-0145,F-15,4.15,residential,analog,False
C-008059,PMT-0195,F-20,1.89,residential,analog,True
C-008060,PMT-0272,F-28,6.89,residential,electronic,False
C-008061,PMT-0117,F-12,3.73,residential,analog,False
C-008062,PMT-0154,F-16,16.64,commercial,electronic,True
C-008063,PMT-0055,F-06,7.0,residential,analog,False
C-008064,PMT-0107,F-11,81.88,industrial,analog,False
C-008065,PMT-0232,F-24,2.39,residential,electronic,False
C-008066,PMT-0193,F-20,5.33,residential,analog,False
C-008067,PMT-0064,F-07,4.47,residential,electronic,False
C-008068,PMT-0164,F-17,10.2,commercial,analog,False
C-008069,PMT-0244,F-25,1.29,residential,electronic,False
C-008070,PMT-0038,F-04,5.41,residential,analog,False
C-008071,PMT-0019,F-02,6.46,residential,analog,False
C-008072,PMT-0118,F-12,7.59,residential,analog,False
C-008073,PMT-0197,F-20,3.48,residential,analog,False
C-008074,PMT-0094,F-10,3.79,residential,electronic,False
C-008075,PMT-0247,F-25,2.14,residential,electronic,False
C-008076,PMT-0255,F-26,24.69,commercial,electronic,False
C-008077,PMT-0160,F-16,6.95,residential,electronic,False
C-008078,PMT-0114,F-12,7.7,residential,electronic,False
C-008079,PMT-0013,F-02,4.47,residential,analog,False
C-008080,PMT-0247,F-25,36.78,industrial,analog,False
C-008081,PMT-0269,F-27,5.01,residential,electronic,False
C-008082,PMT-0133,F-14,3.6,residential,analog,False
C-008083,PMT-0155,F-16,3.44,residential,electronic,False
C-008084,PMT-0227,F-23,1.58,residential,analog,True
C-008085,PMT-0209,F-21,1.51,residential,analog,True
C-008086,PMT-0041,F-05,3.65,residential,electronic,False
C-008087,PMT-0202,F-21,7.48,residential,analog,False
C-008088,PMT-0278,F-28,6.06,residential,electronic,False
C-008089,PMT-0226,F-23,20.21,commercial,electronic,False
C-008090,PMT-0145,F-15,9.69,commercial,analog,False
C-008091,PMT-0157,F-16,6.14,residential,electronic,False
C-008092,PMT-0078,F-08,3.84,residential,analog,False
C-008093,PMT-0199,F-20,1.42,residential,analog,False
C-008094,PMT-0073,F-08,3.76,residential,electronic,False
C-008095,PMT-0103,F-11,1.92,residential,analog,True
C-008096,PMT-0080,F-08,6.98,residential,analog,False
C-008097,PMT-0101,F-11,6.88,residential,analog,False
C-008098,PMT-0111,F-12,3.01,residential,electronic,False
C-008099,PMT-0025,F-03,5.28,residential,electronic,False
C-008100,PMT-0216,F-22,3.55,residential,analog,False
C-008101,PMT-0133,F-14,2.08,residential,analog,False
C-008102,PMT-0285,F-29,5.55,residential,electronic,False
C-008103,PMT-0055,F-06,6.32,residential,analog,False
C-008104,PMT-0201,F-21,6.42,residential,analog,True
C-008105,PMT-0054,F-06,2.04,residential,analog,False
C-008106,PMT-0165,F-17,4.59,residential,electronic,False
C-008107,PMT-0148,F-15,5.48,commercial,analog,False
C-008108,PMT-0135,F-14,1.63,residential,analog,False
C-008109,PMT-0197,F-20,6.62,commercial,analog,False
C-008110,PMT-0249,F-25,1.4,residential,analog,False
C-008111,PMT-0096,F-10,3.34,residential,electronic,False
C-008112,PMT-0255,F-26,3.5,residential,electronic,True
C-008113,PMT-0056,F-06,5.89,residential,analog,False
C-008114,PMT-0088,F-09,3.31,residential,analog,False
C-008115,PMT-0094,F-10,1.98,residential,analog,False
C-008116,PMT-0287,F-29,23.94,commercial,analog,True
C-008117,PMT-0036,F-04,7.13,residential,analog,False
C-008118,PMT-0119,F-12,7.48,commercial,analog,False
C-008119,PMT-0128,F-13,3.54,residential,analog,False
C-008120,PMT-0241,F-25,2.18,residential,electronic,False
C-008121,PMT-0146,F-15,7.71,residential,analog,False
C-008122,PMT-0291,F-30,3.49,residential,analog,False
C-008123,PMT-0223,F-23,1.69,residential,analog,False
C-008124,PMT-0212,F-22,19.54,commercial,analog,False
C-008125,PMT-0226,F-23,19.23,commercial,analog,False
C-008126,PMT-0049,F-05,2.69,residential,analog,False
C-008127,PMT-0135,F-14,3.25,residential,electronic,False
C-008128,PMT-0176,F-18,3.91,residential,analog,False
C-008129,PMT-0063,F-07,2.87,residential,analog,False
C-008130,PMT-0036,F-04,3.02,residential,analog,False
C-008131,PMT-0041,F-05,6.61,residential,analog,False
C-008132,PMT-0237,F-24,6.26,residential,electronic,False
C-008133,PMT-0198,F-20,5.85,residential,analog,True
C-008134,PMT-0085,F-09,5.81,residential,electronic,False
C-008135,PMT-0222,F-23,4.65,residential,electronic,False
C-008136,PMT-0209,F-21,12.02,commercial,analog,False
C-008137,PMT-0245,F-25,6.04,residential,analog,False
C-008138,PMT-0274,F-28,1.81,residential,analog,False
C-008139,PMT-0265,F-27,1.99,residential,analog,False
C-008140,PMT-0055,F-06,7.53,commercial,analog,False
C-008141,PMT-0231,F-24,6.13,residential,analog,False
C-008142,PMT-0118,F-12,5.14,residential,electronic,False
C-008143,PMT-0121,F-13,4.15,residential,analog,False
C-008144,PMT-0195,F-20,4.33,residential,analog,False
C-008145,PMT-0181,F-19,6.79,residential,electronic,False
C-008146,PMT-0126,F-13,1.85,residential,analog,True
C-008147,PMT-0300,F-30,50.66,industrial,analog,False
C-008148,PMT-0053,F-06,6.32,residential,analog,False
C-008149,PMT-0030,F-03,5.6,residential,analog,False
C-008150,PMT-0009,F-01,4.05,residential,analog,False
C-008151,PMT-0245,F-25,2.57,residential,analog,False
C-008152,PMT-0122,F-13,7.63,residential,electronic,False
C-008153,PMT-0132,F-14,3.86,residential,analog,False
C-008154,PMT-0195,F-20,7.14,residential,electronic,False
C-008155,PMT-0131,F-14,20.56,commercial,analog,False
C-008156,PMT-0173,F-18,22.23,commercial,analog,False
C-008157,PMT-0018,F-02,1.12,residential,analog,False
C-008158,PMT-0047,F-05,4.34,residential,analog,False
C-008159,PMT-0280,F-28,10.19,commercial,analog,False
C-008160,PMT-0136,F-14,2.92,residential,analog,False
C-008161,PMT-0051,F-06,2.89,residential,analog,False
C-008162,PMT-0111,F-12,3.73,residential,analog,False
C-008163,PMT-0101,F-11,13.21,commercial,analog,False
C-008164,PMT-0083,F-09,5.44,residential,analog,False
C-008165,PMT-0089,F-09,3.1,residential,analog,False
C-008166,PMT-0219,F-22,2.91,residential,analog,False
C-008167,PMT-0033,F-04,3.52,residential,analog,False
C-008168,PMT-0093,F-10,5.81,residential,analog,False
C-008169,PMT-0141,F-15,1.0,residential,analog,False
C-008170,PMT-0163,F-17,6.23,residential,electronic,False
C-008171,PMT-0265,F-27,47.12,industrial,electronic,False
C-008172,PMT-0277,F-28,5.03,residential,analog,False
C-008173,PMT-0090,F-09,20.23,commercial,analog,False
C-008174,PMT-0162,F-17,4.58,residential,electronic,False
C-008175,PMT-0007,F-01,5.53,residential,analog,False
C-008176,PMT-0186,F-19,7.44,residential,analog,False
C-008177,PMT-0046,F-05,1.21,residential,electronic,False
C-008178,PMT-0022,F-03,3.45,residential,analog,False
C-008179,PMT-0202,F-21,7.49,residential,analog,False
C-008180,PMT-0054,F-06,86.99,industrial,analog,True
C-008181,PMT-0144,F-15,5.32,residential,analog,False
C-008182,PMT-0031,F-04,9.59,commercial,analog,True
C-008183,PMT-0224,F-23,3.31,residential,analog,False
C-008184,PMT-0230,F-23,7.01,residential,analog,True
C-008185,PMT-0173,F-18,5.89,residential,analog,True
C-008186,PMT-0251,F-26,3.0,residential,analog,False
C-008187,PMT-0132,F-14,1.93,residential,analog,False
C-008188,PMT-0056,F-06,6.47,residential,electronic,False
C-008189,PMT-0046,F-05,5.03,residential,analog,False
C-008190,PMT-0066,F-07,7.74,residential,analog,True
C-008191,PMT-0061,F-07,3.85,residential,analog,False
C-008192,PMT-0097,F-10,47.92,industrial,analog,True
C-008193,PMT-0065,F-07,3.04,residential,analog,False
C-008194,PMT-0178,F-18,4.37,residential,analog,False
C-008195,PMT-0045,F-05,3.26,residential,electronic,False
C-008196,PMT-0187,F-19,1.51,residential,analog,False
C-008197,PMT-0101,F-11,11.24,commercial,analog,False
C-008198,PMT-0207,F-21,9.38,commercial,electronic,False
C-008199,PMT-0154,F-16,6.71,residential,analog,False
C-008200,PMT-0272,F-28,2.65,residential,analog,False
C-008201,PMT-0132,F-14,14.18,commercial,analog,False
C-008202,PMT-0089,F-09,5.71,residential,analog,False
C-008203,PMT-0177,F-18,2.04,residential,analog,False
C-008204,PMT-0198,F-20,4.72,residential,electronic,False
C-008205,PMT-0132,F-14,6.93,residential,analog,False
C-008206,PMT-0168,F-17,5.09,residential,analog,True
C-008207,PMT-0142,F-15,4.38,residential,analog,False
C-008208,PMT-0092,F-10,21.78,commercial,analog,False
C-008209,PMT-0095,F-10,7.63,residential,electronic,False
C-008210,PMT-0273,F-28,21.42,commercial,analog,False
C-008211,PMT-0203,F-21,3.86,residential,analog,False
C-008212,PMT-0029,F-03,5.28,residential,analog,False
C-008213,PMT-0289,F-29,4.69,residential,electronic,False
C-008214,PMT-0214,F-22,3.12,residential,analog,True
C-008215,PMT-0016,F-02,13.71,commercial,analog,False
C-008216,PMT-0219,F-22,6.8,residential,electronic,False
C-008217,PMT-0177,F-18,11.01,commercial,analog,False
C-008218,PMT-0275,F-28,7.23,residential,analog,False
C-008219,PMT-0147,F-15,7.94,residential,analog,False
C-008220,PMT-0156,F-16,3.15,residential,electronic,True
C-008221,PMT-0095,F-10,1.86,residential,electronic,False
C-008222,PMT-0097,F-10,7.7,residential,electronic,False
C-008223,PMT-0186,F-19,2.2,residential,analog,False
C-008224,PMT-0249,F-25,6.4,residential,electronic,False
C-008225,PMT-0268,F-27,1.27,residential,electronic,False
C-008226,PMT-0232,F-24,2.65,residential,analog,False
C-008227,PMT-0183,F-19,2.82,residential,electronic,False
C-008228,PMT-0151,F-16,3.08,residential,electronic,False
C-008229,PMT-0102,F-11,7.44,residential,electronic,False
C-008230,PMT-0231,F-24,2.23,residential,analog,False
C-008231,PMT-0096,F-10,2.22,residential,analog,False
C-008232,PMT-0081,F-09,5.84,residential,electronic,False
C-008233,PMT-0261,F-27,7.67,residential,electronic,False
C-008234,PMT-0177,F-18,3.72,residential,analog,False
C-008235,PMT-0107,F-11,6.41,residential,analog,False
C-008236,PMT-0260,F-26,1.22,residential,analog,False
C-008237,PMT-0289,F-29,6.77,residential,analog,True
C-008238,PMT-0096,F-10,6.06,residential,analog,False
C-008239,PMT-0157,F-16,7.28,residential,electronic,False
C-008240,PMT-0146,F-15,5.46,residential,analog,False
C-008241,PMT-0211,F-22,7.59,residential,electronic,False
C-008242,PMT-0286,F-29,3.73,residential,analog,False
C-008243,PMT-0165,F-17,78.6,industrial,analog,False
C-008244,PMT-0240,F-24,6.08,residential,analog,False
C-008245,PMT-0179,F-18,2.88,residential,analog,False
C-008246,PMT-0267,F-27,23.41,commercial,electronic,False
C-008247,PMT-0122,F-13,82.33,industrial,analog,False
C-008248,PMT-0116,F-12,7.06,residential,electronic,False
C-008249,PMT-0127,F-13,12.25,commercial,analog,False
C-008250,PMT-0299,F-30,6.89,residential,electronic,False
C-008251,PMT-0184,F-19,3.2,residential,analog,False
C-008252,PMT-0046,F-05,7.75,residential,analog,False
C-008253,PMT-0013,F-02,1.17,residential,analog,False
C-008254,PMT-0156,F-16,5.33,residential,analog,True
C-008255,PMT-0242,F-25,1.79,residential,analog,False
C-008256,PMT-0144,F-15,6.03,residential,electronic,False
C-008257,PMT-0169,F-17,3.55,residential,electronic,False
C-008258,PMT-0240,F-24,7.09,residential,analog,False
C-008259,PMT-0155,F-16,7.11,residential,analog,False
C-008260,PMT-0273,F-28,12.36,commercial,analog,False
C-008261,PMT-0192,F-20,6.67,residential,electronic,False
C-008262,PMT-0220,F-22,5.77,residential,electronic,False
C-008263,PMT-0235,F-24,3.99,residential,analog,False
C-008264,PMT-0189,F-19,3.4,residential,analog,False
C-008265,PMT-0016,F-02,2.47,residential,analog,False
C-008266,PMT-0129,F-13,1.44,residential,analog,False
C-008267,PMT-0043,F-05,4.62,residential,analog,False
C-008268,PMT-0154,F-16,4.78,residential,analog,False
C-008269,PMT-0043,F-05,4.11,residential,electronic,False
C-008270,PMT-0153,F-16,7.65,residential,analog,False
C-008271,PMT-0104,F-11,1.1,residential,electronic,False
C-008272,PMT-0007,F-01,6.95,residential,electronic,False
C-008273,PMT-0038,F-04,21.02,commercial,analog,False
C-008274,PMT-0151,F-16,6.31,residential,analog,False
C-008275,PMT-0024,F-03,4.67,residential,analog,False
C-008276,PMT-0257,F-26,8.81,commercial,electronic,False
C-008277,PMT-0228,F-23,7.04,residential,analog,False
C-008278,PMT-0213,F-22,79.57,industrial,electronic,False
C-008279,PMT-0052,F-06,6.83,residential,electronic,False
C-008280,PMT-0239,F-24,2.65,residential,analog,False
C-008281,PMT-0191,F-20,4.88,residential,analog,False
C-008282,PMT-0118,F-12,3.91,residential,analog,False
C-008283,PMT-0001,F-01,71.17,industrial,analog,False
C-008284,PMT-0159,F-16,6.27,residential,analog,False
C-008285,PMT-0239,F-24,33.9,industrial,electronic,False
C-008286,PMT-0011,F-02,2.22,residential,analog,False
C-008287,PMT-0016,F-02,5.87,commercial,analog,False
C-008288,PMT-0115,F-12,32.57,industrial,electronic,False
C-008289,PMT-0154,F-16,2.68,residential,analog,False
C-008290,PMT-0143,F-15,25.8,industrial,analog,False
C-008291,PMT-0128,F-13,3.49,residential,analog,False
C-008292,PMT-0077,F-08,5.73,residential,electronic,False
C-008293,PMT-0018,F-02,6.55,residential,analog,False
C-008294,PMT-0010,F-01,3.42,residential,analog,False
C-008295,PMT-0030,F-03,1.59,residential,electronic,False
C-008296,PMT-0208,F-21,6.32,residential,electronic,False
C-008297,PMT-0236,F-24,3.74,residential,analog,False
C-008298,PMT-0131,F-14,2.76,residential,analog,False
C-008299,PMT-0024,F-03,4.29,residential,analog,False
C-008300,PMT-0125,F-13,7.79,residential,analog,False
C-008301,PMT-0296,F-30,3.61,residential,electronic,False
C-008302,PMT-0075,F-08,24.19,commercial,analog,False
C-008303,PMT-0148,F-15,40.25,industrial,electronic,False
C-008304,PMT-0162,F-17,7.11,commercial,electronic,False
C-008305,PMT-0099,F-10,2.1,residential,analog,False
C-008306,PMT-0132,F-14,6.42,residential,analog,True
C-008307,PMT-0142,F-15,15.75,commercial,analog,True
C-008308,PMT-0143,F-15,5.07,residential,analog,False
C-008309,PMT-0216,F-22,7.77,residential,electronic,False
C-008310,PMT-0175,F-18,4.53,residential,electronic,False
C-008311,PMT-0017,F-02,1.82,residential,analog,False
C-008312,PMT-0002,F-01,6.03,residential,electronic,False
C-008313,PMT-0124,F-13,2.45,residential,electronic,False
C-008314,PMT-0273,F-28,5.07,residential,analog,False
C-008315,PMT-0012,F-02,6.98,residential,electronic,True
C-008316,PMT-0022,F-03,4.34,residential,analog,False
C-008317,PMT-0204,F-21,3.2,residential,electronic,False
C-008318,PMT-0136,F-14,5.03,residential,electronic,False
C-008319,PMT-0070,F-07,1.89,residential,analog,False
C-008320,PMT-0063,F-07,3.15,residential,analog,False
C-008321,PMT-0200,F-20,4.53,residential,electronic,False
C-008322,PMT-0158,F-16,2.78,residential,analog,False
C-008323,PMT-0192,F-20,1.27,residential,analog,True
C-008324,PMT-0085,F-09,66.81,industrial,analog,True
C-008325,PMT-0158,F-16,3.81,residential,analog,False
C-008326,PMT-0259,F-26,3.73,residential,analog,False
C-008327,PMT-0095,F-10,24.94,commercial,analog,False
C-008328,PMT-0119,F-12,1.78,residential,electronic,False
C-008329,PMT-0050,F-05,2.08,residential,electronic,False
C-008330,PMT-0192,F-20,7.13,residential,electronic,False
C-008331,PMT-0010,F-01,1.91,residential,analog,False
C-008332,PMT-0075,F-08,7.42,residential,electronic,False
C-008333,PMT-0214,F-22,5.7,residential,analog,False
C-008334,PMT-0006,F-01,4.7,residential,electronic,False
C-008335,PMT-0297,F-30,2.95,residential,electronic,False
C-008336,PMT-0122,F-13,3.52,residential,analog,False
C-008337,PMT-0120,F-12,6.78,residential,electronic,True
C-008338,PMT-0161,F-17,6.15,commercial,electronic,False
C-008339,PMT-0192,F-20,6.38,residential,analog,False
C-008340,PMT-0138,F-14,6.79,residential,electronic,False
C-008341,PMT-0266,F-27,5.94,residential,electronic,False
C-008342,PMT-0289,F-29,1.38,residential,analog,False
C-008343,PMT-0061,F-07,6.2,residential,analog,False
C-008344,PMT-0213,F-22,6.06,residential,electronic,False
C-008345,PMT-0091,F-10,1.09,residential,electronic,False
C-008346,PMT-0299,F-30,22.85,commercial,analog,False
C-008347,PMT-0076,F-08,7.64,commercial,analog,False
C-008348,PMT-0089,F-09,7.73,residential,analog,True
C-008349,PMT-0215,F-22,1.5,residential,analog,False
C-008350,PMT-0237,F-24,2.67,residential,analog,False
C-008351,PMT-0039,F-04,5.83,residential,analog,False
C-008352,PMT-0167,F-17,7.74,commercial,electronic,False
C-008353,PMT-0104,F-11,2.29,residential,analog,False
C-008354,PMT-0184,F-19,1.08,residential,analog,False
C-008355,PMT-0168,F-17,21.53,commercial,analog,False
C-008356,PMT-0296,F-30,1.26,residential,electronic,False
C-008357,PMT-0281,F-29,5.43,residential,electronic,False
C-008358,PMT-0197,F-20,5.08,residential,electronic,False
C-008359,PMT-0204,F-21,4.58,residential,analog,False
C-008360,PMT-0270,F-27,3.63,residential,analog,False
C-008361,PMT-0056,F-06,3.1,residential,analog,False
C-008362,PMT-0218,F-22,7.7,residential,analog,True
C-008363,PMT-0232,F-24,6.5,residential,analog,False
C-008364,PMT-0039,F-04,93.82,industrial,analog,False
C-008365,PMT-0265,F-27,6.14,residential,analog,False
C-008366,PMT-0210,F-21,6.8,residential,analog,False
C-008367,PMT-0105,F-11,7.75,residential,analog,False
C-008368,PMT-0146,F-15,4.18,residential,electronic,False
C-008369,PMT-0147,F-15,7.35,residential,analog,False
C-008370,PMT-0276,F-28,1.3,residential,analog,False
C-008371,PMT-0291,F-30,1.76,residential,analog,False
C-008372,PMT-0243,F-25,4.43,residential,analog,False
C-008373,PMT-0196,F-20,4.18,residential,electronic,False
C-008374,PMT-0032,F-04,4.07,residential,analog,False
C-008375,PMT-0275,F-28,15.74,commercial,analog,False
C-008376,PMT-0041,F-05,15.77,commercial,electronic,False
C-008377,PMT-0051,F-06,7.09,residential,analog,True
C-008378,PMT-0021,F-03,3.42,residential,analog,False
C-008379,PMT-0285,F-29,3.21,residential,analog,False
C-008380,PMT-0148,F-15,19.04,commercial,analog,False
C-008381,PMT-0071,F-08,5.54,residential,analog,False
C-008382,PMT-0025,F-03,6.81,residential,electronic,False
C-008383,PMT-0124,F-13,3.16,residential,analog,False
C-008384,PMT-0218,F-22,1.04,residential,analog,True
C-008385,PMT-0299,F-30,7.61,residential,analog,False
C-008386,PMT-0166,F-17,1.31,residential,analog,False
C-008387,PMT-0183,F-19,5.76,residential,analog,False
C-008388,PMT-0251,F-26,11.44,commercial,electronic,False
C-008389,PMT-0271,F-28,3.96,residential,analog,True
C-008390,PMT-0084,F-09,87.04,industrial,electronic,False
C-008391,PMT-0298,F-30,3.94,residential,analog,False
C-008392,PMT-0156,F-16,7.89,commercial,analog,True
C-008393,PMT-0280,F-28,6.28,residential,analog,False
C-008394,PMT-0036,F-04,1.14,residential,analog,False
C-008395,PMT-0030,F-03,2.92,residential,analog,False
C-008396,PMT-0266,F-27,15.76,commercial,analog,False
C-008397,PMT-0202,F-21,4.06,residential,electronic,False
C-008398,PMT-0053,F-06,5.34,residential,electronic,True
C-008399,PMT-0269,F-27,3.67,residential,analog,False
C-008400,PMT-0031,F-04,3.73,residential,analog,False
C-008401,PMT-0205,F-21,3.44,residential,analog,False
C-008402,PMT-0062,F-07,7.21,residential,analog,False
C-008403,PMT-0022,F-03,1.12,residential,analog,False
C-008404,PMT-0242,F-25,7.58,residential,electronic,False
C-008405,PMT-0255,F-26,3.51,residential,analog,False
C-008406,PMT-0032,F-04,3.55,residential,electronic,False
C-008407,PMT-0028,F-03,6.08,residential,electronic,False
C-008408,PMT-0185,F-19,3.72,residential,analog,False
C-008409,PMT-0009,F-01,5.32,residential,electronic,False
C-008410,PMT-0224,F-23,7.33,residential,electronic,False
C-008411,PMT-0275,F-28,21.92,commercial,analog,False
C-008412,PMT-0226,F-23,4.61,residential,analog,False
C-008413,PMT-0070,F-07,6.02,residential,analog,True
C-008414,PMT-0058,F-06,3.75,residential,analog,False
C-008415,PMT-0205,F-21,6.43,residential,electronic,True
C-008416,PMT-0019,F-02,2.19,residential,analog,False
C-008417,PMT-0162,F-17,5.91,commercial,electronic,False
C-008418,PMT-0135,F-14,4.79,residential,analog,False
C-008419,PMT-0224,F-23,2.51,residential,analog,True
C-008420,PMT-0061,F-07,6.1,residential,analog,False
C-008421,PMT-0229,F-23,1.71,residential,electronic,False
C-008422,PMT-0210,F-21,1.06,residential,analog,False
C-008423,PMT-0072,F-08,74.06,industrial,analog,False
C-008424,PMT-0108,F-11,4.51,residential,electronic,False
C-008425,PMT-0020,F-02,7.66,residential,analog,False
C-008426,PMT-0135,F-14,2.73,residential,electronic,False
C-008427,PMT-0079,F-08,29.86,industrial,analog,False
C-008428,PMT-0035,F-04,1.16,residential,electronic,False
C-008429,PMT-0168,F-17,4.11,residential,analog,False
C-008430,PMT-0171,F-18,28.07,industrial,analog,False
C-008431,PMT-0026,F-03,82.05,industrial,analog,False
C-008432,PMT-0056,F-06,1.5,residential,analog,True
C-008433,PMT-0025,F-03,7.45,residential,electronic,False
C-008434,PMT-0204,F-21,4.79,residential,analog,False
C-008435,PMT-0102,F-11,18.93,commercial,analog,False
C-008436,PMT-0022,F-03,1.92,residential,analog,False
C-008437,PMT-0058,F-06,1.63,residential,electronic,False
C-008438,PMT-0293,F-30,3.48,residential,analog,False
C-008439,PMT-0077,F-08,4.64,residential,analog,False
C-008440,PMT-0206,F-21,5.03,residential,electronic,True
C-008441,PMT-0141,F-15,3.31,residential,analog,False
C-008442,PMT-0055,F-06,2.91,residential,electronic,False
C-008443,PMT-0093,F-10,7.87,residential,analog,False
C-008444,PMT-0005,F-01,10.45,commercial,electronic,True
C-008445,PMT-0225,F-23,1.97,residential,electronic,False
C-008446,PMT-0101,F-11,3.52,residential,analog,False
C-008447,PMT-0150,F-15,11.08,commercial,analog,False
C-008448,PMT-0046,F-05,3.95,residential,analog,False
C-008449,PMT-0248,F-25,17.47,commercial,analog,False
C-008450,PMT-0066,F-07,5.22,residential,analog,True
C-008451,PMT-0170,F-17,5.89,residential,electronic,False
C-008452,PMT-0262,F-27,2.1,residential,analog,False
C-008453,PMT-0214,F-22,1.32,residential,analog,True
C-008454,PMT-0181,F-19,6.54,residential,analog,False
C-008455,PMT-0267,F-27,2.52,residential,analog,False
C-008456,PMT-0053,F-06,3.21,residential,analog,False
C-008457,PMT-0290,F-29,4.19,residential,analog,False
C-008458,PMT-0167,F-17,6.01,residential,analog,False
C-008459,PMT-0123,F-13,2.15,residential,analog,False
C-008460,PMT-0077,F-08,7.32,residential,electronic,False
C-008461,PMT-0224,F-23,3.25,residential,electronic,False
C-008462,PMT-0293,F-30,7.88,residential,analog,True
C-008463,PMT-0208,F-21,3.0,residential,analog,False
C-008464,PMT-0010,F-01,6.08,residential,analog,False
C-008465,PMT-0141,F-15,3.64,residential,analog,False
C-008466,PMT-0220,F-22,6.86,residential,electronic,False
C-008467,PMT-0120,F-12,4.24,residential,analog,False
C-008468,PMT-0232,F-24,7.09,residential,analog,False
C-008469,PMT-0213,F-22,6.28,residential,electronic,False
C-008470,PMT-0021,F-03,5.1,residential,electronic,False
C-008471,PMT-0168,F-17,2.75,residential,analog,False
C-008472,PMT-0052,F-06,2.82,residential,analog,False
C-008473,PMT-0146,F-15,7.94,residential,analog,True
C-008474,PMT-0116,F-12,7.48,residential,analog,False
C-008475,PMT-0243,F-25,1.97,residential,analog,False
C-008476,PMT-0261,F-27,2.43,residential,analog,False
C-008477,PMT-0139,F-14,1.75,residential,analog,False
C-008478,PMT-0162,F-17,2.41,residential,analog,False
C-008479,PMT-0188,F-19,3.03,residential,analog,False
C-008480,PMT-0197,F-20,21.75,commercial,electronic,False
C-008481,PMT-0191,F-20,1.67,residential,analog,False
C-008482,PMT-0235,F-24,7.17,residential,electronic,False
C-008483,PMT-0295,F-30,7.8,residential,analog,False
C-008484,PMT-0249,F-25,2.97,residential,electronic,False
C-008485,PMT-0041,F-05,4.19,residential,analog,False
C-008486,PMT-0143,F-15,15.59,commercial,analog,False
C-008487,PMT-0139,F-14,2.44,residential,analog,False
C-008488,PMT-0153,F-16,6.12,residential,analog,False
C-008489,PMT-0159,F-16,5.06,residential,analog,True
C-008490,PMT-0216,F-22,28.97,industrial,analog,False
C-008491,PMT-0127,F-13,7.27,residential,analog,False
C-008492,PMT-0080,F-08,3.12,residential,analog,False
C-008493,PMT-0138,F-14,8.12,commercial,analog,False
C-008494,PMT-0257,F-26,7.87,residential,electronic,False
C-008495,PMT-0094,F-10,1.72,residential,analog,False
C-008496,PMT-0007,F-01,1.42,residential,analog,False
C-008497,PMT-0293,F-30,2.66,residential,analog,False
C-008498,PMT-0059,F-06,3.23,residential,electronic,False
C-008499,PMT-0181,F-19,4.04,residential,electronic,False
C-008500,PMT-0241,F-25,5.8,residential,analog,False
C-008501,PMT-0083,F-09,12.31,commercial,analog,False
C-008502,PMT-0103,F-11,4.92,residential,analog,False
C-008503,PMT-0085,F-09,1.04,residential,analog,False
C-008504,PMT-0045,F-05,3.69,residential,electronic,False
C-008505,PMT-0046,F-05,7.61,residential,electronic,False
C-008506,PMT-0057,F-06,6.42,residential,analog,False
C-008507,PMT-0138,F-14,6.19,residential,electronic,False
C-008508,PMT-0160,F-16,3.13,residential,analog,False
C-008509,PMT-0005,F-01,4.42,residential,electronic,False
C-008510,PMT-0254,F-26,21.89,commercial,electronic,False
C-008511,PMT-0203,F-21,7.16,residential,electronic,False
C-008512,PMT-0022,F-03,5.97,residential,analog,False
C-008513,PMT-0253,F-26,4.2,residential,analog,False
C-008514,PMT-0010,F-01,1.51,residential,analog,False
C-008515,PMT-0169,F-17,1.84,residential,analog,False
C-008516,PMT-0140,F-14,5.01,commercial,analog,False
C-008517,PMT-0151,F-16,3.51,residential,electronic,False
C-008518,PMT-0287,F-29,1.16,residential,analog,False
C-008519,PMT-0279,F-28,4.05,residential,analog,False
C-008520,PMT-0084,F-09,5.18,residential,analog,False
C-008521,PMT-0174,F-18,5.17,residential,analog,False
C-008522,PMT-0288,F-29,16.11,commercial,analog,False
C-008523,PMT-0219,F-22,2.58,residential,analog,False
C-008524,PMT-0267,F-27,4.63,residential,electronic,False
C-008525,PMT-0131,F-14,7.86,residential,analog,False
C-008526,PMT-0085,F-09,4.11,residential,analog,False
C-008527,PMT-0154,F-16,7.12,residential,analog,False
C-008528,PMT-0246,F-25,3.67,residential,analog,False
C-008529,PMT-0279,F-28,5.36,residential,electronic,False
C-008530,PMT-0206,F-21,4.37,residential,electronic,False
C-008531,PMT-0212,F-22,5.82,residential,analog,False
C-008532,PMT-0154,F-16,7.28,residential,analog,False
C-008533,PMT-0096,F-10,4.09,residential,analog,True
C-008534,PMT-0127,F-13,20.15,commercial,electronic,False
C-008535,PMT-0150,F-15,7.18,residential,analog,False
C-008536,PMT-0245,F-25,6.53,residential,analog,False
C-008537,PMT-0167,F-17,1.17,residential,analog,False
C-008538,PMT-0238,F-24,5.0,commercial,analog,False
C-008539,PMT-0009,F-01,7.18,residential,electronic,False
C-008540,PMT-0228,F-23,19.59,commercial,analog,False
C-008541,PMT-0153,F-16,7.71,residential,electronic,False
C-008542,PMT-0300,F-30,43.4,industrial,analog,False
C-008543,PMT-0142,F-15,6.52,residential,analog,False
C-008544,PMT-0144,F-15,6.61,residential,electronic,True
C-008545,PMT-0039,F-04,7.0,residential,analog,False
C-008546,PMT-0243,F-25,18.84,commercial,electronic,False
C-008547,PMT-0211,F-22,31.06,industrial,analog,False
C-008548,PMT-0259,F-26,5.77,residential,analog,True
C-008549,PMT-0028,F-03,5.23,residential,analog,False
C-008550,PMT-0064,F-07,3.34,residential,electronic,False
C-008551,PMT-0264,F-27,2.46,residential,electronic,True
C-008552,PMT-0013,F-02,7.2,residential,analog,False
C-008553,PMT-0153,F-16,1.99,residential,electronic,False
C-008554,PMT-0122,F-13,53.78,industrial,analog,False
C-008555,PMT-0282,F-29,17.46,commercial,electronic,False
C-008556,PMT-0258,F-26,7.8,residential,analog,False
C-008557,PMT-0270,F-27,5.7,residential,electronic,True
C-008558,PMT-0087,F-09,44.39,industrial,electronic,False
C-008559,PMT-0177,F-18,6.21,commercial,analog,False
C-008560,PMT-0211,F-22,3.22,residential,electronic,False
C-008561,PMT-0291,F-30,3.05,residential,electronic,False
C-008562,PMT-0003,F-01,6.73,residential,analog,False
C-008563,PMT-0294,F-30,3.64,residential,electronic,True
C-008564,PMT-0107,F-11,1.69,residential,analog,False
C-008565,PMT-0039,F-04,7.09,residential,electronic,False
C-008566,PMT-0185,F-19,1.13,residential,electronic,False
C-008567,PMT-0235,F-24,1.02,residential,analog,False
C-008568,PMT-0039,F-04,4.32,residential,analog,False
C-008569,PMT-0013,F-02,1.48,residential,analog,False
C-008570,PMT-0269,F-27,8.54,commercial,electronic,True
C-008571,PMT-0281,F-29,7.9,residential,electronic,False
C-008572,PMT-0047,F-05,6.91,residential,electronic,False
C-008573,PMT-0272,F-28,81.12,industrial,electronic,True
C-008574,PMT-0273,F-28,5.7,residential,analog,False
C-008575,PMT-0300,F-30,1.33,residential,analog,False
C-008576,PMT-0065,F-07,21.72,commercial,electronic,False
C-008577,PMT-0174,F-18,4.3,residential,analog,False
C-008578,PMT-0299,F-30,27.87,industrial,analog,False
C-008579,PMT-0271,F-28,11.02,commercial,analog,False
C-008580,PMT-0182,F-19,4.51,residential,analog,False
C-008581,PMT-0060,F-06,1.1,residential,analog,False
C-008582,PMT-0026,F-03,2.77,residential,analog,False
C-008583,PMT-0078,F-08,3.35,residential,analog,False
C-008584,PMT-0020,F-02,4.25,residential,analog,False
C-008585,PMT-0059,F-06,1.01,residential,analog,False
C-008586,PMT-0023,F-03,65.24,industrial,analog,False
C-008587,PMT-0229,F-23,2.38,residential,electronic,False
C-008588,PMT-0177,F-18,5.18,residential,analog,False
C-008589,PMT-0156,F-16,2.67,residential,electronic,False
C-008590,PMT-0243,F-25,3.82,residential,analog,False
C-008591,PMT-0124,F-13,5.37,residential,analog,True
C-008592,PMT-0121,F-13,5.6,residential,electronic,False
C-008593,PMT-0063,F-07,1.21,residential,analog,False
C-008594,PMT-0134,F-14,4.75,residential,analog,False
C-008595,PMT-0053,F-06,6.72,residential,analog,False
C-008596,PMT-0177,F-18,2.44,residential,electronic,False
C-008597,PMT-0300,F-30,4.72,residential,electronic,False
C-008598,PMT-0160,F-16,13.95,commercial,analog,True
C-008599,PMT-0090,F-09,6.95,residential,electronic,True
C-008600,PMT-0207,F-21,4.07,residential,analog,False
C-008601,PMT-0247,F-25,7.61,residential,electronic,False
C-008602,PMT-0142,F-15,5.57,residential,electronic,False
C-008603,PMT-0076,F-08,4.93,residential,analog,False
C-008604,PMT-0215,F-22,3.04,residential,analog,False
C-008605,PMT-0057,F-06,5.18,residential,electronic,False
C-008606,PMT-0300,F-30,1.92,residential,analog,False
C-008607,PMT-0096,F-10,3.91,residential,electronic,False
C-008608,PMT-0106,F-11,42.75,industrial,analog,False
C-008609,PMT-0219,F-22,5.69,residential,electronic,False
C-008610,PMT-0004,F-01,6.35,residential,analog,False
C-008611,PMT-0061,F-07,23.57,commercial,electronic,False
C-008612,PMT-0038,F-04,2.55,residential,analog,False
C-008613,PMT-0118,F-12,7.19,residential,electronic,False
C-008614,PMT-0167,F-17,6.92,residential,electronic,False
C-008615,PMT-0054,F-06,22.25,commercial,electronic,False
C-008616,PMT-0104,F-11,6.18,residential,electronic,False
C-008617,PMT-0232,F-24,2.87,residential,analog,False
C-008618,PMT-0282,F-29,90.23,industrial,analog,False
C-008619,PMT-0005,F-01,5.2,residential,analog,False
C-008620,PMT-0189,F-19,6.18,residential,analog,False
C-008621,PMT-0008,F-01,2.44,residential,analog,False
C-008622,PMT-0157,F-16,2.1,residential,electronic,False
C-008623,PMT-0264,F-27,2.94,residential,electronic,False
C-008624,PMT-0240,F-24,60.91,industrial,analog,False
C-008625,PMT-0070,F-07,3.92,residential,analog,False
C-008626,PMT-0078,F-08,7.21,residential,analog,False
C-008627,PMT-0236,F-24,1.09,residential,analog,False
C-008628,PMT-0246,F-25,1.56,residential,electronic,True
C-008629,PMT-0085,F-09,11.51,commercial,analog,False
C-008630,PMT-0001,F-01,2.17,residential,analog,False
C-008631,PMT-0134,F-14,3.85,residential,electronic,True
C-008632,PMT-0186,F-19,19.35,commercial,analog,True
C-008633,PMT-0134,F-14,24.87,commercial,analog,False
C-008634,PMT-0281,F-29,2.41,residential,analog,False
C-008635,PMT-0245,F-25,2.86,residential,electronic,False
C-008636,PMT-0237,F-24,6.38,residential,electronic,False
C-008637,PMT-0007,F-01,2.9,residential,analog,False
C-008638,PMT-0257,F-26,5.93,residential,analog,False
C-008639,PMT-0227,F-23,16.67,commercial,analog,False
C-008640,PMT-0120,F-12,6.98,residential,analog,False
C-008641,PMT-0177,F-18,1.23,residential,analog,False
C-008642,PMT-0248,F-25,7.86,residential,analog,False
C-008643,PMT-0272,F-28,7.75,residential,electronic,False
C-008644,PMT-0166,F-17,1.16,residential,analog,False
C-008645,PMT-0013,F-02,4.5,residential,analog,False
C-008646,PMT-0186,F-19,3.81,residential,electronic,False
C-008647,PMT-0205,F-21,2.78,residential,analog,False
C-008648,PMT-0018,F-02,7.84,residential,analog,False
C-008649,PMT-0246,F-25,2.22,residential,electronic,True
C-008650,PMT-0061,F-07,2.84,residential,electronic,False
C-008651,PMT-0268,F-27,1.06,residential,analog,False
C-008652,PMT-0166,F-17,5.06,residential,electronic,False
C-008653,PMT-0097,F-10,7.03,residential,analog,False
C-008654,PMT-0018,F-02,5.35,residential,analog,False
C-008655,PMT-0006,F-01,5.56,residential,analog,False
C-008656,PMT-0223,F-23,1.46,residential,analog,False
C-008657,PMT-0114,F-12,77.18,industrial,analog,True
C-008658,PMT-0253,F-26,3.86,residential,analog,False
C-008659,PMT-0070,F-07,4.32,residential,electronic,False
C-008660,PMT-0277,F-28,5.1,residential,analog,False
C-008661,PMT-0283,F-29,7.83,residential,electronic,False
C-008662,PMT-0031,F-04,6.24,residential,analog,False
C-008663,PMT-0195,F-20,18.68,commercial,analog,False
C-008664,PMT-0282,F-29,4.02,residential,analog,False
C-008665,PMT-0097,F-10,1.24,residential,analog,False
C-008666,PMT-0021,F-03,4.77,residential,electronic,False
C-008667,PMT-0263,F-27,5.63,residential,analog,False
C-008668,PMT-0143,F-15,19.08,commercial,electronic,False
C-008669,PMT-0009,F-01,5.26,residential,electronic,True
C-008670,PMT-0253,F-26,3.1,residential,electronic,False
C-008671,PMT-0204,F-21,9.42,commercial,analog,True
C-008672,PMT-0022,F-03,6.8,commercial,electronic,True
C-008673,PMT-0078,F-08,5.92,residential,analog,False
C-008674,PMT-0006,F-01,7.8,residential,electronic,False
C-008675,PMT-0287,F-29,4.68,residential,analog,False
C-008676,PMT-0008,F-01,73.85,industrial,analog,False
C-008677,PMT-0239,F-24,5.85,residential,electronic,False
C-008678,PMT-0154,F-16,2.13,residential,analog,False
C-008679,PMT-0175,F-18,2.34,residential,electronic,False
C-008680,PMT-0244,F-25,2.46,residential,analog,False
C-008681,PMT-0269,F-27,7.53,residential,electronic,False
C-008682,PMT-0039,F-04,1.11,residential,analog,False
C-008683,PMT-0006,F-01,4.79,residential,analog,True
C-008684,PMT-0038,F-04,3.64,residential,analog,False
C-008685,PMT-0205,F-21,5.62,residential,analog,False
C-008686,PMT-0171,F-18,2.54,residential,electronic,False
C-008687,PMT-0026,F-03,7.73,residential,electronic,False
C-008688,PMT-0071,F-08,3.32,residential,electronic,False
C-008689,PMT-0162,F-17,7.48,residential,electronic,False
C-008690,PMT-0220,F-22,5.12,residential,electronic,False
C-008691,PMT-0104,F-11,3.9,residential,analog,False
C-008692,PMT-0285,F-29,6.14,residential,analog,False
C-008693,PMT-0298,F-30,4.87,residential,electronic,False
C-008694,PMT-0230,F-23,1.97,residential,electronic,False
C-008695,PMT-0137,F-14,5.93,residential,analog,False
C-008696,PMT-0264,F-27,5.06,residential,analog,True
C-008697,PMT-0219,F-22,4.96,residential,analog,False
C-008698,PMT-0156,F-16,6.17,residential,electronic,False
C-008699,PMT-0134,F-14,5.57,residential,analog,True
C-008700,PMT-0250,F-25,3.56,residential,analog,False
C-008701,PMT-0168,F-17,11.37,commercial,electronic,False
C-008702,PMT-0055,F-06,2.76,residential,electronic,False
C-008703,PMT-0300,F-30,5.03,residential,analog,True
C-008704,PMT-0021,F-03,3.1,residential,electronic,False
C-008705,PMT-0209,F-21,1.84,residential,electronic,False
C-008706,PMT-0197,F-20,6.48,residential,analog,True
C-008707,PMT-0176,F-18,2.46,residential,analog,False
C-008708,PMT-0016,F-02,2.15,residential,analog,False
C-008709,PMT-0148,F-15,21.98,commercial,analog,False
C-008710,PMT-0268,F-27,5.91,residential,analog,False
C-008711,PMT-0072,F-08,6.36,residential,analog,False
C-008712,PMT-0208,F-21,3.45,residential,electronic,False
C-008713,PMT-0258,F-26,69.39,industrial,analog,False
C-008714,PMT-0286,F-29,7.53,residential,analog,False
C-008715,PMT-0155,F-16,2.98,residential,analog,False
C-008716,PMT-0095,F-10,1.48,residential,electronic,False
C-008717,PMT-0210,F-21,2.2,residential,electronic,False
C-008718,PMT-0146,F-15,7.28,residential,electronic,False
C-008719,PMT-0189,F-19,2.97,residential,electronic,False
C-008720,PMT-0223,F-23,4.44,residential,analog,False
C-008721,PMT-0214,F-22,4.74,residential,analog,False
C-008722,PMT-0073,F-08,7.72,residential,analog,True
C-008723,PMT-0227,F-23,3.11,residential,electronic,False
C-008724,PMT-0163,F-17,4.65,residential,analog,False
C-008725,PMT-0280,F-28,24.16,commercial,analog,False
C-008726,PMT-0198,F-20,36.11,industrial,analog,False
C-008727,PMT-0268,F-27,5.19,residential,electronic,False
C-008728,PMT-0294,F-30,1.45,residential,analog,False
C-008729,PMT-0299,F-30,2.84,residential,electronic,True
C-008730,PMT-0224,F-23,6.38,commercial,electronic,False
C-008731,PMT-0180,F-18,3.31,residential,analog,False
C-008732,PMT-0036,F-04,2.45,residential,electronic,False
C-008733,PMT-0116,F-12,6.59,residential,analog,False
C-008734,PMT-0143,F-15,4.24,residential,analog,False
C-008735,PMT-0235,F-24,13.1,commercial,analog,False
C-008736,PMT-0177,F-18,18.85,commercial,analog,False
C-008737,PMT-0132,F-14,7.63,residential,analog,False
C-008738,PMT-0044,F-05,3.11,residential,electronic,False
C-008739,PMT-0215,F-22,6.34,commercial,electronic,False
C-008740,PMT-0130,F-13,1.77,residential,analog,False
C-008741,PMT-0011,F-02,7.0,residential,analog,False
C-008742,PMT-0086,F-09,6.92,residential,analog,False
C-008743,PMT-0264,F-27,4.33,residential,analog,True
C-008744,PMT-0036,F-04,2.03,residential,electronic,True
C-008745,PMT-0122,F-13,4.69,residential,analog,False
C-008746,PMT-0154,F-16,18.37,commercial,electronic,False
C-008747,PMT-0026,F-03,11.64,commercial,electronic,False
C-008748,PMT-0050,F-05,1.58,residential,analog,True
C-008749,PMT-0283,F-29,3.25,residential,analog,False
C-008750,PMT-0178,F-18,5.83,residential,electronic,False
C-008751,PMT-0064,F-07,7.85,residential,analog,False
C-008752,PMT-0051,F-06,2.33,residential,analog,True
C-008753,PMT-0128,F-13,23.29,commercial,electronic,False
C-008754,PMT-0218,F-22,4.2,residential,electronic,False
C-008755,PMT-0220,F-22,5.64,residential,electronic,False
C-008756,PMT-0059,F-06,22.27,commercial,electronic,True
C-008757,PMT-0218,F-22,16.15,commercial,electronic,False
C-008758,PMT-0269,F-27,1.43,residential,analog,False
C-008759,PMT-0068,F-07,2.86,residential,analog,False
C-008760,PMT-0008,F-01,6.62,residential,electronic,False
C-008761,PMT-0288,F-29,4.87,residential,analog,False
C-008762,PMT-0157,F-16,3.3,residential,electronic,True
C-008763,PMT-0233,F-24,5.08,residential,analog,False
C-008764,PMT-0097,F-10,2.88,residential,electronic,False
C-008765,PMT-0090,F-09,2.69,residential,electronic,False
C-008766,PMT-0068,F-07,6.8,residential,electronic,False
C-008767,PMT-0066,F-07,3.8,residential,analog,False
C-008768,PMT-0142,F-15,2.92,residential,analog,True
C-008769,PMT-0032,F-04,3.86,residential,analog,False
C-008770,PMT-0253,F-26,7.44,residential,analog,False
C-008771,PMT-0154,F-16,34.46,industrial,analog,False
C-008772,PMT-0275,F-28,2.3,residential,electronic,False
C-008773,PMT-0151,F-16,3.48,residential,electronic,False
C-008774,PMT-0091,F-10,1.42,residential,analog,False
C-008775,PMT-0155,F-16,6.5,commercial,electronic,True
C-008776,PMT-0047,F-05,1.08,residential,analog,True
C-008777,PMT-0248,F-25,2.02,residential,analog,False
C-008778,PMT-0217,F-22,17.81,commercial,electronic,True
C-008779,PMT-0045,F-05,2.37,residential,electronic,False
C-008780,PMT-0175,F-18,3.64,residential,electronic,False
C-008781,PMT-0162,F-17,5.94,residential,analog,False
C-008782,PMT-0061,F-07,22.55,industrial,analog,False
C-008783,PMT-0037,F-04,2.46,residential,analog,False
C-008784,PMT-0229,F-23,7.97,residential,electronic,True
C-008785,PMT-0080,F-08,16.94,commercial,analog,False
C-008786,PMT-0156,F-16,5.62,residential,analog,False
C-008787,PMT-0075,F-08,4.61,residential,analog,True
C-008788,PMT-0197,F-20,7.76,residential,analog,False
C-008789,PMT-0015,F-02,2.01,residential,analog,False
C-008790,PMT-0108,F-11,1.47,residential,electronic,True
C-008791,PMT-0165,F-17,6.71,residential,analog,False
C-008792,PMT-0132,F-14,5.08,commercial,analog,False
C-008793,PMT-0184,F-19,4.93,residential,electronic,False
C-008794,PMT-0055,F-06,1.01,residential,analog,False
C-008795,PMT-0133,F-14,3.44,residential,analog,False
C-008796,PMT-0227,F-23,5.56,residential,electronic,True
C-008797,PMT-0101,F-11,4.83,residential,analog,False
C-008798,PMT-0048,F-05,4.92,residential,electronic,False
C-008799,PMT-0255,F-26,2.1,residential,analog,False
C-008800,PMT-0234,F-24,3.06,residential,electronic,False
C-008801,PMT-0205,F-21,5.97,residential,analog,False
C-008802,PMT-0240,F-24,1.16,residential,analog,False
C-008803,PMT-0234,F-24,5.17,residential,analog,False
C-008804,PMT-0224,F-23,4.62,residential,analog,False
C-008805,PMT-0153,F-16,3.41,residential,analog,False
C-008806,PMT-0006,F-01,3.34,residential,analog,False
C-008807,PMT-0180,F-18,6.59,residential,analog,False
C-008808,PMT-0082,F-09,3.67,residential,analog,False
C-008809,PMT-0232,F-24,1.56,residential,analog,False
C-008810,PMT-0141,F-15,96.96,industrial,analog,False
C-008811,PMT-0272,F-28,1.91,residential,analog,False
C-008812,PMT-0179,F-18,6.58,residential,electronic,True
C-008813,PMT-0166,F-17,1.1,residential,electronic,True
C-008814,PMT-0276,F-28,3.55,residential,analog,False
C-008815,PMT-0143,F-15,4.61,residential,electronic,False
C-008816,PMT-0113,F-12,22.38,industrial,electronic,False
C-008817,PMT-0112,F-12,6.14,residential,electronic,True
C-008818,PMT-0263,F-27,10.21,commercial,analog,True
C-008819,PMT-0227,F-23,4.79,residential,analog,False
C-008820,PMT-0050,F-05,20.85,commercial,electronic,False
C-008821,PMT-0148,F-15,67.29,industrial,analog,False
C-008822,PMT-0112,F-12,14.11,commercial,electronic,False
C-008823,PMT-0195,F-20,3.35,residential,electronic,False
C-008824,PMT-0016,F-02,5.9,commercial,analog,False
C-008825,PMT-0215,F-22,7.39,residential,analog,False
C-008826,PMT-0223,F-23,5.14,residential,analog,False
C-008827,PMT-0068,F-07,5.42,residential,electronic,True
C-008828,PMT-0046,F-05,4.08,residential,electronic,False
C-008829,PMT-0189,F-19,3.61,residential,electronic,False
C-008830,PMT-0078,F-08,1.33,residential,analog,False
C-008831,PMT-0283,F-29,2.18,residential,electronic,True
C-008832,PMT-0233,F-24,3.98,residential,analog,False
C-008833,PMT-0287,F-29,2.69,residential,analog,False
C-008834,PMT-0161,F-17,5.89,commercial,analog,False
C-008835,PMT-0282,F-29,4.82,residential,analog,False
C-008836,PMT-0005,F-01,4.25,residential,analog,False
C-008837,PMT-0087,F-09,13.43,commercial,analog,True
C-008838,PMT-0001,F-01,6.49,residential,analog,True
C-008839,PMT-0204,F-21,5.2,residential,analog,True
C-008840,PMT-0154,F-16,1.01,residential,analog,False
C-008841,PMT-0087,F-09,6.33,residential,electronic,False
C-008842,PMT-0092,F-10,4.38,residential,analog,True
C-008843,PMT-0194,F-20,4.62,residential,analog,False
C-008844,PMT-0055,F-06,7.23,residential,analog,False
C-008845,PMT-0155,F-16,1.76,residential,analog,False
C-008846,PMT-0185,F-19,5.2,residential,analog,False
C-008847,PMT-0072,F-08,2.98,residential,analog,False
C-008848,PMT-0069,F-07,1.26,residential,electronic,False
C-008849,PMT-0107,F-11,13.75,commercial,analog,False
C-008850,PMT-0178,F-18,2.99,residential,analog,True
C-008851,PMT-0077,F-08,1.01,residential,electronic,False
C-008852,PMT-0114,F-12,4.45,residential,analog,True
C-008853,PMT-0164,F-17,3.18,residential,analog,False
C-008854,PMT-0057,F-06,4.04,residential,analog,True
C-008855,PMT-0171,F-18,1.08,residential,electronic,False
C-008856,PMT-0042,F-05,3.81,residential,analog,False
C-008857,PMT-0043,F-05,14.41,commercial,analog,False
C-008858,PMT-0072,F-08,4.26,residential,analog,False
C-008859,PMT-0086,F-09,6.02,residential,analog,False
C-008860,PMT-0009,F-01,24.83,commercial,analog,False
C-008861,PMT-0289,F-29,1.2,residential,analog,False
C-008862,PMT-0093,F-10,12.92,commercial,analog,False
C-008863,PMT-0242,F-25,7.0,residential,analog,False
C-008864,PMT-0271,F-28,5.38,residential,electronic,False
C-008865,PMT-0241,F-25,7.89,residential,analog,False
C-008866,PMT-0250,F-25,5.99,residential,analog,False
C-008867,PMT-0031,F-04,6.07,residential,analog,False
C-008868,PMT-0112,F-12,6.52,commercial,electronic,False
C-008869,PMT-0224,F-23,2.93,residential,electronic,False
C-008870,PMT-0173,F-18,16.68,commercial,analog,False
C-008871,PMT-0002,F-01,4.66,residential,analog,False
C-008872,PMT-0171,F-18,6.34,residential,analog,False
C-008873,PMT-0242,F-25,24.87,commercial,analog,False
C-008874,PMT-0249,F-25,9.14,commercial,analog,True
C-008875,PMT-0116,F-12,4.0,residential,analog,False
C-008876,PMT-0071,F-08,7.07,residential,electronic,False
C-008877,PMT-0093,F-10,6.87,residential,analog,False
C-008878,PMT-0089,F-09,6.72,residential,analog,False
C-008879,PMT-0104,F-11,5.34,residential,analog,False
C-008880,PMT-0091,F-10,7.95,residential,analog,False
C-008881,PMT-0138,F-14,3.51,residential,analog,False
C-008882,PMT-0013,F-02,1.81,residential,electronic,False
C-008883,PMT-0083,F-09,1.93,residential,analog,False
C-008884,PMT-0095,F-10,4.05,residential,analog,False
C-008885,PMT-0047,F-05,6.63,residential,analog,False
C-008886,PMT-0264,F-27,4.17,residential,electronic,False
C-008887,PMT-0203,F-21,68.91,industrial,electronic,False
C-008888,PMT-0274,F-28,12.16,commercial,analog,True
C-008889,PMT-0169,F-17,6.0,residential,electronic,True
C-008890,PMT-0033,F-04,2.07,residential,analog,False
C-008891,PMT-0272,F-28,15.4,commercial,analog,True
C-008892,PMT-0138,F-14,8.7,commercial,analog,False
C-008893,PMT-0206,F-21,14.37,commercial,electronic,False
C-008894,PMT-0115,F-12,4.01,residential,electronic,False
C-008895,PMT-0149,F-15,5.23,residential,electronic,False
C-008896,PMT-0147,F-15,4.57,residential,electronic,False
C-008897,PMT-0086,F-09,7.83,residential,analog,False
C-008898,PMT-0167,F-17,7.3,residential,electronic,False
C-008899,PMT-0221,F-23,3.06,residential,analog,False
C-008900,PMT-0007,F-01,1.85,residential,electronic,False
C-008901,PMT-0040,F-04,1.45,residential,analog,False
C-008902,PMT-0253,F-26,2.39,residential,analog,False
C-008903,PMT-0171,F-18,2.55,residential,analog,True
C-008904,PMT-0293,F-30,7.22,residential,analog,False
C-008905,PMT-0182,F-19,7.47,residential,analog,False
C-008906,PMT-0197,F-20,9.61,commercial,electronic,False
C-008907,PMT-0270,F-27,6.31,residential,electronic,True
C-008908,PMT-0199,F-20,6.85,residential,analog,False
C-008909,PMT-0099,F-10,3.64,residential,analog,False
C-008910,PMT-0159,F-16,7.1,residential,analog,False
C-008911,PMT-0071,F-08,7.92,residential,analog,False
C-008912,PMT-0101,F-11,7.77,residential,analog,False
C-008913,PMT-0205,F-21,19.84,commercial,analog,False
C-008914,PMT-0045,F-05,3.6,residential,electronic,False
C-008915,PMT-0202,F-21,38.16,industrial,analog,False
C-008916,PMT-0176,F-18,7.95,residential,electronic,False
C-008917,PMT-0093,F-10,2.93,residential,analog,False
C-008918,PMT-0014,F-02,4.07,residential,electronic,False
C-008919,PMT-0212,F-22,2.85,residential,electronic,False
C-008920,PMT-0248,F-25,59.69,industrial,analog,False
C-008921,PMT-0220,F-22,1.77,residential,analog,False
C-008922,PMT-0127,F-13,6.66,residential,electronic,False
C-008923,PMT-0197,F-20,4.54,residential,analog,True
C-008924,PMT-0125,F-13,53.56,industrial,analog,False
C-008925,PMT-0108,F-11,3.54,residential,analog,False
C-008926,PMT-0099,F-10,5.06,residential,analog,False
C-008927,PMT-0064,F-07,6.46,residential,analog,False
C-008928,PMT-0291,F-30,7.32,residential,analog,False
C-008929,PMT-0200,F-20,6.89,residential,analog,False
C-008930,PMT-0053,F-06,4.12,residential,analog,False
C-008931,PMT-0260,F-26,21.68,commercial,electronic,False
C-008932,PMT-0046,F-05,4.7,residential,analog,False
C-008933,PMT-0179,F-18,5.47,residential,electronic,False
C-008934,PMT-0050,F-05,5.72,residential,analog,False
C-008935,PMT-0109,F-11,3.8,residential,analog,False
C-008936,PMT-0198,F-20,4.4,residential,analog,False
C-008937,PMT-0300,F-30,18.85,commercial,electronic,False
C-008938,PMT-0298,F-30,3.16,residential,analog,False
C-008939,PMT-0269,F-27,6.23,residential,analog,False
C-008940,PMT-0071,F-08,12.08,commercial,electronic,False
C-008941,PMT-0029,F-03,5.1,residential,analog,False
C-008942,PMT-0272,F-28,6.86,residential,analog,False
C-008943,PMT-0277,F-28,1.16,residential,electronic,False
C-008944,PMT-0084,F-09,2.68,residential,analog,False
C-008945,PMT-0006,F-01,4.93,residential,electronic,False
C-008946,PMT-0195,F-20,1.74,residential,electronic,False
C-008947,PMT-0023,F-03,9.11,commercial,electronic,False
C-008948,PMT-0013,F-02,6.24,residential,analog,False
C-008949,PMT-0282,F-29,5.52,commercial,analog,False
C-008950,PMT-0149,F-15,5.27,residential,electronic,True
C-008951,PMT-0034,F-04,5.68,commercial,analog,False
C-008952,PMT-0197,F-20,1.81,residential,analog,True
C-008953,PMT-0111,F-12,12.81,commercial,electronic,False
C-008954,PMT-0161,F-17,24.3,commercial,electronic,False
C-008955,PMT-0270,F-27,63.67,industrial,analog,False
C-008956,PMT-0072,F-08,3.19,residential,electronic,False
C-008957,PMT-0194,F-20,3.88,residential,analog,False
C-008958,PMT-0249,F-25,4.98,residential,electronic,False
C-008959,PMT-0128,F-13,5.34,residential,analog,False
C-008960,PMT-0292,F-30,2.88,residential,analog,False
C-008961,PMT-0135,F-14,8.95,commercial,analog,False
C-008962,PMT-0138,F-14,4.47,residential,analog,False
C-008963,PMT-0266,F-27,17.9,commercial,analog,False
C-008964,PMT-0191,F-20,6.72,residential,electronic,False
C-008965,PMT-0261,F-27,16.86,commercial,analog,False
C-008966,PMT-0238,F-24,75.39,industrial,electronic,False
C-008967,PMT-0214,F-22,4.39,residential,analog,False
C-008968,PMT-0073,F-08,4.97,residential,analog,True
C-008969,PMT-0120,F-12,5.45,residential,analog,False
C-008970,PMT-0260,F-26,9.73,commercial,electronic,False
C-008971,PMT-0185,F-19,23.68,commercial,analog,False
C-008972,PMT-0085,F-09,3.42,residential,analog,False
C-008973,PMT-0099,F-10,5.23,residential,analog,False
C-008974,PMT-0233,F-24,4.93,residential,electronic,False
C-008975,PMT-0054,F-06,6.97,residential,electronic,False
C-008976,PMT-0034,F-04,7.27,commercial,electronic,False
C-008977,PMT-0230,F-23,7.19,residential,electronic,False
C-008978,PMT-0087,F-09,7.74,commercial,analog,False
C-008979,PMT-0230,F-23,31.56,industrial,electronic,False
C-008980,PMT-0161,F-17,22.25,commercial,electronic,False
C-008981,PMT-0300,F-30,2.8,residential,analog,False
C-008982,PMT-0158,F-16,5.28,residential,analog,False
C-008983,PMT-0261,F-27,14.27,commercial,electronic,False
C-008984,PMT-0256,F-26,7.54,residential,electronic,False
C-008985,PMT-0064,F-07,82.57,industrial,electronic,False
C-008986,PMT-0299,F-30,3.34,residential,analog,False
C-008987,PMT-0224,F-23,6.69,residential,electronic,False
C-008988,PMT-0033,F-04,38.06,industrial,analog,False
C-008989,PMT-0002,F-01,17.31,commercial,analog,False
C-008990,PMT-0082,F-09,6.26,residential,analog,False
C-008991,PMT-0005,F-01,5.92,residential,analog,False
C-008992,PMT-0108,F-11,5.6,residential,analog,False
C-008993,PMT-0299,F-30,6.81,residential,analog,False
C-008994,PMT-0144,F-15,4.89,residential,electronic,False
C-008995,PMT-0008,F-01,7.5,residential,analog,True
C-008996,PMT-0149,F-15,2.01,residential,analog,False
C-008997,PMT-0066,F-07,3.49,residential,electronic,True
C-008998,PMT-0257,F-26,6.48,residential,electronic,False
C-008999,PMT-0028,F-03,3.16,residential,electronic,True
C-009000,PMT-0232,F-24,4.1,residential,analog,False
C-009001,PMT-0134,F-14,6.41,residential,analog,False
C-009002,PMT-0006,F-01,4.77,residential,electronic,False
C-009003,PMT-0202,F-21,2.31,residential,analog,False
C-009004,PMT-0137,F-14,2.22,residential,analog,False
C-009005,PMT-0232,F-24,3.11,residential,analog,False
C-009006,PMT-0186,F-19,11.06,commercial,electronic,False
C-009007,PMT-0237,F-24,7.73,commercial,analog,False
C-009008,PMT-0139,F-14,86.77,industrial,analog,False
C-009009,PMT-0003,F-01,42.61,industrial,analog,False
C-009010,PMT-0040,F-04,6.62,residential,analog,False
C-009011,PMT-0138,F-14,24.47,commercial,analog,False
C-009012,PMT-0120,F-12,3.32,residential,analog,False
C-009013,PMT-0239,F-24,7.79,residential,analog,False
C-009014,PMT-0124,F-13,35.3,industrial,analog,True
C-009015,PMT-0259,F-26,5.53,residential,analog,False
C-009016,PMT-0057,F-06,7.94,residential,analog,False
C-009017,PMT-0116,F-12,6.66,residential,electronic,False
C-009018,PMT-0227,F-23,2.61,residential,analog,False
C-009019,PMT-0038,F-04,2.8,residential,analog,False
C-009020,PMT-0097,F-10,10.25,commercial,analog,False
C-009021,PMT-0226,F-23,7.6,residential,analog,False
C-009022,PMT-0177,F-18,2.72,residential,electronic,False
C-009023,PMT-0234,F-24,4.57,residential,electronic,False
C-009024,PMT-0155,F-16,3.45,residential,analog,False
C-009025,PMT-0258,F-26,3.53,residential,analog,False
C-009026,PMT-0264,F-27,3.86,residential,analog,False
C-009027,PMT-0293,F-30,3.42,residential,analog,False
C-009028,PMT-0037,F-04,5.2,residential,analog,False
C-009029,PMT-0178,F-18,3.98,residential,electronic,False
C-009030,PMT-0035,F-04,4.09,residential,analog,False
C-009031,PMT-0069,F-07,4.54,residential,analog,False
C-009032,PMT-0091,F-10,3.49,residential,analog,False
C-009033,PMT-0194,F-20,6.28,residential,analog,True
C-009034,PMT-0130,F-13,4.52,residential,analog,False
C-009035,PMT-0260,F-26,4.56,residential,analog,True
C-009036,PMT-0090,F-09,2.47,residential,electronic,False
C-009037,PMT-0186,F-19,5.62,commercial,analog,False
C-009038,PMT-0229,F-23,6.66,residential,analog,False
C-009039,PMT-0295,F-30,22.11,commercial,analog,False
C-009040,PMT-0074,F-08,2.69,residential,analog,False
C-009041,PMT-0221,F-23,3.52,residential,analog,False
C-009042,PMT-0026,F-03,12.16,commercial,electronic,False
C-009043,PMT-0164,F-17,5.79,residential,analog,False
C-009044,PMT-0125,F-13,8.74,commercial,analog,False
C-009045,PMT-0288,F-29,24.57,commercial,electronic,False
C-009046,PMT-0233,F-24,1.43,residential,analog,False
C-009047,PMT-0279,F-28,97.9,industrial,analog,False
C-009048,PMT-0256,F-26,6.38,commercial,analog,False
C-009049,PMT-0124,F-13,3.22,residential,analog,False
C-009050,PMT-0221,F-23,2.75,residential,analog,False
C-009051,PMT-0010,F-01,2.82,residential,electronic,False
C-009052,PMT-0168,F-17,24.89,commercial,electronic,False
C-009053,PMT-0015,F-02,56.67,industrial,analog,True
C-009054,PMT-0218,F-22,7.39,commercial,electronic,False
C-009055,PMT-0291,F-30,7.88,residential,analog,False
C-009056,PMT-0205,F-21,2.7,residential,electronic,False
C-009057,PMT-0252,F-26,1.51,residential,analog,True
C-009058,PMT-0071,F-08,1.17,residential,analog,False
C-009059,PMT-0299,F-30,4.24,residential,electronic,False
C-009060,PMT-0166,F-17,7.43,residential,analog,False
C-009061,PMT-0203,F-21,1.12,residential,electronic,False
C-009062,PMT-0232,F-24,6.08,residential,analog,True
C-009063,PMT-0192,F-20,2.82,residential,electronic,False
C-009064,PMT-0096,F-10,2.53,residential,analog,False
C-009065,PMT-0184,F-19,5.93,residential,analog,False
C-009066,PMT-0197,F-20,6.24,residential,analog,False
C-009067,PMT-0258,F-26,64.72,industrial,analog,False
C-009068,PMT-0145,F-15,2.42,residential,analog,False
C-009069,PMT-0151,F-16,1.04,residential,analog,True
C-009070,PMT-0151,F-16,6.16,residential,electronic,True
C-009071,PMT-0035,F-04,5.2,residential,analog,False
C-009072,PMT-0028,F-03,3.96,residential,analog,False
C-009073,PMT-0007,F-01,2.5,residential,analog,True
C-009074,PMT-0200,F-20,6.33,residential,electronic,False
C-009075,PMT-0126,F-13,1.5,residential,electronic,False
C-009076,PMT-0260,F-26,5.5,residential,analog,False
C-009077,PMT-0211,F-22,5.82,residential,analog,True
C-009078,PMT-0043,F-05,2.56,residential,analog,False
C-009079,PMT-0031,F-04,4.38,residential,analog,False
C-009080,PMT-0110,F-11,4.64,residential,analog,False
C-009081,PMT-0277,F-28,5.14,residential,analog,True
C-009082,PMT-0015,F-02,7.31,residential,electronic,False
C-009083,PMT-0057,F-06,4.82,residential,analog,False
C-009084,PMT-0009,F-01,1.47,residential,analog,False
C-009085,PMT-0125,F-13,3.41,residential,analog,True
C-009086,PMT-0297,F-30,5.4,residential,analog,False
C-009087,PMT-0206,F-21,3.33,residential,electronic,False
C-009088,PMT-0149,F-15,6.38,residential,electronic,True
C-009089,PMT-0044,F-05,2.33,residential,analog,False
C-009090,PMT-0107,F-11,2.0,residential,analog,True
C-009091,PMT-0158,F-16,2.62,residential,electronic,False
C-009092,PMT-0083,F-09,7.13,residential,electronic,False
C-009093,PMT-0212,F-22,18.62,commercial,electronic,False
C-009094,PMT-0295,F-30,4.64,residential,analog,True
C-009095,PMT-0062,F-07,3.1,residential,analog,False
C-009096,PMT-0076,F-08,7.43,residential,analog,False
C-009097,PMT-0038,F-04,7.22,residential,analog,False
C-009098,PMT-0218,F-22,3.8,residential,electronic,False
C-009099,PMT-0139,F-14,20.05,commercial,analog,False
C-009100,PMT-0086,F-09,7.39,residential,analog,False
C-009101,PMT-0066,F-07,3.19,residential,analog,False
C-009102,PMT-0022,F-03,3.3,residential,analog,False
C-009103,PMT-0143,F-15,15.92,commercial,electronic,False
C-009104,PMT-0205,F-21,52.67,industrial,analog,False
C-009105,PMT-0071,F-08,20.23,commercial,analog,False
C-009106,PMT-0001,F-01,4.76,residential,electronic,False
C-009107,PMT-0142,F-15,2.48,residential,analog,False
C-009108,PMT-0203,F-21,3.49,residential,analog,False
C-009109,PMT-0104,F-11,5.7,residential,analog,False
C-009110,PMT-0076,F-08,1.37,residential,analog,False
C-009111,PMT-0047,F-05,47.37,industrial,analog,False
C-009112,PMT-0224,F-23,1.11,residential,analog,False
C-009113,PMT-0259,F-26,6.75,residential,analog,True
C-009114,PMT-0231,F-24,1.82,residential,analog,False
C-009115,PMT-0156,F-16,1.54,residential,electronic,False
C-009116,PMT-0218,F-22,6.51,residential,analog,False
C-009117,PMT-0120,F-12,6.79,commercial,analog,False
C-009118,PMT-0008,F-01,5.79,residential,analog,True
C-009119,PMT-0111,F-12,3.66,residential,analog,False
C-009120,PMT-0212,F-22,6.75,residential,analog,False
C-009121,PMT-0195,F-20,2.28,residential,analog,False
C-009122,PMT-0298,F-30,1.59,residential,analog,True
C-009123,PMT-0300,F-30,2.6,residential,analog,False
C-009124,PMT-0073,F-08,7.52,residential,analog,False
C-009125,PMT-0003,F-01,6.8,residential,electronic,False
C-009126,PMT-0083,F-09,10.72,commercial,analog,False
C-009127,PMT-0263,F-27,2.44,residential,electronic,True
C-009128,PMT-0245,F-25,2.1,residential,analog,False
C-009129,PMT-0030,F-03,9.42,commercial,analog,False
C-009130,PMT-0049,F-05,2.44,residential,analog,False
C-009131,PMT-0170,F-17,22.76,commercial,analog,False
C-009132,PMT-0199,F-20,21.6,industrial,electronic,False
C-009133,PMT-0295,F-30,22.6,commercial,analog,True
C-009134,PMT-0227,F-23,1.29,residential,analog,False
C-009135,PMT-0064,F-07,6.79,residential,analog,False
C-009136,PMT-0012,F-02,3.98,residential,analog,True
C-009137,PMT-0191,F-20,1.54,residential,electronic,False
C-009138,PMT-0167,F-17,83.92,industrial,analog,False
C-009139,PMT-0277,F-28,2.8,residential,analog,False
C-009140,PMT-0173,F-18,7.15,residential,analog,True
C-009141,PMT-0151,F-16,6.27,residential,analog,False
C-009142,PMT-0092,F-10,7.87,residential,analog,False
C-009143,PMT-0026,F-03,6.82,residential,analog,False
C-009144,PMT-0263,F-27,2.69,residential,analog,True
C-009145,PMT-0248,F-25,3.86,residential,electronic,False
C-009146,PMT-0049,F-05,18.93,commercial,analog,False
C-009147,PMT-0212,F-22,3.21,residential,electronic,True
C-009148,PMT-0110,F-11,15.93,commercial,electronic,False
C-009149,PMT-0132,F-14,2.66,residential,analog,False
C-009150,PMT-0255,F-26,18.26,commercial,electronic,False
C-009151,PMT-0253,F-26,3.39,residential,analog,False
C-009152,PMT-0058,F-06,1.39,residential,analog,False
C-009153,PMT-0093,F-10,24.36,commercial,electronic,False
C-009154,PMT-0247,F-25,6.91,residential,analog,False
C-009155,PMT-0276,F-28,3.13,residential,electronic,False
C-009156,PMT-0024,F-03,1.91,residential,electronic,False
C-009157,PMT-0251,F-26,6.15,residential,electronic,False
C-009158,PMT-0147,F-15,9.41,commercial,analog,False
C-009159,PMT-0178,F-18,5.24,residential,analog,False
C-009160,PMT-0023,F-03,20.58,commercial,analog,False
C-009161,PMT-0205,F-21,2.91,residential,analog,False
C-009162,PMT-0204,F-21,2.99,residential,electronic,False
C-009163,PMT-0199,F-20,6.23,commercial,analog,False
C-009164,PMT-0238,F-24,3.24,residential,analog,True
C-009165,PMT-0284,F-29,5.18,residential,electronic,False
C-009166,PMT-0255,F-26,2.09,residential,analog,False
C-009167,PMT-0224,F-23,7.67,residential,electronic,False
C-009168,PMT-0295,F-30,6.06,residential,analog,False
C-009169,PMT-0203,F-21,2.43,residential,analog,False
C-009170,PMT-0202,F-21,4.71,residential,analog,False
C-009171,PMT-0163,F-17,12.83,commercial,analog,True
C-009172,PMT-0231,F-24,3.68,residential,electronic,False
C-009173,PMT-0022,F-03,4.92,residential,analog,False
C-009174,PMT-0152,F-16,1.76,residential,analog,False
C-009175,PMT-0128,F-13,2.51,residential,electronic,False
C-009176,PMT-0274,F-28,2.05,residential,analog,False
C-009177,PMT-0022,F-03,2.22,residential,analog,False
C-009178,PMT-0194,F-20,18.1,commercial,analog,False
C-009179,PMT-0056,F-06,7.97,residential,electronic,False
C-009180,PMT-0266,F-27,5.56,residential,electronic,False
C-009181,PMT-0256,F-26,7.89,residential,analog,False
C-009182,PMT-0071,F-08,16.54,commercial,analog,False
C-009183,PMT-0262,F-27,2.98,residential,electronic,False
C-009184,PMT-0150,F-15,7.11,residential,electronic,False
C-009185,PMT-0292,F-30,6.34,commercial,analog,False
C-009186,PMT-0219,F-22,1.72,residential,analog,False
C-009187,PMT-0011,F-02,7.63,residential,analog,False
C-009188,PMT-0061,F-07,5.55,residential,analog,False
C-009189,PMT-0122,F-13,7.5,residential,electronic,False
C-009190,PMT-0064,F-07,7.66,commercial,electronic,False
C-009191,PMT-0040,F-04,6.38,residential,analog,True
C-009192,PMT-0294,F-30,2.64,residential,electronic,False
C-009193,PMT-0261,F-27,3.4,residential,analog,False
C-009194,PMT-0131,F-14,22.98,commercial,electronic,False
C-009195,PMT-0065,F-07,13.23,commercial,analog,False
C-009196,PMT-0055,F-06,5.69,residential,electronic,False
C-009197,PMT-0275,F-28,7.21,residential,analog,False
C-009198,PMT-0100,F-10,7.1,residential,analog,False
C-009199,PMT-0004,F-01,5.18,commercial,analog,True
C-009200,PMT-0120,F-12,2.11,residential,analog,False
C-009201,PMT-0137,F-14,7.43,residential,analog,False
C-009202,PMT-0187,F-19,16.25,commercial,electronic,False
C-009203,PMT-0102,F-11,14.6,commercial,analog,True
C-009204,PMT-0277,F-28,1.46,residential,electronic,False
C-009205,PMT-0194,F-20,5.5,commercial,analog,False
C-009206,PMT-0296,F-30,7.67,residential,analog,False
C-009207,PMT-0111,F-12,4.32,residential,analog,False
C-009208,PMT-0196,F-20,82.91,industrial,analog,False
C-009209,PMT-0110,F-11,2.54,residential,analog,False
C-009210,PMT-0210,F-21,2.66,residential,analog,False
C-009211,PMT-0224,F-23,4.92,residential,analog,False
C-009212,PMT-0097,F-10,7.13,residential,analog,False
C-009213,PMT-0282,F-29,3.02,residential,analog,False
C-009214,PMT-0258,F-26,3.3,residential,analog,False
C-009215,PMT-0269,F-27,4.85,residential,analog,False
C-009216,PMT-0066,F-07,1.28,residential,analog,False
C-009217,PMT-0216,F-22,12.58,commercial,electronic,False
C-009218,PMT-0032,F-04,4.89,residential,analog,False
C-009219,PMT-0032,F-04,1.03,residential,electronic,False
C-009220,PMT-0292,F-30,5.47,residential,analog,False
C-009221,PMT-0046,F-05,1.36,residential,electronic,True
C-009222,PMT-0260,F-26,6.04,residential,analog,True
C-009223,PMT-0130,F-13,21.03,commercial,analog,False
C-009224,PMT-0092,F-10,87.1,industrial,analog,False
C-009225,PMT-0023,F-03,5.71,residential,electronic,False
C-009226,PMT-0203,F-21,64.93,industrial,analog,False
C-009227,PMT-0217,F-22,3.15,residential,electronic,False
C-009228,PMT-0141,F-15,3.97,residential,analog,False
C-009229,PMT-0243,F-25,1.61,residential,analog,True
C-009230,PMT-0097,F-10,5.95,residential,electronic,False
C-009231,PMT-0166,F-17,5.49,commercial,analog,False
C-009232,PMT-0087,F-09,3.89,residential,analog,False
C-009233,PMT-0175,F-18,4.54,residential,electronic,True
C-009234,PMT-0041,F-05,5.55,residential,analog,True
C-009235,PMT-0143,F-15,3.4,residential,analog,False
C-009236,PMT-0165,F-17,4.1,residential,analog,False
C-009237,PMT-0167,F-17,16.75,commercial,electronic,False
C-009238,PMT-0134,F-14,7.46,residential,analog,False
C-009239,PMT-0194,F-20,5.7,residential,analog,False
C-009240,PMT-0154,F-16,2.78,residential,analog,False
C-009241,PMT-0085,F-09,6.93,residential,electronic,False
C-009242,PMT-0065,F-07,1.39,residential,analog,False
C-009243,PMT-0195,F-20,10.45,commercial,analog,False
C-009244,PMT-0282,F-29,1.76,residential,electronic,False
C-009245,PMT-0226,F-23,4.13,residential,electronic,False
C-009246,PMT-0192,F-20,5.46,residential,analog,False
C-009247,PMT-0277,F-28,4.72,residential,analog,False
C-009248,PMT-0270,F-27,6.68,residential,analog,False
C-009249,PMT-0152,F-16,4.97,residential,analog,False
C-009250,PMT-0033,F-04,2.63,residential,analog,True
C-009251,PMT-0191,F-20,4.75,residential,analog,False
C-009252,PMT-0187,F-19,6.15,residential,analog,False
C-009253,PMT-0084,F-09,4.52,residential,analog,False
C-009254,PMT-0255,F-26,4.09,residential,analog,False
C-009255,PMT-0261,F-27,15.58,commercial,analog,False
C-009256,PMT-0100,F-10,63.84,industrial,analog,False
C-009257,PMT-0144,F-15,3.17,residential,analog,False
C-009258,PMT-0059,F-06,6.98,residential,analog,False
C-009259,PMT-0054,F-06,2.45,residential,electronic,False
C-009260,PMT-0080,F-08,5.66,commercial,analog,False
C-009261,PMT-0110,F-11,6.19,residential,electronic,False
C-009262,PMT-0082,F-09,6.9,residential,electronic,False
C-009263,PMT-0046,F-05,5.5,residential,analog,False
C-009264,PMT-0135,F-14,4.28,residential,electronic,False
C-009265,PMT-0188,F-19,7.83,residential,analog,False
C-009266,PMT-0098,F-10,3.6,residential,electronic,True
C-009267,PMT-0161,F-17,13.12,commercial,analog,False
C-009268,PMT-0082,F-09,16.82,commercial,electronic,False
C-009269,PMT-0212,F-22,4.01,residential,analog,False
C-009270,PMT-0195,F-20,4.89,residential,electronic,False
C-009271,PMT-0289,F-29,24.33,commercial,analog,False
C-009272,PMT-0016,F-02,9.75,commercial,electronic,False
C-009273,PMT-0256,F-26,7.97,commercial,electronic,False
C-009274,PMT-0103,F-11,53.88,industrial,electronic,False
C-009275,PMT-0020,F-02,4.53,residential,analog,False
C-009276,PMT-0207,F-21,5.99,residential,analog,False
C-009277,PMT-0052,F-06,7.69,residential,analog,False
C-009278,PMT-0053,F-06,5.82,residential,analog,False
C-009279,PMT-0294,F-30,7.91,residential,analog,False
C-009280,PMT-0067,F-07,2.72,residential,electronic,False
C-009281,PMT-0165,F-17,2.46,residential,electronic,False
C-009282,PMT-0061,F-07,3.15,residential,analog,False
C-009283,PMT-0038,F-04,6.51,residential,analog,True
C-009284,PMT-0001,F-01,2.31,residential,electronic,False
C-009285,PMT-0005,F-01,2.37,residential,analog,False
C-009286,PMT-0143,F-15,3.88,residential,electronic,False
C-009287,PMT-0131,F-14,3.22,residential,electronic,False
C-009288,PMT-0012,F-02,5.53,residential,analog,False
C-009289,PMT-0105,F-11,7.23,residential,analog,False
C-009290,PMT-0082,F-09,1.97,residential,electronic,False
C-009291,PMT-0172,F-18,15.94,commercial,analog,False
C-009292,PMT-0299,F-30,1.62,residential,analog,False
C-009293,PMT-0208,F-21,2.55,residential,analog,False
C-009294,PMT-0276,F-28,11.18,commercial,analog,False
C-009295,PMT-0058,F-06,5.05,residential,electronic,False
C-009296,PMT-0065,F-07,16.1,commercial,analog,False
C-009297,PMT-0226,F-23,5.5,residential,analog,False
C-009298,PMT-0094,F-10,6.73,residential,electronic,True
C-009299,PMT-0255,F-26,2.31,residential,analog,False
C-009300,PMT-0140,F-14,6.2,residential,analog,False
C-009301,PMT-0061,F-07,73.36,industrial,analog,False
C-009302,PMT-0254,F-26,1.56,residential,electronic,False
C-009303,PMT-0166,F-17,3.41,residential,electronic,False
C-009304,PMT-0241,F-25,1.19,residential,analog,False
C-009305,PMT-0136,F-14,6.8,commercial,electronic,True
C-009306,PMT-0038,F-04,2.99,residential,electronic,False
C-009307,PMT-0205,F-21,2.7,residential,analog,False
C-009308,PMT-0038,F-04,92.01,industrial,analog,False
C-009309,PMT-0199,F-20,7.26,residential,electronic,False
C-009310,PMT-0126,F-13,5.05,residential,analog,False
C-009311,PMT-0238,F-24,6.15,residential,analog,False
C-009312,PMT-0262,F-27,8.0,residential,analog,False
C-009313,PMT-0123,F-13,13.2,commercial,analog,False
C-009314,PMT-0265,F-27,4.66,residential,analog,False
C-009315,PMT-0034,F-04,72.09,industrial,analog,False
C-009316,PMT-0033,F-04,7.44,residential,analog,False
C-009317,PMT-0299,F-30,6.58,residential,electronic,False
C-009318,PMT-0173,F-18,1.45,residential,analog,False
C-009319,PMT-0136,F-14,5.99,residential,analog,False
C-009320,PMT-0047,F-05,2.76,residential,analog,False
C-009321,PMT-0087,F-09,2.78,residential,analog,False
C-009322,PMT-0206,F-21,4.83,residential,electronic,True
C-009323,PMT-0247,F-25,18.93,commercial,analog,False
C-009324,PMT-0275,F-28,2.11,residential,analog,True
C-009325,PMT-0123,F-13,3.2,residential,analog,False
C-009326,PMT-0137,F-14,6.01,residential,electronic,False
C-009327,PMT-0049,F-05,2.06,residential,electronic,False
C-009328,PMT-0025,F-03,6.95,residential,analog,False
C-009329,PMT-0132,F-14,56.48,industrial,electronic,False
C-009330,PMT-0174,F-18,5.1,residential,electronic,False
C-009331,PMT-0032,F-04,1.56,residential,electronic,False
C-009332,PMT-0123,F-13,7.68,residential,electronic,False
C-009333,PMT-0193,F-20,7.35,residential,electronic,False
C-009334,PMT-0244,F-25,2.33,residential,analog,False
C-009335,PMT-0282,F-29,5.64,residential,analog,False
C-009336,PMT-0103,F-11,6.55,residential,electronic,False
C-009337,PMT-0118,F-12,1.85,residential,electronic,True
C-009338,PMT-0263,F-27,16.55,commercial,analog,False
C-009339,PMT-0208,F-21,6.95,residential,analog,True
C-009340,PMT-0083,F-09,4.55,residential,analog,False
C-009341,PMT-0206,F-21,7.47,residential,analog,False
C-009342,PMT-0048,F-05,1.33,residential,analog,True
C-009343,PMT-0135,F-14,7.43,residential,analog,True
C-009344,PMT-0092,F-10,7.84,residential,electronic,False
C-009345,PMT-0298,F-30,2.09,residential,analog,False
C-009346,PMT-0011,F-02,4.02,residential,analog,False
C-009347,PMT-0258,F-26,5.35,residential,analog,False
C-009348,PMT-0085,F-09,22.86,commercial,electronic,False
C-009349,PMT-0011,F-02,32.76,industrial,analog,False
C-009350,PMT-0199,F-20,11.68,commercial,analog,False
C-009351,PMT-0204,F-21,6.59,residential,electronic,False
C-009352,PMT-0043,F-05,3.87,residential,electronic,False
C-009353,PMT-0012,F-02,5.23,residential,analog,False
C-009354,PMT-0034,F-04,4.92,residential,analog,False
C-009355,PMT-0123,F-13,24.46,commercial,electronic,True
C-009356,PMT-0040,F-04,1.99,residential,analog,True
C-009357,PMT-0211,F-22,7.64,residential,analog,False
C-009358,PMT-0024,F-03,65.13,industrial,electronic,False
C-009359,PMT-0237,F-24,7.33,residential,electronic,False
C-009360,PMT-0263,F-27,1.83,residential,analog,False
C-009361,PMT-0216,F-22,5.49,residential,electronic,False
C-009362,PMT-0284,F-29,6.88,residential,analog,False
C-009363,PMT-0282,F-29,82.95,industrial,electronic,False
C-009364,PMT-0014,F-02,1.07,residential,analog,False
C-009365,PMT-0103,F-11,4.17,residential,analog,False
C-009366,PMT-0229,F-23,1.81,residential,electronic,True
C-009367,PMT-0102,F-11,8.06,commercial,electronic,False
C-009368,PMT-0222,F-23,19.13,commercial,analog,False
C-009369,PMT-0233,F-24,24.13,commercial,electronic,False
C-009370,PMT-0300,F-30,17.68,commercial,electronic,False
C-009371,PMT-0099,F-10,1.72,residential,analog,False
C-009372,PMT-0105,F-11,2.71,residential,analog,False
C-009373,PMT-0008,F-01,12.58,commercial,analog,False
C-009374,PMT-0086,F-09,1.88,residential,electronic,True
C-009375,PMT-0085,F-09,6.94,residential,analog,False
C-009376,PMT-0136,F-14,2.36,residential,analog,True
C-009377,PMT-0127,F-13,1.91,residential,analog,False
C-009378,PMT-0257,F-26,6.08,residential,analog,False
C-009379,PMT-0233,F-24,7.54,commercial,analog,False
C-009380,PMT-0219,F-22,3.87,residential,analog,False
C-009381,PMT-0002,F-01,4.61,residential,analog,True
C-009382,PMT-0142,F-15,1.56,residential,electronic,False
C-009383,PMT-0219,F-22,4.89,residential,analog,False
C-009384,PMT-0074,F-08,4.36,residential,analog,False
C-009385,PMT-0128,F-13,5.68,residential,analog,False
C-009386,PMT-0219,F-22,2.53,residential,electronic,False
C-009387,PMT-0239,F-24,3.5,residential,analog,False
C-009388,PMT-0257,F-26,5.62,residential,analog,True
C-009389,PMT-0129,F-13,1.25,residential,electronic,False
C-009390,PMT-0120,F-12,1.81,residential,analog,False
C-009391,PMT-0115,F-12,2.98,residential,analog,True
C-009392,PMT-0201,F-21,1.74,residential,analog,True
C-009393,PMT-0126,F-13,1.28,residential,electronic,False
C-009394,PMT-0121,F-13,24.75,commercial,analog,False
C-009395,PMT-0051,F-06,4.19,residential,electronic,True
C-009396,PMT-0144,F-15,4.74,residential,electronic,False
C-009397,PMT-0072,F-08,2.78,residential,electronic,False
C-009398,PMT-0158,F-16,1.05,residential,analog,True
C-009399,PMT-0267,F-27,6.26,residential,electronic,False
C-009400,PMT-0233,F-24,6.07,residential,analog,False
C-009401,PMT-0144,F-15,7.81,residential,analog,False
C-009402,PMT-0294,F-30,1.15,residential,analog,True
C-009403,PMT-0295,F-30,7.74,commercial,analog,True
C-009404,PMT-0134,F-14,5.98,residential,electronic,False
C-009405,PMT-0230,F-23,11.6,commercial,electronic,False
C-009406,PMT-0103,F-11,6.28,commercial,electronic,False
C-009407,PMT-0264,F-27,3.11,residential,electronic,False
C-009408,PMT-0113,F-12,1.61,residential,analog,False
C-009409,PMT-0078,F-08,6.86,residential,electronic,False
C-009410,PMT-0041,F-05,7.14,residential,analog,False
C-009411,PMT-0253,F-26,5.46,residential,analog,False
C-009412,PMT-0090,F-09,3.7,residential,analog,False
C-009413,PMT-0244,F-25,6.38,residential,electronic,False
C-009414,PMT-0026,F-03,5.42,residential,electronic,False
C-009415,PMT-0151,F-16,6.54,residential,electronic,False
C-009416,PMT-0129,F-13,4.58,residential,electronic,False
C-009417,PMT-0132,F-14,24.17,commercial,analog,False
C-009418,PMT-0051,F-06,3.03,residential,analog,False
C-009419,PMT-0023,F-03,5.23,residential,analog,False
C-009420,PMT-0104,F-11,6.66,residential,electronic,False
C-009421,PMT-0142,F-15,22.88,commercial,analog,False
C-009422,PMT-0239,F-24,7.63,residential,analog,False
C-009423,PMT-0139,F-14,3.77,residential,analog,False
C-009424,PMT-0074,F-08,18.99,commercial,electronic,False
C-009425,PMT-0079,F-08,3.03,residential,analog,False
C-009426,PMT-0184,F-19,5.55,residential,analog,True
C-009427,PMT-0131,F-14,2.29,residential,analog,False
C-009428,PMT-0271,F-28,3.95,residential,analog,False
C-009429,PMT-0132,F-14,7.44,residential,electronic,False
C-009430,PMT-0171,F-18,6.68,residential,analog,False
C-009431,PMT-0020,F-02,4.48,residential,electronic,False
C-009432,PMT-0059,F-06,2.03,residential,electronic,False
C-009433,PMT-0256,F-26,12.97,commercial,analog,False
C-009434,PMT-0104,F-11,7.77,commercial,electronic,False
C-009435,PMT-0127,F-13,1.48,residential,electronic,False
C-009436,PMT-0178,F-18,7.35,residential,analog,False
C-009437,PMT-0018,F-02,4.44,residential,analog,True
C-009438,PMT-0152,F-16,1.63,residential,analog,False
C-009439,PMT-0104,F-11,6.02,residential,analog,False
C-009440,PMT-0045,F-05,1.52,residential,analog,False
C-009441,PMT-0126,F-13,3.77,residential,analog,False
C-009442,PMT-0135,F-14,2.61,residential,electronic,False
C-009443,PMT-0056,F-06,2.15,residential,analog,False
C-009444,PMT-0163,F-17,4.73,residential,electronic,False
C-009445,PMT-0224,F-23,6.04,residential,analog,False
C-009446,PMT-0081,F-09,4.41,residential,electronic,False
C-009447,PMT-0290,F-29,6.75,residential,electronic,False
C-009448,PMT-0184,F-19,7.42,residential,analog,False
C-009449,PMT-0232,F-24,6.65,residential,analog,False
C-009450,PMT-0022,F-03,7.7,residential,analog,False
C-009451,PMT-0231,F-24,7.5,residential,analog,False
C-009452,PMT-0101,F-11,21.65,commercial,analog,False
C-009453,PMT-0214,F-22,3.05,residential,analog,False
C-009454,PMT-0242,F-25,2.22,residential,analog,False
C-009455,PMT-0076,F-08,6.09,residential,analog,False
C-009456,PMT-0078,F-08,6.92,residential,analog,False
C-009457,PMT-0018,F-02,6.76,residential,analog,False
C-009458,PMT-0182,F-19,5.51,residential,analog,False
C-009459,PMT-0233,F-24,6.81,residential,analog,False
C-009460,PMT-0124,F-13,5.95,residential,electronic,False
C-009461,PMT-0049,F-05,5.66,residential,electronic,False
C-009462,PMT-0095,F-10,1.33,residential,electronic,False
C-009463,PMT-0121,F-13,4.22,residential,electronic,False
C-009464,PMT-0275,F-28,1.24,residential,electronic,False
C-009465,PMT-0038,F-04,1.65,residential,electronic,False
C-009466,PMT-0103,F-11,4.79,residential,analog,False
C-009467,PMT-0192,F-20,1.33,residential,analog,False
C-009468,PMT-0072,F-08,7.39,residential,electronic,False
C-009469,PMT-0266,F-27,4.15,residential,electronic,False
C-009470,PMT-0273,F-28,19.0,commercial,analog,False
C-009471,PMT-0115,F-12,2.03,residential,analog,False
C-009472,PMT-0224,F-23,6.93,residential,analog,False
C-009473,PMT-0227,F-23,4.35,residential,analog,False
C-009474,PMT-0205,F-21,4.91,residential,analog,False
C-009475,PMT-0056,F-06,5.54,residential,analog,False
C-009476,PMT-0015,F-02,4.78,residential,analog,True
C-009477,PMT-0105,F-11,4.94,residential,electronic,False
C-009478,PMT-0040,F-04,19.89,commercial,electronic,False
C-009479,PMT-0088,F-09,6.65,residential,electronic,False
C-009480,PMT-0192,F-20,3.14,residential,analog,False
C-009481,PMT-0177,F-18,7.45,residential,analog,False
C-009482,PMT-0063,F-07,3.48,residential,analog,False
C-009483,PMT-0006,F-01,10.45,commercial,analog,False
C-009484,PMT-0068,F-07,3.18,residential,electronic,False
C-009485,PMT-0137,F-14,3.51,residential,analog,False
C-009486,PMT-0234,F-24,3.22,residential,analog,False
C-009487,PMT-0110,F-11,6.91,residential,analog,False
C-009488,PMT-0086,F-09,16.22,commercial,analog,False
C-009489,PMT-0166,F-17,7.77,residential,analog,False
C-009490,PMT-0022,F-03,1.59,residential,analog,False
C-009491,PMT-0068,F-07,5.3,residential,analog,False
C-009492,PMT-0011,F-02,1.67,residential,analog,False
C-009493,PMT-0158,F-16,14.18,commercial,electronic,False
C-009494,PMT-0133,F-14,12.65,commercial,analog,False
C-009495,PMT-0175,F-18,5.77,residential,electronic,False
C-009496,PMT-0186,F-19,6.22,residential,analog,False
C-009497,PMT-0119,F-12,39.05,industrial,analog,False
C-009498,PMT-0261,F-27,2.36,residential,analog,True
C-009499,PMT-0276,F-28,3.94,residential,analog,False
C-009500,PMT-0034,F-04,9.84,commercial,analog,False
C-009501,PMT-0277,F-28,5.74,residential,analog,False
C-009502,PMT-0060,F-06,15.35,commercial,electronic,False
C-009503,PMT-0075,F-08,6.79,residential,analog,False
C-009504,PMT-0159,F-16,24.63,commercial,analog,False
C-009505,PMT-0009,F-01,3.65,residential,electronic,True
C-009506,PMT-0110,F-11,7.38,residential,analog,False
C-009507,PMT-0059,F-06,6.44,residential,analog,False
C-009508,PMT-0145,F-15,2.04,residential,analog,False
C-009509,PMT-0245,F-25,6.85,residential,analog,False
C-009510,PMT-0278,F-28,14.63,commercial,analog,False
C-009511,PMT-0064,F-07,76.73,industrial,electronic,False
C-009512,PMT-0164,F-17,76.21,industrial,analog,False
C-009513,PMT-0143,F-15,7.2,residential,analog,False
C-009514,PMT-0125,F-13,6.33,residential,electronic,False
C-009515,PMT-0190,F-19,6.77,residential,analog,False
C-009516,PMT-0297,F-30,3.25,residential,analog,True
C-009517,PMT-0122,F-13,7.81,residential,electronic,False
C-009518,PMT-0020,F-02,5.63,residential,electronic,True
C-009519,PMT-0275,F-28,6.42,residential,electronic,True
C-009520,PMT-0280,F-28,7.01,residential,analog,False
C-009521,PMT-0097,F-10,1.87,residential,analog,True
C-009522,PMT-0151,F-16,3.35,residential,electronic,False
C-009523,PMT-0259,F-26,6.85,residential,analog,False
C-009524,PMT-0152,F-16,23.44,commercial,electronic,False
C-009525,PMT-0145,F-15,80.49,industrial,electronic,False
C-009526,PMT-0277,F-28,4.38,residential,analog,False
C-009527,PMT-0249,F-25,10.02,commercial,electronic,False
C-009528,PMT-0153,F-16,15.5,commercial,electronic,False
C-009529,PMT-0049,F-05,3.78,residential,electronic,False
C-009530,PMT-0132,F-14,7.2,residential,analog,False
C-009531,PMT-0203,F-21,4.97,residential,analog,False
C-009532,PMT-0082,F-09,3.74,residential,analog,False
C-009533,PMT-0162,F-17,4.49,residential,analog,False
C-009534,PMT-0198,F-20,7.53,residential,electronic,False
C-009535,PMT-0026,F-03,17.27,commercial,electronic,False
C-009536,PMT-0171,F-18,2.6,residential,analog,True
C-009537,PMT-0222,F-23,4.5,residential,electronic,False
C-009538,PMT-0065,F-07,57.25,industrial,electronic,False
C-009539,PMT-0165,F-17,44.83,industrial,analog,False
C-009540,PMT-0213,F-22,6.15,residential,analog,False
C-009541,PMT-0014,F-02,2.88,residential,analog,False
C-009542,PMT-0194,F-20,59.4,industrial,analog,False
C-009543,PMT-0078,F-08,4.09,residential,electronic,False
C-009544,PMT-0120,F-12,14.34,commercial,analog,False
C-009545,PMT-0195,F-20,4.97,residential,analog,False
C-009546,PMT-0002,F-01,5.78,residential,electronic,False
C-009547,PMT-0006,F-01,2.0,residential,electronic,False
C-009548,PMT-0134,F-14,3.02,residential,electronic,False
C-009549,PMT-0285,F-29,6.41,residential,electronic,True
C-009550,PMT-0002,F-01,7.35,residential,analog,False
C-009551,PMT-0237,F-24,1.31,residential,electronic,False
C-009552,PMT-0023,F-03,1.51,residential,analog,False
C-009553,PMT-0147,F-15,7.54,residential,analog,False
C-009554,PMT-0130,F-13,7.96,commercial,analog,False
C-009555,PMT-0141,F-15,7.86,residential,analog,False
C-009556,PMT-0025,F-03,6.8,residential,analog,False
C-009557,PMT-0227,F-23,1.84,residential,electronic,False
C-009558,PMT-0083,F-09,7.05,commercial,analog,False
C-009559,PMT-0232,F-24,7.84,residential,analog,False
C-009560,PMT-0197,F-20,2.78,residential,electronic,True
C-009561,PMT-0166,F-17,4.77,residential,electronic,False
C-009562,PMT-0093,F-10,9.72,commercial,electronic,True
C-009563,PMT-0196,F-20,68.05,industrial,electronic,False
C-009564,PMT-0300,F-30,6.88,residential,analog,False
C-009565,PMT-0277,F-28,5.6,residential,analog,False
C-009566,PMT-0275,F-28,1.33,residential,electronic,False
C-009567,PMT-0066,F-07,5.17,residential,electronic,False
C-009568,PMT-0176,F-18,5.63,residential,analog,False
C-009569,PMT-0120,F-12,2.41,residential,analog,False
C-009570,PMT-0291,F-30,80.97,industrial,analog,False
C-009571,PMT-0286,F-29,70.15,industrial,analog,False
C-009572,PMT-0261,F-27,1.07,residential,analog,False
C-009573,PMT-0049,F-05,7.65,residential,analog,False
C-009574,PMT-0096,F-10,4.12,residential,analog,False
C-009575,PMT-0214,F-22,2.63,residential,analog,False
C-009576,PMT-0225,F-23,1.6,residential,analog,False
C-009577,PMT-0106,F-11,3.62,residential,analog,True
C-009578,PMT-0042,F-05,3.15,residential,analog,False
C-009579,PMT-0042,F-05,3.09,residential,analog,False
C-009580,PMT-0206,F-21,6.55,residential,analog,False
C-009581,PMT-0137,F-14,5.52,residential,analog,True
C-009582,PMT-0148,F-15,1.93,residential,electronic,False
C-009583,PMT-0245,F-25,5.96,residential,analog,False
C-009584,PMT-0006,F-01,6.06,residential,electronic,False
C-009585,PMT-0227,F-23,4.6,residential,analog,False
C-009586,PMT-0083,F-09,7.97,residential,analog,False
C-009587,PMT-0280,F-28,2.98,residential,electronic,False
C-009588,PMT-0287,F-29,1.41,residential,analog,False
C-009589,PMT-0151,F-16,1.2,residential,analog,False
C-009590,PMT-0095,F-10,3.24,residential,analog,False
C-009591,PMT-0070,F-07,14.96,commercial,analog,False
C-009592,PMT-0055,F-06,26.26,industrial,electronic,False
C-009593,PMT-0300,F-30,4.96,residential,analog,False
C-009594,PMT-0057,F-06,23.02,commercial,electronic,False
C-009595,PMT-0134,F-14,6.58,residential,analog,True
C-009596,PMT-0144,F-15,5.71,residential,analog,False
C-009597,PMT-0204,F-21,5.63,residential,electronic,False
C-009598,PMT-0253,F-26,6.11,residential,analog,False
C-009599,PMT-0168,F-17,4.46,residential,analog,False
C-009600,PMT-0228,F-23,3.81,residential,analog,False
C-009601,PMT-0171,F-18,3.15,residential,analog,False
C-009602,PMT-0132,F-14,6.99,commercial,electronic,False
C-009603,PMT-0048,F-05,4.94,residential,analog,False
C-009604,PMT-0063,F-07,14.45,commercial,analog,False
C-009605,PMT-0130,F-13,7.38,commercial,analog,False
C-009606,PMT-0014,F-02,10.37,commercial,analog,False
C-009607,PMT-0095,F-10,6.51,residential,analog,False
C-009608,PMT-0139,F-14,2.79,residential,analog,False
C-009609,PMT-0142,F-15,3.98,residential,analog,False
C-009610,PMT-0245,F-25,32.9,industrial,analog,False
C-009611,PMT-0291,F-30,2.19,residential,electronic,False
C-009612,PMT-0219,F-22,6.29,residential,analog,False
C-009613,PMT-0024,F-03,1.47,residential,electronic,False
C-009614,PMT-0123,F-13,3.0,residential,analog,False
C-009615,PMT-0219,F-22,24.62,commercial,analog,False
C-009616,PMT-0179,F-18,4.33,residential,electronic,False
C-009617,PMT-0138,F-14,5.24,residential,analog,False
C-009618,PMT-0131,F-14,5.49,residential,analog,False
C-009619,PMT-0122,F-13,2.37,residential,analog,False
C-009620,PMT-0174,F-18,3.59,residential,analog,False
C-009621,PMT-0054,F-06,3.8,residential,analog,True
C-009622,PMT-0156,F-16,2.61,residential,analog,False
C-009623,PMT-0062,F-07,38.72,industrial,analog,False
C-009624,PMT-0205,F-21,5.26,residential,analog,False
C-009625,PMT-0260,F-26,28.68,industrial,analog,True
C-009626,PMT-0153,F-16,1.9,residential,analog,True
C-009627,PMT-0117,F-12,5.01,residential,electronic,False
C-009628,PMT-0283,F-29,4.15,residential,electronic,False
C-009629,PMT-0198,F-20,5.28,residential,analog,False
C-009630,PMT-0129,F-13,1.19,residential,analog,True
C-009631,PMT-0009,F-01,5.93,residential,electronic,False
C-009632,PMT-0005,F-01,6.95,residential,analog,False
C-009633,PMT-0067,F-07,15.48,commercial,electronic,True
C-009634,PMT-0071,F-08,21.82,commercial,electronic,False
C-009635,PMT-0217,F-22,3.8,residential,analog,False
C-009636,PMT-0151,F-16,1.55,residential,electronic,False
C-009637,PMT-0300,F-30,3.64,residential,analog,False
C-009638,PMT-0163,F-17,4.12,residential,analog,True
C-009639,PMT-0271,F-28,7.06,residential,electronic,False
C-009640,PMT-0166,F-17,11.69,commercial,electronic,False
C-009641,PMT-0108,F-11,3.21,residential,analog,False
C-009642,PMT-0215,F-22,7.22,residential,electronic,False
C-009643,PMT-0135,F-14,2.76,residential,analog,False
C-009644,PMT-0083,F-09,5.5,residential,electronic,False
C-009645,PMT-0142,F-15,3.29,residential,electronic,False
C-009646,PMT-0200,F-20,24.03,commercial,electronic,False
C-009647,PMT-0113,F-12,2.33,residential,analog,False
C-009648,PMT-0212,F-22,19.48,commercial,analog,False
C-009649,PMT-0295,F-30,16.0,commercial,electronic,False
C-009650,PMT-0124,F-13,7.85,residential,analog,False
C-009651,PMT-0089,F-09,7.96,residential,electronic,False
C-009652,PMT-0121,F-13,6.56,residential,analog,False
C-009653,PMT-0252,F-26,1.72,residential,analog,False
C-009654,PMT-0054,F-06,4.28,residential,analog,False
C-009655,PMT-0293,F-30,6.98,residential,analog,False
C-009656,PMT-0125,F-13,5.47,residential,analog,False
C-009657,PMT-0253,F-26,90.32,industrial,analog,False
C-009658,PMT-0237,F-24,6.6,residential,electronic,False
C-009659,PMT-0236,F-24,3.19,residential,analog,False
C-009660,PMT-0273,F-28,2.37,residential,analog,False
C-009661,PMT-0056,F-06,3.26,residential,analog,True
C-009662,PMT-0179,F-18,5.87,residential,analog,False
C-009663,PMT-0030,F-03,4.37,residential,analog,False
C-009664,PMT-0090,F-09,1.31,residential,electronic,False
C-009665,PMT-0013,F-02,6.2,residential,analog,False
C-009666,PMT-0205,F-21,1.31,residential,analog,False
C-009667,PMT-0183,F-19,3.87,residential,analog,False
C-009668,PMT-0223,F-23,14.25,commercial,analog,False
C-009669,PMT-0053,F-06,4.52,residential,analog,False
C-009670,PMT-0100,F-10,1.97,residential,analog,False
C-009671,PMT-0203,F-21,6.23,residential,analog,False
C-009672,PMT-0248,F-25,6.95,residential,electronic,False
C-009673,PMT-0266,F-27,5.89,residential,analog,False
C-009674,PMT-0023,F-03,7.66,residential,analog,False
C-009675,PMT-0121,F-13,40.6,industrial,analog,True
C-009676,PMT-0004,F-01,2.13,residential,electronic,False
C-009677,PMT-0246,F-25,1.47,residential,electronic,False
C-009678,PMT-0037,F-04,6.05,residential,analog,False
C-009679,PMT-0247,F-25,2.13,residential,analog,False
C-009680,PMT-0047,F-05,7.57,residential,analog,True
C-009681,PMT-0005,F-01,16.97,commercial,analog,False
C-009682,PMT-0264,F-27,6.63,residential,analog,False
C-009683,PMT-0132,F-14,13.69,commercial,analog,True
C-009684,PMT-0128,F-13,6.14,residential,analog,True
C-009685,PMT-0195,F-20,4.11,residential,electronic,False
C-009686,PMT-0083,F-09,15.78,commercial,analog,False
C-009687,PMT-0208,F-21,6.42,residential,analog,False
C-009688,PMT-0129,F-13,2.67,residential,analog,False
C-009689,PMT-0082,F-09,7.19,residential,analog,False
C-009690,PMT-0119,F-12,19.33,commercial,analog,False
C-009691,PMT-0002,F-01,19.93,commercial,electronic,True
C-009692,PMT-0091,F-10,2.67,residential,electronic,True
C-009693,PMT-0178,F-18,1.63,residential,analog,False
C-009694,PMT-0042,F-05,1.51,residential,analog,False
C-009695,PMT-0036,F-04,5.53,residential,analog,False
C-009696,PMT-0197,F-20,2.05,residential,analog,False
C-009697,PMT-0129,F-13,7.99,residential,electronic,False
C-009698,PMT-0041,F-05,24.22,commercial,electronic,False
C-009699,PMT-0225,F-23,1.2,residential,electronic,False
C-009700,PMT-0233,F-24,6.08,residential,analog,False
C-009701,PMT-0011,F-02,40.86,industrial,electronic,True
C-009702,PMT-0061,F-07,3.39,residential,electronic,False
C-009703,PMT-0112,F-12,2.68,residential,analog,False
C-009704,PMT-0220,F-22,6.81,residential,analog,True
C-009705,PMT-0023,F-03,7.26,residential,electronic,False
C-009706,PMT-0242,F-25,1.28,residential,analog,False
C-009707,PMT-0096,F-10,2.89,residential,analog,False
C-009708,PMT-0038,F-04,4.14,residential,analog,False
C-009709,PMT-0260,F-26,4.65,residential,analog,False
C-009710,PMT-0027,F-03,1.61,residential,electronic,True
C-009711,PMT-0039,F-04,6.81,residential,electronic,False
C-009712,PMT-0285,F-29,7.54,residential,electronic,False
C-009713,PMT-0156,F-16,13.06,commercial,analog,True
C-009714,PMT-0139,F-14,7.0,residential,electronic,False
C-009715,PMT-0207,F-21,5.73,residential,analog,True
C-009716,PMT-0190,F-19,5.14,residential,analog,False
C-009717,PMT-0185,F-19,6.73,residential,electronic,False
C-009718,PMT-0007,F-01,4.31,residential,electronic,False
C-009719,PMT-0166,F-17,4.83,residential,electronic,True
C-009720,PMT-0084,F-09,2.92,residential,analog,False
C-009721,PMT-0243,F-25,19.24,commercial,analog,False
C-009722,PMT-0152,F-16,2.11,residential,electronic,False
C-009723,PMT-0038,F-04,2.7,residential,analog,False
C-009724,PMT-0266,F-27,4.36,residential,analog,False
C-009725,PMT-0086,F-09,3.7,residential,electronic,True
C-009726,PMT-0082,F-09,2.68,residential,analog,False
C-009727,PMT-0281,F-29,2.34,residential,analog,False
C-009728,PMT-0233,F-24,7.03,residential,analog,False
C-009729,PMT-0258,F-26,16.82,commercial,analog,True
C-009730,PMT-0199,F-20,3.64,residential,analog,False
C-009731,PMT-0274,F-28,6.92,residential,analog,False
C-009732,PMT-0035,F-04,6.78,residential,analog,False
C-009733,PMT-0180,F-18,1.78,residential,analog,False
C-009734,PMT-0089,F-09,4.97,residential,analog,True
C-009735,PMT-0120,F-12,3.14,residential,electronic,False
C-009736,PMT-0072,F-08,4.79,residential,analog,False
C-009737,PMT-0062,F-07,6.03,residential,analog,False
C-009738,PMT-0133,F-14,1.06,residential,analog,False
C-009739,PMT-0276,F-28,4.59,residential,analog,False
C-009740,PMT-0191,F-20,3.04,residential,analog,False
C-009741,PMT-0105,F-11,4.74,residential,electronic,False
C-009742,PMT-0131,F-14,1.77,residential,analog,False
C-009743,PMT-0159,F-16,6.72,residential,analog,True
C-009744,PMT-0074,F-08,4.81,residential,analog,False
C-009745,PMT-0157,F-16,9.22,commercial,electronic,False
C-009746,PMT-0209,F-21,20.39,commercial,analog,False
C-009747,PMT-0073,F-08,1.26,residential,analog,False
C-009748,PMT-0176,F-18,5.15,residential,analog,False
C-009749,PMT-0213,F-22,60.14,industrial,electronic,False
C-009750,PMT-0156,F-16,5.79,commercial,analog,True
C-009751,PMT-0088,F-09,2.75,residential,electronic,False
C-009752,PMT-0167,F-17,1.54,residential,electronic,False
C-009753,PMT-0238,F-24,6.13,residential,analog,True
C-009754,PMT-0067,F-07,19.12,commercial,analog,False
C-009755,PMT-0173,F-18,6.79,commercial,electronic,False
C-009756,PMT-0205,F-21,7.18,commercial,analog,False
C-009757,PMT-0097,F-10,7.16,residential,analog,False
C-009758,PMT-0117,F-12,9.02,commercial,analog,False
C-009759,PMT-0267,F-27,3.13,residential,analog,False
C-009760,PMT-0110,F-11,5.79,residential,analog,False
C-009761,PMT-0180,F-18,1.43,residential,electronic,True
C-009762,PMT-0045,F-05,7.63,residential,electronic,False
C-009763,PMT-0278,F-28,1.16,residential,analog,False
C-009764,PMT-0180,F-18,6.94,residential,analog,False
C-009765,PMT-0229,F-23,3.53,residential,analog,False
C-009766,PMT-0181,F-19,8.0,commercial,analog,False
C-009767,PMT-0107,F-11,3.64,residential,analog,False
C-009768,PMT-0103,F-11,7.81,residential,electronic,False
C-009769,PMT-0211,F-22,4.7,residential,electronic,False
C-009770,PMT-0258,F-26,1.41,residential,electronic,False
C-009771,PMT-0039,F-04,7.59,residential,analog,True
C-009772,PMT-0254,F-26,2.0,residential,analog,False
C-009773,PMT-0250,F-25,1.38,residential,analog,False
C-009774,PMT-0033,F-04,1.32,residential,electronic,False
C-009775,PMT-0033,F-04,21.53,commercial,electronic,False
C-009776,PMT-0209,F-21,2.07,residential,electronic,False
C-009777,PMT-0253,F-26,2.25,residential,analog,True
C-009778,PMT-0119,F-12,7.61,residential,electronic,False
C-009779,PMT-0193,F-20,17.23,commercial,analog,False
C-009780,PMT-0300,F-30,3.0,residential,analog,False
C-009781,PMT-0097,F-10,5.11,residential,electronic,True
C-009782,PMT-0068,F-07,2.7,residential,electronic,True
C-009783,PMT-0298,F-30,4.46,residential,electronic,False
C-009784,PMT-0085,F-09,11.69,commercial,electronic,False
C-009785,PMT-0142,F-15,5.36,residential,analog,False
C-009786,PMT-0133,F-14,6.31,residential,electronic,True
C-009787,PMT-0157,F-16,11.97,commercial,analog,False
C-009788,PMT-0081,F-09,7.88,commercial,analog,False
C-009789,PMT-0204,F-21,3.49,residential,analog,False
C-009790,PMT-0208,F-21,6.31,residential,analog,False
C-009791,PMT-0061,F-07,6.51,residential,analog,False
C-009792,PMT-0145,F-15,6.5,residential,electronic,False
C-009793,PMT-0018,F-02,24.49,commercial,electronic,False
C-009794,PMT-0067,F-07,21.5,commercial,electronic,False
C-009795,PMT-0297,F-30,7.78,residential,analog,True
C-009796,PMT-0152,F-16,5.39,residential,analog,False
C-009797,PMT-0187,F-19,2.61,residential,analog,True
C-009798,PMT-0267,F-27,5.26,residential,electronic,False
C-009799,PMT-0215,F-22,8.96,commercial,analog,False
C-009800,PMT-0238,F-24,1.6,residential,analog,False
C-009801,PMT-0214,F-22,3.11,residential,electronic,False
C-009802,PMT-0150,F-15,3.54,residential,analog,False
C-009803,PMT-0190,F-19,5.96,residential,electronic,False
C-009804,PMT-0087,F-09,3.54,residential,electronic,False
C-009805,PMT-0268,F-27,1.02,residential,electronic,True
C-009806,PMT-0054,F-06,7.42,residential,electronic,False
C-009807,PMT-0266,F-27,5.13,residential,electronic,True
C-009808,PMT-0264,F-27,2.48,residential,analog,False
C-009809,PMT-0043,F-05,2.77,residential,analog,False
C-009810,PMT-0214,F-22,1.87,residential,analog,False
C-009811,PMT-0297,F-30,23.13,commercial,analog,False
C-009812,PMT-0172,F-18,2.61,residential,analog,False
C-009813,PMT-0103,F-11,23.81,commercial,analog,False
C-009814,PMT-0264,F-27,2.85,residential,analog,False
C-009815,PMT-0154,F-16,6.59,residential,electronic,False
C-009816,PMT-0037,F-04,1.07,residential,analog,False
C-009817,PMT-0075,F-08,4.38,residential,analog,False
C-009818,PMT-0205,F-21,12.38,commercial,electronic,False
C-009819,PMT-0137,F-14,3.34,residential,analog,False
C-009820,PMT-0066,F-07,7.95,residential,analog,False
C-009821,PMT-0240,F-24,6.05,residential,analog,False
C-009822,PMT-0037,F-04,2.79,residential,electronic,False
C-009823,PMT-0066,F-07,6.27,residential,analog,False
C-009824,PMT-0140,F-14,7.59,commercial,analog,False
C-009825,PMT-0012,F-02,7.48,residential,analog,False
C-009826,PMT-0117,F-12,3.98,residential,electronic,False
C-009827,PMT-0273,F-28,8.81,commercial,analog,False
C-009828,PMT-0283,F-29,2.91,residential,analog,False
C-009829,PMT-0262,F-27,2.09,residential,analog,False
C-009830,PMT-0098,F-10,23.61,commercial,analog,False
C-009831,PMT-0020,F-02,3.14,residential,analog,False
C-009832,PMT-0245,F-25,2.0,residential,analog,False
C-009833,PMT-0112,F-12,21.26,commercial,analog,False
C-009834,PMT-0225,F-23,2.49,residential,analog,False
C-009835,PMT-0036,F-04,6.88,commercial,electronic,False
C-009836,PMT-0201,F-21,5.68,residential,analog,False
C-009837,PMT-0176,F-18,1.05,residential,analog,False
C-009838,PMT-0277,F-28,6.83,residential,analog,False
C-009839,PMT-0031,F-04,4.94,residential,analog,False
C-009840,PMT-0123,F-13,2.73,residential,electronic,False
C-009841,PMT-0297,F-30,4.32,residential,analog,False
C-009842,PMT-0117,F-12,2.84,residential,electronic,True
C-009843,PMT-0198,F-20,4.73,residential,electronic,False
C-009844,PMT-0049,F-05,5.0,residential,analog,True
C-009845,PMT-0219,F-22,6.4,residential,electronic,False
C-009846,PMT-0083,F-09,4.26,residential,electronic,False
C-009847,PMT-0172,F-18,6.51,residential,electronic,False
C-009848,PMT-0264,F-27,1.48,residential,analog,False
C-009849,PMT-0199,F-20,7.45,residential,analog,False
C-009850,PMT-0143,F-15,2.3,residential,analog,True
C-009851,PMT-0058,F-06,6.86,residential,analog,True
C-009852,PMT-0103,F-11,4.46,residential,analog,False
C-009853,PMT-0255,F-26,1.73,residential,analog,False
C-009854,PMT-0065,F-07,3.52,residential,analog,False
C-009855,PMT-0197,F-20,23.37,commercial,electronic,False
C-009856,PMT-0146,F-15,6.84,residential,electronic,False
C-009857,PMT-0097,F-10,6.06,residential,analog,False
C-009858,PMT-0215,F-22,3.66,residential,analog,False
C-009859,PMT-0109,F-11,5.12,residential,analog,False
C-009860,PMT-0087,F-09,2.62,residential,analog,False
C-009861,PMT-0159,F-16,5.53,residential,analog,True
C-009862,PMT-0228,F-23,2.83,residential,electronic,False
C-009863,PMT-0260,F-26,6.8,residential,analog,False
C-009864,PMT-0189,F-19,5.93,residential,analog,False
C-009865,PMT-0199,F-20,3.7,residential,analog,False
C-009866,PMT-0237,F-24,5.62,residential,analog,True
C-009867,PMT-0081,F-09,3.28,residential,electronic,False
C-009868,PMT-0076,F-08,2.09,residential,electronic,True
C-009869,PMT-0146,F-15,2.65,residential,analog,False
C-009870,PMT-0190,F-19,2.9,residential,analog,False
C-009871,PMT-0194,F-20,2.59,residential,electronic,False
C-009872,PMT-0047,F-05,18.57,commercial,electronic,False
C-009873,PMT-0235,F-24,19.79,commercial,analog,False
C-009874,PMT-0110,F-11,4.2,residential,analog,False
C-009875,PMT-0264,F-27,7.91,residential,analog,False
C-009876,PMT-0218,F-22,7.24,residential,analog,False
C-009877,PMT-0295,F-30,6.74,commercial,analog,False
C-009878,PMT-0190,F-19,4.22,residential,electronic,False
C-009879,PMT-0159,F-16,7.36,residential,analog,False
C-009880,PMT-0057,F-06,2.54,residential,electronic,True
C-009881,PMT-0120,F-12,3.65,residential,electronic,False
C-009882,PMT-0258,F-26,7.63,residential,electronic,False
C-009883,PMT-0115,F-12,6.43,residential,analog,False
C-009884,PMT-0017,F-02,6.83,residential,analog,False
C-009885,PMT-0074,F-08,7.16,residential,electronic,False
C-009886,PMT-0179,F-18,2.2,residential,electronic,False
C-009887,PMT-0189,F-19,5.89,residential,analog,False
C-009888,PMT-0296,F-30,21.06,commercial,electronic,False
C-009889,PMT-0281,F-29,9.53,commercial,electronic,False
C-009890,PMT-0160,F-16,1.3,residential,electronic,False
C-009891,PMT-0167,F-17,34.27,industrial,analog,False
C-009892,PMT-0241,F-25,6.19,residential,electronic,False
C-009893,PMT-0015,F-02,5.86,residential,analog,False
C-009894,PMT-0179,F-18,22.83,commercial,analog,True
C-009895,PMT-0143,F-15,3.22,residential,analog,False
C-009896,PMT-0235,F-24,17.43,commercial,electronic,False
C-009897,PMT-0241,F-25,1.19,residential,analog,False
C-009898,PMT-0197,F-20,7.55,residential,analog,False
C-009899,PMT-0198,F-20,4.88,residential,analog,False
C-009900,PMT-0208,F-21,6.24,residential,analog,False
C-009901,PMT-0175,F-18,10.68,commercial,analog,False
C-009902,PMT-0069,F-07,1.57,residential,analog,True
C-009903,PMT-0086,F-09,1.44,residential,analog,False
C-009904,PMT-0223,F-23,6.7,residential,analog,False
C-009905,PMT-0186,F-19,2.06,residential,analog,False
C-009906,PMT-0072,F-08,6.77,residential,electronic,False
C-009907,PMT-0264,F-27,2.86,residential,analog,False
C-009908,PMT-0295,F-30,4.79,residential,electronic,False
C-009909,PMT-0188,F-19,2.83,residential,analog,False
C-009910,PMT-0069,F-07,1.35,residential,analog,False
C-009911,PMT-0282,F-29,4.8,residential,analog,False
C-009912,PMT-0072,F-08,3.57,residential,analog,False
C-009913,PMT-0130,F-13,4.05,residential,analog,False
C-009914,PMT-0258,F-26,5.21,residential,electronic,False
C-009915,PMT-0157,F-16,3.2,residential,analog,False
C-009916,PMT-0073,F-08,4.95,residential,analog,False
C-009917,PMT-0025,F-03,5.6,residential,analog,False
C-009918,PMT-0109,F-11,1.63,residential,analog,False
C-009919,PMT-0202,F-21,12.0,commercial,analog,False
C-009920,PMT-0215,F-22,1.63,residential,analog,False
C-009921,PMT-0067,F-07,1.05,residential,analog,False
C-009922,PMT-0048,F-05,1.36,residential,electronic,False
C-009923,PMT-0211,F-22,5.15,residential,analog,False
C-009924,PMT-0048,F-05,1.59,residential,analog,False
C-009925,PMT-0020,F-02,7.08,residential,electronic,False
C-009926,PMT-0146,F-15,6.32,residential,analog,True
C-009927,PMT-0172,F-18,1.06,residential,electronic,True
C-009928,PMT-0074,F-08,16.46,commercial,electronic,False
C-009929,PMT-0064,F-07,1.07,residential,analog,False
C-009930,PMT-0071,F-08,1.76,residential,analog,False
C-009931,PMT-0103,F-11,7.92,residential,analog,False
C-009932,PMT-0003,F-01,4.2,residential,electronic,False
C-009933,PMT-0004,F-01,5.54,commercial,analog,False
C-009934,PMT-0112,F-12,6.95,residential,electronic,False
C-009935,PMT-0006,F-01,23.35,commercial,analog,False
C-009936,PMT-0096,F-10,4.84,residential,electronic,False
C-009937,PMT-0175,F-18,5.94,residential,electronic,False
C-009938,PMT-0010,F-01,6.46,residential,analog,False
C-009939,PMT-0186,F-19,6.14,residential,analog,False
C-009940,PMT-0187,F-19,4.46,residential,analog,False
C-009941,PMT-0173,F-18,6.83,residential,analog,False
C-009942,PMT-0188,F-19,15.55,commercial,analog,False
C-009943,PMT-0243,F-25,2.82,residential,analog,False
C-009944,PMT-0022,F-03,1.03,residential,electronic,False
C-009945,PMT-0051,F-06,3.51,residential,electronic,False
C-009946,PMT-0096,F-10,1.58,residential,electronic,False
C-009947,PMT-0207,F-21,1.44,residential,analog,False
C-009948,PMT-0262,F-27,4.28,residential,analog,False
C-009949,PMT-0276,F-28,23.87,commercial,analog,False
C-009950,PMT-0175,F-18,1.74,residential,analog,False
C-009951,PMT-0124,F-13,2.92,residential,analog,True
C-009952,PMT-0124,F-13,6.81,residential,electronic,False
C-009953,PMT-0018,F-02,3.81,residential,analog,True
C-009954,PMT-0140,F-14,6.31,residential,analog,False
C-009955,PMT-0154,F-16,4.8,residential,analog,False
C-009956,PMT-0063,F-07,5.23,residential,analog,False
C-009957,PMT-0231,F-24,2.13,residential,analog,True
C-009958,PMT-0244,F-25,3.47,residential,analog,False
C-009959,PMT-0091,F-10,17.44,commercial,analog,False
C-009960,PMT-0275,F-28,1.19,residential,analog,False
C-009961,PMT-0033,F-04,2.32,residential,analog,False
C-009962,PMT-0274,F-28,3.71,residential,electronic,False
C-009963,PMT-0231,F-24,5.72,residential,electronic,False
C-009964,PMT-0068,F-07,60.77,industrial,analog,False
C-009965,PMT-0196,F-20,6.03,residential,electronic,True
C-009966,PMT-0094,F-10,6.09,residential,analog,True
C-009967,PMT-0240,F-24,1.22,residential,electronic,False
C-009968,PMT-0049,F-05,7.31,residential,analog,False
C-009969,PMT-0074,F-08,6.77,residential,analog,False
C-009970,PMT-0093,F-10,41.69,industrial,analog,False
C-009971,PMT-0060,F-06,4.39,residential,electronic,False
C-009972,PMT-0100,F-10,3.16,residential,electronic,False
C-009973,PMT-0181,F-19,7.35,residential,analog,False
C-009974,PMT-0190,F-19,12.66,commercial,analog,False
C-009975,PMT-0167,F-17,3.77,residential,analog,False
C-009976,PMT-0057,F-06,7.38,residential,electronic,False
C-009977,PMT-0061,F-07,5.2,residential,analog,False
C-009978,PMT-0276,F-28,1.97,residential,analog,False
C-009979,PMT-0076,F-08,17.52,commercial,analog,False
C-009980,PMT-0031,F-04,6.56,residential,analog,False
C-009981,PMT-0137,F-14,3.36,residential,analog,False
C-009982,PMT-0003,F-01,4.69,residential,electronic,True
C-009983,PMT-0103,F-11,17.54,commercial,electronic,False
C-009984,PMT-0257,F-26,4.57,residential,analog,False
C-009985,PMT-0081,F-09,24.98,commercial,electronic,False
C-009986,PMT-0212,F-22,15.14,commercial,electronic,False
C-009987,PMT-0147,F-15,17.87,commercial,analog,False
C-009988,PMT-0107,F-11,6.56,residential,analog,True
C-009989,PMT-0199,F-20,1.96,residential,analog,False
C-009990,PMT-0179,F-18,5.88,commercial,electronic,True
C-009991,PMT-0096,F-10,24.46,commercial,analog,False
C-009992,PMT-0068,F-07,6.13,residential,analog,False
C-009993,PMT-0276,F-28,3.75,residential,analog,True
C-009994,PMT-0051,F-06,1.12,residential,analog,False
C-009995,PMT-0288,F-29,2.16,residential,analog,False
C-009996,PMT-0142,F-15,5.19,commercial,analog,False
C-009997,PMT-0300,F-30,3.78,residential,electronic,False
C-009998,PMT-0106,F-11,4.88,residential,analog,True
C-009999,PMT-0170,F-17,2.12,residential,analog,False
C-010000,PMT-0185,F-19,17.8,commercial,analog,False
