consumer_id,month,billed_units_kwh,arrears_pkr,reader_id,is_theft_ground_truth,theft_type
C-00001,2024-01-01,173.81,1854.39,R-006,False,none
C-00002,2024-01-01,32.75,1325.82,R-029,False,none
C-00003,2024-01-01,194.67,4299.92,R-040,False,none
C-00004,2024-01-01,116.33,2809.47,R-004,False,none
C-00005,2024-01-01,46.7,1196.96,R-024,False,none
C-00006,2024-01-01,171.12,3155.45,R-016,False,none
C-00007,2024-01-01,189.59,842.46,R-003,False,none
C-00008,2024-01-01,1600.28,2380.18,R-049,False,none
C-00009,2024-01-01,70.01,1743.73,R-027,False,none
C-00010,2024-01-01,215.78,779.64,R-046,False,none
C-00011,2024-01-01,367.81,2846.8,R-036,True,tamper
C-00012,2024-01-01,391.88,5995.74,R-053,False,none
C-00013,2024-01-01,31.74,461.78,R-060,False,none
C-00014,2024-01-01,63.58,2965.23,R-037,False,none
C-00015,2024-01-01,127.3,47.43,R-022,False,none
C-00016,2024-01-01,16.3,1304.19,R-026,False,none
C-00017,2024-01-01,22.68,2097.74,R-050,False,none
C-00018,2024-01-01,143.58,1771.65,R-026,False,none
C-00019,2024-01-01,156.63,2460.84,R-032,False,none
C-00020,2024-01-01,499.62,960.96,R-012,False,none
C-00021,2024-01-01,260.56,725.02,R-060,False,none
C-00022,2024-01-01,243.35,29.26,R-040,False,none
C-00023,2024-01-01,112.69,846.67,R-020,False,none
C-00024,2024-01-01,1033.4,95.48,R-036,False,none
C-00025,2024-01-01,305.55,1074.12,R-025,False,none
C-00026,2024-01-01,287.89,3076.38,R-010,False,none
C-00027,2024-01-01,27.95,1760.84,R-053,False,none
C-00028,2024-01-01,41.75,2577.68,R-054,False,none
C-00029,2024-01-01,375.82,555.19,R-051,False,none
C-00030,2024-01-01,211.38,129.11,R-023,False,none
C-00031,2024-01-01,166.0,226.66,R-016,False,none
C-00032,2024-01-01,274.91,563.18,R-003,True,tamper
C-00033,2024-01-01,13.91,1005.84,R-044,False,none
C-00034,2024-01-01,69.12,576.41,R-020,False,none
C-00035,2024-01-01,1798.77,1217.28,R-054,False,none
C-00036,2024-01-01,57.14,1151.42,R-053,False,none
C-00037,2024-01-01,733.38,1959.42,R-008,False,none
C-00038,2024-01-01,246.65,1846.55,R-056,False,none
C-00039,2024-01-01,27.8,666.97,R-009,False,none
C-00040,2024-01-01,76.58,747.72,R-030,False,none
C-00041,2024-01-01,129.32,1530.46,R-029,True,tamper
C-00042,2024-01-01,97.3,622.7,R-058,False,none
C-00043,2024-01-01,299.92,3375.06,R-040,False,none
C-00044,2024-01-01,149.08,140.28,R-053,False,none
C-00045,2024-01-01,53.85,198.47,R-036,False,none
C-00046,2024-01-01,58.84,941.69,R-050,False,none
C-00047,2024-01-01,114.25,3629.52,R-052,True,tamper
C-00048,2024-01-01,9.16,855.94,R-052,False,none
C-00049,2024-01-01,40.81,2960.4,R-025,False,none
C-00050,2024-01-01,223.37,1305.18,R-023,False,none
C-00051,2024-01-01,294.25,309.26,R-060,False,none
C-00052,2024-01-01,244.05,2935.82,R-046,False,none
C-00053,2024-01-01,441.26,321.31,R-056,True,tamper
C-00054,2024-01-01,25.29,2068.69,R-035,False,none
C-00055,2024-01-01,33.01,69.69,R-056,False,none
C-00056,2024-01-01,54.17,469.39,R-044,False,none
C-00057,2024-01-01,33.94,3431.72,R-045,False,none
C-00058,2024-01-01,97.84,286.02,R-011,False,none
C-00059,2024-01-01,307.84,1795.25,R-035,False,none
C-00060,2024-01-01,3373.64,1233.77,R-044,False,none
C-00061,2024-01-01,415.5,188.61,R-046,False,none
C-00062,2024-01-01,1.63,1192.77,R-058,True,kunda
C-00063,2024-01-01,148.97,780.52,R-020,False,none
C-00064,2024-01-01,165.21,230.76,R-019,False,none
C-00065,2024-01-01,94.93,2347.99,R-059,False,none
C-00066,2024-01-01,652.17,269.3,R-060,False,none
C-00067,2024-01-01,378.17,1116.44,R-011,False,none
C-00068,2024-01-01,41.24,2444.54,R-023,False,none
C-00069,2024-01-01,175.0,5050.21,R-057,False,none
C-00070,2024-01-01,62.73,3081.49,R-012,False,none
C-00071,2024-01-01,49.9,3731.46,R-047,False,none
C-00072,2024-01-01,7.85,4864.24,R-007,False,none
C-00073,2024-01-01,38.22,2006.38,R-011,False,none
C-00074,2024-01-01,12.23,2010.41,R-048,False,none
C-00075,2024-01-01,14.59,678.54,R-037,True,kunda
C-00076,2024-01-01,202.32,2128.96,R-034,False,none
C-00077,2024-01-01,127.45,706.17,R-052,False,none
C-00078,2024-01-01,98.56,3586.85,R-019,False,none
C-00079,2024-01-01,139.4,1222.48,R-031,False,none
C-00080,2024-01-01,251.32,332.25,R-037,False,none
C-00081,2024-01-01,50.21,580.67,R-045,False,none
C-00082,2024-01-01,30.74,3670.5,R-020,False,none
C-00083,2024-01-01,536.02,487.37,R-039,False,none
C-00084,2024-01-01,22.72,3699.01,R-027,False,none
C-00085,2024-01-01,21.74,526.89,R-033,False,none
C-00086,2024-01-01,217.33,324.27,R-052,False,none
C-00087,2024-01-01,460.16,405.87,R-024,False,none
C-00088,2024-01-01,341.78,4877.86,R-041,False,none
C-00089,2024-01-01,126.65,2770.41,R-057,False,none
C-00090,2024-01-01,46.0,156.25,R-046,False,none
C-00091,2024-01-01,13.63,1928.31,R-060,False,none
C-00092,2024-01-01,11.15,20.43,R-036,False,none
C-00093,2024-01-01,236.58,390.7,R-017,False,none
C-00094,2024-01-01,172.13,4320.79,R-060,True,collusion
C-00095,2024-01-01,158.75,735.17,R-039,True,tamper
C-00096,2024-01-01,207.02,5247.93,R-015,False,none
C-00097,2024-01-01,92.14,1914.53,R-020,False,none
C-00098,2024-01-01,313.78,65.54,R-016,False,none
C-00099,2024-01-01,47.06,1436.87,R-051,False,none
C-00100,2024-01-01,200.23,780.72,R-006,False,none
C-00101,2024-01-01,60.49,492.63,R-045,False,none
C-00102,2024-01-01,51.16,1896.54,R-034,False,none
C-00103,2024-01-01,376.87,2522.11,R-005,False,none
C-00104,2024-01-01,604.32,395.08,R-037,False,none
C-00105,2024-01-01,239.22,1693.88,R-046,False,none
C-00106,2024-01-01,135.35,1440.09,R-044,False,none
C-00107,2024-01-01,159.34,736.71,R-032,False,none
C-00108,2024-01-01,57.96,1024.83,R-021,False,none
C-00109,2024-01-01,425.48,1225.44,R-010,False,none
C-00110,2024-01-01,83.14,694.38,R-001,False,none
C-00111,2024-01-01,167.57,8.9,R-022,False,none
C-00112,2024-01-01,68.83,650.28,R-038,False,none
C-00113,2024-01-01,141.95,588.23,R-003,False,none
C-00114,2024-01-01,296.56,218.66,R-060,False,none
C-00115,2024-01-01,205.98,516.3,R-036,False,none
C-00116,2024-01-01,1105.64,5041.45,R-018,False,none
C-00117,2024-01-01,244.85,93.48,R-058,False,none
C-00118,2024-01-01,40.44,1529.42,R-012,False,none
C-00119,2024-01-01,183.97,5575.14,R-058,False,none
C-00120,2024-01-01,80.98,648.75,R-017,False,none
C-00121,2024-01-01,10.37,777.68,R-023,False,none
C-00122,2024-01-01,210.24,605.73,R-026,False,none
C-00123,2024-01-01,1797.63,8.43,R-060,False,none
C-00124,2024-01-01,3.78,926.99,R-016,True,kunda
C-00125,2024-01-01,16.69,614.05,R-059,False,none
C-00126,2024-01-01,185.41,785.23,R-021,False,none
C-00127,2024-01-01,90.62,254.23,R-018,False,none
C-00128,2024-01-01,32.66,639.57,R-039,False,none
C-00129,2024-01-01,105.2,905.24,R-042,False,none
C-00130,2024-01-01,68.41,4906.16,R-021,False,none
C-00131,2024-01-01,188.74,2673.26,R-009,False,none
C-00132,2024-01-01,102.73,1108.51,R-024,False,none
C-00133,2024-01-01,333.11,185.03,R-033,False,none
C-00134,2024-01-01,49.54,64.83,R-003,False,none
C-00135,2024-01-01,40.99,1818.66,R-005,False,none
C-00136,2024-01-01,122.85,826.2,R-056,False,none
C-00137,2024-01-01,280.11,496.4,R-003,False,none
C-00138,2024-01-01,6.02,162.14,R-025,False,none
C-00139,2024-01-01,46.38,1456.76,R-046,False,none
C-00140,2024-01-01,94.47,145.65,R-020,False,none
C-00141,2024-01-01,36.13,133.45,R-030,False,none
C-00142,2024-01-01,581.59,1142.37,R-006,False,none
C-00143,2024-01-01,69.11,4170.32,R-048,False,none
C-00144,2024-01-01,9.81,1935.49,R-039,True,kunda
C-00145,2024-01-01,210.06,154.64,R-052,False,none
C-00146,2024-01-01,1569.61,1925.95,R-052,False,none
C-00147,2024-01-01,163.71,1674.64,R-022,False,none
C-00148,2024-01-01,73.07,394.78,R-003,False,none
C-00149,2024-01-01,88.07,428.39,R-021,False,none
C-00150,2024-01-01,7.76,3462.76,R-009,True,kunda
C-00151,2024-01-01,201.48,1019.54,R-032,False,none
C-00152,2024-01-01,233.43,873.54,R-009,False,none
C-00153,2024-01-01,223.73,461.38,R-056,False,none
C-00154,2024-01-01,246.38,3168.11,R-037,False,none
C-00155,2024-01-01,2877.47,1045.17,R-016,False,none
C-00156,2024-01-01,42.82,1981.85,R-056,False,none
C-00157,2024-01-01,201.08,101.08,R-047,False,none
C-00158,2024-01-01,10.41,1719.62,R-027,False,none
C-00159,2024-01-01,24.37,1538.49,R-009,False,none
C-00160,2024-01-01,177.23,2092.8,R-021,False,none
C-00161,2024-01-01,269.33,1017.96,R-036,False,none
C-00162,2024-01-01,1140.63,1391.41,R-046,False,none
C-00163,2024-01-01,590.24,5139.18,R-016,False,none
C-00164,2024-01-01,2009.6,1090.97,R-045,False,none
C-00165,2024-01-01,2626.95,5864.73,R-017,False,none
C-00166,2024-01-01,884.21,1774.97,R-015,False,none
C-00167,2024-01-01,69.37,2033.17,R-027,False,none
C-00168,2024-01-01,254.75,765.5,R-010,False,none
C-00169,2024-01-01,75.66,574.35,R-025,False,none
C-00170,2024-01-01,353.55,1992.21,R-022,True,collusion
C-00171,2024-01-01,57.64,2523.69,R-017,False,none
C-00172,2024-01-01,335.39,2307.19,R-047,True,tamper
C-00173,2024-01-01,250.71,2021.65,R-020,False,none
C-00174,2024-01-01,83.34,1013.66,R-042,False,none
C-00175,2024-01-01,245.76,249.89,R-044,False,none
C-00176,2024-01-01,218.71,154.41,R-040,False,none
C-00177,2024-01-01,2.19,1225.89,R-017,True,kunda
C-00178,2024-01-01,755.37,2356.44,R-050,False,none
C-00179,2024-01-01,219.0,1750.71,R-015,False,none
C-00180,2024-01-01,220.58,435.91,R-017,False,none
C-00181,2024-01-01,116.98,1507.45,R-053,False,none
C-00182,2024-01-01,170.05,1406.4,R-021,False,none
C-00183,2024-01-01,147.75,7659.87,R-042,False,none
C-00184,2024-01-01,94.72,226.06,R-003,False,none
C-00185,2024-01-01,42.81,691.05,R-037,False,none
C-00186,2024-01-01,430.06,1095.25,R-053,False,none
C-00187,2024-01-01,70.85,187.16,R-043,True,kunda
C-00188,2024-01-01,17.25,4570.54,R-035,True,kunda
C-00189,2024-01-01,411.31,512.74,R-051,False,none
C-00190,2024-01-01,195.73,2964.41,R-018,False,none
C-00191,2024-01-01,264.98,222.23,R-023,True,tamper
C-00192,2024-01-01,150.76,2841.35,R-005,False,none
C-00193,2024-01-01,25.69,2964.28,R-042,False,none
C-00194,2024-01-01,121.37,434.13,R-044,False,none
C-00195,2024-01-01,19.12,1897.08,R-046,False,none
C-00196,2024-01-01,224.35,324.17,R-045,False,none
C-00197,2024-01-01,69.42,1778.05,R-008,False,none
C-00198,2024-01-01,47.39,2616.33,R-040,False,none
C-00199,2024-01-01,326.86,67.56,R-046,True,tamper
C-00200,2024-01-01,351.99,1921.04,R-013,False,none
C-00201,2024-01-01,200.83,1324.45,R-029,False,none
C-00202,2024-01-01,398.21,4994.82,R-055,False,none
C-00203,2024-01-01,275.49,1619.52,R-025,False,none
C-00204,2024-01-01,58.91,240.03,R-046,False,none
C-00205,2024-01-01,122.43,577.06,R-032,False,none
C-00206,2024-01-01,605.8,330.01,R-040,False,none
C-00207,2024-01-01,170.55,1272.49,R-038,False,none
C-00208,2024-01-01,43.81,2894.91,R-040,False,none
C-00209,2024-01-01,44.53,625.57,R-047,False,none
C-00210,2024-01-01,140.66,2738.75,R-055,False,none
C-00211,2024-01-01,154.9,1140.77,R-018,False,none
C-00212,2024-01-01,208.15,1625.15,R-056,False,none
C-00213,2024-01-01,67.69,778.44,R-038,False,none
C-00214,2024-01-01,268.35,96.78,R-036,False,none
C-00215,2024-01-01,387.3,396.69,R-020,False,none
C-00216,2024-01-01,88.69,255.74,R-026,False,none
C-00217,2024-01-01,745.74,1321.49,R-040,True,tamper
C-00218,2024-01-01,251.02,1176.55,R-022,False,none
C-00219,2024-01-01,15.92,2289.68,R-018,False,none
C-00220,2024-01-01,127.34,606.59,R-050,False,none
C-00221,2024-01-01,223.75,1922.52,R-025,False,none
C-00222,2024-01-01,93.51,661.66,R-039,False,none
C-00223,2024-01-01,167.56,551.33,R-002,False,none
C-00224,2024-01-01,129.4,2212.93,R-005,False,none
C-00225,2024-01-01,120.96,684.02,R-051,False,none
C-00226,2024-01-01,11.88,1112.66,R-009,False,none
C-00227,2024-01-01,42.07,300.3,R-048,False,none
C-00228,2024-01-01,98.47,2010.6,R-055,False,none
C-00229,2024-01-01,160.84,1399.54,R-029,False,none
C-00230,2024-01-01,271.24,4534.47,R-054,False,none
C-00231,2024-01-01,2958.6,1825.15,R-026,False,none
C-00232,2024-01-01,433.67,182.2,R-058,False,none
C-00233,2024-01-01,52.83,2405.47,R-015,False,none
C-00234,2024-01-01,7.52,2121.0,R-026,False,none
C-00235,2024-01-01,293.07,1528.68,R-024,False,none
C-00236,2024-01-01,72.88,1044.15,R-048,False,none
C-00237,2024-01-01,238.34,613.8,R-003,False,none
C-00238,2024-01-01,297.42,666.01,R-050,False,none
C-00239,2024-01-01,136.89,55.08,R-002,False,none
C-00240,2024-01-01,203.45,2149.91,R-019,False,none
C-00241,2024-01-01,342.49,1238.99,R-036,False,none
C-00242,2024-01-01,21.75,1060.19,R-009,False,none
C-00243,2024-01-01,19.73,854.85,R-030,False,none
C-00244,2024-01-01,301.6,1216.19,R-060,False,none
C-00245,2024-01-01,409.32,650.68,R-050,False,none
C-00246,2024-01-01,20.23,3140.76,R-002,False,none
C-00247,2024-01-01,180.97,3966.63,R-036,False,none
C-00248,2024-01-01,152.39,146.46,R-036,False,none
C-00249,2024-01-01,3265.51,4296.92,R-005,False,none
C-00250,2024-01-01,11.43,1786.51,R-040,True,kunda
C-00251,2024-01-01,125.99,2727.51,R-032,False,none
C-00252,2024-01-01,27.65,4355.5,R-041,False,none
C-00253,2024-01-01,290.13,229.65,R-018,False,none
C-00254,2024-01-01,319.46,3202.14,R-016,False,none
C-00255,2024-01-01,126.77,880.22,R-045,False,none
C-00256,2024-01-01,50.13,977.39,R-044,False,none
C-00257,2024-01-01,951.03,177.07,R-010,False,none
C-00258,2024-01-01,61.13,1567.35,R-013,False,none
C-00259,2024-01-01,138.6,2144.65,R-036,False,none
C-00260,2024-01-01,104.69,4018.03,R-050,False,none
C-00261,2024-01-01,12.27,247.32,R-013,True,kunda
C-00262,2024-01-01,19.5,227.25,R-014,False,none
C-00263,2024-01-01,23.71,507.12,R-049,False,none
C-00264,2024-01-01,1038.41,114.12,R-042,False,none
C-00265,2024-01-01,86.84,5572.4,R-055,False,none
C-00266,2024-01-01,169.75,383.97,R-048,False,none
C-00267,2024-01-01,23.84,1201.31,R-058,False,none
C-00268,2024-01-01,309.44,548.67,R-012,False,none
C-00269,2024-01-01,95.27,1919.29,R-017,False,none
C-00270,2024-01-01,14.55,308.2,R-015,False,none
C-00271,2024-01-01,281.36,1791.47,R-004,False,none
C-00272,2024-01-01,48.95,7283.55,R-047,False,none
C-00273,2024-01-01,3288.91,5721.39,R-040,False,none
C-00274,2024-01-01,47.31,1050.53,R-006,False,none
C-00275,2024-01-01,85.26,604.91,R-012,False,none
C-00276,2024-01-01,115.94,200.43,R-012,False,none
C-00277,2024-01-01,112.4,1686.46,R-025,False,none
C-00278,2024-01-01,181.12,1249.93,R-028,False,none
C-00279,2024-01-01,169.6,2740.91,R-018,False,none
C-00280,2024-01-01,43.56,295.56,R-056,False,none
C-00281,2024-01-01,137.71,1891.68,R-013,False,none
C-00282,2024-01-01,249.37,136.3,R-034,False,none
C-00283,2024-01-01,245.0,284.69,R-027,False,none
C-00284,2024-01-01,37.93,217.53,R-024,False,none
C-00285,2024-01-01,388.96,670.32,R-050,False,none
C-00286,2024-01-01,150.39,2145.17,R-059,False,none
C-00287,2024-01-01,180.67,1339.04,R-001,False,none
C-00288,2024-01-01,91.83,1181.17,R-028,True,tamper
C-00289,2024-01-01,38.06,1324.52,R-008,False,none
C-00290,2024-01-01,71.26,3543.38,R-027,False,none
C-00291,2024-01-01,224.44,2395.65,R-038,False,none
C-00292,2024-01-01,114.68,1001.58,R-025,False,none
C-00293,2024-01-01,172.59,4158.33,R-019,False,none
C-00294,2024-01-01,165.11,448.0,R-019,False,none
C-00295,2024-01-01,66.46,3428.02,R-018,False,none
C-00296,2024-01-01,186.6,1185.13,R-020,False,none
C-00297,2024-01-01,311.41,390.08,R-023,False,none
C-00298,2024-01-01,149.56,348.13,R-042,False,none
C-00299,2024-01-01,365.86,475.1,R-006,False,none
C-00300,2024-01-01,134.39,4711.32,R-003,False,none
C-00301,2024-01-01,70.05,906.61,R-032,False,none
C-00302,2024-01-01,175.21,1119.13,R-041,False,none
C-00303,2024-01-01,309.76,1519.6,R-016,False,none
C-00304,2024-01-01,95.82,289.35,R-013,False,none
C-00305,2024-01-01,239.13,1025.59,R-038,False,none
C-00306,2024-01-01,119.14,3515.26,R-024,False,none
C-00307,2024-01-01,249.35,806.56,R-045,False,none
C-00308,2024-01-01,140.82,837.11,R-009,False,none
C-00309,2024-01-01,272.96,73.85,R-008,False,none
C-00310,2024-01-01,14.4,655.75,R-034,True,tamper
C-00311,2024-01-01,223.02,663.47,R-024,False,none
C-00312,2024-01-01,353.22,4359.09,R-044,False,none
C-00313,2024-01-01,286.01,3012.59,R-031,False,none
C-00314,2024-01-01,39.76,2472.69,R-022,False,none
C-00315,2024-01-01,198.62,90.85,R-010,False,none
C-00316,2024-01-01,915.83,1224.51,R-010,False,none
C-00317,2024-01-01,49.82,1220.09,R-046,False,none
C-00318,2024-01-01,52.38,597.37,R-014,False,none
C-00319,2024-01-01,319.97,2054.27,R-031,False,none
C-00320,2024-01-01,446.15,222.63,R-050,False,none
C-00321,2024-01-01,33.49,1433.05,R-054,False,none
C-00322,2024-01-01,238.08,774.54,R-017,False,none
C-00323,2024-01-01,150.41,688.77,R-007,False,none
C-00324,2024-01-01,349.3,1402.61,R-047,False,none
C-00325,2024-01-01,864.03,3158.07,R-042,False,none
C-00326,2024-01-01,59.77,176.25,R-020,False,none
C-00327,2024-01-01,237.34,526.11,R-036,True,tamper
C-00328,2024-01-01,11.3,1971.17,R-012,True,kunda
C-00329,2024-01-01,63.45,1661.41,R-043,False,none
C-00330,2024-01-01,35.23,788.05,R-044,False,none
C-00331,2024-01-01,50.48,1856.76,R-018,False,none
C-00332,2024-01-01,823.54,1105.39,R-029,False,none
C-00333,2024-01-01,247.55,1482.87,R-021,False,none
C-00334,2024-01-01,503.67,943.27,R-002,False,none
C-00335,2024-01-01,560.87,76.91,R-008,False,none
C-00336,2024-01-01,111.12,462.13,R-058,False,none
C-00337,2024-01-01,107.12,1005.65,R-028,False,none
C-00338,2024-01-01,74.92,329.72,R-009,False,none
C-00339,2024-01-01,23.12,4156.79,R-003,False,none
C-00340,2024-01-01,144.4,5143.52,R-022,False,none
C-00341,2024-01-01,196.12,1191.86,R-059,True,collusion
C-00342,2024-01-01,250.12,2360.78,R-024,False,none
C-00343,2024-01-01,290.42,49.01,R-060,False,none
C-00344,2024-01-01,44.57,1146.78,R-030,True,tamper
C-00345,2024-01-01,196.59,1043.22,R-046,False,none
C-00346,2024-01-01,285.31,389.47,R-048,False,none
C-00347,2024-01-01,67.16,1152.29,R-002,False,none
C-00348,2024-01-01,449.61,1833.94,R-001,False,none
C-00349,2024-01-01,1020.17,1671.73,R-056,False,none
C-00350,2024-01-01,420.66,283.63,R-056,False,none
C-00351,2024-01-01,134.18,161.45,R-008,False,none
C-00352,2024-01-01,285.38,1975.7,R-039,False,none
C-00353,2024-01-01,147.04,591.65,R-056,False,none
C-00354,2024-01-01,1094.05,78.99,R-058,False,none
C-00355,2024-01-01,43.02,1069.46,R-018,False,none
C-00356,2024-01-01,114.19,3793.12,R-050,False,none
C-00357,2024-01-01,229.09,60.17,R-039,False,none
C-00358,2024-01-01,187.86,291.25,R-056,False,none
C-00359,2024-01-01,2128.15,987.68,R-009,False,none
C-00360,2024-01-01,85.32,988.36,R-037,False,none
C-00361,2024-01-01,250.49,121.01,R-002,False,none
C-00362,2024-01-01,162.88,571.88,R-022,False,none
C-00363,2024-01-01,113.06,1451.12,R-001,False,none
C-00364,2024-01-01,319.83,2502.56,R-027,False,none
C-00365,2024-01-01,1653.46,406.26,R-049,False,none
C-00366,2024-01-01,170.71,975.49,R-040,False,none
C-00367,2024-01-01,78.78,1689.68,R-020,False,none
C-00368,2024-01-01,56.88,231.43,R-026,False,none
C-00369,2024-01-01,459.23,1245.69,R-023,False,none
C-00370,2024-01-01,720.58,5268.3,R-044,False,none
C-00371,2024-01-01,201.56,492.56,R-016,False,none
C-00372,2024-01-01,44.48,2796.96,R-006,False,none
C-00373,2024-01-01,344.11,34.8,R-031,False,none
C-00374,2024-01-01,653.9,1195.19,R-050,False,none
C-00375,2024-01-01,164.52,1192.72,R-029,False,none
C-00376,2024-01-01,66.43,1252.12,R-013,False,none
C-00377,2024-01-01,279.18,2003.46,R-003,False,none
C-00378,2024-01-01,7.52,900.69,R-057,True,kunda
C-00379,2024-01-01,89.94,1210.39,R-046,False,none
C-00380,2024-01-01,1922.75,794.43,R-010,False,none
C-00381,2024-01-01,1328.39,1402.05,R-005,False,none
C-00382,2024-01-01,102.58,1923.86,R-008,False,none
C-00383,2024-01-01,217.65,2374.16,R-023,False,none
C-00384,2024-01-01,82.54,886.45,R-049,False,none
C-00385,2024-01-01,326.83,1579.41,R-010,False,none
C-00386,2024-01-01,150.37,2120.21,R-050,False,none
C-00387,2024-01-01,166.18,7494.3,R-001,False,none
C-00388,2024-01-01,13.2,2283.1,R-045,False,none
C-00389,2024-01-01,207.66,2166.55,R-017,False,none
C-00390,2024-01-01,20.42,1969.94,R-058,False,none
C-00391,2024-01-01,29.97,2244.29,R-029,False,none
C-00392,2024-01-01,261.7,1237.43,R-017,False,none
C-00393,2024-01-01,845.78,4936.08,R-015,False,none
C-00394,2024-01-01,446.03,2793.11,R-050,False,none
C-00395,2024-01-01,121.09,1081.3,R-025,False,none
C-00396,2024-01-01,417.52,2176.39,R-022,False,none
C-00397,2024-01-01,18.24,3823.04,R-045,True,kunda
C-00398,2024-01-01,51.4,495.67,R-033,False,none
C-00399,2024-01-01,191.68,824.02,R-040,False,none
C-00400,2024-01-01,561.51,10.05,R-027,False,none
C-00401,2024-01-01,54.94,1184.7,R-004,False,none
C-00402,2024-01-01,108.61,857.29,R-001,False,none
C-00403,2024-01-01,22.78,685.51,R-003,False,none
C-00404,2024-01-01,430.63,3497.55,R-035,False,none
C-00405,2024-01-01,15.46,1468.75,R-031,False,none
C-00406,2024-01-01,165.19,2028.34,R-045,False,none
C-00407,2024-01-01,201.92,58.22,R-054,False,none
C-00408,2024-01-01,41.05,979.9,R-011,False,none
C-00409,2024-01-01,108.27,847.82,R-058,False,none
C-00410,2024-01-01,22.9,1405.74,R-056,False,none
C-00411,2024-01-01,71.81,2863.63,R-037,False,none
C-00412,2024-01-01,166.48,127.62,R-032,False,none
C-00413,2024-01-01,576.97,754.48,R-011,True,collusion
C-00414,2024-01-01,153.13,1134.33,R-011,False,none
C-00415,2024-01-01,177.64,288.4,R-002,False,none
C-00416,2024-01-01,314.56,216.78,R-039,False,none
C-00417,2024-01-01,1119.59,50.68,R-026,False,none
C-00418,2024-01-01,14.02,650.26,R-012,False,none
C-00419,2024-01-01,673.58,641.78,R-009,False,none
C-00420,2024-01-01,110.69,2373.32,R-004,False,none
C-00421,2024-01-01,261.86,298.99,R-039,False,none
C-00422,2024-01-01,166.15,1733.3,R-042,False,none
C-00423,2024-01-01,126.25,2331.01,R-038,False,none
C-00424,2024-01-01,17.36,4931.75,R-007,True,kunda
C-00425,2024-01-01,26.56,677.39,R-003,False,none
C-00426,2024-01-01,81.44,1323.73,R-007,False,none
C-00427,2024-01-01,58.87,579.68,R-046,False,none
C-00428,2024-01-01,329.48,1123.37,R-045,False,none
C-00429,2024-01-01,233.93,772.27,R-018,False,none
C-00430,2024-01-01,17.89,57.41,R-004,False,none
C-00431,2024-01-01,246.13,348.4,R-020,False,none
C-00432,2024-01-01,329.23,1180.42,R-049,False,none
C-00433,2024-01-01,37.58,1541.54,R-009,False,none
C-00434,2024-01-01,10.07,1997.13,R-048,True,kunda
C-00435,2024-01-01,59.56,1184.1,R-028,False,none
C-00436,2024-01-01,476.19,2131.34,R-009,False,none
C-00437,2024-01-01,219.54,1671.16,R-057,False,none
C-00438,2024-01-01,207.03,1164.43,R-032,True,kunda
C-00439,2024-01-01,171.04,756.67,R-041,False,none
C-00440,2024-01-01,149.55,2335.6,R-006,False,none
C-00441,2024-01-01,292.91,255.27,R-023,False,none
C-00442,2024-01-01,177.07,2318.72,R-038,False,none
C-00443,2024-01-01,673.0,13.1,R-039,False,none
C-00444,2024-01-01,6527.32,3801.92,R-004,False,none
C-00445,2024-01-01,258.77,3517.21,R-037,False,none
C-00446,2024-01-01,17.81,39.51,R-057,False,none
C-00447,2024-01-01,254.46,2310.19,R-048,False,none
C-00448,2024-01-01,69.62,700.76,R-013,False,none
C-00449,2024-01-01,266.05,3996.67,R-055,False,none
C-00450,2024-01-01,273.25,1793.63,R-041,False,none
C-00451,2024-01-01,414.99,1172.57,R-004,False,none
C-00452,2024-01-01,148.96,3232.45,R-008,False,none
C-00453,2024-01-01,748.66,3700.06,R-056,False,none
C-00454,2024-01-01,25.11,200.41,R-013,True,kunda
C-00455,2024-01-01,164.77,3930.44,R-006,False,none
C-00456,2024-01-01,187.5,525.65,R-028,False,none
C-00457,2024-01-01,307.77,3315.88,R-032,False,none
C-00458,2024-01-01,38.02,755.02,R-035,True,tamper
C-00459,2024-01-01,53.32,600.43,R-040,True,tamper
C-00460,2024-01-01,247.93,719.44,R-060,False,none
C-00461,2024-01-01,90.37,629.24,R-046,False,none
C-00462,2024-01-01,386.5,940.0,R-002,False,none
C-00463,2024-01-01,108.06,430.58,R-006,False,none
C-00464,2024-01-01,69.58,5540.29,R-001,False,none
C-00465,2024-01-01,305.46,209.16,R-024,False,none
C-00466,2024-01-01,87.45,1413.29,R-022,False,none
C-00467,2024-01-01,59.92,488.57,R-057,False,none
C-00468,2024-01-01,195.67,1721.2,R-022,False,none
C-00469,2024-01-01,32.09,7286.51,R-002,False,none
C-00470,2024-01-01,175.73,3059.95,R-054,False,none
C-00471,2024-01-01,370.85,232.44,R-016,False,none
C-00472,2024-01-01,182.21,4189.09,R-055,False,none
C-00473,2024-01-01,617.23,3280.29,R-047,False,none
C-00474,2024-01-01,167.43,11182.46,R-053,False,none
C-00475,2024-01-01,30.75,4278.82,R-050,False,none
C-00476,2024-01-01,227.52,2361.04,R-009,False,none
C-00477,2024-01-01,177.47,3447.34,R-038,True,tamper
C-00478,2024-01-01,74.12,2009.57,R-025,False,none
C-00479,2024-01-01,156.15,411.92,R-038,False,none
C-00480,2024-01-01,163.15,2648.4,R-045,False,none
C-00481,2024-01-01,43.13,330.6,R-031,False,none
C-00482,2024-01-01,93.22,1215.94,R-019,False,none
C-00483,2024-01-01,187.57,413.99,R-055,False,none
C-00484,2024-01-01,81.27,6355.55,R-040,False,none
C-00485,2024-01-01,143.6,1156.6,R-054,False,none
C-00486,2024-01-01,5.97,3329.52,R-015,True,kunda
C-00487,2024-01-01,105.85,945.17,R-051,False,none
C-00488,2024-01-01,63.72,114.19,R-020,True,tamper
C-00489,2024-01-01,46.29,194.82,R-028,False,none
C-00490,2024-01-01,270.21,3603.78,R-052,False,none
C-00491,2024-01-01,305.09,497.1,R-022,True,collusion
C-00492,2024-01-01,427.71,559.28,R-016,False,none
C-00493,2024-01-01,160.95,2224.12,R-055,False,none
C-00494,2024-01-01,24.61,1208.24,R-058,False,none
C-00495,2024-01-01,242.83,3827.45,R-019,False,none
C-00496,2024-01-01,44.65,804.77,R-019,False,none
C-00497,2024-01-01,133.79,2676.78,R-014,False,none
C-00498,2024-01-01,80.03,3683.26,R-002,False,none
C-00499,2024-01-01,203.8,2009.76,R-034,True,tamper
C-00500,2024-01-01,310.84,325.6,R-016,False,none
C-00501,2024-01-01,148.39,1539.72,R-051,False,none
C-00502,2024-01-01,338.12,3357.52,R-011,False,none
C-00503,2024-01-01,307.83,3030.92,R-039,False,none
C-00504,2024-01-01,61.65,6.79,R-031,False,none
C-00505,2024-01-01,358.88,530.89,R-037,False,none
C-00506,2024-01-01,160.0,357.7,R-007,False,none
C-00507,2024-01-01,335.67,2295.89,R-028,False,none
C-00508,2024-01-01,149.58,1336.18,R-038,False,none
C-00509,2024-01-01,311.05,93.09,R-021,False,none
C-00510,2024-01-01,723.08,1273.63,R-053,True,tamper
C-00511,2024-01-01,212.39,375.91,R-032,False,none
C-00512,2024-01-01,24.52,482.03,R-022,False,none
C-00513,2024-01-01,26.48,1033.14,R-002,False,none
C-00514,2024-01-01,860.76,1575.41,R-011,False,none
C-00515,2024-01-01,16.21,8652.56,R-029,False,none
C-00516,2024-01-01,993.81,3487.28,R-025,False,none
C-00517,2024-01-01,224.29,270.87,R-053,False,none
C-00518,2024-01-01,1385.74,228.75,R-048,False,none
C-00519,2024-01-01,31.16,271.27,R-010,False,none
C-00520,2024-01-01,389.94,934.86,R-036,False,none
C-00521,2024-01-01,501.76,73.44,R-028,False,none
C-00522,2024-01-01,180.16,4192.19,R-007,False,none
C-00523,2024-01-01,128.86,342.12,R-040,False,none
C-00524,2024-01-01,25.23,1215.3,R-033,False,none
C-00525,2024-01-01,305.44,1983.01,R-006,False,none
C-00526,2024-01-01,205.62,5680.4,R-029,False,none
C-00527,2024-01-01,288.63,125.33,R-044,False,none
C-00528,2024-01-01,28.37,874.24,R-020,False,none
C-00529,2024-01-01,363.43,732.27,R-022,False,none
C-00530,2024-01-01,30.54,2804.18,R-007,False,none
C-00531,2024-01-01,57.71,538.01,R-013,False,none
C-00532,2024-01-01,111.31,801.34,R-059,False,none
C-00533,2024-01-01,375.74,268.49,R-038,False,none
C-00534,2024-01-01,20.61,268.66,R-011,False,none
C-00535,2024-01-01,338.95,78.77,R-029,False,none
C-00536,2024-01-01,173.64,2371.58,R-012,False,none
C-00537,2024-01-01,96.78,2366.29,R-027,False,none
C-00538,2024-01-01,245.77,309.68,R-009,False,none
C-00539,2024-01-01,331.08,2075.06,R-038,False,none
C-00540,2024-01-01,117.51,1007.32,R-035,False,none
C-00541,2024-01-01,287.16,1064.32,R-039,False,none
C-00542,2024-01-01,13.95,2322.47,R-027,False,none
C-00543,2024-01-01,336.49,841.92,R-018,False,none
C-00544,2024-01-01,505.23,1402.9,R-015,False,none
C-00545,2024-01-01,528.78,2301.46,R-013,False,none
C-00546,2024-01-01,247.74,552.39,R-026,False,none
C-00547,2024-01-01,25.33,3379.13,R-028,False,none
C-00548,2024-01-01,152.43,4033.96,R-041,False,none
C-00549,2024-01-01,511.28,3419.22,R-004,False,none
C-00550,2024-01-01,204.15,10.17,R-017,False,none
C-00551,2024-01-01,25.19,665.27,R-052,True,kunda
C-00552,2024-01-01,62.52,1823.16,R-055,False,none
C-00553,2024-01-01,71.15,902.8,R-056,False,none
C-00554,2024-01-01,170.36,108.62,R-019,False,none
C-00555,2024-01-01,62.84,1868.89,R-009,False,none
C-00556,2024-01-01,280.56,1205.74,R-012,False,none
C-00557,2024-01-01,217.58,479.49,R-008,False,none
C-00558,2024-01-01,38.95,183.08,R-058,False,none
C-00559,2024-01-01,90.87,731.22,R-054,False,none
C-00560,2024-01-01,89.22,1843.75,R-049,False,none
C-00561,2024-01-01,78.84,1196.25,R-044,False,none
C-00562,2024-01-01,1123.17,226.07,R-021,False,none
C-00563,2024-01-01,77.91,225.07,R-029,False,none
C-00564,2024-01-01,46.67,2371.67,R-051,False,none
C-00565,2024-01-01,74.27,216.53,R-049,False,none
C-00566,2024-01-01,799.42,1427.35,R-032,False,none
C-00567,2024-01-01,164.05,218.54,R-051,False,none
C-00568,2024-01-01,10.73,248.53,R-021,True,kunda
C-00569,2024-01-01,5.64,1134.91,R-025,True,kunda
C-00570,2024-01-01,744.65,205.33,R-051,False,none
C-00571,2024-01-01,122.64,2044.76,R-023,False,none
C-00572,2024-01-01,193.39,2795.83,R-046,False,none
C-00573,2024-01-01,55.81,500.11,R-028,False,none
C-00574,2024-01-01,539.84,1075.56,R-018,False,none
C-00575,2024-01-01,496.87,3765.72,R-014,False,none
C-00576,2024-01-01,771.69,617.81,R-037,False,none
C-00577,2024-01-01,121.42,714.76,R-029,False,none
C-00578,2024-01-01,172.78,361.19,R-023,False,none
C-00579,2024-01-01,290.02,2023.45,R-045,False,none
C-00580,2024-01-01,145.53,1162.23,R-001,False,none
C-00581,2024-01-01,143.62,224.15,R-006,False,none
C-00582,2024-01-01,262.38,1424.94,R-058,False,none
C-00583,2024-01-01,82.16,523.69,R-040,False,none
C-00584,2024-01-01,299.5,329.85,R-033,False,none
C-00585,2024-01-01,2667.07,2072.45,R-001,False,none
C-00586,2024-01-01,972.86,2127.54,R-036,False,none
C-00587,2024-01-01,26.06,415.67,R-027,False,none
C-00588,2024-01-01,98.45,721.57,R-036,False,none
C-00589,2024-01-01,720.14,3432.48,R-003,False,none
C-00590,2024-01-01,51.39,1522.52,R-034,False,none
C-00591,2024-01-01,329.65,996.33,R-035,False,none
C-00592,2024-01-01,393.81,934.86,R-018,False,none
C-00593,2024-01-01,95.34,5151.23,R-004,False,none
C-00594,2024-01-01,145.27,4185.74,R-059,False,none
C-00595,2024-01-01,1611.87,3055.94,R-043,False,none
C-00596,2024-01-01,295.23,1613.36,R-038,False,none
C-00597,2024-01-01,13.3,4220.03,R-047,False,none
C-00598,2024-01-01,45.79,933.3,R-041,False,none
C-00599,2024-01-01,61.54,2478.34,R-009,False,none
C-00600,2024-01-01,92.77,1001.53,R-028,False,none
C-00601,2024-01-01,63.66,3056.25,R-054,False,none
C-00602,2024-01-01,181.42,1305.62,R-018,False,none
C-00603,2024-01-01,401.77,3157.31,R-059,False,none
C-00604,2024-01-01,25.97,2919.92,R-004,False,none
C-00605,2024-01-01,632.06,1607.76,R-020,False,none
C-00606,2024-01-01,39.06,1658.16,R-022,False,none
C-00607,2024-01-01,146.38,186.93,R-038,False,none
C-00608,2024-01-01,38.14,308.95,R-011,False,none
C-00609,2024-01-01,34.37,477.56,R-014,False,none
C-00610,2024-01-01,26.69,773.86,R-040,False,none
C-00611,2024-01-01,108.41,1521.36,R-018,False,none
C-00612,2024-01-01,245.15,369.64,R-053,False,none
C-00613,2024-01-01,150.84,14.91,R-053,False,none
C-00614,2024-01-01,38.17,3292.61,R-019,False,none
C-00615,2024-01-01,190.98,61.43,R-034,False,none
C-00616,2024-01-01,14.75,3724.72,R-020,False,none
C-00617,2024-01-01,183.93,401.72,R-021,False,none
C-00618,2024-01-01,297.78,1803.76,R-041,False,none
C-00619,2024-01-01,62.04,769.33,R-018,False,none
C-00620,2024-01-01,45.68,4254.47,R-009,False,none
C-00621,2024-01-01,205.44,2626.56,R-016,False,none
C-00622,2024-01-01,557.78,1520.78,R-056,False,none
C-00623,2024-01-01,9.73,36.91,R-016,False,none
C-00624,2024-01-01,533.91,1263.79,R-022,False,none
C-00625,2024-01-01,449.38,839.24,R-038,False,none
C-00626,2024-01-01,101.95,1702.49,R-007,False,none
C-00627,2024-01-01,95.11,724.46,R-017,False,none
C-00628,2024-01-01,804.66,2540.64,R-011,False,none
C-00629,2024-01-01,27.82,589.41,R-056,False,none
C-00630,2024-01-01,25.58,432.49,R-056,False,none
C-00631,2024-01-01,77.88,904.09,R-046,False,none
C-00632,2024-01-01,7.24,354.54,R-015,False,none
C-00633,2024-01-01,197.94,505.1,R-037,False,none
C-00634,2024-01-01,1896.09,1518.27,R-040,False,none
C-00635,2024-01-01,2074.97,329.8,R-053,False,none
C-00636,2024-01-01,181.48,2032.12,R-010,False,none
C-00637,2024-01-01,7.09,336.81,R-045,False,none
C-00638,2024-01-01,380.89,3184.43,R-012,False,none
C-00639,2024-01-01,638.18,2844.09,R-035,False,none
C-00640,2024-01-01,112.01,250.04,R-053,False,none
C-00641,2024-01-01,80.84,297.42,R-004,False,none
C-00642,2024-01-01,721.06,2627.82,R-009,False,none
C-00643,2024-01-01,44.07,3406.04,R-049,False,none
C-00644,2024-01-01,196.88,1540.31,R-002,False,none
C-00645,2024-01-01,744.22,3160.32,R-042,False,none
C-00646,2024-01-01,7.76,1442.09,R-031,False,none
C-00647,2024-01-01,77.2,1568.73,R-021,False,none
C-00648,2024-01-01,57.86,1281.07,R-052,False,none
C-00649,2024-01-01,285.18,1377.22,R-051,False,none
C-00650,2024-01-01,103.5,2054.69,R-020,False,none
C-00651,2024-01-01,123.28,356.16,R-001,False,none
C-00652,2024-01-01,294.78,2222.7,R-008,False,none
C-00653,2024-01-01,1124.84,386.04,R-007,False,none
C-00654,2024-01-01,657.22,897.61,R-059,False,none
C-00655,2024-01-01,160.94,2270.06,R-036,False,none
C-00656,2024-01-01,132.99,690.24,R-041,False,none
C-00657,2024-01-01,4618.94,7066.83,R-014,False,none
C-00658,2024-01-01,35.44,1402.64,R-052,True,tamper
C-00659,2024-01-01,879.03,3812.95,R-044,False,none
C-00660,2024-01-01,118.71,2101.03,R-046,False,none
C-00661,2024-01-01,1466.15,852.66,R-029,False,none
C-00662,2024-01-01,786.09,2489.33,R-042,False,none
C-00663,2024-01-01,243.0,730.96,R-033,False,none
C-00664,2024-01-01,856.02,811.52,R-024,False,none
C-00665,2024-01-01,226.41,5812.71,R-036,False,none
C-00666,2024-01-01,164.46,2307.81,R-020,False,none
C-00667,2024-01-01,137.18,513.23,R-058,False,none
C-00668,2024-01-01,145.92,692.22,R-044,True,tamper
C-00669,2024-01-01,113.35,659.26,R-045,False,none
C-00670,2024-01-01,2546.8,2745.95,R-044,False,none
C-00671,2024-01-01,342.98,1212.15,R-027,False,none
C-00672,2024-01-01,27.83,4407.5,R-058,False,none
C-00673,2024-01-01,62.65,2676.15,R-013,False,none
C-00674,2024-01-01,135.89,1716.21,R-035,True,tamper
C-00675,2024-01-01,65.12,1020.97,R-005,False,none
C-00676,2024-01-01,14.15,2210.02,R-018,False,none
C-00677,2024-01-01,10.58,658.67,R-035,True,kunda
C-00678,2024-01-01,157.95,472.15,R-030,False,none
C-00679,2024-01-01,28.71,956.82,R-057,False,none
C-00680,2024-01-01,220.24,2579.47,R-037,False,none
C-00681,2024-01-01,467.63,1621.99,R-025,False,none
C-00682,2024-01-01,99.06,807.51,R-026,False,none
C-00683,2024-01-01,143.63,1902.66,R-037,False,none
C-00684,2024-01-01,441.77,419.45,R-048,False,none
C-00685,2024-01-01,64.47,13.29,R-017,False,none
C-00686,2024-01-01,2268.62,1065.79,R-036,False,none
C-00687,2024-01-01,159.2,959.97,R-035,False,none
C-00688,2024-01-01,46.79,1379.89,R-001,False,none
C-00689,2024-01-01,260.48,2016.38,R-055,False,none
C-00690,2024-01-01,1063.36,629.5,R-035,False,none
C-00691,2024-01-01,195.82,3925.23,R-015,False,none
C-00692,2024-01-01,23.2,550.76,R-039,False,none
C-00693,2024-01-01,386.49,4538.31,R-041,False,none
C-00694,2024-01-01,107.52,433.74,R-055,False,none
C-00695,2024-01-01,84.85,1795.11,R-003,False,none
C-00696,2024-01-01,126.47,10.95,R-025,False,none
C-00697,2024-01-01,257.0,53.97,R-011,True,collusion
C-00698,2024-01-01,139.91,654.34,R-035,False,none
C-00699,2024-01-01,411.69,235.35,R-031,False,none
C-00700,2024-01-01,237.85,1737.86,R-029,False,none
C-00701,2024-01-01,88.18,1636.51,R-059,False,none
C-00702,2024-01-01,170.72,858.67,R-032,False,none
C-00703,2024-01-01,21.78,669.49,R-025,True,kunda
C-00704,2024-01-01,329.46,653.13,R-005,False,none
C-00705,2024-01-01,220.75,359.4,R-018,False,none
C-00706,2024-01-01,130.04,1674.69,R-054,False,none
C-00707,2024-01-01,15.73,4390.42,R-028,False,none
C-00708,2024-01-01,44.74,552.75,R-055,False,none
C-00709,2024-01-01,372.7,288.67,R-032,False,none
C-00710,2024-01-01,89.83,3660.24,R-033,False,none
C-00711,2024-01-01,84.39,1649.48,R-026,False,none
C-00712,2024-01-01,336.89,2063.78,R-034,False,none
C-00713,2024-01-01,79.82,1784.04,R-005,False,none
C-00714,2024-01-01,240.49,951.12,R-004,False,none
C-00715,2024-01-01,6.19,527.3,R-029,True,kunda
C-00716,2024-01-01,150.65,3954.35,R-036,False,none
C-00717,2024-01-01,144.51,1158.33,R-034,False,none
C-00718,2024-01-01,207.78,295.9,R-026,False,none
C-00719,2024-01-01,195.13,947.26,R-018,False,none
C-00720,2024-01-01,85.88,441.06,R-043,False,none
C-00721,2024-01-01,605.34,4092.02,R-037,False,none
C-00722,2024-01-01,146.13,2266.53,R-003,False,none
C-00723,2024-01-01,122.45,114.45,R-028,False,none
C-00724,2024-01-01,110.27,904.48,R-043,False,none
C-00725,2024-01-01,144.37,1435.88,R-048,False,none
C-00726,2024-01-01,276.28,877.99,R-018,False,none
C-00727,2024-01-01,63.07,475.68,R-056,False,none
C-00728,2024-01-01,5191.88,4136.87,R-040,False,none
C-00729,2024-01-01,210.37,24.73,R-027,False,none
C-00730,2024-01-01,344.42,962.22,R-038,False,none
C-00731,2024-01-01,249.52,1093.87,R-053,False,none
C-00732,2024-01-01,99.53,219.51,R-014,False,none
C-00733,2024-01-01,43.15,1795.57,R-010,True,tamper
C-00734,2024-01-01,236.19,726.37,R-027,False,none
C-00735,2024-01-01,12.42,454.61,R-006,False,none
C-00736,2024-01-01,101.52,1455.69,R-051,False,none
C-00737,2024-01-01,117.63,401.7,R-059,False,none
C-00738,2024-01-01,224.15,565.57,R-037,False,none
C-00739,2024-01-01,368.65,1780.31,R-059,False,none
C-00740,2024-01-01,222.12,366.44,R-005,False,none
C-00741,2024-01-01,415.85,790.22,R-038,False,none
C-00742,2024-01-01,518.44,435.81,R-027,False,none
C-00743,2024-01-01,39.26,1042.14,R-017,False,none
C-00744,2024-01-01,37.54,1739.72,R-019,False,none
C-00745,2024-01-01,49.01,2292.32,R-033,False,none
C-00746,2024-01-01,43.18,297.91,R-039,False,none
C-00747,2024-01-01,1933.42,1084.53,R-010,False,none
C-00748,2024-01-01,131.08,1143.03,R-037,False,none
C-00749,2024-01-01,473.19,678.0,R-056,False,none
C-00750,2024-01-01,63.56,2894.98,R-001,False,none
C-00751,2024-01-01,29.94,1320.4,R-053,False,none
C-00752,2024-01-01,2489.14,301.79,R-037,False,none
C-00753,2024-01-01,11.47,717.41,R-021,True,kunda
C-00754,2024-01-01,263.59,62.85,R-045,False,none
C-00755,2024-01-01,324.94,3330.77,R-038,False,none
C-00756,2024-01-01,51.65,1588.35,R-047,False,none
C-00757,2024-01-01,181.78,843.22,R-005,False,none
C-00758,2024-01-01,65.66,397.33,R-004,False,none
C-00759,2024-01-01,88.84,1051.69,R-039,False,none
C-00760,2024-01-01,80.17,6647.82,R-019,False,none
C-00761,2024-01-01,12.44,2066.11,R-015,False,none
C-00762,2024-01-01,191.26,1595.63,R-026,True,tamper
C-00763,2024-01-01,212.29,1720.66,R-044,False,none
C-00764,2024-01-01,302.96,1199.53,R-011,False,none
C-00765,2024-01-01,404.99,1335.51,R-059,False,none
C-00766,2024-01-01,439.92,2313.93,R-026,False,none
C-00767,2024-01-01,252.99,1443.12,R-010,False,none
C-00768,2024-01-01,1052.32,2300.28,R-005,False,none
C-00769,2024-01-01,161.78,1272.94,R-052,False,none
C-00770,2024-01-01,78.4,1283.8,R-007,False,none
C-00771,2024-01-01,151.04,902.36,R-026,False,none
C-00772,2024-01-01,227.59,2765.84,R-041,False,none
C-00773,2024-01-01,516.03,258.21,R-031,False,none
C-00774,2024-01-01,161.69,1659.83,R-016,False,none
C-00775,2024-01-01,196.32,1009.77,R-007,False,none
C-00776,2024-01-01,63.84,624.7,R-043,False,none
C-00777,2024-01-01,144.08,208.6,R-030,False,none
C-00778,2024-01-01,286.49,1675.62,R-003,False,none
C-00779,2024-01-01,129.49,1739.41,R-011,False,none
C-00780,2024-01-01,7.7,604.67,R-034,True,kunda
C-00781,2024-01-01,155.29,945.5,R-011,False,none
C-00782,2024-01-01,77.16,182.76,R-024,False,none
C-00783,2024-01-01,96.89,1395.17,R-008,False,none
C-00784,2024-01-01,19.07,791.27,R-048,False,none
C-00785,2024-01-01,195.39,1180.9,R-038,False,none
C-00786,2024-01-01,233.21,382.06,R-048,False,none
C-00787,2024-01-01,270.31,4556.46,R-004,False,none
C-00788,2024-01-01,32.59,1871.19,R-023,False,none
C-00789,2024-01-01,295.23,2720.53,R-017,False,none
C-00790,2024-01-01,273.46,267.0,R-038,False,none
C-00791,2024-01-01,634.05,1545.49,R-050,False,none
C-00792,2024-01-01,130.02,1035.09,R-014,False,none
C-00793,2024-01-01,526.96,1379.97,R-047,False,none
C-00794,2024-01-01,19.59,146.49,R-035,True,kunda
C-00795,2024-01-01,310.04,2148.23,R-050,False,none
C-00796,2024-01-01,290.3,3855.42,R-005,False,none
C-00797,2024-01-01,86.36,1025.47,R-060,False,none
C-00798,2024-01-01,54.71,393.29,R-027,False,none
C-00799,2024-01-01,249.85,68.79,R-017,False,none
C-00800,2024-01-01,42.94,83.48,R-011,False,none
C-00801,2024-01-01,228.09,4406.01,R-060,True,collusion
C-00802,2024-01-01,74.86,910.89,R-054,False,none
C-00803,2024-01-01,85.69,2172.47,R-008,True,tamper
C-00804,2024-01-01,355.64,2784.84,R-027,False,none
C-00805,2024-01-01,143.55,4018.98,R-045,False,none
C-00806,2024-01-01,409.43,4083.09,R-036,False,none
C-00807,2024-01-01,1527.6,1077.76,R-012,False,none
C-00808,2024-01-01,144.4,3285.43,R-022,False,none
C-00809,2024-01-01,155.09,2548.11,R-023,False,none
C-00810,2024-01-01,378.18,2565.99,R-018,False,none
C-00811,2024-01-01,1011.84,768.44,R-058,False,none
C-00812,2024-01-01,84.04,726.02,R-013,True,tamper
C-00813,2024-01-01,239.03,2048.97,R-043,False,none
C-00814,2024-01-01,459.92,573.3,R-055,False,none
C-00815,2024-01-01,220.39,2365.08,R-048,False,none
C-00816,2024-01-01,49.8,1029.69,R-048,False,none
C-00817,2024-01-01,97.11,1287.36,R-010,False,none
C-00818,2024-01-01,21.18,1267.27,R-008,False,none
C-00819,2024-01-01,20.93,987.11,R-047,False,none
C-00820,2024-01-01,246.61,6397.6,R-045,False,none
C-00821,2024-01-01,28.28,1864.3,R-045,False,none
C-00822,2024-01-01,176.09,989.11,R-026,True,tamper
C-00823,2024-01-01,200.57,937.31,R-032,False,none
C-00824,2024-01-01,111.34,134.11,R-001,False,none
C-00825,2024-01-01,314.1,367.44,R-018,False,none
C-00826,2024-01-01,269.25,1570.93,R-032,False,none
C-00827,2024-01-01,39.66,139.11,R-008,False,none
C-00828,2024-01-01,462.2,534.85,R-008,False,none
C-00829,2024-01-01,2189.59,2025.7,R-003,False,none
C-00830,2024-01-01,187.6,2554.6,R-013,False,none
C-00831,2024-01-01,162.57,918.21,R-060,False,none
C-00832,2024-01-01,146.48,49.51,R-042,False,none
C-00833,2024-01-01,472.16,609.62,R-057,False,none
C-00834,2024-01-01,285.7,1133.69,R-016,False,none
C-00835,2024-01-01,9.71,2517.63,R-036,True,kunda
C-00836,2024-01-01,45.8,2130.74,R-054,False,none
C-00837,2024-01-01,45.01,75.74,R-022,False,none
C-00838,2024-01-01,148.39,3078.7,R-040,False,none
C-00839,2024-01-01,224.41,1116.07,R-042,False,none
C-00840,2024-01-01,304.32,2210.48,R-050,False,none
C-00841,2024-01-01,215.03,15.78,R-059,False,none
C-00842,2024-01-01,142.1,1690.06,R-037,True,tamper
C-00843,2024-01-01,1050.71,2837.04,R-035,False,none
C-00844,2024-01-01,211.42,2388.92,R-053,False,none
C-00845,2024-01-01,662.51,878.46,R-042,False,none
C-00846,2024-01-01,5.86,1117.5,R-022,False,none
C-00847,2024-01-01,24.58,988.1,R-038,False,none
C-00848,2024-01-01,251.86,713.61,R-033,False,none
C-00849,2024-01-01,44.97,1384.96,R-014,False,none
C-00850,2024-01-01,112.13,61.62,R-031,False,none
C-00851,2024-01-01,513.16,201.71,R-038,False,none
C-00852,2024-01-01,73.07,192.29,R-055,False,none
C-00853,2024-01-01,296.3,788.08,R-035,False,none
C-00854,2024-01-01,1767.39,159.2,R-010,False,none
C-00855,2024-01-01,36.01,4658.16,R-060,False,none
C-00856,2024-01-01,230.52,762.48,R-035,False,none
C-00857,2024-01-01,538.95,346.59,R-018,False,none
C-00858,2024-01-01,174.3,528.72,R-046,False,none
C-00859,2024-01-01,29.94,1328.86,R-024,False,none
C-00860,2024-01-01,100.15,575.48,R-023,False,none
C-00861,2024-01-01,14.32,619.55,R-051,False,none
C-00862,2024-01-01,205.53,1995.64,R-053,False,none
C-00863,2024-01-01,29.25,620.84,R-032,False,none
C-00864,2024-01-01,17.32,841.74,R-023,True,kunda
C-00865,2024-01-01,494.21,151.93,R-052,False,none
C-00866,2024-01-01,179.5,2335.47,R-011,False,none
C-00867,2024-01-01,78.05,428.91,R-045,False,none
C-00868,2024-01-01,40.06,4600.48,R-036,False,none
C-00869,2024-01-01,2094.42,148.77,R-052,False,none
C-00870,2024-01-01,112.73,1533.98,R-026,False,none
C-00871,2024-01-01,71.33,2903.56,R-050,False,none
C-00872,2024-01-01,167.77,2606.36,R-001,False,none
C-00873,2024-01-01,345.91,1287.98,R-046,False,none
C-00874,2024-01-01,214.86,554.0,R-005,False,none
C-00875,2024-01-01,10.57,1084.95,R-039,False,none
C-00876,2024-01-01,152.07,477.19,R-012,False,none
C-00877,2024-01-01,19.05,2502.72,R-058,False,none
C-00878,2024-01-01,102.16,3990.78,R-047,False,none
C-00879,2024-01-01,254.4,1902.65,R-007,False,none
C-00880,2024-01-01,130.94,2236.82,R-054,False,none
C-00881,2024-01-01,44.64,1562.18,R-016,False,none
C-00882,2024-01-01,483.33,317.51,R-033,True,collusion
C-00883,2024-01-01,93.8,4202.45,R-006,False,none
C-00884,2024-01-01,51.07,145.11,R-007,False,none
C-00885,2024-01-01,4051.1,1652.82,R-015,False,none
C-00886,2024-01-01,324.5,4571.52,R-033,False,none
C-00887,2024-01-01,222.13,809.09,R-033,False,none
C-00888,2024-01-01,188.3,1889.31,R-052,False,none
C-00889,2024-01-01,348.46,299.5,R-010,False,none
C-00890,2024-01-01,127.8,1305.71,R-045,False,none
C-00891,2024-01-01,167.86,2238.03,R-001,False,none
C-00892,2024-01-01,84.9,1905.21,R-018,False,none
C-00893,2024-01-01,47.73,1200.34,R-011,False,none
C-00894,2024-01-01,17.09,646.88,R-008,False,none
C-00895,2024-01-01,47.89,138.22,R-036,False,none
C-00896,2024-01-01,66.6,1814.03,R-055,False,none
C-00897,2024-01-01,270.44,1249.89,R-041,False,none
C-00898,2024-01-01,41.84,30.63,R-052,False,none
C-00899,2024-01-01,915.36,834.94,R-036,False,none
C-00900,2024-01-01,436.07,27.47,R-004,False,none
C-00901,2024-01-01,41.83,749.35,R-021,False,none
C-00902,2024-01-01,230.7,3004.14,R-050,False,none
C-00903,2024-01-01,255.82,1287.39,R-003,False,none
C-00904,2024-01-01,119.96,1005.66,R-006,False,none
C-00905,2024-01-01,336.22,1558.01,R-051,False,none
C-00906,2024-01-01,155.39,7554.82,R-004,False,none
C-00907,2024-01-01,46.22,774.11,R-058,False,none
C-00908,2024-01-01,241.57,1650.51,R-046,False,none
C-00909,2024-01-01,341.31,2408.43,R-040,False,none
C-00910,2024-01-01,177.74,2359.41,R-033,False,none
C-00911,2024-01-01,418.21,991.51,R-006,False,none
C-00912,2024-01-01,223.2,295.72,R-025,False,none
C-00913,2024-01-01,113.4,1644.54,R-049,False,none
C-00914,2024-01-01,214.47,6445.3,R-055,False,none
C-00915,2024-01-01,514.58,301.17,R-027,False,none
C-00916,2024-01-01,646.62,469.56,R-051,True,tamper
C-00917,2024-01-01,443.31,1956.47,R-047,False,none
C-00918,2024-01-01,98.54,17.86,R-004,False,none
C-00919,2024-01-01,45.7,1225.33,R-038,True,tamper
C-00920,2024-01-01,897.0,40.6,R-037,False,none
C-00921,2024-01-01,487.57,454.34,R-033,False,none
C-00922,2024-01-01,291.55,655.34,R-047,False,none
C-00923,2024-01-01,168.7,719.13,R-054,False,none
C-00924,2024-01-01,63.11,1987.39,R-034,True,kunda
C-00925,2024-01-01,334.18,29.09,R-020,False,none
C-00926,2024-01-01,41.15,1433.63,R-059,False,none
C-00927,2024-01-01,218.23,71.69,R-058,False,none
C-00928,2024-01-01,182.34,4635.48,R-042,False,none
C-00929,2024-01-01,91.42,1093.54,R-039,True,tamper
C-00930,2024-01-01,229.1,331.12,R-007,False,none
C-00931,2024-01-01,67.49,2278.35,R-025,False,none
C-00932,2024-01-01,379.55,185.9,R-012,False,none
C-00933,2024-01-01,122.6,69.66,R-031,False,none
C-00934,2024-01-01,7.01,2485.49,R-050,True,kunda
C-00935,2024-01-01,47.12,1974.6,R-014,False,none
C-00936,2024-01-01,67.78,699.9,R-060,False,none
C-00937,2024-01-01,156.35,3508.04,R-008,False,none
C-00938,2024-01-01,281.29,9.18,R-006,False,none
C-00939,2024-01-01,36.92,5516.91,R-059,False,none
C-00940,2024-01-01,154.52,2905.16,R-007,False,none
C-00941,2024-01-01,75.85,1032.6,R-045,False,none
C-00942,2024-01-01,151.18,1572.21,R-046,False,none
C-00943,2024-01-01,202.04,2595.13,R-020,False,none
C-00944,2024-01-01,311.06,575.56,R-004,False,none
C-00945,2024-01-01,273.9,2809.24,R-019,False,none
C-00946,2024-01-01,134.02,8260.15,R-005,False,none
C-00947,2024-01-01,181.08,1922.15,R-041,True,collusion
C-00948,2024-01-01,9.93,366.21,R-054,True,kunda
C-00949,2024-01-01,1443.81,1348.55,R-060,False,none
C-00950,2024-01-01,165.51,1621.31,R-049,False,none
C-00951,2024-01-01,450.12,725.08,R-047,True,tamper
C-00952,2024-01-01,7708.48,1425.22,R-053,False,none
C-00953,2024-01-01,23.61,391.61,R-047,False,none
C-00954,2024-01-01,213.5,1497.66,R-040,False,none
C-00955,2024-01-01,275.26,1238.45,R-060,False,none
C-00956,2024-01-01,2428.38,838.45,R-020,False,none
C-00957,2024-01-01,43.11,4106.9,R-025,False,none
C-00958,2024-01-01,90.35,1118.57,R-055,False,none
C-00959,2024-01-01,147.08,399.62,R-019,True,tamper
C-00960,2024-01-01,114.84,4121.14,R-018,False,none
C-00961,2024-01-01,138.12,613.69,R-010,False,none
C-00962,2024-01-01,62.13,904.5,R-017,False,none
C-00963,2024-01-01,2772.47,2141.17,R-036,False,none
C-00964,2024-01-01,390.32,2869.46,R-054,False,none
C-00965,2024-01-01,20.96,1437.22,R-009,False,none
C-00966,2024-01-01,473.54,1140.52,R-041,False,none
C-00967,2024-01-01,161.69,7016.81,R-046,False,none
C-00968,2024-01-01,18.24,1379.55,R-054,False,none
C-00969,2024-01-01,101.12,1340.97,R-046,False,none
C-00970,2024-01-01,462.47,1031.2,R-010,False,none
C-00971,2024-01-01,81.24,37.16,R-030,True,tamper
C-00972,2024-01-01,542.99,1052.33,R-058,False,none
C-00973,2024-01-01,72.15,1672.44,R-055,False,none
C-00974,2024-01-01,151.42,1406.74,R-037,True,tamper
C-00975,2024-01-01,81.45,717.07,R-058,False,none
C-00976,2024-01-01,98.13,259.56,R-041,False,none
C-00977,2024-01-01,146.52,54.8,R-004,True,collusion
C-00978,2024-01-01,74.6,1953.47,R-055,False,none
C-00979,2024-01-01,129.77,860.74,R-011,True,collusion
C-00980,2024-01-01,13.06,895.88,R-023,True,kunda
C-00981,2024-01-01,533.59,4590.52,R-015,False,none
C-00982,2024-01-01,40.41,603.67,R-044,False,none
C-00983,2024-01-01,168.07,869.08,R-002,False,none
C-00984,2024-01-01,63.04,1149.28,R-039,False,none
C-00985,2024-01-01,241.95,58.42,R-052,False,none
C-00986,2024-01-01,69.59,402.89,R-048,False,none
C-00987,2024-01-01,36.46,1601.5,R-019,True,kunda
C-00988,2024-01-01,16.02,7199.09,R-054,False,none
C-00989,2024-01-01,31.11,131.72,R-022,False,none
C-00990,2024-01-01,22.96,4991.6,R-041,False,none
C-00991,2024-01-01,32.02,2746.86,R-031,False,none
C-00992,2024-01-01,218.93,3820.06,R-005,False,none
C-00993,2024-01-01,308.27,900.26,R-001,False,none
C-00994,2024-01-01,2080.2,4239.17,R-011,False,none
C-00995,2024-01-01,61.92,868.54,R-057,False,none
C-00996,2024-01-01,145.51,28.06,R-058,False,none
C-00997,2024-01-01,68.44,942.29,R-025,True,tamper
C-00998,2024-01-01,230.09,1712.37,R-059,False,none
C-00999,2024-01-01,266.06,20.46,R-003,True,tamper
C-01000,2024-01-01,154.74,381.88,R-059,False,none
C-01001,2024-01-01,314.62,2921.83,R-014,False,none
C-01002,2024-01-01,426.74,3911.54,R-003,False,none
C-01003,2024-01-01,398.55,2831.01,R-046,False,none
C-01004,2024-01-01,754.18,1388.45,R-023,False,none
C-01005,2024-01-01,67.41,876.52,R-018,False,none
C-01006,2024-01-01,375.97,2753.7,R-046,False,none
C-01007,2024-01-01,82.21,1343.85,R-020,False,none
C-01008,2024-01-01,682.18,966.52,R-046,False,none
C-01009,2024-01-01,211.19,2170.22,R-012,False,none
C-01010,2024-01-01,178.89,2227.3,R-006,False,none
C-01011,2024-01-01,12.31,714.52,R-020,False,none
C-01012,2024-01-01,471.15,818.18,R-037,False,none
C-01013,2024-01-01,13.19,286.3,R-014,False,none
C-01014,2024-01-01,201.85,1327.98,R-009,False,none
C-01015,2024-01-01,38.72,1596.95,R-045,False,none
C-01016,2024-01-01,85.31,275.85,R-030,False,none
C-01017,2024-01-01,1344.31,507.35,R-026,False,none
C-01018,2024-01-01,101.41,696.56,R-015,False,none
C-01019,2024-01-01,118.73,133.33,R-002,False,none
C-01020,2024-01-01,227.72,870.14,R-004,False,none
C-01021,2024-01-01,290.81,1522.52,R-041,False,none
C-01022,2024-01-01,408.49,1929.65,R-005,False,none
C-01023,2024-01-01,219.09,5064.13,R-015,False,none
C-01024,2024-01-01,1555.07,1250.72,R-055,False,none
C-01025,2024-01-01,75.37,6380.92,R-021,False,none
C-01026,2024-01-01,301.59,2170.47,R-045,False,none
C-01027,2024-01-01,156.93,672.58,R-021,False,none
C-01028,2024-01-01,275.47,1017.59,R-056,False,none
C-01029,2024-01-01,225.82,883.51,R-050,False,none
C-01030,2024-01-01,50.41,3082.17,R-029,False,none
C-01031,2024-01-01,47.48,5504.27,R-042,False,none
C-01032,2024-01-01,20.18,306.42,R-025,False,none
C-01033,2024-01-01,14.15,782.66,R-057,False,none
C-01034,2024-01-01,12.49,1131.01,R-022,False,none
C-01035,2024-01-01,14.74,530.15,R-051,False,none
C-01036,2024-01-01,53.8,4184.0,R-037,True,kunda
C-01037,2024-01-01,22.34,213.89,R-039,False,none
C-01038,2024-01-01,183.53,48.94,R-022,False,none
C-01039,2024-01-01,173.34,655.54,R-050,False,none
C-01040,2024-01-01,121.17,6481.47,R-045,False,none
C-01041,2024-01-01,144.91,632.85,R-049,False,none
C-01042,2024-01-01,44.39,188.55,R-049,False,none
C-01043,2024-01-01,49.36,456.07,R-010,False,none
C-01044,2024-01-01,31.51,2715.17,R-053,False,none
C-01045,2024-01-01,419.22,786.04,R-051,False,none
C-01046,2024-01-01,389.07,183.42,R-015,False,none
C-01047,2024-01-01,129.32,195.98,R-059,False,none
C-01048,2024-01-01,117.11,783.17,R-032,False,none
C-01049,2024-01-01,90.9,1984.01,R-020,False,none
C-01050,2024-01-01,48.15,1007.19,R-014,False,none
C-01051,2024-01-01,174.58,1973.21,R-022,False,none
C-01052,2024-01-01,24.75,2336.03,R-003,False,none
C-01053,2024-01-01,202.12,2197.81,R-042,False,none
C-01054,2024-01-01,616.43,403.17,R-043,False,none
C-01055,2024-01-01,33.09,989.51,R-041,False,none
C-01056,2024-01-01,62.16,443.14,R-033,False,none
C-01057,2024-01-01,45.03,1091.13,R-022,False,none
C-01058,2024-01-01,9.02,1514.93,R-044,False,none
C-01059,2024-01-01,203.47,216.81,R-053,False,none
C-01060,2024-01-01,88.07,614.73,R-006,False,none
C-01061,2024-01-01,91.48,604.03,R-023,False,none
C-01062,2024-01-01,42.21,2054.49,R-060,False,none
C-01063,2024-01-01,225.17,3123.85,R-052,False,none
C-01064,2024-01-01,16.97,72.07,R-060,False,none
C-01065,2024-01-01,315.07,14.0,R-011,False,none
C-01066,2024-01-01,23.33,10434.68,R-028,True,tamper
C-01067,2024-01-01,270.74,7208.66,R-008,False,none
C-01068,2024-01-01,62.43,242.36,R-052,False,none
C-01069,2024-01-01,65.25,5226.76,R-032,False,none
C-01070,2024-01-01,121.44,1279.66,R-015,False,none
C-01071,2024-01-01,230.45,26.66,R-006,False,none
C-01072,2024-01-01,29.34,1868.09,R-045,False,none
C-01073,2024-01-01,291.11,3370.7,R-049,False,none
C-01074,2024-01-01,234.66,3967.75,R-053,False,none
C-01075,2024-01-01,229.1,94.0,R-059,False,none
C-01076,2024-01-01,374.16,684.96,R-049,False,none
C-01077,2024-01-01,25.0,1141.24,R-048,False,none
C-01078,2024-01-01,248.85,606.39,R-049,False,none
C-01079,2024-01-01,136.96,849.84,R-060,False,none
C-01080,2024-01-01,33.09,1416.41,R-028,True,tamper
C-01081,2024-01-01,590.67,126.57,R-046,False,none
C-01082,2024-01-01,1003.49,79.2,R-050,False,none
C-01083,2024-01-01,41.66,269.68,R-007,False,none
C-01084,2024-01-01,21.75,84.3,R-042,False,none
C-01085,2024-01-01,360.02,324.29,R-021,False,none
C-01086,2024-01-01,111.74,784.73,R-008,False,none
C-01087,2024-01-01,161.63,321.33,R-011,False,none
C-01088,2024-01-01,251.1,79.64,R-007,False,none
C-01089,2024-01-01,40.83,766.78,R-054,False,none
C-01090,2024-01-01,86.06,218.96,R-047,True,tamper
C-01091,2024-01-01,141.94,523.66,R-007,False,none
C-01092,2024-01-01,80.65,1510.96,R-038,False,none
C-01093,2024-01-01,96.2,2381.04,R-040,False,none
C-01094,2024-01-01,304.42,387.02,R-032,False,none
C-01095,2024-01-01,259.53,2853.67,R-037,False,none
C-01096,2024-01-01,375.25,1608.46,R-055,False,none
C-01097,2024-01-01,251.24,2540.33,R-032,False,none
C-01098,2024-01-01,297.32,2415.41,R-040,False,none
C-01099,2024-01-01,27.41,1835.05,R-035,False,none
C-01100,2024-01-01,30.72,5258.39,R-024,False,none
C-01101,2024-01-01,40.09,1125.89,R-054,False,none
C-01102,2024-01-01,202.92,2677.72,R-025,False,none
C-01103,2024-01-01,53.39,1264.1,R-048,False,none
C-01104,2024-01-01,78.16,2772.42,R-037,False,none
C-01105,2024-01-01,691.41,964.82,R-042,False,none
C-01106,2024-01-01,825.36,1199.86,R-046,False,none
C-01107,2024-01-01,157.48,858.39,R-045,False,none
C-01108,2024-01-01,245.24,4628.04,R-034,False,none
C-01109,2024-01-01,166.6,1395.94,R-037,False,none
C-01110,2024-01-01,74.04,1340.96,R-031,False,none
C-01111,2024-01-01,133.89,273.4,R-021,False,none
C-01112,2024-01-01,2447.82,349.29,R-044,False,none
C-01113,2024-01-01,2981.46,148.95,R-053,False,none
C-01114,2024-01-01,169.31,1683.28,R-043,False,none
C-01115,2024-01-01,182.15,3284.13,R-047,False,none
C-01116,2024-01-01,920.45,1748.42,R-050,False,none
C-01117,2024-01-01,643.77,470.81,R-023,False,none
C-01118,2024-01-01,119.56,1148.24,R-004,False,none
C-01119,2024-01-01,31.46,277.56,R-021,False,none
C-01120,2024-01-01,477.69,766.2,R-046,False,none
C-01121,2024-01-01,279.05,1266.63,R-049,False,none
C-01122,2024-01-01,19.12,1738.25,R-031,False,none
C-01123,2024-01-01,3175.85,1594.88,R-047,False,none
C-01124,2024-01-01,1285.91,2532.61,R-005,False,none
C-01125,2024-01-01,578.77,1288.98,R-039,False,none
C-01126,2024-01-01,286.66,6953.47,R-041,False,none
C-01127,2024-01-01,47.76,2379.15,R-031,False,none
C-01128,2024-01-01,203.09,1966.44,R-043,False,none
C-01129,2024-01-01,111.65,2648.0,R-030,False,none
C-01130,2024-01-01,360.52,4714.12,R-032,False,none
C-01131,2024-01-01,90.75,1010.28,R-037,False,none
C-01132,2024-01-01,167.49,207.95,R-048,False,none
C-01133,2024-01-01,110.65,1306.62,R-015,False,none
C-01134,2024-01-01,274.72,4880.69,R-019,False,none
C-01135,2024-01-01,82.19,4750.83,R-026,False,none
C-01136,2024-01-01,261.17,2265.59,R-013,False,none
C-01137,2024-01-01,42.41,901.57,R-021,False,none
C-01138,2024-01-01,119.99,1911.32,R-022,False,none
C-01139,2024-01-01,737.56,408.21,R-019,False,none
C-01140,2024-01-01,12.71,986.89,R-025,False,none
C-01141,2024-01-01,72.74,1768.34,R-031,False,none
C-01142,2024-01-01,296.45,2451.12,R-042,False,none
C-01143,2024-01-01,285.67,1706.86,R-019,False,none
C-01144,2024-01-01,5.89,1063.35,R-051,False,none
C-01145,2024-01-01,321.23,111.92,R-029,False,none
C-01146,2024-01-01,321.02,1360.35,R-044,False,none
C-01147,2024-01-01,105.88,65.74,R-007,False,none
C-01148,2024-01-01,104.27,4.43,R-011,False,none
C-01149,2024-01-01,239.36,583.9,R-028,False,none
C-01150,2024-01-01,186.9,613.63,R-022,False,none
C-01151,2024-01-01,23.0,4840.74,R-030,False,none
C-01152,2024-01-01,244.3,3001.26,R-010,False,none
C-01153,2024-01-01,405.62,906.72,R-029,False,none
C-01154,2024-01-01,305.42,2825.97,R-042,False,none
C-01155,2024-01-01,294.31,580.11,R-044,False,none
C-01156,2024-01-01,339.32,708.19,R-015,False,none
C-01157,2024-01-01,319.13,457.5,R-021,False,none
C-01158,2024-01-01,110.97,29.95,R-032,False,none
C-01159,2024-01-01,328.75,1563.9,R-032,False,none
C-01160,2024-01-01,38.42,284.87,R-048,False,none
C-01161,2024-01-01,156.86,222.65,R-024,False,none
C-01162,2024-01-01,60.15,1813.27,R-041,False,none
C-01163,2024-01-01,537.37,102.31,R-054,False,none
C-01164,2024-01-01,70.08,2650.22,R-018,False,none
C-01165,2024-01-01,92.41,1772.31,R-050,False,none
C-01166,2024-01-01,9.94,5076.33,R-020,True,kunda
C-01167,2024-01-01,197.07,686.86,R-021,False,none
C-01168,2024-01-01,54.85,1260.38,R-040,False,none
C-01169,2024-01-01,72.18,131.08,R-038,False,none
C-01170,2024-01-01,577.41,793.37,R-033,False,none
C-01171,2024-01-01,461.53,747.64,R-014,False,none
C-01172,2024-01-01,121.21,1414.75,R-006,False,none
C-01173,2024-01-01,353.36,4137.8,R-055,False,none
C-01174,2024-01-01,90.04,353.36,R-053,False,none
C-01175,2024-01-01,50.98,153.51,R-054,False,none
C-01176,2024-01-01,34.71,155.81,R-031,False,none
C-01177,2024-01-01,13.97,1760.58,R-054,False,none
C-01178,2024-01-01,396.64,4611.49,R-029,False,none
C-01179,2024-01-01,277.64,2964.85,R-005,False,none
C-01180,2024-01-01,233.29,1368.29,R-012,False,none
C-01181,2024-01-01,189.39,222.42,R-017,False,none
C-01182,2024-01-01,257.96,216.14,R-023,False,none
C-01183,2024-01-01,277.09,2429.35,R-057,False,none
C-01184,2024-01-01,187.53,309.49,R-020,True,tamper
C-01185,2024-01-01,8.93,178.76,R-037,False,none
C-01186,2024-01-01,153.33,547.37,R-017,False,none
C-01187,2024-01-01,197.79,5147.83,R-039,False,none
C-01188,2024-01-01,138.82,736.76,R-035,False,none
C-01189,2024-01-01,9.02,1558.35,R-010,False,none
C-01190,2024-01-01,312.77,3553.06,R-028,False,none
C-01191,2024-01-01,98.63,1928.4,R-007,False,none
C-01192,2024-01-01,145.63,474.92,R-054,False,none
C-01193,2024-01-01,89.4,713.17,R-043,False,none
C-01194,2024-01-01,153.12,724.62,R-057,False,none
C-01195,2024-01-01,609.09,2439.33,R-053,False,none
C-01196,2024-01-01,1104.21,5787.08,R-014,False,none
C-01197,2024-01-01,42.65,1207.11,R-043,False,none
C-01198,2024-01-01,724.11,4034.87,R-007,False,none
C-01199,2024-01-01,183.51,57.27,R-058,False,none
C-01200,2024-01-01,1160.61,170.43,R-048,False,none
C-01201,2024-01-01,5025.21,1740.36,R-041,False,none
C-01202,2024-01-01,153.86,49.73,R-060,False,none
C-01203,2024-01-01,7.8,724.59,R-051,False,none
C-01204,2024-01-01,649.75,116.9,R-052,False,none
C-01205,2024-01-01,1405.73,3793.18,R-007,False,none
C-01206,2024-01-01,3323.01,10623.65,R-002,False,none
C-01207,2024-01-01,350.68,1301.39,R-058,False,none
C-01208,2024-01-01,67.37,417.66,R-016,False,none
C-01209,2024-01-01,50.72,398.94,R-026,False,none
C-01210,2024-01-01,189.94,184.04,R-003,False,none
C-01211,2024-01-01,13.7,502.62,R-038,True,kunda
C-01212,2024-01-01,485.47,894.8,R-050,False,none
C-01213,2024-01-01,36.57,329.51,R-051,False,none
C-01214,2024-01-01,151.81,105.49,R-035,False,none
C-01215,2024-01-01,292.62,4341.38,R-040,False,none
C-01216,2024-01-01,89.97,3175.98,R-031,False,none
C-01217,2024-01-01,131.02,2502.63,R-027,False,none
C-01218,2024-01-01,282.02,1127.7,R-034,False,none
C-01219,2024-01-01,106.14,1087.05,R-057,False,none
C-01220,2024-01-01,25.5,751.95,R-016,False,none
C-01221,2024-01-01,69.17,845.26,R-029,False,none
C-01222,2024-01-01,873.43,902.74,R-037,False,none
C-01223,2024-01-01,181.85,723.87,R-035,False,none
C-01224,2024-01-01,21.72,2136.2,R-002,False,none
C-01225,2024-01-01,102.5,641.65,R-018,False,none
C-01226,2024-01-01,30.11,5412.28,R-039,False,none
C-01227,2024-01-01,125.91,521.7,R-042,False,none
C-01228,2024-01-01,796.57,246.9,R-045,False,none
C-01229,2024-01-01,139.92,1165.73,R-060,False,none
C-01230,2024-01-01,171.98,2029.53,R-041,False,none
C-01231,2024-01-01,586.17,1321.89,R-035,False,none
C-01232,2024-01-01,87.53,1894.45,R-020,False,none
C-01233,2024-01-01,136.74,1416.49,R-023,False,none
C-01234,2024-01-01,155.74,703.06,R-050,False,none
C-01235,2024-01-01,366.28,1141.1,R-029,False,none
C-01236,2024-01-01,884.4,559.83,R-043,False,none
C-01237,2024-01-01,351.67,4418.6,R-008,False,none
C-01238,2024-01-01,187.43,2063.65,R-008,False,none
C-01239,2024-01-01,2450.49,916.62,R-013,False,none
C-01240,2024-01-01,199.93,1680.91,R-012,False,none
C-01241,2024-01-01,249.0,2141.4,R-037,False,none
C-01242,2024-01-01,44.2,1440.07,R-039,False,none
C-01243,2024-01-01,236.26,839.01,R-034,False,none
C-01244,2024-01-01,17.43,694.08,R-018,True,kunda
C-01245,2024-01-01,67.31,1698.4,R-035,False,none
C-01246,2024-01-01,368.79,749.38,R-008,False,none
C-01247,2024-01-01,228.65,820.12,R-029,False,none
C-01248,2024-01-01,38.1,1433.88,R-010,False,none
C-01249,2024-01-01,292.18,304.77,R-005,False,none
C-01250,2024-01-01,169.86,757.82,R-010,False,none
C-01251,2024-01-01,757.72,920.4,R-007,False,none
C-01252,2024-01-01,131.1,276.21,R-029,False,none
C-01253,2024-01-01,787.7,661.72,R-033,False,none
C-01254,2024-01-01,115.68,1066.89,R-037,True,tamper
C-01255,2024-01-01,234.86,157.65,R-027,False,none
C-01256,2024-01-01,111.64,1310.99,R-011,False,none
C-01257,2024-01-01,186.38,329.94,R-002,False,none
C-01258,2024-01-01,47.76,2620.91,R-043,True,tamper
C-01259,2024-01-01,226.17,584.35,R-059,False,none
C-01260,2024-01-01,35.42,34.06,R-017,False,none
C-01261,2024-01-01,578.99,209.37,R-013,False,none
C-01262,2024-01-01,445.01,1280.54,R-019,False,none
C-01263,2024-01-01,194.37,3815.23,R-013,False,none
C-01264,2024-01-01,98.43,864.96,R-014,False,none
C-01265,2024-01-01,176.94,512.88,R-030,False,none
C-01266,2024-01-01,159.55,38.6,R-048,False,none
C-01267,2024-01-01,322.16,40.79,R-043,False,none
C-01268,2024-01-01,98.7,887.66,R-058,False,none
C-01269,2024-01-01,206.17,808.07,R-022,False,none
C-01270,2024-01-01,442.33,781.57,R-030,False,none
C-01271,2024-01-01,290.11,179.25,R-023,False,none
C-01272,2024-01-01,425.56,616.06,R-003,False,none
C-01273,2024-01-01,21.12,4142.59,R-024,False,none
C-01274,2024-01-01,43.14,2877.76,R-016,False,none
C-01275,2024-01-01,260.22,1398.13,R-029,False,none
C-01276,2024-01-01,240.99,784.81,R-010,False,none
C-01277,2024-01-01,261.01,1125.34,R-045,False,none
C-01278,2024-01-01,71.93,107.63,R-051,False,none
C-01279,2024-01-01,403.14,97.4,R-058,False,none
C-01280,2024-01-01,347.33,1990.29,R-006,False,none
C-01281,2024-01-01,1.4,851.0,R-008,True,kunda
C-01282,2024-01-01,12.7,2378.13,R-058,False,none
C-01283,2024-01-01,63.95,1316.8,R-051,False,none
C-01284,2024-01-01,34.75,3489.5,R-036,False,none
C-01285,2024-01-01,106.0,316.96,R-020,True,tamper
C-01286,2024-01-01,522.56,3677.03,R-032,False,none
C-01287,2024-01-01,451.12,293.35,R-033,False,none
C-01288,2024-01-01,89.03,1941.64,R-051,False,none
C-01289,2024-01-01,151.1,3304.63,R-032,False,none
C-01290,2024-01-01,16.86,867.05,R-002,False,none
C-01291,2024-01-01,16.17,560.27,R-042,True,kunda
C-01292,2024-01-01,123.73,767.51,R-047,False,none
C-01293,2024-01-01,281.33,655.81,R-018,False,none
C-01294,2024-01-01,33.57,3340.73,R-007,False,none
C-01295,2024-01-01,2486.54,106.33,R-009,False,none
C-01296,2024-01-01,197.01,3905.84,R-051,False,none
C-01297,2024-01-01,169.5,856.71,R-027,False,none
C-01298,2024-01-01,37.83,1202.77,R-032,False,none
C-01299,2024-01-01,104.16,623.48,R-058,False,none
C-01300,2024-01-01,161.12,2735.91,R-004,True,collusion
C-01301,2024-01-01,4287.96,9.38,R-013,False,none
C-01302,2024-01-01,258.1,473.97,R-050,False,none
C-01303,2024-01-01,58.23,1313.33,R-033,True,collusion
C-01304,2024-01-01,783.24,344.78,R-002,False,none
C-01305,2024-01-01,72.47,914.72,R-043,False,none
C-01306,2024-01-01,269.92,254.89,R-009,False,none
C-01307,2024-01-01,435.51,1590.2,R-047,False,none
C-01308,2024-01-01,532.75,342.24,R-048,False,none
C-01309,2024-01-01,50.18,1599.77,R-050,False,none
C-01310,2024-01-01,106.95,679.18,R-028,False,none
C-01311,2024-01-01,787.34,4966.08,R-017,False,none
C-01312,2024-01-01,159.72,858.88,R-053,False,none
C-01313,2024-01-01,176.15,577.42,R-034,False,none
C-01314,2024-01-01,105.71,34.97,R-039,False,none
C-01315,2024-01-01,165.66,904.85,R-009,False,none
C-01316,2024-01-01,210.16,7743.43,R-038,False,none
C-01317,2024-01-01,252.31,1380.4,R-035,False,none
C-01318,2024-01-01,1523.21,532.2,R-018,True,tamper
C-01319,2024-01-01,433.0,1921.79,R-047,False,none
C-01320,2024-01-01,183.22,944.88,R-009,False,none
C-01321,2024-01-01,238.88,1050.87,R-044,False,none
C-01322,2024-01-01,10.63,431.45,R-058,False,none
C-01323,2024-01-01,164.1,1204.49,R-035,False,none
C-01324,2024-01-01,941.32,1922.22,R-007,False,none
C-01325,2024-01-01,203.75,239.57,R-034,False,none
C-01326,2024-01-01,164.89,482.24,R-032,False,none
C-01327,2024-01-01,2065.82,2266.58,R-034,False,none
C-01328,2024-01-01,90.22,2587.2,R-017,False,none
C-01329,2024-01-01,472.53,190.1,R-038,False,none
C-01330,2024-01-01,36.6,6630.88,R-016,False,none
C-01331,2024-01-01,36.23,400.65,R-034,False,none
C-01332,2024-01-01,376.72,895.37,R-036,False,none
C-01333,2024-01-01,146.32,230.5,R-039,False,none
C-01334,2024-01-01,173.78,451.26,R-048,False,none
C-01335,2024-01-01,464.41,1386.16,R-053,False,none
C-01336,2024-01-01,314.6,635.41,R-047,False,none
C-01337,2024-01-01,128.72,813.93,R-048,False,none
C-01338,2024-01-01,121.33,5736.4,R-053,False,none
C-01339,2024-01-01,110.61,3690.18,R-015,False,none
C-01340,2024-01-01,134.77,198.48,R-018,False,none
C-01341,2024-01-01,433.63,875.86,R-032,False,none
C-01342,2024-01-01,634.05,198.08,R-028,False,none
C-01343,2024-01-01,21.77,136.25,R-043,True,kunda
C-01344,2024-01-01,14.62,377.78,R-001,False,none
C-01345,2024-01-01,39.71,924.55,R-009,True,kunda
C-01346,2024-01-01,545.1,458.08,R-045,False,none
C-01347,2024-01-01,6.58,703.71,R-050,True,kunda
C-01348,2024-01-01,351.07,522.33,R-019,False,none
C-01349,2024-01-01,330.35,206.89,R-019,False,none
C-01350,2024-01-01,12.92,690.56,R-034,False,none
C-01351,2024-01-01,41.75,1063.83,R-029,False,none
C-01352,2024-01-01,12.52,105.22,R-011,False,none
C-01353,2024-01-01,566.83,180.89,R-031,False,none
C-01354,2024-01-01,270.9,748.53,R-050,False,none
C-01355,2024-01-01,8.26,1397.35,R-044,True,kunda
C-01356,2024-01-01,39.19,779.38,R-050,False,none
C-01357,2024-01-01,65.47,253.19,R-039,False,none
C-01358,2024-01-01,449.45,1783.62,R-053,False,none
C-01359,2024-01-01,115.69,2436.08,R-015,False,none
C-01360,2024-01-01,195.88,1644.28,R-003,False,none
C-01361,2024-01-01,193.05,1970.9,R-007,False,none
C-01362,2024-01-01,110.53,298.13,R-060,False,none
C-01363,2024-01-01,420.89,161.41,R-039,False,none
C-01364,2024-01-01,246.65,571.77,R-015,False,none
C-01365,2024-01-01,55.51,492.89,R-052,False,none
C-01366,2024-01-01,251.42,543.0,R-019,False,none
C-01367,2024-01-01,29.46,949.44,R-036,False,none
C-01368,2024-01-01,110.94,118.52,R-015,False,none
C-01369,2024-01-01,85.02,14.06,R-006,True,tamper
C-01370,2024-01-01,494.43,2300.93,R-017,False,none
C-01371,2024-01-01,305.14,1831.83,R-014,False,none
C-01372,2024-01-01,199.81,888.64,R-034,False,none
C-01373,2024-01-01,89.9,2627.29,R-002,True,tamper
C-01374,2024-01-01,223.4,1228.29,R-015,False,none
C-01375,2024-01-01,462.9,210.04,R-035,False,none
C-01376,2024-01-01,35.31,403.51,R-024,False,none
C-01377,2024-01-01,29.45,1782.36,R-039,False,none
C-01378,2024-01-01,264.18,1294.92,R-040,False,none
C-01379,2024-01-01,394.34,3282.77,R-058,False,none
C-01380,2024-01-01,99.24,366.53,R-051,False,none
C-01381,2024-01-01,105.48,613.25,R-014,False,none
C-01382,2024-01-01,164.65,6.53,R-042,False,none
C-01383,2024-01-01,2553.6,248.66,R-038,False,none
C-01384,2024-01-01,89.02,301.08,R-036,False,none
C-01385,2024-01-01,39.84,1230.73,R-048,False,none
C-01386,2024-01-01,33.42,26.98,R-009,False,none
C-01387,2024-01-01,186.7,2582.68,R-023,False,none
C-01388,2024-01-01,26.54,2363.57,R-049,False,none
C-01389,2024-01-01,89.12,1104.12,R-054,False,none
C-01390,2024-01-01,171.53,2425.15,R-003,False,none
C-01391,2024-01-01,499.45,174.86,R-029,False,none
C-01392,2024-01-01,19.54,737.94,R-016,False,none
C-01393,2024-01-01,23.97,1461.21,R-011,False,none
C-01394,2024-01-01,263.0,428.65,R-004,False,none
C-01395,2024-01-01,68.03,636.82,R-033,False,none
C-01396,2024-01-01,960.09,1943.18,R-041,False,none
C-01397,2024-01-01,183.57,1554.8,R-032,False,none
C-01398,2024-01-01,2547.85,24.64,R-023,False,none
C-01399,2024-01-01,1.57,774.83,R-047,True,kunda
C-01400,2024-01-01,343.42,2087.94,R-040,False,none
C-01401,2024-01-01,120.64,24.8,R-055,False,none
C-01402,2024-01-01,88.22,5199.32,R-021,False,none
C-01403,2024-01-01,123.63,63.72,R-015,False,none
C-01404,2024-01-01,39.23,835.08,R-028,True,tamper
C-01405,2024-01-01,196.48,2105.99,R-031,False,none
C-01406,2024-01-01,48.2,977.53,R-028,False,none
C-01407,2024-01-01,66.06,2335.73,R-050,False,none
C-01408,2024-01-01,140.0,56.79,R-003,False,none
C-01409,2024-01-01,486.23,654.51,R-032,False,none
C-01410,2024-01-01,26.13,343.84,R-026,False,none
C-01411,2024-01-01,55.87,327.43,R-013,False,none
C-01412,2024-01-01,474.48,737.1,R-039,False,none
C-01413,2024-01-01,156.27,933.86,R-049,False,none
C-01414,2024-01-01,148.38,145.96,R-033,False,none
C-01415,2024-01-01,171.8,1733.5,R-006,False,none
C-01416,2024-01-01,166.21,627.41,R-005,False,none
C-01417,2024-01-01,87.12,575.6,R-026,False,none
C-01418,2024-01-01,131.41,1613.28,R-041,False,none
C-01419,2024-01-01,103.03,3278.23,R-019,False,none
C-01420,2024-01-01,57.75,1593.78,R-019,False,none
C-01421,2024-01-01,15.01,150.72,R-052,False,none
C-01422,2024-01-01,60.84,333.63,R-001,False,none
C-01423,2024-01-01,111.63,16.51,R-005,False,none
C-01424,2024-01-01,228.69,840.15,R-010,False,none
C-01425,2024-01-01,432.13,1158.23,R-060,False,none
C-01426,2024-01-01,71.65,673.76,R-030,False,none
C-01427,2024-01-01,86.11,734.54,R-010,False,none
C-01428,2024-01-01,207.78,348.93,R-019,False,none
C-01429,2024-01-01,145.61,509.0,R-059,False,none
C-01430,2024-01-01,525.34,2195.94,R-042,False,none
C-01431,2024-01-01,3.95,1815.17,R-014,True,kunda
C-01432,2024-01-01,1040.34,1969.77,R-015,True,tamper
C-01433,2024-01-01,303.02,955.63,R-005,True,tamper
C-01434,2024-01-01,43.77,5571.67,R-047,False,none
C-01435,2024-01-01,19.49,2293.9,R-009,False,none
C-01436,2024-01-01,74.55,1164.47,R-018,False,none
C-01437,2024-01-01,131.38,768.44,R-021,False,none
C-01438,2024-01-01,191.76,776.46,R-038,False,none
C-01439,2024-01-01,169.38,3614.31,R-037,False,none
C-01440,2024-01-01,771.83,2270.77,R-048,False,none
C-01441,2024-01-01,47.62,1160.51,R-018,False,none
C-01442,2024-01-01,192.61,266.72,R-024,False,none
C-01443,2024-01-01,75.25,340.5,R-024,False,none
C-01444,2024-01-01,25.59,1524.46,R-003,False,none
C-01445,2024-01-01,50.03,1884.53,R-045,False,none
C-01446,2024-01-01,358.51,1965.86,R-033,False,none
C-01447,2024-01-01,129.8,2091.98,R-029,False,none
C-01448,2024-01-01,35.69,2384.84,R-060,False,none
C-01449,2024-01-01,31.58,2113.78,R-011,False,none
C-01450,2024-01-01,290.1,211.8,R-059,False,none
C-01451,2024-01-01,48.86,933.57,R-041,False,none
C-01452,2024-01-01,478.42,879.26,R-014,False,none
C-01453,2024-01-01,322.99,1826.5,R-041,False,none
C-01454,2024-01-01,200.18,4622.74,R-046,False,none
C-01455,2024-01-01,69.09,1850.04,R-022,False,none
C-01456,2024-01-01,8.17,3018.54,R-021,True,kunda
C-01457,2024-01-01,64.52,187.53,R-051,False,none
C-01458,2024-01-01,238.32,1216.19,R-010,False,none
C-01459,2024-01-01,46.81,1842.69,R-001,False,none
C-01460,2024-01-01,443.34,37.57,R-040,False,none
C-01461,2024-01-01,2898.8,849.7,R-055,False,none
C-01462,2024-01-01,108.08,1178.13,R-031,True,collusion
C-01463,2024-01-01,110.22,96.84,R-009,False,none
C-01464,2024-01-01,176.13,2587.15,R-033,False,none
C-01465,2024-01-01,602.35,1280.3,R-016,True,tamper
C-01466,2024-01-01,15.61,498.48,R-050,False,none
C-01467,2024-01-01,33.95,550.13,R-037,False,none
C-01468,2024-01-01,337.71,1187.54,R-021,False,none
C-01469,2024-01-01,994.0,3621.11,R-038,False,none
C-01470,2024-01-01,240.24,1271.75,R-041,False,none
C-01471,2024-01-01,39.4,656.5,R-041,False,none
C-01472,2024-01-01,88.41,1119.74,R-022,True,collusion
C-01473,2024-01-01,531.51,224.82,R-035,False,none
C-01474,2024-01-01,152.2,1913.84,R-003,False,none
C-01475,2024-01-01,928.32,67.81,R-025,False,none
C-01476,2024-01-01,176.66,668.11,R-023,False,none
C-01477,2024-01-01,247.99,2356.59,R-033,True,collusion
C-01478,2024-01-01,74.57,1079.24,R-058,False,none
C-01479,2024-01-01,396.14,812.02,R-058,False,none
C-01480,2024-01-01,703.31,2088.29,R-029,False,none
C-01481,2024-01-01,377.1,3974.11,R-039,False,none
C-01482,2024-01-01,14.65,93.51,R-007,True,kunda
C-01483,2024-01-01,3.98,1373.3,R-029,True,kunda
C-01484,2024-01-01,388.08,733.32,R-042,False,none
C-01485,2024-01-01,128.43,2618.7,R-041,True,collusion
C-01486,2024-01-01,719.62,507.58,R-058,False,none
C-01487,2024-01-01,105.21,4173.65,R-028,False,none
C-01488,2024-01-01,71.14,1969.17,R-055,False,none
C-01489,2024-01-01,125.75,3860.43,R-059,False,none
C-01490,2024-01-01,48.65,398.09,R-035,False,none
C-01491,2024-01-01,86.63,249.93,R-006,False,none
C-01492,2024-01-01,96.76,484.88,R-023,False,none
C-01493,2024-01-01,18.14,2804.07,R-046,True,kunda
C-01494,2024-01-01,46.98,1852.42,R-035,False,none
C-01495,2024-01-01,6.62,1095.16,R-057,True,kunda
C-01496,2024-01-01,276.87,1757.77,R-049,False,none
C-01497,2024-01-01,238.71,4350.91,R-004,False,none
C-01498,2024-01-01,334.81,214.76,R-052,False,none
C-01499,2024-01-01,194.97,2402.11,R-022,False,none
C-01500,2024-01-01,18.58,422.56,R-050,False,none
C-00001,2024-02-01,185.99,920.41,R-006,False,none
C-00002,2024-02-01,34.76,372.18,R-029,False,none
C-00003,2024-02-01,214.57,355.16,R-040,False,none
C-00004,2024-02-01,93.01,2183.69,R-004,False,none
C-00005,2024-02-01,60.63,126.97,R-024,False,none
C-00006,2024-02-01,172.98,2343.85,R-016,False,none
C-00007,2024-02-01,228.9,356.59,R-003,False,none
C-00008,2024-02-01,1532.2,887.0,R-049,False,none
C-00009,2024-02-01,77.86,797.81,R-027,False,none
C-00010,2024-02-01,238.55,324.84,R-046,False,none
C-00011,2024-02-01,421.26,2056.31,R-036,True,tamper
C-00012,2024-02-01,437.53,185.71,R-053,False,none
C-00013,2024-02-01,29.53,2011.49,R-060,False,none
C-00014,2024-02-01,72.65,4037.6,R-037,False,none
C-00015,2024-02-01,195.4,1094.13,R-022,False,none
C-00016,2024-02-01,13.72,328.44,R-026,False,none
C-00017,2024-02-01,37.52,7.45,R-050,False,none
C-00018,2024-02-01,188.54,1319.97,R-026,False,none
C-00019,2024-02-01,175.36,175.91,R-032,False,none
C-00020,2024-02-01,565.48,1218.05,R-012,False,none
C-00021,2024-02-01,317.91,274.59,R-060,False,none
C-00022,2024-02-01,239.78,1281.21,R-040,False,none
C-00023,2024-02-01,117.73,498.77,R-020,False,none
C-00024,2024-02-01,1169.9,1197.71,R-036,False,none
C-00025,2024-02-01,356.82,361.65,R-025,False,none
C-00026,2024-02-01,351.98,1799.99,R-010,False,none
C-00027,2024-02-01,89.4,53.04,R-053,False,none
C-00028,2024-02-01,48.18,1419.56,R-054,False,none
C-00029,2024-02-01,439.87,1893.68,R-051,False,none
C-00030,2024-02-01,120.88,4506.08,R-023,False,none
C-00031,2024-02-01,186.67,525.17,R-016,False,none
C-00032,2024-02-01,329.2,1134.62,R-003,True,tamper
C-00033,2024-02-01,33.85,92.26,R-044,False,none
C-00034,2024-02-01,62.51,320.4,R-020,False,none
C-00035,2024-02-01,1964.86,596.71,R-054,False,none
C-00036,2024-02-01,68.55,118.05,R-053,False,none
C-00037,2024-02-01,800.27,5945.9,R-008,False,none
C-00038,2024-02-01,283.96,370.28,R-056,False,none
C-00039,2024-02-01,22.82,34.52,R-009,False,none
C-00040,2024-02-01,88.92,1094.97,R-030,False,none
C-00041,2024-02-01,147.78,1538.21,R-029,True,tamper
C-00042,2024-02-01,94.05,32.27,R-058,False,none
C-00043,2024-02-01,382.54,550.53,R-040,False,none
C-00044,2024-02-01,189.72,752.85,R-053,False,none
C-00045,2024-02-01,62.68,59.66,R-036,False,none
C-00046,2024-02-01,76.5,1905.74,R-050,False,none
C-00047,2024-02-01,110.69,1097.53,R-052,True,tamper
C-00048,2024-02-01,22.92,2823.63,R-052,False,none
C-00049,2024-02-01,45.36,132.6,R-025,False,none
C-00050,2024-02-01,280.03,671.34,R-023,False,none
C-00051,2024-02-01,391.39,1869.36,R-060,False,none
C-00052,2024-02-01,307.24,2250.43,R-046,False,none
C-00053,2024-02-01,575.47,1501.65,R-056,True,tamper
C-00054,2024-02-01,34.81,2734.12,R-035,False,none
C-00055,2024-02-01,102.91,622.7,R-056,False,none
C-00056,2024-02-01,35.9,375.56,R-044,False,none
C-00057,2024-02-01,37.03,712.52,R-045,False,none
C-00058,2024-02-01,115.35,3974.26,R-011,False,none
C-00059,2024-02-01,389.93,1379.83,R-035,False,none
C-00060,2024-02-01,3811.21,2469.4,R-044,False,none
C-00061,2024-02-01,493.85,1142.53,R-046,False,none
C-00062,2024-02-01,2.54,449.92,R-058,True,kunda
C-00063,2024-02-01,501.62,1225.02,R-020,False,none
C-00064,2024-02-01,224.84,821.12,R-019,False,none
C-00065,2024-02-01,109.93,1925.68,R-059,False,none
C-00066,2024-02-01,821.75,35.92,R-060,False,none
C-00067,2024-02-01,445.4,304.26,R-011,False,none
C-00068,2024-02-01,60.25,2653.52,R-023,False,none
C-00069,2024-02-01,210.83,898.73,R-057,False,none
C-00070,2024-02-01,49.85,197.12,R-012,False,none
C-00071,2024-02-01,62.54,2843.8,R-047,False,none
C-00072,2024-02-01,8.88,370.47,R-007,False,none
C-00073,2024-02-01,18.78,4278.74,R-011,False,none
C-00074,2024-02-01,16.32,393.23,R-048,False,none
C-00075,2024-02-01,53.87,1611.47,R-037,True,kunda
C-00076,2024-02-01,221.2,183.04,R-034,False,none
C-00077,2024-02-01,162.58,1473.79,R-052,False,none
C-00078,2024-02-01,112.88,1232.57,R-019,False,none
C-00079,2024-02-01,194.87,3472.0,R-031,False,none
C-00080,2024-02-01,304.86,184.87,R-037,False,none
C-00081,2024-02-01,38.67,47.46,R-045,False,none
C-00082,2024-02-01,44.63,936.5,R-020,False,none
C-00083,2024-02-01,635.98,1082.53,R-039,False,none
C-00084,2024-02-01,28.59,558.16,R-027,False,none
C-00085,2024-02-01,59.31,2814.6,R-033,False,none
C-00086,2024-02-01,232.29,93.02,R-052,False,none
C-00087,2024-02-01,549.54,1267.32,R-024,False,none
C-00088,2024-02-01,639.53,872.45,R-041,False,none
C-00089,2024-02-01,140.82,1922.55,R-057,False,none
C-00090,2024-02-01,57.73,1680.98,R-046,False,none
C-00091,2024-02-01,45.24,256.1,R-060,False,none
C-00092,2024-02-01,20.25,537.94,R-036,False,none
C-00093,2024-02-01,293.47,2846.23,R-017,False,none
C-00094,2024-02-01,198.03,235.73,R-060,True,collusion
C-00095,2024-02-01,192.95,3524.31,R-039,True,tamper
C-00096,2024-02-01,272.04,292.44,R-015,False,none
C-00097,2024-02-01,114.15,57.02,R-020,False,none
C-00098,2024-02-01,388.95,1100.58,R-016,False,none
C-00099,2024-02-01,56.29,2517.2,R-051,False,none
C-00100,2024-02-01,242.69,4774.39,R-006,False,none
C-00101,2024-02-01,76.86,993.55,R-045,False,none
C-00102,2024-02-01,23.55,2682.97,R-034,False,none
C-00103,2024-02-01,419.21,581.67,R-005,False,none
C-00104,2024-02-01,732.16,479.85,R-037,False,none
C-00105,2024-02-01,287.7,3227.01,R-046,False,none
C-00106,2024-02-01,155.61,2517.99,R-044,False,none
C-00107,2024-02-01,191.37,218.54,R-032,False,none
C-00108,2024-02-01,180.81,5334.72,R-021,False,none
C-00109,2024-02-01,537.08,858.9,R-010,False,none
C-00110,2024-02-01,94.85,2534.99,R-001,False,none
C-00111,2024-02-01,75.86,749.2,R-022,False,none
C-00112,2024-02-01,88.62,387.58,R-038,False,none
C-00113,2024-02-01,190.94,3171.21,R-003,False,none
C-00114,2024-02-01,397.45,4882.82,R-060,False,none
C-00115,2024-02-01,248.29,1042.04,R-036,False,none
C-00116,2024-02-01,1302.2,453.04,R-018,False,none
C-00117,2024-02-01,306.87,3132.83,R-058,False,none
C-00118,2024-02-01,38.78,2173.24,R-012,False,none
C-00119,2024-02-01,205.89,48.96,R-058,False,none
C-00120,2024-02-01,132.04,16.12,R-017,False,none
C-00121,2024-02-01,26.52,1303.79,R-023,False,none
C-00122,2024-02-01,253.73,1022.05,R-026,False,none
C-00123,2024-02-01,2004.82,1910.18,R-060,False,none
C-00124,2024-02-01,3.69,577.27,R-016,True,kunda
C-00125,2024-02-01,8.32,160.33,R-059,False,none
C-00126,2024-02-01,241.42,3167.27,R-021,False,none
C-00127,2024-02-01,46.05,736.06,R-018,False,none
C-00128,2024-02-01,47.03,1114.02,R-039,False,none
C-00129,2024-02-01,126.96,1559.28,R-042,False,none
C-00130,2024-02-01,34.93,1061.88,R-021,False,none
C-00131,2024-02-01,234.52,1785.81,R-009,False,none
C-00132,2024-02-01,118.77,3574.09,R-024,False,none
C-00133,2024-02-01,408.09,502.51,R-033,False,none
C-00134,2024-02-01,55.44,2184.86,R-003,False,none
C-00135,2024-02-01,49.67,4150.06,R-005,False,none
C-00136,2024-02-01,97.6,646.52,R-056,False,none
C-00137,2024-02-01,314.32,4735.7,R-003,False,none
C-00138,2024-02-01,12.42,797.76,R-025,False,none
C-00139,2024-02-01,65.6,2255.09,R-046,False,none
C-00140,2024-02-01,106.23,865.02,R-020,False,none
C-00141,2024-02-01,59.32,657.01,R-030,False,none
C-00142,2024-02-01,637.97,1684.27,R-006,False,none
C-00143,2024-02-01,37.56,109.55,R-048,False,none
C-00144,2024-02-01,4.88,333.31,R-039,True,kunda
C-00145,2024-02-01,268.94,1025.08,R-052,False,none
C-00146,2024-02-01,1772.85,3276.67,R-052,False,none
C-00147,2024-02-01,183.65,394.66,R-022,False,none
C-00148,2024-02-01,93.48,3979.77,R-003,False,none
C-00149,2024-02-01,89.34,969.94,R-021,False,none
C-00150,2024-02-01,12.81,2672.6,R-009,True,kunda
C-00151,2024-02-01,238.67,986.0,R-032,False,none
C-00152,2024-02-01,266.76,987.54,R-009,False,none
C-00153,2024-02-01,285.67,1317.5,R-056,False,none
C-00154,2024-02-01,266.62,298.09,R-037,False,none
C-00155,2024-02-01,3543.48,1815.27,R-016,False,none
C-00156,2024-02-01,46.43,1034.85,R-056,False,none
C-00157,2024-02-01,227.8,479.73,R-047,False,none
C-00158,2024-02-01,16.85,132.69,R-027,False,none
C-00159,2024-02-01,21.65,2096.63,R-009,False,none
C-00160,2024-02-01,224.2,432.36,R-021,False,none
C-00161,2024-02-01,288.95,2167.72,R-036,False,none
C-00162,2024-02-01,1416.5,1073.03,R-046,False,none
C-00163,2024-02-01,685.82,563.58,R-016,False,none
C-00164,2024-02-01,2185.94,912.01,R-045,False,none
C-00165,2024-02-01,3444.54,196.18,R-017,False,none
C-00166,2024-02-01,1183.9,458.27,R-015,False,none
C-00167,2024-02-01,87.23,1789.63,R-027,False,none
C-00168,2024-02-01,314.74,4315.93,R-010,False,none
C-00169,2024-02-01,97.1,85.59,R-025,False,none
C-00170,2024-02-01,460.31,65.68,R-022,True,collusion
C-00171,2024-02-01,75.53,5209.22,R-017,False,none
C-00172,2024-02-01,367.42,1723.2,R-047,True,tamper
C-00173,2024-02-01,261.16,3828.31,R-020,False,none
C-00174,2024-02-01,111.28,2765.11,R-042,False,none
C-00175,2024-02-01,289.78,829.71,R-044,False,none
C-00176,2024-02-01,267.99,3090.46,R-040,False,none
C-00177,2024-02-01,0.96,293.19,R-017,True,kunda
C-00178,2024-02-01,887.87,301.68,R-050,False,none
C-00179,2024-02-01,297.37,227.4,R-015,False,none
C-00180,2024-02-01,258.37,2253.16,R-017,False,none
C-00181,2024-02-01,147.22,578.51,R-053,False,none
C-00182,2024-02-01,193.14,5163.28,R-021,False,none
C-00183,2024-02-01,203.79,3239.97,R-042,False,none
C-00184,2024-02-01,115.57,1991.17,R-003,False,none
C-00185,2024-02-01,46.92,1005.42,R-037,False,none
C-00186,2024-02-01,540.09,1100.28,R-053,False,none
C-00187,2024-02-01,145.66,1982.67,R-043,True,kunda
C-00188,2024-02-01,15.37,75.38,R-035,True,kunda
C-00189,2024-02-01,548.3,593.47,R-051,False,none
C-00190,2024-02-01,208.46,3832.84,R-018,False,none
C-00191,2024-02-01,329.03,2194.43,R-023,True,tamper
C-00192,2024-02-01,87.44,1522.34,R-005,False,none
C-00193,2024-02-01,24.31,283.9,R-042,False,none
C-00194,2024-02-01,142.01,1049.52,R-044,False,none
C-00195,2024-02-01,24.52,3691.33,R-046,False,none
C-00196,2024-02-01,267.55,506.47,R-045,False,none
C-00197,2024-02-01,81.86,2523.83,R-008,False,none
C-00198,2024-02-01,84.79,4519.39,R-040,False,none
C-00199,2024-02-01,318.39,562.82,R-046,True,tamper
C-00200,2024-02-01,423.28,707.31,R-013,False,none
C-00201,2024-02-01,252.33,1733.4,R-029,False,none
C-00202,2024-02-01,505.18,1064.98,R-055,False,none
C-00203,2024-02-01,306.27,1916.45,R-025,False,none
C-00204,2024-02-01,23.32,1280.78,R-046,False,none
C-00205,2024-02-01,219.21,1071.07,R-032,False,none
C-00206,2024-02-01,614.87,968.57,R-040,False,none
C-00207,2024-02-01,178.47,469.52,R-038,False,none
C-00208,2024-02-01,64.04,567.61,R-040,False,none
C-00209,2024-02-01,57.28,201.23,R-047,False,none
C-00210,2024-02-01,151.37,753.83,R-055,False,none
C-00211,2024-02-01,53.78,2485.56,R-018,False,none
C-00212,2024-02-01,218.01,284.67,R-056,False,none
C-00213,2024-02-01,73.62,2811.29,R-038,False,none
C-00214,2024-02-01,286.04,256.56,R-036,False,none
C-00215,2024-02-01,199.74,1757.81,R-020,False,none
C-00216,2024-02-01,123.57,66.56,R-026,False,none
C-00217,2024-02-01,1125.88,1350.2,R-040,True,tamper
C-00218,2024-02-01,301.98,2356.29,R-022,False,none
C-00219,2024-02-01,24.7,2413.4,R-018,False,none
C-00220,2024-02-01,156.13,501.8,R-050,False,none
C-00221,2024-02-01,255.97,1739.2,R-025,False,none
C-00222,2024-02-01,118.24,3337.74,R-039,False,none
C-00223,2024-02-01,175.22,886.93,R-002,False,none
C-00224,2024-02-01,167.61,1288.95,R-005,False,none
C-00225,2024-02-01,136.26,2911.12,R-051,False,none
C-00226,2024-02-01,11.64,3933.33,R-009,False,none
C-00227,2024-02-01,47.79,2242.1,R-048,False,none
C-00228,2024-02-01,105.45,2436.95,R-055,False,none
C-00229,2024-02-01,218.67,0.98,R-029,False,none
C-00230,2024-02-01,324.89,1368.04,R-054,False,none
C-00231,2024-02-01,3679.11,173.25,R-026,False,none
C-00232,2024-02-01,541.59,1460.53,R-058,False,none
C-00233,2024-02-01,68.39,446.26,R-015,False,none
C-00234,2024-02-01,20.13,1648.07,R-026,False,none
C-00235,2024-02-01,353.16,3296.16,R-024,False,none
C-00236,2024-02-01,118.65,376.55,R-048,False,none
C-00237,2024-02-01,259.08,1930.65,R-003,False,none
C-00238,2024-02-01,355.32,250.5,R-050,False,none
C-00239,2024-02-01,149.39,6.12,R-002,False,none
C-00240,2024-02-01,243.94,318.53,R-019,False,none
C-00241,2024-02-01,478.69,182.43,R-036,False,none
C-00242,2024-02-01,36.93,1242.78,R-009,False,none
C-00243,2024-02-01,15.54,364.72,R-030,False,none
C-00244,2024-02-01,371.32,1565.82,R-060,False,none
C-00245,2024-02-01,601.82,110.14,R-050,False,none
C-00246,2024-02-01,49.62,2507.18,R-002,False,none
C-00247,2024-02-01,228.48,3364.25,R-036,False,none
C-00248,2024-02-01,172.59,1020.88,R-036,False,none
C-00249,2024-02-01,4189.96,5412.61,R-005,False,none
C-00250,2024-02-01,14.71,1247.68,R-040,True,kunda
C-00251,2024-02-01,141.79,1599.04,R-032,False,none
C-00252,2024-02-01,58.3,159.24,R-041,False,none
C-00253,2024-02-01,368.79,3018.7,R-018,False,none
C-00254,2024-02-01,363.03,1653.34,R-016,False,none
C-00255,2024-02-01,143.23,791.75,R-045,False,none
C-00256,2024-02-01,63.97,2220.3,R-044,False,none
C-00257,2024-02-01,1187.21,0.78,R-010,False,none
C-00258,2024-02-01,38.26,115.16,R-013,False,none
C-00259,2024-02-01,165.9,411.8,R-036,False,none
C-00260,2024-02-01,108.9,973.9,R-050,False,none
C-00261,2024-02-01,6.53,1572.29,R-013,True,kunda
C-00262,2024-02-01,38.0,1555.83,R-014,False,none
C-00263,2024-02-01,26.13,48.87,R-049,False,none
C-00264,2024-02-01,1159.69,70.16,R-042,False,none
C-00265,2024-02-01,113.7,3038.14,R-055,False,none
C-00266,2024-02-01,175.61,322.61,R-048,False,none
C-00267,2024-02-01,15.06,3313.21,R-058,False,none
C-00268,2024-02-01,408.33,4991.97,R-012,False,none
C-00269,2024-02-01,109.8,903.43,R-017,False,none
C-00270,2024-02-01,8.87,698.71,R-015,False,none
C-00271,2024-02-01,320.62,1243.44,R-004,False,none
C-00272,2024-02-01,25.58,338.45,R-047,False,none
C-00273,2024-02-01,3917.39,688.04,R-040,False,none
C-00274,2024-02-01,37.35,1093.23,R-006,False,none
C-00275,2024-02-01,131.77,515.21,R-012,False,none
C-00276,2024-02-01,140.33,562.33,R-012,False,none
C-00277,2024-02-01,173.55,1319.39,R-025,False,none
C-00278,2024-02-01,217.27,315.52,R-028,False,none
C-00279,2024-02-01,201.03,14.94,R-018,False,none
C-00280,2024-02-01,103.3,538.79,R-056,False,none
C-00281,2024-02-01,166.39,39.0,R-013,False,none
C-00282,2024-02-01,299.2,509.62,R-034,False,none
C-00283,2024-02-01,290.61,2200.18,R-027,False,none
C-00284,2024-02-01,90.16,1987.34,R-024,False,none
C-00285,2024-02-01,461.72,267.32,R-050,False,none
C-00286,2024-02-01,180.54,1492.29,R-059,False,none
C-00287,2024-02-01,224.16,612.17,R-001,False,none
C-00288,2024-02-01,123.82,556.1,R-028,True,tamper
C-00289,2024-02-01,47.77,137.74,R-008,False,none
C-00290,2024-02-01,80.04,2045.82,R-027,False,none
C-00291,2024-02-01,256.39,1113.92,R-038,False,none
C-00292,2024-02-01,132.33,2090.94,R-025,False,none
C-00293,2024-02-01,210.63,3797.1,R-019,False,none
C-00294,2024-02-01,219.43,536.43,R-019,False,none
C-00295,2024-02-01,82.25,647.4,R-018,False,none
C-00296,2024-02-01,283.25,80.65,R-020,False,none
C-00297,2024-02-01,397.83,323.29,R-023,False,none
C-00298,2024-02-01,197.4,368.63,R-042,False,none
C-00299,2024-02-01,396.76,8201.13,R-006,False,none
C-00300,2024-02-01,144.81,150.39,R-003,False,none
C-00301,2024-02-01,85.27,257.2,R-032,False,none
C-00302,2024-02-01,191.25,268.18,R-041,False,none
C-00303,2024-02-01,431.34,1145.57,R-016,False,none
C-00304,2024-02-01,81.95,131.07,R-013,False,none
C-00305,2024-02-01,290.37,517.37,R-038,False,none
C-00306,2024-02-01,144.09,789.56,R-024,False,none
C-00307,2024-02-01,286.4,1760.85,R-045,False,none
C-00308,2024-02-01,169.63,581.77,R-009,False,none
C-00309,2024-02-01,280.7,4498.02,R-008,False,none
C-00310,2024-02-01,20.54,172.87,R-034,True,tamper
C-00311,2024-02-01,269.53,68.07,R-024,False,none
C-00312,2024-02-01,444.66,71.29,R-044,False,none
C-00313,2024-02-01,340.56,1116.17,R-031,False,none
C-00314,2024-02-01,46.53,66.77,R-022,False,none
C-00315,2024-02-01,251.28,807.76,R-010,False,none
C-00316,2024-02-01,1097.9,598.59,R-010,False,none
C-00317,2024-02-01,61.63,1736.96,R-046,False,none
C-00318,2024-02-01,61.18,766.17,R-014,False,none
C-00319,2024-02-01,370.92,766.93,R-031,False,none
C-00320,2024-02-01,501.99,1032.89,R-050,False,none
C-00321,2024-02-01,93.35,4914.0,R-054,False,none
C-00322,2024-02-01,283.09,2686.03,R-017,False,none
C-00323,2024-02-01,187.49,2082.33,R-007,False,none
C-00324,2024-02-01,146.79,2254.44,R-047,False,none
C-00325,2024-02-01,1037.98,357.3,R-042,False,none
C-00326,2024-02-01,60.26,2378.7,R-020,False,none
C-00327,2024-02-01,289.95,993.82,R-036,True,tamper
C-00328,2024-02-01,9.68,2677.24,R-012,True,kunda
C-00329,2024-02-01,76.28,511.9,R-043,False,none
C-00330,2024-02-01,73.91,2947.6,R-044,False,none
C-00331,2024-02-01,62.71,765.44,R-018,False,none
C-00332,2024-02-01,1100.05,346.99,R-029,False,none
C-00333,2024-02-01,276.18,721.52,R-021,False,none
C-00334,2024-02-01,610.96,1776.22,R-002,False,none
C-00335,2024-02-01,657.13,386.76,R-008,False,none
C-00336,2024-02-01,141.9,467.85,R-058,False,none
C-00337,2024-02-01,108.15,3034.98,R-028,False,none
C-00338,2024-02-01,97.01,721.94,R-009,False,none
C-00339,2024-02-01,46.04,6304.67,R-003,False,none
C-00340,2024-02-01,176.72,394.84,R-022,False,none
C-00341,2024-02-01,256.18,144.11,R-059,True,collusion
C-00342,2024-02-01,223.45,379.89,R-024,False,none
C-00343,2024-02-01,375.21,1122.84,R-060,False,none
C-00344,2024-02-01,43.23,1499.03,R-030,True,tamper
C-00345,2024-02-01,214.2,91.0,R-046,False,none
C-00346,2024-02-01,303.96,1937.94,R-048,False,none
C-00347,2024-02-01,77.59,65.5,R-002,False,none
C-00348,2024-02-01,532.04,2512.35,R-001,False,none
C-00349,2024-02-01,1071.84,394.77,R-056,False,none
C-00350,2024-02-01,474.48,113.21,R-056,False,none
C-00351,2024-02-01,160.84,650.08,R-008,False,none
C-00352,2024-02-01,350.57,624.5,R-039,False,none
C-00353,2024-02-01,159.92,8367.43,R-056,False,none
C-00354,2024-02-01,1184.28,538.82,R-058,False,none
C-00355,2024-02-01,47.65,293.04,R-018,False,none
C-00356,2024-02-01,138.18,3098.21,R-050,False,none
C-00357,2024-02-01,265.57,346.15,R-039,False,none
C-00358,2024-02-01,203.81,4653.17,R-056,False,none
C-00359,2024-02-01,2306.28,4985.39,R-009,False,none
C-00360,2024-02-01,96.81,718.82,R-037,False,none
C-00361,2024-02-01,268.24,569.96,R-002,False,none
C-00362,2024-02-01,189.81,1592.53,R-022,False,none
C-00363,2024-02-01,129.7,2279.32,R-001,False,none
C-00364,2024-02-01,238.08,648.17,R-027,False,none
C-00365,2024-02-01,2008.34,2128.76,R-049,False,none
C-00366,2024-02-01,180.14,2039.57,R-040,False,none
C-00367,2024-02-01,98.83,1082.21,R-020,False,none
C-00368,2024-02-01,99.7,360.19,R-026,False,none
C-00369,2024-02-01,607.1,322.73,R-023,False,none
C-00370,2024-02-01,886.88,605.56,R-044,False,none
C-00371,2024-02-01,217.48,1533.5,R-016,False,none
C-00372,2024-02-01,91.89,2358.2,R-006,False,none
C-00373,2024-02-01,438.02,1603.76,R-031,False,none
C-00374,2024-02-01,714.75,3310.38,R-050,False,none
C-00375,2024-02-01,204.23,3354.84,R-029,False,none
C-00376,2024-02-01,59.56,44.53,R-013,False,none
C-00377,2024-02-01,342.66,4.48,R-003,False,none
C-00378,2024-02-01,12.6,386.68,R-057,True,kunda
C-00379,2024-02-01,120.72,1729.44,R-046,False,none
C-00380,2024-02-01,2389.66,3993.82,R-010,False,none
C-00381,2024-02-01,1638.23,2135.21,R-005,False,none
C-00382,2024-02-01,134.5,2019.23,R-008,False,none
C-00383,2024-02-01,228.19,3622.17,R-023,False,none
C-00384,2024-02-01,96.81,164.09,R-049,False,none
C-00385,2024-02-01,1248.27,432.86,R-010,False,none
C-00386,2024-02-01,182.68,3091.76,R-050,False,none
C-00387,2024-02-01,209.12,527.47,R-001,False,none
C-00388,2024-02-01,14.16,4934.19,R-045,False,none
C-00389,2024-02-01,243.21,1778.35,R-017,False,none
C-00390,2024-02-01,23.5,1823.27,R-058,False,none
C-00391,2024-02-01,78.13,3628.87,R-029,False,none
C-00392,2024-02-01,352.25,2219.33,R-017,False,none
C-00393,2024-02-01,914.55,2008.3,R-015,False,none
C-00394,2024-02-01,424.57,3662.26,R-050,False,none
C-00395,2024-02-01,149.4,598.65,R-025,False,none
C-00396,2024-02-01,522.63,3521.57,R-022,False,none
C-00397,2024-02-01,19.35,144.09,R-045,True,kunda
C-00398,2024-02-01,67.53,463.74,R-033,False,none
C-00399,2024-02-01,256.43,1114.1,R-040,False,none
C-00400,2024-02-01,612.32,1299.38,R-027,False,none
C-00401,2024-02-01,136.58,1969.36,R-004,False,none
C-00402,2024-02-01,118.62,1845.26,R-001,False,none
C-00403,2024-02-01,57.25,1192.62,R-003,False,none
C-00404,2024-02-01,576.46,3075.66,R-035,False,none
C-00405,2024-02-01,55.24,132.24,R-031,False,none
C-00406,2024-02-01,206.54,3342.96,R-045,False,none
C-00407,2024-02-01,236.9,144.4,R-054,False,none
C-00408,2024-02-01,43.84,477.27,R-011,False,none
C-00409,2024-02-01,124.1,3407.41,R-058,False,none
C-00410,2024-02-01,19.64,605.76,R-056,False,none
C-00411,2024-02-01,61.01,1491.93,R-037,False,none
C-00412,2024-02-01,195.74,238.05,R-032,False,none
C-00413,2024-02-01,608.0,4795.76,R-011,True,collusion
C-00414,2024-02-01,194.96,353.73,R-011,False,none
C-00415,2024-02-01,193.83,301.69,R-002,False,none
C-00416,2024-02-01,198.24,394.06,R-039,False,none
C-00417,2024-02-01,1421.87,4206.21,R-026,False,none
C-00418,2024-02-01,17.18,100.51,R-012,False,none
C-00419,2024-02-01,696.1,887.47,R-009,False,none
C-00420,2024-02-01,135.47,4341.51,R-004,False,none
C-00421,2024-02-01,323.42,564.16,R-039,False,none
C-00422,2024-02-01,204.08,3262.83,R-042,False,none
C-00423,2024-02-01,143.29,112.84,R-038,False,none
C-00424,2024-02-01,29.99,430.01,R-007,True,kunda
C-00425,2024-02-01,48.47,431.17,R-003,False,none
C-00426,2024-02-01,136.17,3280.92,R-007,False,none
C-00427,2024-02-01,76.22,1636.66,R-046,False,none
C-00428,2024-02-01,387.98,2835.59,R-045,False,none
C-00429,2024-02-01,251.09,1201.85,R-018,False,none
C-00430,2024-02-01,34.43,1469.04,R-004,False,none
C-00431,2024-02-01,306.05,1635.84,R-020,False,none
C-00432,2024-02-01,388.65,1066.38,R-049,False,none
C-00433,2024-02-01,13.67,3270.27,R-009,False,none
C-00434,2024-02-01,9.99,1881.8,R-048,True,kunda
C-00435,2024-02-01,58.6,2582.78,R-028,False,none
C-00436,2024-02-01,564.36,95.34,R-009,False,none
C-00437,2024-02-01,252.99,35.7,R-057,False,none
C-00438,2024-02-01,186.82,1220.56,R-032,True,kunda
C-00439,2024-02-01,246.3,2443.66,R-041,False,none
C-00440,2024-02-01,168.72,394.02,R-006,False,none
C-00441,2024-02-01,337.55,123.48,R-023,False,none
C-00442,2024-02-01,214.5,1612.94,R-038,False,none
C-00443,2024-02-01,814.65,1830.96,R-039,False,none
C-00444,2024-02-01,8975.86,41.45,R-004,False,none
C-00445,2024-02-01,252.77,1038.26,R-037,False,none
C-00446,2024-02-01,16.63,353.89,R-057,False,none
C-00447,2024-02-01,323.51,373.3,R-048,False,none
C-00448,2024-02-01,83.73,3601.17,R-013,False,none
C-00449,2024-02-01,348.2,2595.78,R-055,False,none
C-00450,2024-02-01,338.18,1824.25,R-041,False,none
C-00451,2024-02-01,557.11,57.74,R-004,False,none
C-00452,2024-02-01,184.77,258.14,R-008,False,none
C-00453,2024-02-01,718.34,348.83,R-056,False,none
C-00454,2024-02-01,20.14,973.52,R-013,True,kunda
C-00455,2024-02-01,199.68,4441.54,R-006,False,none
C-00456,2024-02-01,226.95,1478.01,R-028,False,none
C-00457,2024-02-01,352.86,1795.23,R-032,False,none
C-00458,2024-02-01,49.51,36.95,R-035,True,tamper
C-00459,2024-02-01,53.45,535.08,R-040,True,tamper
C-00460,2024-02-01,307.12,3594.59,R-060,False,none
C-00461,2024-02-01,104.5,5721.92,R-046,False,none
C-00462,2024-02-01,469.82,237.28,R-002,False,none
C-00463,2024-02-01,130.93,838.03,R-006,False,none
C-00464,2024-02-01,80.45,485.62,R-001,False,none
C-00465,2024-02-01,370.4,1466.86,R-024,False,none
C-00466,2024-02-01,106.12,687.1,R-022,False,none
C-00467,2024-02-01,176.19,729.16,R-057,False,none
C-00468,2024-02-01,239.82,1715.4,R-022,False,none
C-00469,2024-02-01,42.7,631.31,R-002,False,none
C-00470,2024-02-01,209.46,944.63,R-054,False,none
C-00471,2024-02-01,495.43,187.8,R-016,False,none
C-00472,2024-02-01,229.85,563.48,R-055,False,none
C-00473,2024-02-01,673.97,3272.19,R-047,False,none
C-00474,2024-02-01,207.51,19.21,R-053,False,none
C-00475,2024-02-01,38.87,4293.33,R-050,False,none
C-00476,2024-02-01,463.73,1061.42,R-009,False,none
C-00477,2024-02-01,251.37,884.99,R-038,True,tamper
C-00478,2024-02-01,83.15,856.87,R-025,False,none
C-00479,2024-02-01,131.94,1826.33,R-038,False,none
C-00480,2024-02-01,172.65,2208.66,R-045,False,none
C-00481,2024-02-01,50.08,92.35,R-031,False,none
C-00482,2024-02-01,113.79,4458.84,R-019,False,none
C-00483,2024-02-01,208.13,272.4,R-055,False,none
C-00484,2024-02-01,91.05,31.67,R-040,False,none
C-00485,2024-02-01,161.5,322.32,R-054,False,none
C-00486,2024-02-01,5.53,17.2,R-015,True,kunda
C-00487,2024-02-01,110.72,911.95,R-051,False,none
C-00488,2024-02-01,74.29,3680.12,R-020,True,tamper
C-00489,2024-02-01,53.12,4529.06,R-028,False,none
C-00490,2024-02-01,366.51,1077.87,R-052,False,none
C-00491,2024-02-01,326.18,5717.91,R-022,True,collusion
C-00492,2024-02-01,484.03,1487.37,R-016,False,none
C-00493,2024-02-01,191.35,64.54,R-055,False,none
C-00494,2024-02-01,43.28,1396.17,R-058,False,none
C-00495,2024-02-01,311.18,1393.98,R-019,False,none
C-00496,2024-02-01,45.86,1769.09,R-019,False,none
C-00497,2024-02-01,146.76,68.92,R-014,False,none
C-00498,2024-02-01,102.79,33.98,R-002,False,none
C-00499,2024-02-01,266.54,2059.41,R-034,True,tamper
C-00500,2024-02-01,338.8,3516.34,R-016,False,none
C-00501,2024-02-01,182.04,554.81,R-051,False,none
C-00502,2024-02-01,406.94,32.61,R-011,False,none
C-00503,2024-02-01,393.59,701.47,R-039,False,none
C-00504,2024-02-01,85.42,1197.18,R-031,False,none
C-00505,2024-02-01,400.12,227.06,R-037,False,none
C-00506,2024-02-01,208.71,4392.66,R-007,False,none
C-00507,2024-02-01,430.99,765.78,R-028,False,none
C-00508,2024-02-01,344.6,796.25,R-038,False,none
C-00509,2024-02-01,367.99,971.35,R-021,False,none
C-00510,2024-02-01,901.08,578.14,R-053,True,tamper
C-00511,2024-02-01,250.92,1122.16,R-032,False,none
C-00512,2024-02-01,45.93,1910.14,R-022,False,none
C-00513,2024-02-01,25.35,268.76,R-002,False,none
C-00514,2024-02-01,992.61,3126.28,R-011,False,none
C-00515,2024-02-01,19.08,1212.96,R-029,False,none
C-00516,2024-02-01,1220.03,2749.63,R-025,False,none
C-00517,2024-02-01,279.76,1822.0,R-053,False,none
C-00518,2024-02-01,1832.21,548.69,R-048,False,none
C-00519,2024-02-01,48.35,767.96,R-010,False,none
C-00520,2024-02-01,429.69,596.05,R-036,False,none
C-00521,2024-02-01,580.28,303.6,R-028,False,none
C-00522,2024-02-01,231.88,3102.55,R-007,False,none
C-00523,2024-02-01,141.5,112.38,R-040,False,none
C-00524,2024-02-01,29.75,5525.1,R-033,False,none
C-00525,2024-02-01,325.76,4930.88,R-006,False,none
C-00526,2024-02-01,219.08,3300.92,R-029,False,none
C-00527,2024-02-01,295.39,150.7,R-044,False,none
C-00528,2024-02-01,98.64,1434.17,R-020,False,none
C-00529,2024-02-01,481.28,204.21,R-022,False,none
C-00530,2024-02-01,15.41,297.29,R-007,False,none
C-00531,2024-02-01,73.84,305.16,R-013,False,none
C-00532,2024-02-01,137.65,1756.48,R-059,False,none
C-00533,2024-02-01,423.55,15.38,R-038,False,none
C-00534,2024-02-01,76.67,577.66,R-011,False,none
C-00535,2024-02-01,366.08,68.47,R-029,False,none
C-00536,2024-02-01,139.02,587.91,R-012,False,none
C-00537,2024-02-01,88.74,444.12,R-027,False,none
C-00538,2024-02-01,277.45,980.75,R-009,False,none
C-00539,2024-02-01,398.39,2583.66,R-038,False,none
C-00540,2024-02-01,148.78,1111.17,R-035,False,none
C-00541,2024-02-01,386.73,1875.53,R-039,False,none
C-00542,2024-02-01,6.88,1018.6,R-027,False,none
C-00543,2024-02-01,414.16,1093.71,R-018,False,none
C-00544,2024-02-01,643.71,611.93,R-015,False,none
C-00545,2024-02-01,596.43,1570.59,R-013,False,none
C-00546,2024-02-01,309.43,980.08,R-026,False,none
C-00547,2024-02-01,39.89,0.91,R-028,False,none
C-00548,2024-02-01,192.66,142.67,R-041,False,none
C-00549,2024-02-01,589.29,121.0,R-004,False,none
C-00550,2024-02-01,189.03,307.77,R-017,False,none
C-00551,2024-02-01,26.76,2759.18,R-052,True,kunda
C-00552,2024-02-01,66.91,1575.82,R-055,False,none
C-00553,2024-02-01,87.47,2266.97,R-056,False,none
C-00554,2024-02-01,171.61,3485.04,R-019,False,none
C-00555,2024-02-01,49.24,4297.31,R-009,False,none
C-00556,2024-02-01,350.03,1017.84,R-012,False,none
C-00557,2024-02-01,249.72,970.39,R-008,False,none
C-00558,2024-02-01,18.74,154.94,R-058,False,none
C-00559,2024-02-01,108.36,1306.45,R-054,False,none
C-00560,2024-02-01,125.86,744.36,R-049,False,none
C-00561,2024-02-01,86.82,110.21,R-044,False,none
C-00562,2024-02-01,1331.89,2093.27,R-021,False,none
C-00563,2024-02-01,50.6,153.46,R-029,False,none
C-00564,2024-02-01,52.9,4685.9,R-051,False,none
C-00565,2024-02-01,90.33,233.08,R-049,False,none
C-00566,2024-02-01,968.74,1537.59,R-032,False,none
C-00567,2024-02-01,180.59,285.31,R-051,False,none
C-00568,2024-02-01,18.89,1729.21,R-021,True,kunda
C-00569,2024-02-01,7.6,3606.74,R-025,True,kunda
C-00570,2024-02-01,906.03,2138.02,R-051,False,none
C-00571,2024-02-01,142.28,596.49,R-023,False,none
C-00572,2024-02-01,253.29,1035.68,R-046,False,none
C-00573,2024-02-01,72.97,82.56,R-028,False,none
C-00574,2024-02-01,754.85,84.33,R-018,False,none
C-00575,2024-02-01,622.96,966.09,R-014,False,none
C-00576,2024-02-01,922.44,1084.58,R-037,False,none
C-00577,2024-02-01,131.6,371.05,R-029,False,none
C-00578,2024-02-01,192.64,527.08,R-023,False,none
C-00579,2024-02-01,325.9,33.2,R-045,False,none
C-00580,2024-02-01,171.43,632.68,R-001,False,none
C-00581,2024-02-01,162.77,3886.5,R-006,False,none
C-00582,2024-02-01,295.1,720.9,R-058,False,none
C-00583,2024-02-01,94.85,550.42,R-040,False,none
C-00584,2024-02-01,553.86,1345.52,R-033,False,none
C-00585,2024-02-01,3591.68,1020.93,R-001,False,none
C-00586,2024-02-01,1155.37,181.14,R-036,False,none
C-00587,2024-02-01,34.91,370.74,R-027,False,none
C-00588,2024-02-01,102.34,340.91,R-036,False,none
C-00589,2024-02-01,759.75,1033.45,R-003,False,none
C-00590,2024-02-01,53.88,187.41,R-034,False,none
C-00591,2024-02-01,391.2,686.55,R-035,False,none
C-00592,2024-02-01,434.22,584.53,R-018,False,none
C-00593,2024-02-01,121.77,2131.67,R-004,False,none
C-00594,2024-02-01,175.99,202.52,R-059,False,none
C-00595,2024-02-01,1807.67,3344.42,R-043,False,none
C-00596,2024-02-01,347.09,2126.21,R-038,False,none
C-00597,2024-02-01,19.74,948.22,R-047,False,none
C-00598,2024-02-01,51.54,2861.22,R-041,False,none
C-00599,2024-02-01,112.66,3115.41,R-009,False,none
C-00600,2024-02-01,107.26,2100.56,R-028,False,none
C-00601,2024-02-01,81.49,713.35,R-054,False,none
C-00602,2024-02-01,277.81,529.05,R-018,False,none
C-00603,2024-02-01,463.9,2378.08,R-059,False,none
C-00604,2024-02-01,16.6,461.38,R-004,False,none
C-00605,2024-02-01,675.37,155.74,R-020,False,none
C-00606,2024-02-01,46.96,24.85,R-022,False,none
C-00607,2024-02-01,168.08,180.71,R-038,False,none
C-00608,2024-02-01,41.39,826.05,R-011,False,none
C-00609,2024-02-01,61.69,39.06,R-014,False,none
C-00610,2024-02-01,43.83,182.44,R-040,False,none
C-00611,2024-02-01,120.71,757.83,R-018,False,none
C-00612,2024-02-01,277.69,1054.41,R-053,False,none
C-00613,2024-02-01,198.55,601.31,R-053,False,none
C-00614,2024-02-01,14.96,667.07,R-019,False,none
C-00615,2024-02-01,224.65,1111.18,R-034,False,none
C-00616,2024-02-01,39.05,473.44,R-020,False,none
C-00617,2024-02-01,232.08,1234.89,R-021,False,none
C-00618,2024-02-01,362.95,2837.2,R-041,False,none
C-00619,2024-02-01,65.64,230.98,R-018,False,none
C-00620,2024-02-01,57.63,147.9,R-009,False,none
C-00621,2024-02-01,247.23,1657.11,R-016,False,none
C-00622,2024-02-01,617.55,635.67,R-056,False,none
C-00623,2024-02-01,11.45,534.18,R-016,False,none
C-00624,2024-02-01,602.98,663.52,R-022,False,none
C-00625,2024-02-01,162.72,1943.9,R-038,False,none
C-00626,2024-02-01,118.11,612.43,R-007,False,none
C-00627,2024-02-01,103.99,2755.5,R-017,False,none
C-00628,2024-02-01,936.1,1053.32,R-011,False,none
C-00629,2024-02-01,71.68,214.97,R-056,False,none
C-00630,2024-02-01,33.72,1249.35,R-056,False,none
C-00631,2024-02-01,92.26,420.92,R-046,False,none
C-00632,2024-02-01,5.42,1859.01,R-015,False,none
C-00633,2024-02-01,269.97,619.67,R-037,False,none
C-00634,2024-02-01,2227.46,530.44,R-040,False,none
C-00635,2024-02-01,2544.13,1725.45,R-053,False,none
C-00636,2024-02-01,256.14,321.69,R-010,False,none
C-00637,2024-02-01,7.93,299.01,R-045,False,none
C-00638,2024-02-01,511.19,881.97,R-012,False,none
C-00639,2024-02-01,712.2,352.35,R-035,False,none
C-00640,2024-02-01,134.54,865.2,R-053,False,none
C-00641,2024-02-01,112.25,3358.35,R-004,False,none
C-00642,2024-02-01,809.48,688.86,R-009,False,none
C-00643,2024-02-01,26.41,1496.89,R-049,False,none
C-00644,2024-02-01,219.44,1631.26,R-002,False,none
C-00645,2024-02-01,999.17,301.64,R-042,False,none
C-00646,2024-02-01,11.81,14.72,R-031,False,none
C-00647,2024-02-01,93.08,481.46,R-021,False,none
C-00648,2024-02-01,121.12,1158.54,R-052,False,none
C-00649,2024-02-01,278.75,743.87,R-051,False,none
C-00650,2024-02-01,122.56,623.35,R-020,False,none
C-00651,2024-02-01,146.25,278.51,R-001,False,none
C-00652,2024-02-01,369.96,753.7,R-008,False,none
C-00653,2024-02-01,1529.77,1999.96,R-007,False,none
C-00654,2024-02-01,710.9,544.12,R-059,False,none
C-00655,2024-02-01,184.73,4087.57,R-036,False,none
C-00656,2024-02-01,150.04,1427.34,R-041,False,none
C-00657,2024-02-01,5642.26,272.17,R-014,False,none
C-00658,2024-02-01,42.77,1101.23,R-052,True,tamper
C-00659,2024-02-01,1099.49,4006.74,R-044,False,none
C-00660,2024-02-01,162.27,128.45,R-046,False,none
C-00661,2024-02-01,1735.25,1268.3,R-029,False,none
C-00662,2024-02-01,1030.34,1652.68,R-042,False,none
C-00663,2024-02-01,202.68,252.95,R-033,False,none
C-00664,2024-02-01,1007.22,3080.82,R-024,False,none
C-00665,2024-02-01,210.31,1.19,R-036,False,none
C-00666,2024-02-01,178.82,4451.2,R-020,False,none
C-00667,2024-02-01,150.97,1892.97,R-058,False,none
C-00668,2024-02-01,144.37,1295.77,R-044,True,tamper
C-00669,2024-02-01,84.55,99.64,R-045,False,none
C-00670,2024-02-01,2934.58,437.25,R-044,False,none
C-00671,2024-02-01,426.33,1589.79,R-027,False,none
C-00672,2024-02-01,30.7,820.05,R-058,False,none
C-00673,2024-02-01,70.8,174.21,R-013,False,none
C-00674,2024-02-01,131.24,1565.92,R-035,True,tamper
C-00675,2024-02-01,79.61,281.01,R-005,False,none
C-00676,2024-02-01,28.06,1958.97,R-018,False,none
C-00677,2024-02-01,12.45,2688.79,R-035,True,kunda
C-00678,2024-02-01,174.67,936.15,R-030,False,none
C-00679,2024-02-01,61.27,284.6,R-057,False,none
C-00680,2024-02-01,261.75,1093.0,R-037,False,none
C-00681,2024-02-01,531.81,2835.8,R-025,False,none
C-00682,2024-02-01,124.98,39.95,R-026,False,none
C-00683,2024-02-01,176.06,189.4,R-037,False,none
C-00684,2024-02-01,554.39,1659.24,R-048,False,none
C-00685,2024-02-01,53.18,1851.37,R-017,False,none
C-00686,2024-02-01,2671.15,2287.18,R-036,False,none
C-00687,2024-02-01,213.93,467.43,R-035,False,none
C-00688,2024-02-01,52.62,3871.85,R-001,False,none
C-00689,2024-02-01,289.08,1597.44,R-055,False,none
C-00690,2024-02-01,1104.5,189.34,R-035,False,none
C-00691,2024-02-01,281.41,211.57,R-015,False,none
C-00692,2024-02-01,15.4,1301.75,R-039,False,none
C-00693,2024-02-01,416.98,351.12,R-041,False,none
C-00694,2024-02-01,119.83,5091.81,R-055,False,none
C-00695,2024-02-01,93.78,2867.64,R-003,False,none
C-00696,2024-02-01,161.61,1567.6,R-025,False,none
C-00697,2024-02-01,331.63,530.59,R-011,True,collusion
C-00698,2024-02-01,98.05,360.13,R-035,False,none
C-00699,2024-02-01,556.58,4259.34,R-031,False,none
C-00700,2024-02-01,314.56,476.62,R-029,False,none
C-00701,2024-02-01,109.68,1498.8,R-059,False,none
C-00702,2024-02-01,197.04,1622.45,R-032,False,none
C-00703,2024-02-01,26.96,1114.8,R-025,True,kunda
C-00704,2024-02-01,215.96,755.95,R-005,False,none
C-00705,2024-02-01,256.08,187.49,R-018,False,none
C-00706,2024-02-01,161.2,3186.98,R-054,False,none
C-00707,2024-02-01,24.76,358.88,R-028,False,none
C-00708,2024-02-01,53.02,2888.79,R-055,False,none
C-00709,2024-02-01,443.8,1808.37,R-032,False,none
C-00710,2024-02-01,83.84,1268.01,R-033,False,none
C-00711,2024-02-01,95.23,1711.38,R-026,False,none
C-00712,2024-02-01,391.43,3051.07,R-034,False,none
C-00713,2024-02-01,89.52,3385.5,R-005,False,none
C-00714,2024-02-01,280.04,797.89,R-004,False,none
C-00715,2024-02-01,8.88,3928.43,R-029,True,kunda
C-00716,2024-02-01,154.79,1812.55,R-036,False,none
C-00717,2024-02-01,180.61,1136.04,R-034,False,none
C-00718,2024-02-01,243.33,2713.83,R-026,False,none
C-00719,2024-02-01,255.76,214.22,R-018,False,none
C-00720,2024-02-01,84.33,3382.17,R-043,False,none
C-00721,2024-02-01,780.7,261.31,R-037,False,none
C-00722,2024-02-01,166.43,3811.7,R-003,False,none
C-00723,2024-02-01,145.92,682.35,R-028,False,none
C-00724,2024-02-01,96.64,471.94,R-043,False,none
C-00725,2024-02-01,174.92,510.92,R-048,False,none
C-00726,2024-02-01,323.51,888.23,R-018,False,none
C-00727,2024-02-01,66.88,554.08,R-056,False,none
C-00728,2024-02-01,6320.3,5918.99,R-040,False,none
C-00729,2024-02-01,274.12,8114.59,R-027,False,none
C-00730,2024-02-01,364.95,303.1,R-038,False,none
C-00731,2024-02-01,292.69,1610.7,R-053,False,none
C-00732,2024-02-01,109.92,2345.18,R-014,False,none
C-00733,2024-02-01,46.92,992.44,R-010,True,tamper
C-00734,2024-02-01,305.36,2114.77,R-027,False,none
C-00735,2024-02-01,5.09,1663.02,R-006,False,none
C-00736,2024-02-01,147.03,1236.27,R-051,False,none
C-00737,2024-02-01,355.3,2235.9,R-059,False,none
C-00738,2024-02-01,267.15,1154.3,R-037,False,none
C-00739,2024-02-01,392.74,500.41,R-059,False,none
C-00740,2024-02-01,295.38,485.34,R-005,False,none
C-00741,2024-02-01,461.42,54.27,R-038,False,none
C-00742,2024-02-01,647.11,2787.05,R-027,False,none
C-00743,2024-02-01,28.02,1739.36,R-017,False,none
C-00744,2024-02-01,99.56,837.79,R-019,False,none
C-00745,2024-02-01,102.51,1622.01,R-033,False,none
C-00746,2024-02-01,41.26,1728.38,R-039,False,none
C-00747,2024-02-01,2247.88,396.96,R-010,False,none
C-00748,2024-02-01,140.51,1628.3,R-037,False,none
C-00749,2024-02-01,566.52,3720.2,R-056,False,none
C-00750,2024-02-01,80.72,5042.68,R-001,False,none
C-00751,2024-02-01,85.67,502.49,R-053,False,none
C-00752,2024-02-01,3014.96,1475.51,R-037,False,none
C-00753,2024-02-01,8.58,1506.05,R-021,True,kunda
C-00754,2024-02-01,377.12,203.91,R-045,False,none
C-00755,2024-02-01,379.81,3568.48,R-038,False,none
C-00756,2024-02-01,77.44,825.29,R-047,False,none
C-00757,2024-02-01,211.3,1076.63,R-005,False,none
C-00758,2024-02-01,77.94,656.28,R-004,False,none
C-00759,2024-02-01,99.83,276.0,R-039,False,none
C-00760,2024-02-01,111.82,1511.47,R-019,False,none
C-00761,2024-02-01,24.34,1351.58,R-015,False,none
C-00762,2024-02-01,246.03,2693.77,R-026,True,tamper
C-00763,2024-02-01,256.35,2238.34,R-044,False,none
C-00764,2024-02-01,305.74,4917.16,R-011,False,none
C-00765,2024-02-01,532.42,4976.01,R-059,False,none
C-00766,2024-02-01,465.96,647.93,R-026,False,none
C-00767,2024-02-01,308.83,1831.33,R-010,False,none
C-00768,2024-02-01,1386.57,910.48,R-005,False,none
C-00769,2024-02-01,211.82,1653.99,R-052,False,none
C-00770,2024-02-01,95.54,3544.56,R-007,False,none
C-00771,2024-02-01,170.79,995.66,R-026,False,none
C-00772,2024-02-01,266.17,2964.62,R-041,False,none
C-00773,2024-02-01,535.83,3457.72,R-031,False,none
C-00774,2024-02-01,228.63,543.52,R-016,False,none
C-00775,2024-02-01,232.28,19.25,R-007,False,none
C-00776,2024-02-01,81.48,3374.71,R-043,False,none
C-00777,2024-02-01,177.55,1924.73,R-030,False,none
C-00778,2024-02-01,322.24,513.72,R-003,False,none
C-00779,2024-02-01,145.39,950.64,R-011,False,none
C-00780,2024-02-01,19.5,170.43,R-034,True,kunda
C-00781,2024-02-01,196.33,2635.53,R-011,False,none
C-00782,2024-02-01,87.37,2687.84,R-024,False,none
C-00783,2024-02-01,105.2,1085.52,R-008,False,none
C-00784,2024-02-01,25.61,183.61,R-048,False,none
C-00785,2024-02-01,246.02,1736.22,R-038,False,none
C-00786,2024-02-01,311.9,1248.47,R-048,False,none
C-00787,2024-02-01,347.1,905.57,R-004,False,none
C-00788,2024-02-01,37.16,276.83,R-023,False,none
C-00789,2024-02-01,311.92,88.11,R-017,False,none
C-00790,2024-02-01,316.2,1624.91,R-038,False,none
C-00791,2024-02-01,627.29,644.81,R-050,False,none
C-00792,2024-02-01,146.23,900.88,R-014,False,none
C-00793,2024-02-01,603.15,604.67,R-047,False,none
C-00794,2024-02-01,24.52,677.77,R-035,True,kunda
C-00795,2024-02-01,356.4,6384.11,R-050,False,none
C-00796,2024-02-01,340.61,395.09,R-005,False,none
C-00797,2024-02-01,107.56,2399.79,R-060,False,none
C-00798,2024-02-01,112.58,878.53,R-027,False,none
C-00799,2024-02-01,302.57,1921.78,R-017,False,none
C-00800,2024-02-01,17.92,322.24,R-011,False,none
C-00801,2024-02-01,266.55,873.2,R-060,True,collusion
C-00802,2024-02-01,84.44,175.34,R-054,False,none
C-00803,2024-02-01,99.73,1373.56,R-008,True,tamper
C-00804,2024-02-01,423.97,61.18,R-027,False,none
C-00805,2024-02-01,179.71,405.8,R-045,False,none
C-00806,2024-02-01,433.21,2740.88,R-036,False,none
C-00807,2024-02-01,1944.87,1009.63,R-012,False,none
C-00808,2024-02-01,183.31,1976.38,R-022,False,none
C-00809,2024-02-01,188.15,775.14,R-023,False,none
C-00810,2024-02-01,447.46,1199.19,R-018,False,none
C-00811,2024-02-01,1129.3,4330.44,R-058,False,none
C-00812,2024-02-01,113.32,290.7,R-013,True,tamper
C-00813,2024-02-01,282.93,382.3,R-043,False,none
C-00814,2024-02-01,227.99,295.07,R-055,False,none
C-00815,2024-02-01,241.62,43.25,R-048,False,none
C-00816,2024-02-01,32.96,145.13,R-048,False,none
C-00817,2024-02-01,115.98,11.99,R-010,False,none
C-00818,2024-02-01,25.87,205.91,R-008,False,none
C-00819,2024-02-01,47.09,5863.7,R-047,False,none
C-00820,2024-02-01,279.73,724.21,R-045,False,none
C-00821,2024-02-01,29.89,1620.06,R-045,False,none
C-00822,2024-02-01,225.05,2513.38,R-026,True,tamper
C-00823,2024-02-01,248.95,3270.73,R-032,False,none
C-00824,2024-02-01,186.51,961.0,R-001,False,none
C-00825,2024-02-01,357.24,1015.87,R-018,False,none
C-00826,2024-02-01,358.49,637.23,R-032,False,none
C-00827,2024-02-01,59.24,1308.75,R-008,False,none
C-00828,2024-02-01,569.74,247.63,R-008,False,none
C-00829,2024-02-01,2389.28,305.77,R-003,False,none
C-00830,2024-02-01,229.23,1205.29,R-013,False,none
C-00831,2024-02-01,221.81,2051.52,R-060,False,none
C-00832,2024-02-01,155.18,714.72,R-042,False,none
C-00833,2024-02-01,539.3,2524.35,R-057,False,none
C-00834,2024-02-01,303.56,2635.0,R-016,False,none
C-00835,2024-02-01,9.3,4183.14,R-036,True,kunda
C-00836,2024-02-01,139.31,660.08,R-054,False,none
C-00837,2024-02-01,52.17,3378.68,R-022,False,none
C-00838,2024-02-01,167.67,1783.45,R-040,False,none
C-00839,2024-02-01,243.14,1424.16,R-042,False,none
C-00840,2024-02-01,359.5,316.83,R-050,False,none
C-00841,2024-02-01,260.13,34.86,R-059,False,none
C-00842,2024-02-01,166.07,1235.32,R-037,True,tamper
C-00843,2024-02-01,1178.33,969.65,R-035,False,none
C-00844,2024-02-01,251.42,593.74,R-053,False,none
C-00845,2024-02-01,806.81,1252.58,R-042,False,none
C-00846,2024-02-01,12.47,791.84,R-022,False,none
C-00847,2024-02-01,20.13,2347.63,R-038,False,none
C-00848,2024-02-01,314.18,1090.1,R-033,False,none
C-00849,2024-02-01,147.47,567.99,R-014,False,none
C-00850,2024-02-01,126.48,2320.25,R-031,False,none
C-00851,2024-02-01,590.89,127.03,R-038,False,none
C-00852,2024-02-01,101.42,1077.41,R-055,False,none
C-00853,2024-02-01,365.13,194.61,R-035,False,none
C-00854,2024-02-01,2141.28,62.38,R-010,False,none
C-00855,2024-02-01,38.11,1640.86,R-060,False,none
C-00856,2024-02-01,283.27,1323.39,R-035,False,none
C-00857,2024-02-01,1179.53,484.44,R-018,False,none
C-00858,2024-02-01,213.57,108.69,R-046,False,none
C-00859,2024-02-01,23.15,722.88,R-024,False,none
C-00860,2024-02-01,92.9,193.39,R-023,False,none
C-00861,2024-02-01,45.57,1657.12,R-051,False,none
C-00862,2024-02-01,226.48,2438.74,R-053,False,none
C-00863,2024-02-01,99.93,1498.57,R-032,False,none
C-00864,2024-02-01,32.99,1242.58,R-023,True,kunda
C-00865,2024-02-01,589.77,1323.53,R-052,False,none
C-00866,2024-02-01,193.47,535.74,R-011,False,none
C-00867,2024-02-01,89.89,1000.83,R-045,False,none
C-00868,2024-02-01,42.61,1174.83,R-036,False,none
C-00869,2024-02-01,2361.71,1013.61,R-052,False,none
C-00870,2024-02-01,122.37,1706.57,R-026,False,none
C-00871,2024-02-01,86.92,1851.22,R-050,False,none
C-00872,2024-02-01,191.93,1137.35,R-001,False,none
C-00873,2024-02-01,351.42,2401.25,R-046,False,none
C-00874,2024-02-01,277.35,1238.21,R-005,False,none
C-00875,2024-02-01,13.54,2474.38,R-039,False,none
C-00876,2024-02-01,184.83,666.28,R-012,False,none
C-00877,2024-02-01,33.31,3143.52,R-058,False,none
C-00878,2024-02-01,114.52,643.41,R-047,False,none
C-00879,2024-02-01,300.96,2497.04,R-007,False,none
C-00880,2024-02-01,108.7,316.86,R-054,False,none
C-00881,2024-02-01,28.43,394.74,R-016,False,none
C-00882,2024-02-01,494.29,763.95,R-033,True,collusion
C-00883,2024-02-01,121.92,3846.62,R-006,False,none
C-00884,2024-02-01,60.85,2036.14,R-007,False,none
C-00885,2024-02-01,4620.47,1594.44,R-015,False,none
C-00886,2024-02-01,402.39,666.86,R-033,False,none
C-00887,2024-02-01,245.53,1771.51,R-033,False,none
C-00888,2024-02-01,205.06,659.43,R-052,False,none
C-00889,2024-02-01,372.83,2420.06,R-010,False,none
C-00890,2024-02-01,171.7,489.84,R-045,False,none
C-00891,2024-02-01,185.32,855.21,R-001,False,none
C-00892,2024-02-01,98.56,1507.29,R-018,False,none
C-00893,2024-02-01,116.9,1848.44,R-011,False,none
C-00894,2024-02-01,12.28,2822.82,R-008,False,none
C-00895,2024-02-01,52.17,156.41,R-036,False,none
C-00896,2024-02-01,70.84,233.37,R-055,False,none
C-00897,2024-02-01,362.48,2802.3,R-041,False,none
C-00898,2024-02-01,98.69,189.42,R-052,False,none
C-00899,2024-02-01,1093.78,4734.36,R-036,False,none
C-00900,2024-02-01,519.95,871.74,R-004,False,none
C-00901,2024-02-01,48.63,428.59,R-021,False,none
C-00902,2024-02-01,280.56,1561.64,R-050,False,none
C-00903,2024-02-01,307.96,5887.88,R-003,False,none
C-00904,2024-02-01,138.7,3782.69,R-006,False,none
C-00905,2024-02-01,386.54,263.41,R-051,False,none
C-00906,2024-02-01,172.46,1856.94,R-004,False,none
C-00907,2024-02-01,53.8,225.09,R-058,False,none
C-00908,2024-02-01,302.53,3443.14,R-046,False,none
C-00909,2024-02-01,395.09,616.58,R-040,False,none
C-00910,2024-02-01,225.36,2434.67,R-033,False,none
C-00911,2024-02-01,518.12,2719.53,R-006,False,none
C-00912,2024-02-01,255.08,712.04,R-025,False,none
C-00913,2024-02-01,138.21,789.01,R-049,False,none
C-00914,2024-02-01,290.78,4775.56,R-055,False,none
C-00915,2024-02-01,581.11,1576.54,R-027,False,none
C-00916,2024-02-01,659.62,4122.84,R-051,True,tamper
C-00917,2024-02-01,551.02,5599.71,R-047,False,none
C-00918,2024-02-01,130.84,1817.49,R-004,False,none
C-00919,2024-02-01,43.35,837.51,R-038,True,tamper
C-00920,2024-02-01,1104.72,1009.22,R-037,False,none
C-00921,2024-02-01,627.8,2178.09,R-033,False,none
C-00922,2024-02-01,348.31,833.07,R-047,False,none
C-00923,2024-02-01,166.34,2541.43,R-054,False,none
C-00924,2024-02-01,72.9,1797.71,R-034,True,kunda
C-00925,2024-02-01,465.2,1442.11,R-020,False,none
C-00926,2024-02-01,67.83,460.05,R-059,False,none
C-00927,2024-02-01,227.4,960.65,R-058,False,none
C-00928,2024-02-01,189.91,269.05,R-042,False,none
C-00929,2024-02-01,113.32,2607.28,R-039,True,tamper
C-00930,2024-02-01,250.87,795.96,R-007,False,none
C-00931,2024-02-01,48.38,714.47,R-025,False,none
C-00932,2024-02-01,428.54,137.13,R-012,False,none
C-00933,2024-02-01,148.91,1851.64,R-031,False,none
C-00934,2024-02-01,9.5,1032.12,R-050,True,kunda
C-00935,2024-02-01,54.71,726.57,R-014,False,none
C-00936,2024-02-01,85.14,429.96,R-060,False,none
C-00937,2024-02-01,184.39,634.43,R-008,False,none
C-00938,2024-02-01,299.62,532.32,R-006,False,none
C-00939,2024-02-01,19.85,4203.41,R-059,False,none
C-00940,2024-02-01,169.01,274.9,R-007,False,none
C-00941,2024-02-01,79.46,4766.84,R-045,False,none
C-00942,2024-02-01,158.02,125.2,R-046,False,none
C-00943,2024-02-01,218.33,182.42,R-020,False,none
C-00944,2024-02-01,331.81,221.72,R-004,False,none
C-00945,2024-02-01,311.22,389.91,R-019,False,none
C-00946,2024-02-01,170.0,864.63,R-005,False,none
C-00947,2024-02-01,198.89,342.4,R-041,True,collusion
C-00948,2024-02-01,3.09,1856.83,R-054,True,kunda
C-00949,2024-02-01,1762.07,739.23,R-060,False,none
C-00950,2024-02-01,210.76,2386.05,R-049,False,none
C-00951,2024-02-01,597.54,322.85,R-047,True,tamper
C-00952,2024-02-01,9424.18,2340.58,R-053,False,none
C-00953,2024-02-01,24.59,513.2,R-047,False,none
C-00954,2024-02-01,306.89,153.94,R-040,False,none
C-00955,2024-02-01,344.54,296.16,R-060,False,none
C-00956,2024-02-01,2544.18,179.96,R-020,False,none
C-00957,2024-02-01,54.08,4247.16,R-025,False,none
C-00958,2024-02-01,97.69,220.38,R-055,False,none
C-00959,2024-02-01,202.05,174.55,R-019,True,tamper
C-00960,2024-02-01,122.21,315.59,R-018,False,none
C-00961,2024-02-01,148.84,1506.89,R-010,False,none
C-00962,2024-02-01,26.55,172.99,R-017,False,none
C-00963,2024-02-01,3429.14,690.5,R-036,False,none
C-00964,2024-02-01,430.91,2579.4,R-054,False,none
C-00965,2024-02-01,12.46,513.1,R-009,False,none
C-00966,2024-02-01,637.26,167.68,R-041,False,none
C-00967,2024-02-01,203.41,2110.24,R-046,False,none
C-00968,2024-02-01,15.41,515.99,R-054,False,none
C-00969,2024-02-01,127.52,1250.96,R-046,False,none
C-00970,2024-02-01,529.83,46.62,R-010,False,none
C-00971,2024-02-01,106.58,271.15,R-030,True,tamper
C-00972,2024-02-01,658.37,232.63,R-058,False,none
C-00973,2024-02-01,69.76,2211.48,R-055,False,none
C-00974,2024-02-01,192.79,146.66,R-037,True,tamper
C-00975,2024-02-01,98.32,1230.02,R-058,False,none
C-00976,2024-02-01,108.7,966.53,R-041,False,none
C-00977,2024-02-01,172.76,1030.89,R-004,True,collusion
C-00978,2024-02-01,58.29,422.17,R-055,False,none
C-00979,2024-02-01,160.18,4240.85,R-011,True,collusion
C-00980,2024-02-01,15.05,36.32,R-023,True,kunda
C-00981,2024-02-01,654.1,908.58,R-015,False,none
C-00982,2024-02-01,53.46,114.12,R-044,False,none
C-00983,2024-02-01,209.2,1786.03,R-002,False,none
C-00984,2024-02-01,75.73,728.19,R-039,False,none
C-00985,2024-02-01,279.64,74.46,R-052,False,none
C-00986,2024-02-01,86.02,991.54,R-048,False,none
C-00987,2024-02-01,85.35,1999.47,R-019,True,kunda
C-00988,2024-02-01,19.42,1604.43,R-054,False,none
C-00989,2024-02-01,73.62,72.97,R-022,False,none
C-00990,2024-02-01,18.85,529.82,R-041,False,none
C-00991,2024-02-01,32.31,6019.75,R-031,False,none
C-00992,2024-02-01,247.52,247.36,R-005,False,none
C-00993,2024-02-01,387.3,1432.22,R-001,False,none
C-00994,2024-02-01,2686.18,551.95,R-011,False,none
C-00995,2024-02-01,70.48,2133.96,R-057,False,none
C-00996,2024-02-01,170.46,879.28,R-058,False,none
C-00997,2024-02-01,85.73,664.19,R-025,True,tamper
C-00998,2024-02-01,267.57,4617.71,R-059,False,none
C-00999,2024-02-01,334.6,2064.62,R-003,True,tamper
C-01000,2024-02-01,193.51,4319.03,R-059,False,none
C-01001,2024-02-01,383.53,2705.19,R-014,False,none
C-01002,2024-02-01,589.45,881.68,R-003,False,none
C-01003,2024-02-01,461.06,2677.09,R-046,False,none
C-01004,2024-02-01,852.8,732.44,R-023,False,none
C-01005,2024-02-01,78.93,2065.8,R-018,False,none
C-01006,2024-02-01,402.33,3604.0,R-046,False,none
C-01007,2024-02-01,95.48,7092.68,R-020,False,none
C-01008,2024-02-01,589.64,5483.32,R-046,False,none
C-01009,2024-02-01,214.23,1747.92,R-012,False,none
C-01010,2024-02-01,251.67,1010.39,R-006,False,none
C-01011,2024-02-01,20.84,1571.1,R-020,False,none
C-01012,2024-02-01,543.54,1449.05,R-037,False,none
C-01013,2024-02-01,36.23,5844.86,R-014,False,none
C-01014,2024-02-01,254.21,426.65,R-009,False,none
C-01015,2024-02-01,46.3,4297.28,R-045,False,none
C-01016,2024-02-01,97.56,3793.58,R-030,False,none
C-01017,2024-02-01,1618.79,808.71,R-026,False,none
C-01018,2024-02-01,93.93,463.43,R-015,False,none
C-01019,2024-02-01,206.41,815.25,R-002,False,none
C-01020,2024-02-01,297.99,1254.05,R-004,False,none
C-01021,2024-02-01,331.68,1371.82,R-041,False,none
C-01022,2024-02-01,560.0,714.33,R-005,False,none
C-01023,2024-02-01,258.31,3690.01,R-015,False,none
C-01024,2024-02-01,1785.2,1630.55,R-055,False,none
C-01025,2024-02-01,87.82,3303.32,R-021,False,none
C-01026,2024-02-01,365.7,1351.43,R-045,False,none
C-01027,2024-02-01,184.73,400.43,R-021,False,none
C-01028,2024-02-01,323.91,863.47,R-056,False,none
C-01029,2024-02-01,251.41,1129.61,R-050,False,none
C-01030,2024-02-01,56.31,850.75,R-029,False,none
C-01031,2024-02-01,89.29,4665.81,R-042,False,none
C-01032,2024-02-01,24.63,1552.84,R-025,False,none
C-01033,2024-02-01,31.66,342.56,R-057,False,none
C-01034,2024-02-01,17.34,2050.61,R-022,False,none
C-01035,2024-02-01,35.36,1098.15,R-051,False,none
C-01036,2024-02-01,93.72,1237.05,R-037,True,kunda
C-01037,2024-02-01,29.76,3702.2,R-039,False,none
C-01038,2024-02-01,200.92,975.46,R-022,False,none
C-01039,2024-02-01,211.84,594.88,R-050,False,none
C-01040,2024-02-01,152.89,1557.24,R-045,False,none
C-01041,2024-02-01,173.35,159.06,R-049,False,none
C-01042,2024-02-01,61.33,313.13,R-049,False,none
C-01043,2024-02-01,30.68,2726.51,R-010,False,none
C-01044,2024-02-01,47.85,2166.32,R-053,False,none
C-01045,2024-02-01,505.48,289.58,R-051,False,none
C-01046,2024-02-01,446.32,887.0,R-015,False,none
C-01047,2024-02-01,150.98,694.04,R-059,False,none
C-01048,2024-02-01,177.42,3700.98,R-032,False,none
C-01049,2024-02-01,110.96,1616.94,R-020,False,none
C-01050,2024-02-01,68.37,1285.63,R-014,False,none
C-01051,2024-02-01,198.64,703.12,R-022,False,none
C-01052,2024-02-01,42.33,3178.54,R-003,False,none
C-01053,2024-02-01,240.91,999.76,R-042,False,none
C-01054,2024-02-01,677.34,1172.41,R-043,False,none
C-01055,2024-02-01,50.62,1689.54,R-041,False,none
C-01056,2024-02-01,74.66,75.96,R-033,False,none
C-01057,2024-02-01,44.02,940.71,R-022,False,none
C-01058,2024-02-01,5.02,1648.85,R-044,False,none
C-01059,2024-02-01,248.98,1137.76,R-053,False,none
C-01060,2024-02-01,113.91,300.94,R-006,False,none
C-01061,2024-02-01,91.06,31.06,R-023,False,none
C-01062,2024-02-01,55.87,161.33,R-060,False,none
C-01063,2024-02-01,328.26,3622.45,R-052,False,none
C-01064,2024-02-01,33.62,266.65,R-060,False,none
C-01065,2024-02-01,427.31,1697.03,R-011,False,none
C-01066,2024-02-01,25.52,207.08,R-028,True,tamper
C-01067,2024-02-01,317.57,1208.99,R-008,False,none
C-01068,2024-02-01,72.83,600.39,R-052,False,none
C-01069,2024-02-01,77.02,1266.58,R-032,False,none
C-01070,2024-02-01,137.94,3244.01,R-015,False,none
C-01071,2024-02-01,237.11,858.24,R-006,False,none
C-01072,2024-02-01,29.38,293.82,R-045,False,none
C-01073,2024-02-01,324.91,234.59,R-049,False,none
C-01074,2024-02-01,289.87,516.64,R-053,False,none
C-01075,2024-02-01,305.12,612.37,R-059,False,none
C-01076,2024-02-01,442.71,3804.72,R-049,False,none
C-01077,2024-02-01,32.99,2582.12,R-048,False,none
C-01078,2024-02-01,317.93,53.22,R-049,False,none
C-01079,2024-02-01,288.0,859.27,R-060,False,none
C-01080,2024-02-01,40.24,3844.88,R-028,True,tamper
C-01081,2024-02-01,700.76,3497.88,R-046,False,none
C-01082,2024-02-01,1245.52,766.55,R-050,False,none
C-01083,2024-02-01,52.4,576.3,R-007,False,none
C-01084,2024-02-01,17.67,99.3,R-042,False,none
C-01085,2024-02-01,340.77,1578.78,R-021,False,none
C-01086,2024-02-01,138.45,160.8,R-008,False,none
C-01087,2024-02-01,210.12,1380.9,R-011,False,none
C-01088,2024-02-01,287.29,3481.55,R-007,False,none
C-01089,2024-02-01,41.87,1060.31,R-054,False,none
C-01090,2024-02-01,106.82,409.07,R-047,True,tamper
C-01091,2024-02-01,162.27,812.4,R-007,False,none
C-01092,2024-02-01,97.33,104.94,R-038,False,none
C-01093,2024-02-01,99.85,666.62,R-040,False,none
C-01094,2024-02-01,357.29,562.02,R-032,False,none
C-01095,2024-02-01,308.65,3928.12,R-037,False,none
C-01096,2024-02-01,452.57,901.49,R-055,False,none
C-01097,2024-02-01,280.94,2475.07,R-032,False,none
C-01098,2024-02-01,365.67,2710.91,R-040,False,none
C-01099,2024-02-01,37.88,335.02,R-035,False,none
C-01100,2024-02-01,44.26,1488.72,R-024,False,none
C-01101,2024-02-01,49.21,1425.67,R-054,False,none
C-01102,2024-02-01,227.36,188.01,R-025,False,none
C-01103,2024-02-01,53.61,525.97,R-048,False,none
C-01104,2024-02-01,79.02,203.47,R-037,False,none
C-01105,2024-02-01,727.64,2982.28,R-042,False,none
C-01106,2024-02-01,423.14,1179.78,R-046,False,none
C-01107,2024-02-01,174.07,2547.57,R-045,False,none
C-01108,2024-02-01,302.19,2599.35,R-034,False,none
C-01109,2024-02-01,239.72,572.83,R-037,False,none
C-01110,2024-02-01,53.23,1146.14,R-031,False,none
C-01111,2024-02-01,173.13,389.36,R-021,False,none
C-01112,2024-02-01,2645.16,7379.08,R-044,False,none
C-01113,2024-02-01,3725.7,3081.37,R-053,False,none
C-01114,2024-02-01,201.93,2241.4,R-043,False,none
C-01115,2024-02-01,220.73,483.94,R-047,False,none
C-01116,2024-02-01,1108.34,2233.06,R-050,False,none
C-01117,2024-02-01,708.86,3826.0,R-023,False,none
C-01118,2024-02-01,121.76,77.68,R-004,False,none
C-01119,2024-02-01,36.37,1201.86,R-021,False,none
C-01120,2024-02-01,604.37,1877.41,R-046,False,none
C-01121,2024-02-01,338.23,1746.24,R-049,False,none
C-01122,2024-02-01,9.66,1370.88,R-031,False,none
C-01123,2024-02-01,3523.29,752.52,R-047,False,none
C-01124,2024-02-01,1435.92,3099.23,R-005,False,none
C-01125,2024-02-01,657.04,167.22,R-039,False,none
C-01126,2024-02-01,323.86,1361.44,R-041,False,none
C-01127,2024-02-01,53.11,2267.99,R-031,False,none
C-01128,2024-02-01,222.73,64.04,R-043,False,none
C-01129,2024-02-01,126.21,1646.78,R-030,False,none
C-01130,2024-02-01,399.78,695.04,R-032,False,none
C-01131,2024-02-01,98.78,1788.69,R-037,False,none
C-01132,2024-02-01,199.61,2969.39,R-048,False,none
C-01133,2024-02-01,92.78,2690.49,R-015,False,none
C-01134,2024-02-01,304.18,1252.9,R-019,False,none
C-01135,2024-02-01,98.86,1002.29,R-026,False,none
C-01136,2024-02-01,292.7,73.83,R-013,False,none
C-01137,2024-02-01,53.56,950.0,R-021,False,none
C-01138,2024-02-01,135.04,775.54,R-022,False,none
C-01139,2024-02-01,770.14,77.9,R-019,False,none
C-01140,2024-02-01,14.18,5153.39,R-025,False,none
C-01141,2024-02-01,90.13,1031.54,R-031,False,none
C-01142,2024-02-01,336.18,330.6,R-042,False,none
C-01143,2024-02-01,360.3,1265.32,R-019,False,none
C-01144,2024-02-01,15.2,508.05,R-051,False,none
C-01145,2024-02-01,379.99,5916.34,R-029,False,none
C-01146,2024-02-01,390.89,2857.3,R-044,False,none
C-01147,2024-02-01,138.7,282.61,R-007,False,none
C-01148,2024-02-01,137.51,798.97,R-011,False,none
C-01149,2024-02-01,262.42,6.93,R-028,False,none
C-01150,2024-02-01,251.65,1780.92,R-022,False,none
C-01151,2024-02-01,27.56,2274.25,R-030,False,none
C-01152,2024-02-01,297.69,3589.4,R-010,False,none
C-01153,2024-02-01,437.54,2182.92,R-029,False,none
C-01154,2024-02-01,391.56,197.36,R-042,False,none
C-01155,2024-02-01,369.26,341.64,R-044,False,none
C-01156,2024-02-01,405.92,2609.99,R-015,False,none
C-01157,2024-02-01,351.34,3567.68,R-021,False,none
C-01158,2024-02-01,138.05,1107.58,R-032,False,none
C-01159,2024-02-01,504.4,1176.34,R-032,False,none
C-01160,2024-02-01,72.54,1203.98,R-048,False,none
C-01161,2024-02-01,173.31,1694.4,R-024,False,none
C-01162,2024-02-01,78.11,3622.91,R-041,False,none
C-01163,2024-02-01,710.25,508.21,R-054,False,none
C-01164,2024-02-01,84.03,721.99,R-018,False,none
C-01165,2024-02-01,113.29,833.82,R-050,False,none
C-01166,2024-02-01,2.69,2972.55,R-020,True,kunda
C-01167,2024-02-01,261.03,3962.86,R-021,False,none
C-01168,2024-02-01,66.97,1082.42,R-040,False,none
C-01169,2024-02-01,85.41,81.03,R-038,False,none
C-01170,2024-02-01,1785.47,884.76,R-033,False,none
C-01171,2024-02-01,516.16,1712.19,R-014,False,none
C-01172,2024-02-01,151.28,223.56,R-006,False,none
C-01173,2024-02-01,430.2,695.32,R-055,False,none
C-01174,2024-02-01,117.57,1469.17,R-053,False,none
C-01175,2024-02-01,59.78,4035.79,R-054,False,none
C-01176,2024-02-01,21.71,911.86,R-031,False,none
C-01177,2024-02-01,25.31,2508.08,R-054,False,none
C-01178,2024-02-01,563.72,6960.74,R-029,False,none
C-01179,2024-02-01,300.56,639.52,R-005,False,none
C-01180,2024-02-01,248.76,5344.54,R-012,False,none
C-01181,2024-02-01,213.4,3058.85,R-017,False,none
C-01182,2024-02-01,283.36,96.14,R-023,False,none
C-01183,2024-02-01,333.05,245.95,R-057,False,none
C-01184,2024-02-01,210.96,3407.11,R-020,True,tamper
C-01185,2024-02-01,15.87,1254.39,R-037,False,none
C-01186,2024-02-01,186.14,1546.07,R-017,False,none
C-01187,2024-02-01,268.36,864.82,R-039,False,none
C-01188,2024-02-01,169.6,1638.54,R-035,False,none
C-01189,2024-02-01,13.91,1769.21,R-010,False,none
C-01190,2024-02-01,366.59,1027.83,R-028,False,none
C-01191,2024-02-01,111.24,104.99,R-007,False,none
C-01192,2024-02-01,209.93,1764.6,R-054,False,none
C-01193,2024-02-01,92.57,1295.4,R-043,False,none
C-01194,2024-02-01,183.79,2912.74,R-057,False,none
C-01195,2024-02-01,620.47,308.79,R-053,False,none
C-01196,2024-02-01,1205.64,1015.32,R-014,False,none
C-01197,2024-02-01,36.84,1099.72,R-043,False,none
C-01198,2024-02-01,843.24,622.76,R-007,False,none
C-01199,2024-02-01,227.75,4254.74,R-058,False,none
C-01200,2024-02-01,1123.11,105.54,R-048,False,none
C-01201,2024-02-01,5684.25,2178.49,R-041,False,none
C-01202,2024-02-01,182.81,1275.63,R-060,False,none
C-01203,2024-02-01,12.73,1754.35,R-051,False,none
C-01204,2024-02-01,778.31,78.18,R-052,False,none
C-01205,2024-02-01,1533.87,720.13,R-007,False,none
C-01206,2024-02-01,4070.25,14.97,R-002,False,none
C-01207,2024-02-01,399.84,937.28,R-058,False,none
C-01208,2024-02-01,106.12,960.28,R-016,False,none
C-01209,2024-02-01,46.63,2344.11,R-026,False,none
C-01210,2024-02-01,261.91,572.33,R-003,False,none
C-01211,2024-02-01,8.34,2424.4,R-038,True,kunda
C-01212,2024-02-01,561.3,169.02,R-050,False,none
C-01213,2024-02-01,44.25,103.12,R-051,False,none
C-01214,2024-02-01,178.87,783.89,R-035,False,none
C-01215,2024-02-01,390.68,3334.19,R-040,False,none
C-01216,2024-02-01,83.71,2415.79,R-031,False,none
C-01217,2024-02-01,153.9,2814.52,R-027,False,none
C-01218,2024-02-01,346.41,559.08,R-034,False,none
C-01219,2024-02-01,103.78,873.55,R-057,False,none
C-01220,2024-02-01,30.29,1298.98,R-016,False,none
C-01221,2024-02-01,40.29,458.26,R-029,False,none
C-01222,2024-02-01,903.07,334.94,R-037,False,none
C-01223,2024-02-01,244.3,1277.69,R-035,False,none
C-01224,2024-02-01,29.02,789.36,R-002,False,none
C-01225,2024-02-01,123.43,116.54,R-018,False,none
C-01226,2024-02-01,23.57,1127.74,R-039,False,none
C-01227,2024-02-01,88.1,251.34,R-042,False,none
C-01228,2024-02-01,837.99,1266.99,R-045,False,none
C-01229,2024-02-01,130.07,6008.95,R-060,False,none
C-01230,2024-02-01,200.68,6659.53,R-041,False,none
C-01231,2024-02-01,694.59,632.9,R-035,False,none
C-01232,2024-02-01,51.42,1172.84,R-020,False,none
C-01233,2024-02-01,243.93,2727.64,R-023,False,none
C-01234,2024-02-01,200.97,862.13,R-050,False,none
C-01235,2024-02-01,499.94,2958.33,R-029,False,none
C-01236,2024-02-01,957.51,1130.55,R-043,False,none
C-01237,2024-02-01,385.94,2028.77,R-008,False,none
C-01238,2024-02-01,234.37,3976.61,R-008,False,none
C-01239,2024-02-01,2873.89,1774.7,R-013,False,none
C-01240,2024-02-01,230.16,1088.85,R-012,False,none
C-01241,2024-02-01,281.68,1626.55,R-037,False,none
C-01242,2024-02-01,55.38,1090.56,R-039,False,none
C-01243,2024-02-01,278.67,266.49,R-034,False,none
C-01244,2024-02-01,21.83,2100.91,R-018,True,kunda
C-01245,2024-02-01,78.47,3438.12,R-035,False,none
C-01246,2024-02-01,465.56,1033.69,R-008,False,none
C-01247,2024-02-01,260.38,1056.97,R-029,False,none
C-01248,2024-02-01,50.29,905.83,R-010,False,none
C-01249,2024-02-01,341.11,749.9,R-005,False,none
C-01250,2024-02-01,173.88,294.25,R-010,False,none
C-01251,2024-02-01,835.57,852.47,R-007,False,none
C-01252,2024-02-01,164.15,1281.84,R-029,False,none
C-01253,2024-02-01,1110.15,109.35,R-033,False,none
C-01254,2024-02-01,150.68,4104.49,R-037,True,tamper
C-01255,2024-02-01,304.0,91.77,R-027,False,none
C-01256,2024-02-01,176.23,6284.91,R-011,False,none
C-01257,2024-02-01,245.3,5885.32,R-002,False,none
C-01258,2024-02-01,67.84,2180.35,R-043,True,tamper
C-01259,2024-02-01,241.78,867.42,R-059,False,none
C-01260,2024-02-01,49.78,743.41,R-017,False,none
C-01261,2024-02-01,624.41,257.14,R-013,False,none
C-01262,2024-02-01,558.76,135.64,R-019,False,none
C-01263,2024-02-01,241.17,1761.54,R-013,False,none
C-01264,2024-02-01,41.97,579.21,R-014,False,none
C-01265,2024-02-01,201.01,755.44,R-030,False,none
C-01266,2024-02-01,85.0,1102.75,R-048,False,none
C-01267,2024-02-01,368.2,826.72,R-043,False,none
C-01268,2024-02-01,119.85,406.28,R-058,False,none
C-01269,2024-02-01,225.63,1773.52,R-022,False,none
C-01270,2024-02-01,508.33,1314.3,R-030,False,none
C-01271,2024-02-01,373.45,149.79,R-023,False,none
C-01272,2024-02-01,507.45,816.76,R-003,False,none
C-01273,2024-02-01,30.56,2732.13,R-024,False,none
C-01274,2024-02-01,20.05,756.28,R-016,False,none
C-01275,2024-02-01,283.26,8504.68,R-029,False,none
C-01276,2024-02-01,251.69,1138.04,R-010,False,none
C-01277,2024-02-01,312.37,1676.56,R-045,False,none
C-01278,2024-02-01,85.23,910.57,R-051,False,none
C-01279,2024-02-01,500.8,1582.11,R-058,False,none
C-01280,2024-02-01,385.29,3385.46,R-006,False,none
C-01281,2024-02-01,3.04,705.64,R-008,True,kunda
C-01282,2024-02-01,8.0,767.84,R-058,False,none
C-01283,2024-02-01,63.63,433.62,R-051,False,none
C-01284,2024-02-01,20.43,5332.78,R-036,False,none
C-01285,2024-02-01,126.92,202.21,R-020,True,tamper
C-01286,2024-02-01,611.69,93.7,R-032,False,none
C-01287,2024-02-01,532.4,144.37,R-033,False,none
C-01288,2024-02-01,77.18,2609.91,R-051,False,none
C-01289,2024-02-01,188.89,2463.11,R-032,False,none
C-01290,2024-02-01,40.81,932.7,R-002,False,none
C-01291,2024-02-01,31.83,543.69,R-042,True,kunda
C-01292,2024-02-01,161.18,1214.03,R-047,False,none
C-01293,2024-02-01,310.22,436.35,R-018,False,none
C-01294,2024-02-01,47.75,240.94,R-007,False,none
C-01295,2024-02-01,2776.18,910.87,R-009,False,none
C-01296,2024-02-01,237.06,720.06,R-051,False,none
C-01297,2024-02-01,181.03,474.82,R-027,False,none
C-01298,2024-02-01,85.04,619.0,R-032,False,none
C-01299,2024-02-01,109.97,728.62,R-058,False,none
C-01300,2024-02-01,192.01,532.22,R-004,True,collusion
C-01301,2024-02-01,5119.59,1010.63,R-013,False,none
C-01302,2024-02-01,306.05,85.47,R-050,False,none
C-01303,2024-02-01,76.9,14.94,R-033,True,collusion
C-01304,2024-02-01,983.28,764.98,R-002,False,none
C-01305,2024-02-01,85.82,2794.7,R-043,False,none
C-01306,2024-02-01,277.13,1547.27,R-009,False,none
C-01307,2024-02-01,213.37,719.02,R-047,False,none
C-01308,2024-02-01,584.67,861.47,R-048,False,none
C-01309,2024-02-01,48.23,142.31,R-050,False,none
C-01310,2024-02-01,124.2,607.11,R-028,False,none
C-01311,2024-02-01,933.69,1419.6,R-017,False,none
C-01312,2024-02-01,187.83,1947.97,R-053,False,none
C-01313,2024-02-01,197.73,4780.96,R-034,False,none
C-01314,2024-02-01,133.23,514.18,R-039,False,none
C-01315,2024-02-01,186.63,379.44,R-009,False,none
C-01316,2024-02-01,145.51,3191.87,R-038,False,none
C-01317,2024-02-01,269.45,4481.51,R-035,False,none
C-01318,2024-02-01,1951.0,1641.85,R-018,True,tamper
C-01319,2024-02-01,567.63,817.33,R-047,False,none
C-01320,2024-02-01,215.04,656.1,R-009,False,none
C-01321,2024-02-01,282.54,556.04,R-044,False,none
C-01322,2024-02-01,4.75,1386.29,R-058,False,none
C-01323,2024-02-01,174.56,275.99,R-035,False,none
C-01324,2024-02-01,1073.94,911.47,R-007,False,none
C-01325,2024-02-01,264.1,1795.01,R-034,False,none
C-01326,2024-02-01,206.61,704.08,R-032,False,none
C-01327,2024-02-01,2629.39,1307.03,R-034,False,none
C-01328,2024-02-01,117.31,506.94,R-017,False,none
C-01329,2024-02-01,595.85,1554.25,R-038,False,none
C-01330,2024-02-01,44.18,6914.9,R-016,False,none
C-01331,2024-02-01,65.33,1316.01,R-034,False,none
C-01332,2024-02-01,455.99,25.12,R-036,False,none
C-01333,2024-02-01,159.23,2858.96,R-039,False,none
C-01334,2024-02-01,192.42,1513.14,R-048,False,none
C-01335,2024-02-01,554.78,618.14,R-053,False,none
C-01336,2024-02-01,382.8,1290.45,R-047,False,none
C-01337,2024-02-01,164.94,3399.0,R-048,False,none
C-01338,2024-02-01,149.5,1104.59,R-053,False,none
C-01339,2024-02-01,204.69,2224.33,R-015,False,none
C-01340,2024-02-01,147.14,804.46,R-018,False,none
C-01341,2024-02-01,536.0,80.05,R-032,False,none
C-01342,2024-02-01,735.81,24.49,R-028,False,none
C-01343,2024-02-01,14.75,983.49,R-043,True,kunda
C-01344,2024-02-01,19.28,925.05,R-001,False,none
C-01345,2024-02-01,42.43,994.55,R-009,True,kunda
C-01346,2024-02-01,656.78,468.14,R-045,False,none
C-01347,2024-02-01,4.5,895.66,R-050,True,kunda
C-01348,2024-02-01,478.4,285.96,R-019,False,none
C-01349,2024-02-01,373.34,160.15,R-019,False,none
C-01350,2024-02-01,42.86,4855.73,R-034,False,none
C-01351,2024-02-01,24.03,1127.04,R-029,False,none
C-01352,2024-02-01,11.18,293.88,R-011,False,none
C-01353,2024-02-01,598.99,3257.71,R-031,False,none
C-01354,2024-02-01,335.94,507.37,R-050,False,none
C-01355,2024-02-01,27.11,530.23,R-044,True,kunda
C-01356,2024-02-01,46.48,3824.61,R-050,False,none
C-01357,2024-02-01,69.74,569.03,R-039,False,none
C-01358,2024-02-01,742.17,3724.32,R-053,False,none
C-01359,2024-02-01,144.61,5013.11,R-015,False,none
C-01360,2024-02-01,251.79,1197.28,R-003,False,none
C-01361,2024-02-01,268.73,4339.08,R-007,False,none
C-01362,2024-02-01,123.35,626.0,R-060,False,none
C-01363,2024-02-01,490.19,270.86,R-039,False,none
C-01364,2024-02-01,314.46,28.78,R-015,False,none
C-01365,2024-02-01,38.22,230.94,R-052,False,none
C-01366,2024-02-01,262.09,53.33,R-019,False,none
C-01367,2024-02-01,33.09,958.11,R-036,False,none
C-01368,2024-02-01,142.16,754.89,R-015,False,none
C-01369,2024-02-01,87.49,48.79,R-006,True,tamper
C-01370,2024-02-01,564.86,267.74,R-017,False,none
C-01371,2024-02-01,356.26,535.42,R-014,False,none
C-01372,2024-02-01,230.06,2545.63,R-034,False,none
C-01373,2024-02-01,101.18,1314.35,R-002,True,tamper
C-01374,2024-02-01,244.69,1707.32,R-015,False,none
C-01375,2024-02-01,611.26,2416.63,R-035,False,none
C-01376,2024-02-01,31.51,781.76,R-024,False,none
C-01377,2024-02-01,82.98,1315.95,R-039,False,none
C-01378,2024-02-01,354.2,1690.56,R-040,False,none
C-01379,2024-02-01,472.65,729.25,R-058,False,none
C-01380,2024-02-01,125.0,69.9,R-051,False,none
C-01381,2024-02-01,114.92,5003.38,R-014,False,none
C-01382,2024-02-01,175.1,720.01,R-042,False,none
C-01383,2024-02-01,2729.42,670.53,R-038,False,none
C-01384,2024-02-01,93.56,989.99,R-036,False,none
C-01385,2024-02-01,64.58,2639.67,R-048,False,none
C-01386,2024-02-01,40.71,917.53,R-009,False,none
C-01387,2024-02-01,190.7,954.57,R-023,False,none
C-01388,2024-02-01,29.49,943.68,R-049,False,none
C-01389,2024-02-01,118.45,5428.62,R-054,False,none
C-01390,2024-02-01,153.5,832.86,R-003,False,none
C-01391,2024-02-01,625.92,1155.79,R-029,False,none
C-01392,2024-02-01,11.19,750.16,R-016,False,none
C-01393,2024-02-01,68.15,1982.83,R-011,False,none
C-01394,2024-02-01,285.2,2135.56,R-004,False,none
C-01395,2024-02-01,81.73,681.91,R-033,False,none
C-01396,2024-02-01,1162.79,2493.05,R-041,False,none
C-01397,2024-02-01,234.98,782.76,R-032,False,none
C-01398,2024-02-01,2806.97,218.12,R-023,False,none
C-01399,2024-02-01,7.9,469.87,R-047,True,kunda
C-01400,2024-02-01,497.47,1156.01,R-040,False,none
C-01401,2024-02-01,152.33,200.76,R-055,False,none
C-01402,2024-02-01,100.41,2389.59,R-021,False,none
C-01403,2024-02-01,132.63,1239.9,R-015,False,none
C-01404,2024-02-01,43.36,350.75,R-028,True,tamper
C-01405,2024-02-01,219.65,282.69,R-031,False,none
C-01406,2024-02-01,51.97,1531.34,R-028,False,none
C-01407,2024-02-01,72.3,1363.33,R-050,False,none
C-01408,2024-02-01,170.68,2204.03,R-003,False,none
C-01409,2024-02-01,574.21,908.51,R-032,False,none
C-01410,2024-02-01,17.34,1340.26,R-026,False,none
C-01411,2024-02-01,68.88,458.88,R-013,False,none
C-01412,2024-02-01,591.48,3524.82,R-039,False,none
C-01413,2024-02-01,99.01,4840.65,R-049,False,none
C-01414,2024-02-01,206.72,391.33,R-033,False,none
C-01415,2024-02-01,211.68,3148.96,R-006,False,none
C-01416,2024-02-01,192.28,16.62,R-005,False,none
C-01417,2024-02-01,114.16,2407.73,R-026,False,none
C-01418,2024-02-01,166.05,3258.31,R-041,False,none
C-01419,2024-02-01,132.45,856.68,R-019,False,none
C-01420,2024-02-01,87.62,1496.4,R-019,False,none
C-01421,2024-02-01,13.86,4229.21,R-052,False,none
C-01422,2024-02-01,66.82,4289.11,R-001,False,none
C-01423,2024-02-01,124.08,674.41,R-005,False,none
C-01424,2024-02-01,262.59,2379.76,R-010,False,none
C-01425,2024-02-01,467.68,438.5,R-060,False,none
C-01426,2024-02-01,131.77,651.32,R-030,False,none
C-01427,2024-02-01,98.79,3082.15,R-010,False,none
C-01428,2024-02-01,187.1,397.22,R-019,False,none
C-01429,2024-02-01,173.15,290.89,R-059,False,none
C-01430,2024-02-01,615.54,7537.89,R-042,False,none
C-01431,2024-02-01,7.31,6581.97,R-014,True,kunda
C-01432,2024-02-01,1141.48,5235.84,R-015,True,tamper
C-01433,2024-02-01,356.42,390.45,R-005,True,tamper
C-01434,2024-02-01,48.82,1873.19,R-047,False,none
C-01435,2024-02-01,26.73,1585.48,R-009,False,none
C-01436,2024-02-01,86.87,317.84,R-018,False,none
C-01437,2024-02-01,83.08,2263.51,R-021,False,none
C-01438,2024-02-01,218.55,276.82,R-038,False,none
C-01439,2024-02-01,150.1,846.07,R-037,False,none
C-01440,2024-02-01,915.17,4716.99,R-048,False,none
C-01441,2024-02-01,58.37,15.65,R-018,False,none
C-01442,2024-02-01,238.96,284.58,R-024,False,none
C-01443,2024-02-01,94.02,167.28,R-024,False,none
C-01444,2024-02-01,46.52,1584.66,R-003,False,none
C-01445,2024-02-01,78.96,1176.95,R-045,False,none
C-01446,2024-02-01,412.47,372.07,R-033,False,none
C-01447,2024-02-01,153.01,1250.09,R-029,False,none
C-01448,2024-02-01,44.07,3398.63,R-060,False,none
C-01449,2024-02-01,37.65,2205.76,R-011,False,none
C-01450,2024-02-01,327.11,729.85,R-059,False,none
C-01451,2024-02-01,57.05,704.48,R-041,False,none
C-01452,2024-02-01,522.34,1037.4,R-014,False,none
C-01453,2024-02-01,373.91,3130.85,R-041,False,none
C-01454,2024-02-01,208.18,412.88,R-046,False,none
C-01455,2024-02-01,88.18,3444.91,R-022,False,none
C-01456,2024-02-01,5.28,1170.17,R-021,True,kunda
C-01457,2024-02-01,71.23,432.67,R-051,False,none
C-01458,2024-02-01,304.04,286.22,R-010,False,none
C-01459,2024-02-01,67.95,304.74,R-001,False,none
C-01460,2024-02-01,457.2,817.32,R-040,False,none
C-01461,2024-02-01,3631.67,2442.54,R-055,False,none
C-01462,2024-02-01,110.78,352.34,R-031,True,collusion
C-01463,2024-02-01,107.45,339.8,R-009,False,none
C-01464,2024-02-01,198.63,669.18,R-033,False,none
C-01465,2024-02-01,691.89,276.88,R-016,True,tamper
C-01466,2024-02-01,25.21,1796.17,R-050,False,none
C-01467,2024-02-01,81.78,1332.48,R-037,False,none
C-01468,2024-02-01,504.49,90.83,R-021,False,none
C-01469,2024-02-01,1149.46,350.57,R-038,False,none
C-01470,2024-02-01,302.38,633.19,R-041,False,none
C-01471,2024-02-01,38.99,238.13,R-041,False,none
C-01472,2024-02-01,111.12,616.68,R-022,True,collusion
C-01473,2024-02-01,545.96,476.05,R-035,False,none
C-01474,2024-02-01,193.28,1459.34,R-003,False,none
C-01475,2024-02-01,1049.37,780.34,R-025,False,none
C-01476,2024-02-01,217.49,414.01,R-023,False,none
C-01477,2024-02-01,316.67,4199.14,R-033,True,collusion
C-01478,2024-02-01,81.1,813.43,R-058,False,none
C-01479,2024-02-01,441.1,440.05,R-058,False,none
C-01480,2024-02-01,740.97,2112.28,R-029,False,none
C-01481,2024-02-01,412.4,651.4,R-039,False,none
C-01482,2024-02-01,28.34,5779.76,R-007,True,kunda
C-01483,2024-02-01,8.13,896.81,R-029,True,kunda
C-01484,2024-02-01,489.35,3335.54,R-042,False,none
C-01485,2024-02-01,161.22,744.89,R-041,True,collusion
C-01486,2024-02-01,857.58,787.25,R-058,False,none
C-01487,2024-02-01,120.82,2866.86,R-028,False,none
C-01488,2024-02-01,33.41,3161.72,R-055,False,none
C-01489,2024-02-01,94.45,730.31,R-059,False,none
C-01490,2024-02-01,58.78,1552.86,R-035,False,none
C-01491,2024-02-01,106.97,325.42,R-006,False,none
C-01492,2024-02-01,103.3,4235.38,R-023,False,none
C-01493,2024-02-01,18.82,535.14,R-046,True,kunda
C-01494,2024-02-01,49.07,323.9,R-035,False,none
C-01495,2024-02-01,5.18,6418.54,R-057,True,kunda
C-01496,2024-02-01,317.79,190.12,R-049,False,none
C-01497,2024-02-01,289.07,130.4,R-004,False,none
C-01498,2024-02-01,425.75,1631.43,R-052,False,none
C-01499,2024-02-01,243.29,274.75,R-022,False,none
C-01500,2024-02-01,25.78,881.56,R-050,False,none
C-00001,2024-03-01,232.19,10795.89,R-006,False,none
C-00002,2024-03-01,58.77,3298.48,R-029,False,none
C-00003,2024-03-01,245.7,757.77,R-040,False,none
C-00004,2024-03-01,182.6,247.6,R-004,False,none
C-00005,2024-03-01,68.48,637.76,R-024,False,none
C-00006,2024-03-01,219.33,79.2,R-016,False,none
C-00007,2024-03-01,267.89,1971.33,R-003,False,none
C-00008,2024-03-01,2150.89,271.45,R-049,False,none
C-00009,2024-03-01,87.37,687.59,R-027,False,none
C-00010,2024-03-01,296.2,846.39,R-046,False,none
C-00011,2024-03-01,519.64,367.0,R-036,True,tamper
C-00012,2024-03-01,567.81,670.32,R-053,False,none
C-00013,2024-03-01,26.34,582.65,R-060,False,none
C-00014,2024-03-01,94.78,63.95,R-037,False,none
C-00015,2024-03-01,208.8,5163.41,R-022,False,none
C-00016,2024-03-01,20.47,1098.71,R-026,False,none
C-00017,2024-03-01,86.42,336.51,R-050,False,none
C-00018,2024-03-01,218.78,1767.5,R-026,False,none
C-00019,2024-03-01,212.61,666.69,R-032,False,none
C-00020,2024-03-01,711.56,1383.93,R-012,False,none
C-00021,2024-03-01,342.18,5516.29,R-060,False,none
C-00022,2024-03-01,294.57,396.34,R-040,False,none
C-00023,2024-03-01,122.74,282.24,R-020,False,none
C-00024,2024-03-01,1515.12,4049.71,R-036,False,none
C-00025,2024-03-01,446.35,509.19,R-025,False,none
C-00026,2024-03-01,442.05,1014.59,R-010,False,none
C-00027,2024-03-01,110.03,2507.48,R-053,False,none
C-00028,2024-03-01,28.65,2532.19,R-054,False,none
C-00029,2024-03-01,472.45,3054.3,R-051,False,none
C-00030,2024-03-01,142.49,810.17,R-023,False,none
C-00031,2024-03-01,219.78,0.65,R-016,False,none
C-00032,2024-03-01,467.39,2511.39,R-003,True,tamper
C-00033,2024-03-01,43.13,1019.25,R-044,False,none
C-00034,2024-03-01,125.27,3141.69,R-020,False,none
C-00035,2024-03-01,2590.53,430.57,R-054,False,none
C-00036,2024-03-01,75.26,1244.73,R-053,False,none
C-00037,2024-03-01,1043.5,101.56,R-008,False,none
C-00038,2024-03-01,337.54,1423.75,R-056,False,none
C-00039,2024-03-01,38.22,581.92,R-009,False,none
C-00040,2024-03-01,117.16,898.72,R-030,False,none
C-00041,2024-03-01,159.59,394.79,R-029,True,tamper
C-00042,2024-03-01,76.32,2021.31,R-058,False,none
C-00043,2024-03-01,485.09,1791.96,R-040,False,none
C-00044,2024-03-01,258.08,1762.5,R-053,False,none
C-00045,2024-03-01,69.02,734.9,R-036,False,none
C-00046,2024-03-01,86.78,576.21,R-050,False,none
C-00047,2024-03-01,141.78,1118.95,R-052,True,tamper
C-00048,2024-03-01,26.52,1001.33,R-052,False,none
C-00049,2024-03-01,64.94,2.36,R-025,False,none
C-00050,2024-03-01,381.07,1234.33,R-023,False,none
C-00051,2024-03-01,455.82,2045.55,R-060,False,none
C-00052,2024-03-01,370.26,2471.01,R-046,False,none
C-00053,2024-03-01,595.93,8299.95,R-056,True,tamper
C-00054,2024-03-01,56.04,2561.04,R-035,False,none
C-00055,2024-03-01,62.68,1353.95,R-056,False,none
C-00056,2024-03-01,27.96,2747.35,R-044,False,none
C-00057,2024-03-01,56.08,3137.03,R-045,False,none
C-00058,2024-03-01,115.7,2768.72,R-011,False,none
C-00059,2024-03-01,427.26,1436.19,R-035,False,none
C-00060,2024-03-01,4707.04,6.25,R-044,False,none
C-00061,2024-03-01,648.28,1197.45,R-046,False,none
C-00062,2024-03-01,6.03,245.34,R-058,True,kunda
C-00063,2024-03-01,268.62,296.19,R-020,False,none
C-00064,2024-03-01,252.68,1867.56,R-019,False,none
C-00065,2024-03-01,145.23,5576.92,R-059,False,none
C-00066,2024-03-01,960.51,1670.75,R-060,False,none
C-00067,2024-03-01,508.49,1778.91,R-011,False,none
C-00068,2024-03-01,53.69,479.1,R-023,False,none
C-00069,2024-03-01,265.04,2901.62,R-057,False,none
C-00070,2024-03-01,52.07,44.48,R-012,False,none
C-00071,2024-03-01,69.17,150.25,R-047,False,none
C-00072,2024-03-01,19.09,1097.79,R-007,False,none
C-00073,2024-03-01,31.55,2057.97,R-011,False,none
C-00074,2024-03-01,37.91,2185.51,R-048,False,none
C-00075,2024-03-01,53.59,1861.78,R-037,True,kunda
C-00076,2024-03-01,286.09,4149.64,R-034,False,none
C-00077,2024-03-01,186.8,1140.76,R-052,False,none
C-00078,2024-03-01,145.59,5527.72,R-019,False,none
C-00079,2024-03-01,257.75,494.55,R-031,False,none
C-00080,2024-03-01,342.46,1272.08,R-037,False,none
C-00081,2024-03-01,58.16,1283.16,R-045,False,none
C-00082,2024-03-01,40.85,1799.7,R-020,False,none
C-00083,2024-03-01,813.99,837.85,R-039,False,none
C-00084,2024-03-01,23.3,4623.14,R-027,False,none
C-00085,2024-03-01,25.92,609.46,R-033,False,none
C-00086,2024-03-01,283.37,171.23,R-052,False,none
C-00087,2024-03-01,653.94,689.85,R-024,False,none
C-00088,2024-03-01,670.03,4555.85,R-041,False,none
C-00089,2024-03-01,178.34,8539.69,R-057,False,none
C-00090,2024-03-01,64.74,7828.66,R-046,False,none
C-00091,2024-03-01,48.09,4960.53,R-060,False,none
C-00092,2024-03-01,25.15,514.62,R-036,False,none
C-00093,2024-03-01,331.69,4550.23,R-017,False,none
C-00094,2024-03-01,232.77,426.34,R-060,True,collusion
C-00095,2024-03-01,218.59,3675.91,R-039,True,tamper
C-00096,2024-03-01,354.09,1675.1,R-015,False,none
C-00097,2024-03-01,132.02,3435.32,R-020,False,none
C-00098,2024-03-01,466.54,2700.63,R-016,False,none
C-00099,2024-03-01,70.77,3524.91,R-051,False,none
C-00100,2024-03-01,372.43,3027.09,R-006,False,none
C-00101,2024-03-01,102.25,1666.41,R-045,False,none
C-00102,2024-03-01,48.23,268.67,R-034,False,none
C-00103,2024-03-01,546.64,2854.97,R-005,False,none
C-00104,2024-03-01,867.2,262.98,R-037,False,none
C-00105,2024-03-01,325.97,1680.15,R-046,False,none
C-00106,2024-03-01,200.89,542.95,R-044,False,none
C-00107,2024-03-01,230.14,632.9,R-032,False,none
C-00108,2024-03-01,84.06,811.72,R-021,False,none
C-00109,2024-03-01,655.37,2376.62,R-010,False,none
C-00110,2024-03-01,115.22,490.43,R-001,False,none
C-00111,2024-03-01,245.74,134.78,R-022,False,none
C-00112,2024-03-01,100.79,2287.45,R-038,False,none
C-00113,2024-03-01,217.4,1224.82,R-003,False,none
C-00114,2024-03-01,415.04,1331.73,R-060,False,none
C-00115,2024-03-01,304.25,228.05,R-036,False,none
C-00116,2024-03-01,1459.22,7512.23,R-018,False,none
C-00117,2024-03-01,372.11,4963.6,R-058,False,none
C-00118,2024-03-01,63.55,1398.73,R-012,False,none
C-00119,2024-03-01,227.46,2755.34,R-058,False,none
C-00120,2024-03-01,116.61,871.88,R-017,False,none
C-00121,2024-03-01,34.28,3650.22,R-023,False,none
C-00122,2024-03-01,278.67,1632.59,R-026,False,none
C-00123,2024-03-01,2552.35,159.63,R-060,False,none
C-00124,2024-03-01,4.48,323.02,R-016,True,kunda
C-00125,2024-03-01,16.45,420.66,R-059,False,none
C-00126,2024-03-01,270.77,1819.79,R-021,False,none
C-00127,2024-03-01,66.91,153.38,R-018,False,none
C-00128,2024-03-01,97.77,2242.26,R-039,False,none
C-00129,2024-03-01,128.69,621.38,R-042,False,none
C-00130,2024-03-01,83.95,2396.5,R-021,False,none
C-00131,2024-03-01,267.27,3341.83,R-009,False,none
C-00132,2024-03-01,128.34,1671.61,R-024,False,none
C-00133,2024-03-01,441.21,15.3,R-033,False,none
C-00134,2024-03-01,69.25,595.46,R-003,False,none
C-00135,2024-03-01,56.17,310.08,R-005,False,none
C-00136,2024-03-01,124.5,3527.33,R-056,False,none
C-00137,2024-03-01,366.06,1593.55,R-003,False,none
C-00138,2024-03-01,15.27,1965.57,R-025,False,none
C-00139,2024-03-01,66.7,899.59,R-046,False,none
C-00140,2024-03-01,122.19,708.94,R-020,False,none
C-00141,2024-03-01,33.75,1464.07,R-030,False,none
C-00142,2024-03-01,1015.85,93.17,R-006,False,none
C-00143,2024-03-01,28.34,2529.55,R-048,False,none
C-00144,2024-03-01,8.16,1972.4,R-039,True,kunda
C-00145,2024-03-01,347.85,141.03,R-052,False,none
C-00146,2024-03-01,2007.08,2106.26,R-052,False,none
C-00147,2024-03-01,244.66,1039.2,R-022,False,none
C-00148,2024-03-01,106.6,3108.87,R-003,False,none
C-00149,2024-03-01,106.36,418.56,R-021,False,none
C-00150,2024-03-01,5.29,7.67,R-009,True,kunda
C-00151,2024-03-01,272.96,916.77,R-032,False,none
C-00152,2024-03-01,292.24,562.08,R-009,False,none
C-00153,2024-03-01,341.33,813.56,R-056,False,none
C-00154,2024-03-01,355.77,3660.07,R-037,False,none
C-00155,2024-03-01,3955.41,530.93,R-016,False,none
C-00156,2024-03-01,28.35,1358.33,R-056,False,none
C-00157,2024-03-01,284.55,101.64,R-047,False,none
C-00158,2024-03-01,13.18,205.38,R-027,False,none
C-00159,2024-03-01,30.42,1482.09,R-009,False,none
C-00160,2024-03-01,274.75,1169.15,R-021,False,none
C-00161,2024-03-01,378.17,315.99,R-036,False,none
C-00162,2024-03-01,1645.56,1004.98,R-046,False,none
C-00163,2024-03-01,909.48,4123.38,R-016,False,none
C-00164,2024-03-01,2622.77,281.66,R-045,False,none
C-00165,2024-03-01,3904.37,2577.51,R-017,False,none
C-00166,2024-03-01,1507.32,3419.05,R-015,False,none
C-00167,2024-03-01,97.84,1803.07,R-027,False,none
C-00168,2024-03-01,381.72,195.9,R-010,False,none
C-00169,2024-03-01,125.35,231.14,R-025,False,none
C-00170,2024-03-01,533.19,3390.47,R-022,True,collusion
C-00171,2024-03-01,88.65,4044.09,R-017,False,none
C-00172,2024-03-01,405.85,731.03,R-047,True,tamper
C-00173,2024-03-01,314.31,1554.76,R-020,False,none
C-00174,2024-03-01,118.38,2722.77,R-042,False,none
C-00175,2024-03-01,348.9,11224.19,R-044,False,none
C-00176,2024-03-01,327.34,912.13,R-040,False,none
C-00177,2024-03-01,3.52,18.54,R-017,True,kunda
C-00178,2024-03-01,897.56,2551.06,R-050,False,none
C-00179,2024-03-01,316.67,980.55,R-015,False,none
C-00180,2024-03-01,333.38,3523.88,R-017,False,none
C-00181,2024-03-01,243.77,598.8,R-053,False,none
C-00182,2024-03-01,242.04,2486.46,R-021,False,none
C-00183,2024-03-01,240.43,2552.19,R-042,False,none
C-00184,2024-03-01,132.02,2420.1,R-003,False,none
C-00185,2024-03-01,31.56,5394.88,R-037,False,none
C-00186,2024-03-01,620.61,421.08,R-053,False,none
C-00187,2024-03-01,139.96,83.68,R-043,True,kunda
C-00188,2024-03-01,12.93,444.47,R-035,True,kunda
C-00189,2024-03-01,585.98,1504.76,R-051,False,none
C-00190,2024-03-01,239.57,4625.63,R-018,False,none
C-00191,2024-03-01,397.41,1039.34,R-023,True,tamper
C-00192,2024-03-01,137.76,53.87,R-005,False,none
C-00193,2024-03-01,39.49,3348.05,R-042,False,none
C-00194,2024-03-01,161.78,323.99,R-044,False,none
C-00195,2024-03-01,52.63,44.5,R-046,False,none
C-00196,2024-03-01,340.22,902.17,R-045,False,none
C-00197,2024-03-01,94.68,2586.75,R-008,False,none
C-00198,2024-03-01,104.94,271.16,R-040,False,none
C-00199,2024-03-01,426.66,693.13,R-046,True,tamper
C-00200,2024-03-01,473.4,2811.28,R-013,False,none
C-00201,2024-03-01,308.5,732.34,R-029,False,none
C-00202,2024-03-01,581.73,581.35,R-055,False,none
C-00203,2024-03-01,395.98,2305.14,R-025,False,none
C-00204,2024-03-01,88.05,205.96,R-046,False,none
C-00205,2024-03-01,254.34,255.23,R-032,False,none
C-00206,2024-03-01,949.0,256.18,R-040,False,none
C-00207,2024-03-01,226.28,479.14,R-038,False,none
C-00208,2024-03-01,70.37,485.56,R-040,False,none
C-00209,2024-03-01,82.48,793.44,R-047,False,none
C-00210,2024-03-01,190.17,2969.66,R-055,False,none
C-00211,2024-03-01,133.05,97.09,R-018,False,none
C-00212,2024-03-01,285.36,197.04,R-056,False,none
C-00213,2024-03-01,97.27,1781.16,R-038,False,none
C-00214,2024-03-01,387.12,468.75,R-036,False,none
C-00215,2024-03-01,312.7,1109.25,R-020,False,none
C-00216,2024-03-01,103.44,243.25,R-026,False,none
C-00217,2024-03-01,1238.57,1609.86,R-040,True,tamper
C-00218,2024-03-01,329.45,5207.49,R-022,False,none
C-00219,2024-03-01,37.52,347.04,R-018,False,none
C-00220,2024-03-01,193.27,1981.57,R-050,False,none
C-00221,2024-03-01,330.4,841.14,R-025,False,none
C-00222,2024-03-01,144.65,3282.64,R-039,False,none
C-00223,2024-03-01,222.89,1320.55,R-002,False,none
C-00224,2024-03-01,172.88,787.76,R-005,False,none
C-00225,2024-03-01,172.16,634.12,R-051,False,none
C-00226,2024-03-01,21.24,3282.28,R-009,False,none
C-00227,2024-03-01,60.45,655.45,R-048,False,none
C-00228,2024-03-01,141.76,145.94,R-055,False,none
C-00229,2024-03-01,230.0,80.77,R-029,False,none
C-00230,2024-03-01,393.44,1383.36,R-054,False,none
C-00231,2024-03-01,4123.96,350.91,R-026,False,none
C-00232,2024-03-01,631.98,425.85,R-058,False,none
C-00233,2024-03-01,94.63,1288.77,R-015,False,none
C-00234,2024-03-01,28.55,6895.69,R-026,False,none
C-00235,2024-03-01,433.97,3112.93,R-024,False,none
C-00236,2024-03-01,75.74,2581.24,R-048,False,none
C-00237,2024-03-01,312.11,616.28,R-003,False,none
C-00238,2024-03-01,461.67,4743.45,R-050,False,none
C-00239,2024-03-01,163.8,284.42,R-002,False,none
C-00240,2024-03-01,319.31,798.64,R-019,False,none
C-00241,2024-03-01,561.32,12.14,R-036,False,none
C-00242,2024-03-01,23.82,799.94,R-009,False,none
C-00243,2024-03-01,22.45,111.91,R-030,False,none
C-00244,2024-03-01,444.55,7092.52,R-060,False,none
C-00245,2024-03-01,215.31,1009.4,R-050,False,none
C-00246,2024-03-01,80.83,2593.8,R-002,False,none
C-00247,2024-03-01,246.54,404.5,R-036,False,none
C-00248,2024-03-01,232.39,31.56,R-036,False,none
C-00249,2024-03-01,4581.72,391.34,R-005,False,none
C-00250,2024-03-01,8.27,25.07,R-040,True,kunda
C-00251,2024-03-01,173.91,17.18,R-032,False,none
C-00252,2024-03-01,36.26,584.89,R-041,False,none
C-00253,2024-03-01,472.18,1242.31,R-018,False,none
C-00254,2024-03-01,495.32,1492.98,R-016,False,none
C-00255,2024-03-01,193.38,1608.79,R-045,False,none
C-00256,2024-03-01,76.08,518.22,R-044,False,none
C-00257,2024-03-01,1290.97,2465.26,R-010,False,none
C-00258,2024-03-01,55.44,1453.72,R-013,False,none
C-00259,2024-03-01,166.46,303.91,R-036,False,none
C-00260,2024-03-01,189.87,44.76,R-050,False,none
C-00261,2024-03-01,9.12,215.04,R-013,True,kunda
C-00262,2024-03-01,38.15,562.28,R-014,False,none
C-00263,2024-03-01,23.19,2857.13,R-049,False,none
C-00264,2024-03-01,1541.68,264.45,R-042,False,none
C-00265,2024-03-01,127.32,2310.87,R-055,False,none
C-00266,2024-03-01,238.33,453.82,R-048,False,none
C-00267,2024-03-01,19.7,2166.34,R-058,False,none
C-00268,2024-03-01,473.83,3920.8,R-012,False,none
C-00269,2024-03-01,62.29,1160.52,R-017,False,none
C-00270,2024-03-01,25.7,1552.14,R-015,False,none
C-00271,2024-03-01,383.26,2032.61,R-004,False,none
C-00272,2024-03-01,44.59,526.28,R-047,False,none
C-00273,2024-03-01,4891.58,143.0,R-040,False,none
C-00274,2024-03-01,59.07,105.16,R-006,False,none
C-00275,2024-03-01,83.71,1150.21,R-012,False,none
C-00276,2024-03-01,191.16,2468.1,R-012,False,none
C-00277,2024-03-01,309.07,22.14,R-025,False,none
C-00278,2024-03-01,280.27,115.42,R-028,False,none
C-00279,2024-03-01,259.39,252.16,R-018,False,none
C-00280,2024-03-01,97.85,6087.64,R-056,False,none
C-00281,2024-03-01,185.45,1479.37,R-013,False,none
C-00282,2024-03-01,378.51,687.14,R-034,False,none
C-00283,2024-03-01,361.27,1997.87,R-027,False,none
C-00284,2024-03-01,41.45,596.25,R-024,False,none
C-00285,2024-03-01,585.87,562.65,R-050,False,none
C-00286,2024-03-01,221.7,796.99,R-059,False,none
C-00287,2024-03-01,283.8,1242.73,R-001,False,none
C-00288,2024-03-01,127.68,17.91,R-028,True,tamper
C-00289,2024-03-01,50.71,3.84,R-008,False,none
C-00290,2024-03-01,104.06,3870.9,R-027,False,none
C-00291,2024-03-01,343.77,113.86,R-038,False,none
C-00292,2024-03-01,164.23,1201.93,R-025,False,none
C-00293,2024-03-01,230.54,904.16,R-019,False,none
C-00294,2024-03-01,289.05,795.59,R-019,False,none
C-00295,2024-03-01,78.28,4731.96,R-018,False,none
C-00296,2024-03-01,331.15,6088.2,R-020,False,none
C-00297,2024-03-01,501.45,255.15,R-023,False,none
C-00298,2024-03-01,234.26,1152.84,R-042,False,none
C-00299,2024-03-01,466.74,5560.06,R-006,False,none
C-00300,2024-03-01,174.81,161.94,R-003,False,none
C-00301,2024-03-01,88.38,2397.06,R-032,False,none
C-00302,2024-03-01,275.15,33.2,R-041,False,none
C-00303,2024-03-01,493.22,847.2,R-016,False,none
C-00304,2024-03-01,136.84,132.12,R-013,False,none
C-00305,2024-03-01,372.05,1152.62,R-038,False,none
C-00306,2024-03-01,226.2,722.81,R-024,False,none
C-00307,2024-03-01,365.32,2.43,R-045,False,none
C-00308,2024-03-01,204.49,1928.54,R-009,False,none
C-00309,2024-03-01,402.84,1762.36,R-008,False,none
C-00310,2024-03-01,20.91,639.32,R-034,True,tamper
C-00311,2024-03-01,646.69,454.9,R-024,False,none
C-00312,2024-03-01,537.77,1360.45,R-044,False,none
C-00313,2024-03-01,387.9,1328.85,R-031,False,none
C-00314,2024-03-01,30.2,1230.04,R-022,False,none
C-00315,2024-03-01,305.73,170.56,R-010,False,none
C-00316,2024-03-01,1206.44,223.16,R-010,False,none
C-00317,2024-03-01,74.16,883.44,R-046,False,none
C-00318,2024-03-01,73.9,145.13,R-014,False,none
C-00319,2024-03-01,398.73,65.23,R-031,False,none
C-00320,2024-03-01,677.22,83.84,R-050,False,none
C-00321,2024-03-01,113.37,2299.47,R-054,False,none
C-00322,2024-03-01,351.54,46.17,R-017,False,none
C-00323,2024-03-01,209.02,1570.61,R-007,False,none
C-00324,2024-03-01,350.95,46.07,R-047,False,none
C-00325,2024-03-01,1089.45,218.87,R-042,False,none
C-00326,2024-03-01,150.88,1926.0,R-020,False,none
C-00327,2024-03-01,373.31,1083.49,R-036,True,tamper
C-00328,2024-03-01,8.0,605.89,R-012,True,kunda
C-00329,2024-03-01,93.46,143.41,R-043,False,none
C-00330,2024-03-01,85.39,226.85,R-044,False,none
C-00331,2024-03-01,72.04,504.29,R-018,False,none
C-00332,2024-03-01,1285.49,3965.95,R-029,False,none
C-00333,2024-03-01,372.95,1192.5,R-021,False,none
C-00334,2024-03-01,740.86,2732.84,R-002,False,none
C-00335,2024-03-01,817.65,884.87,R-008,False,none
C-00336,2024-03-01,173.34,392.7,R-058,False,none
C-00337,2024-03-01,119.67,2159.44,R-028,False,none
C-00338,2024-03-01,115.66,1448.96,R-009,False,none
C-00339,2024-03-01,16.44,972.21,R-003,False,none
C-00340,2024-03-01,236.22,4519.77,R-022,False,none
C-00341,2024-03-01,265.46,242.74,R-059,True,collusion
C-00342,2024-03-01,326.47,6656.68,R-024,False,none
C-00343,2024-03-01,424.18,121.31,R-060,False,none
C-00344,2024-03-01,57.81,58.17,R-030,True,tamper
C-00345,2024-03-01,245.15,926.25,R-046,False,none
C-00346,2024-03-01,398.5,879.65,R-048,False,none
C-00347,2024-03-01,98.17,103.88,R-002,False,none
C-00348,2024-03-01,610.61,47.65,R-001,False,none
C-00349,2024-03-01,1332.96,230.2,R-056,False,none
C-00350,2024-03-01,592.77,3744.45,R-056,False,none
C-00351,2024-03-01,214.76,1081.8,R-008,False,none
C-00352,2024-03-01,420.77,1382.92,R-039,False,none
C-00353,2024-03-01,193.29,77.37,R-056,False,none
C-00354,2024-03-01,1513.94,717.19,R-058,False,none
C-00355,2024-03-01,59.94,51.53,R-018,False,none
C-00356,2024-03-01,153.32,2030.34,R-050,False,none
C-00357,2024-03-01,328.55,650.63,R-039,False,none
C-00358,2024-03-01,263.84,178.41,R-056,False,none
C-00359,2024-03-01,2911.46,887.15,R-009,False,none
C-00360,2024-03-01,124.5,1002.78,R-037,False,none
C-00361,2024-03-01,370.64,1600.41,R-002,False,none
C-00362,2024-03-01,246.79,2227.97,R-022,False,none
C-00363,2024-03-01,182.21,1608.81,R-001,False,none
C-00364,2024-03-01,447.12,204.82,R-027,False,none
C-00365,2024-03-01,2156.57,1463.75,R-049,False,none
C-00366,2024-03-01,231.96,1653.95,R-040,False,none
C-00367,2024-03-01,118.18,2269.71,R-020,False,none
C-00368,2024-03-01,101.2,1114.72,R-026,False,none
C-00369,2024-03-01,666.28,406.48,R-023,False,none
C-00370,2024-03-01,985.02,843.9,R-044,False,none
C-00371,2024-03-01,238.49,841.35,R-016,False,none
C-00372,2024-03-01,74.75,66.25,R-006,False,none
C-00373,2024-03-01,526.76,390.47,R-031,False,none
C-00374,2024-03-01,901.58,54.1,R-050,False,none
C-00375,2024-03-01,257.78,1002.62,R-029,False,none
C-00376,2024-03-01,89.49,526.27,R-013,False,none
C-00377,2024-03-01,379.28,2389.71,R-003,False,none
C-00378,2024-03-01,16.78,2671.69,R-057,True,kunda
C-00379,2024-03-01,142.52,963.19,R-046,False,none
C-00380,2024-03-01,3025.07,267.01,R-010,False,none
C-00381,2024-03-01,1945.76,344.49,R-005,False,none
C-00382,2024-03-01,167.87,4367.5,R-008,False,none
C-00383,2024-03-01,283.92,266.05,R-023,False,none
C-00384,2024-03-01,129.95,1069.07,R-049,False,none
C-00385,2024-03-01,1117.82,651.13,R-010,False,none
C-00386,2024-03-01,203.08,2695.63,R-050,False,none
C-00387,2024-03-01,227.85,262.22,R-001,False,none
C-00388,2024-03-01,20.15,3025.91,R-045,False,none
C-00389,2024-03-01,259.4,785.34,R-017,False,none
C-00390,2024-03-01,35.73,4579.39,R-058,False,none
C-00391,2024-03-01,45.56,1413.64,R-029,False,none
C-00392,2024-03-01,404.0,1410.2,R-017,False,none
C-00393,2024-03-01,1227.66,951.62,R-015,False,none
C-00394,2024-03-01,308.02,1333.92,R-050,False,none
C-00395,2024-03-01,157.54,1299.03,R-025,False,none
C-00396,2024-03-01,636.59,2371.84,R-022,False,none
C-00397,2024-03-01,22.24,889.39,R-045,True,kunda
C-00398,2024-03-01,102.97,1024.53,R-033,False,none
C-00399,2024-03-01,298.13,1214.2,R-040,False,none
C-00400,2024-03-01,769.09,1073.17,R-027,False,none
C-00401,2024-03-01,149.29,1631.84,R-004,False,none
C-00402,2024-03-01,95.07,266.91,R-001,False,none
C-00403,2024-03-01,57.75,2033.43,R-003,False,none
C-00404,2024-03-01,650.57,4654.31,R-035,False,none
C-00405,2024-03-01,58.98,5.99,R-031,False,none
C-00406,2024-03-01,245.02,2060.79,R-045,False,none
C-00407,2024-03-01,317.33,137.67,R-054,False,none
C-00408,2024-03-01,65.66,2538.09,R-011,False,none
C-00409,2024-03-01,160.38,2880.34,R-058,False,none
C-00410,2024-03-01,11.87,714.07,R-056,False,none
C-00411,2024-03-01,35.39,2717.62,R-037,False,none
C-00412,2024-03-01,243.89,599.13,R-032,False,none
C-00413,2024-03-01,697.53,6962.27,R-011,True,collusion
C-00414,2024-03-01,224.75,1011.45,R-011,False,none
C-00415,2024-03-01,243.68,33.37,R-002,False,none
C-00416,2024-03-01,542.32,0.91,R-039,False,none
C-00417,2024-03-01,1930.96,506.2,R-026,False,none
C-00418,2024-03-01,23.0,758.66,R-012,False,none
C-00419,2024-03-01,845.21,2581.22,R-009,False,none
C-00420,2024-03-01,139.14,1934.12,R-004,False,none
C-00421,2024-03-01,375.61,2590.04,R-039,False,none
C-00422,2024-03-01,249.08,3972.55,R-042,False,none
C-00423,2024-03-01,189.15,5640.57,R-038,False,none
C-00424,2024-03-01,20.66,233.54,R-007,True,kunda
C-00425,2024-03-01,20.46,1013.05,R-003,False,none
C-00426,2024-03-01,49.25,1729.16,R-007,False,none
C-00427,2024-03-01,76.97,3364.65,R-046,False,none
C-00428,2024-03-01,486.1,4076.53,R-045,False,none
C-00429,2024-03-01,314.73,367.94,R-018,False,none
C-00430,2024-03-01,35.22,7880.3,R-004,False,none
C-00431,2024-03-01,356.57,747.61,R-020,False,none
C-00432,2024-03-01,480.53,3791.97,R-049,False,none
C-00433,2024-03-01,36.3,792.52,R-009,False,none
C-00434,2024-03-01,7.83,39.72,R-048,True,kunda
C-00435,2024-03-01,79.06,2060.12,R-028,False,none
C-00436,2024-03-01,646.9,1734.78,R-009,False,none
C-00437,2024-03-01,339.98,620.3,R-057,False,none
C-00438,2024-03-01,106.62,522.2,R-032,True,kunda
C-00439,2024-03-01,282.35,1095.49,R-041,False,none
C-00440,2024-03-01,191.2,2545.22,R-006,False,none
C-00441,2024-03-01,416.43,833.42,R-023,False,none
C-00442,2024-03-01,244.51,1544.86,R-038,False,none
C-00443,2024-03-01,1025.47,6948.32,R-039,False,none
C-00444,2024-03-01,10354.62,349.91,R-004,False,none
C-00445,2024-03-01,261.22,741.63,R-037,False,none
C-00446,2024-03-01,44.51,230.84,R-057,False,none
C-00447,2024-03-01,373.32,933.8,R-048,False,none
C-00448,2024-03-01,96.68,3413.68,R-013,False,none
C-00449,2024-03-01,390.76,6672.06,R-055,False,none
C-00450,2024-03-01,394.61,1212.65,R-041,False,none
C-00451,2024-03-01,615.34,2515.6,R-004,False,none
C-00452,2024-03-01,219.18,2024.52,R-008,False,none
C-00453,2024-03-01,995.79,2078.01,R-056,False,none
C-00454,2024-03-01,35.65,1283.63,R-013,True,kunda
C-00455,2024-03-01,254.27,1502.49,R-006,False,none
C-00456,2024-03-01,264.38,225.72,R-028,False,none
C-00457,2024-03-01,438.19,341.95,R-032,False,none
C-00458,2024-03-01,61.41,24.67,R-035,True,tamper
C-00459,2024-03-01,75.34,216.3,R-040,True,tamper
C-00460,2024-03-01,330.97,1404.54,R-060,False,none
C-00461,2024-03-01,50.42,378.87,R-046,False,none
C-00462,2024-03-01,546.42,1163.89,R-002,False,none
C-00463,2024-03-01,145.27,83.25,R-006,False,none
C-00464,2024-03-01,103.42,697.33,R-001,False,none
C-00465,2024-03-01,489.06,2888.01,R-024,False,none
C-00466,2024-03-01,118.64,1883.43,R-022,False,none
C-00467,2024-03-01,228.71,2478.22,R-057,False,none
C-00468,2024-03-01,288.76,1110.28,R-022,False,none
C-00469,2024-03-01,51.62,1260.03,R-002,False,none
C-00470,2024-03-01,252.04,1754.77,R-054,False,none
C-00471,2024-03-01,549.58,827.05,R-016,False,none
C-00472,2024-03-01,241.77,92.09,R-055,False,none
C-00473,2024-03-01,788.58,3119.89,R-047,False,none
C-00474,2024-03-01,248.29,2306.53,R-053,False,none
C-00475,2024-03-01,25.2,2714.37,R-050,False,none
C-00476,2024-03-01,271.57,152.16,R-009,False,none
C-00477,2024-03-01,319.77,990.47,R-038,True,tamper
C-00478,2024-03-01,99.02,3231.79,R-025,False,none
C-00479,2024-03-01,146.42,2708.94,R-038,False,none
C-00480,2024-03-01,211.26,399.21,R-045,False,none
C-00481,2024-03-01,60.23,715.57,R-031,False,none
C-00482,2024-03-01,125.15,848.26,R-019,False,none
C-00483,2024-03-01,272.42,408.2,R-055,False,none
C-00484,2024-03-01,106.43,264.73,R-040,False,none
C-00485,2024-03-01,212.99,469.86,R-054,False,none
C-00486,2024-03-01,5.2,676.02,R-015,True,kunda
C-00487,2024-03-01,138.83,380.62,R-051,False,none
C-00488,2024-03-01,79.91,21.12,R-020,True,tamper
C-00489,2024-03-01,30.42,509.38,R-028,False,none
C-00490,2024-03-01,450.81,2000.17,R-052,False,none
C-00491,2024-03-01,380.65,1124.77,R-022,True,collusion
C-00492,2024-03-01,630.52,909.06,R-016,False,none
C-00493,2024-03-01,231.35,1015.5,R-055,False,none
C-00494,2024-03-01,59.44,1942.78,R-058,False,none
C-00495,2024-03-01,313.62,259.89,R-019,False,none
C-00496,2024-03-01,70.08,1094.37,R-019,False,none
C-00497,2024-03-01,174.93,1285.54,R-014,False,none
C-00498,2024-03-01,115.51,117.74,R-002,False,none
C-00499,2024-03-01,332.86,225.94,R-034,True,tamper
C-00500,2024-03-01,417.71,99.36,R-016,False,none
C-00501,2024-03-01,208.46,2731.13,R-051,False,none
C-00502,2024-03-01,516.42,6074.82,R-011,False,none
C-00503,2024-03-01,453.17,399.59,R-039,False,none
C-00504,2024-03-01,103.06,674.5,R-031,False,none
C-00505,2024-03-01,561.33,479.19,R-037,False,none
C-00506,2024-03-01,319.13,461.84,R-007,False,none
C-00507,2024-03-01,535.35,309.33,R-028,False,none
C-00508,2024-03-01,327.9,137.16,R-038,False,none
C-00509,2024-03-01,488.13,961.33,R-021,False,none
C-00510,2024-03-01,1128.4,1917.1,R-053,True,tamper
C-00511,2024-03-01,310.76,174.8,R-032,False,none
C-00512,2024-03-01,42.53,413.29,R-022,False,none
C-00513,2024-03-01,22.98,2083.63,R-002,False,none
C-00514,2024-03-01,1201.23,694.06,R-011,False,none
C-00515,2024-03-01,18.01,752.74,R-029,False,none
C-00516,2024-03-01,1555.84,879.28,R-025,False,none
C-00517,2024-03-01,308.47,2786.17,R-053,False,none
C-00518,2024-03-01,1849.83,234.6,R-048,False,none
C-00519,2024-03-01,90.75,102.91,R-010,False,none
C-00520,2024-03-01,530.22,709.17,R-036,False,none
C-00521,2024-03-01,690.24,567.01,R-028,False,none
C-00522,2024-03-01,268.53,2045.32,R-007,False,none
C-00523,2024-03-01,91.66,981.22,R-040,False,none
C-00524,2024-03-01,33.51,433.0,R-033,False,none
C-00525,2024-03-01,408.74,93.84,R-006,False,none
C-00526,2024-03-01,279.3,4824.98,R-029,False,none
C-00527,2024-03-01,352.3,118.78,R-044,False,none
C-00528,2024-03-01,45.25,1044.35,R-020,False,none
C-00529,2024-03-01,541.58,175.96,R-022,False,none
C-00530,2024-03-01,16.03,2474.77,R-007,False,none
C-00531,2024-03-01,83.56,457.68,R-013,False,none
C-00532,2024-03-01,155.81,140.35,R-059,False,none
C-00533,2024-03-01,563.48,112.81,R-038,False,none
C-00534,2024-03-01,52.85,283.06,R-011,False,none
C-00535,2024-03-01,460.53,2980.24,R-029,False,none
C-00536,2024-03-01,222.49,2891.23,R-012,False,none
C-00537,2024-03-01,68.55,418.83,R-027,False,none
C-00538,2024-03-01,346.75,859.02,R-009,False,none
C-00539,2024-03-01,484.93,674.24,R-038,False,none
C-00540,2024-03-01,175.89,1948.63,R-035,False,none
C-00541,2024-03-01,433.54,692.66,R-039,False,none
C-00542,2024-03-01,6.42,1390.42,R-027,False,none
C-00543,2024-03-01,477.75,650.6,R-018,False,none
C-00544,2024-03-01,762.57,21.47,R-015,False,none
C-00545,2024-03-01,749.81,352.66,R-013,False,none
C-00546,2024-03-01,382.99,679.13,R-026,False,none
C-00547,2024-03-01,44.03,1082.37,R-028,False,none
C-00548,2024-03-01,209.28,544.41,R-041,False,none
C-00549,2024-03-01,689.06,745.15,R-004,False,none
C-00550,2024-03-01,279.01,719.69,R-017,False,none
C-00551,2024-03-01,24.23,31.87,R-052,True,kunda
C-00552,2024-03-01,80.63,887.99,R-055,False,none
C-00553,2024-03-01,104.07,2520.57,R-056,False,none
C-00554,2024-03-01,107.37,153.4,R-019,False,none
C-00555,2024-03-01,89.56,2643.44,R-009,False,none
C-00556,2024-03-01,443.93,296.8,R-012,False,none
C-00557,2024-03-01,306.53,5556.49,R-008,False,none
C-00558,2024-03-01,67.25,3180.83,R-058,False,none
C-00559,2024-03-01,128.76,289.13,R-054,False,none
C-00560,2024-03-01,71.16,1210.13,R-049,False,none
C-00561,2024-03-01,108.98,888.21,R-044,False,none
C-00562,2024-03-01,1795.32,2267.44,R-021,False,none
C-00563,2024-03-01,67.34,1129.78,R-029,False,none
C-00564,2024-03-01,69.45,1766.01,R-051,False,none
C-00565,2024-03-01,109.56,1882.59,R-049,False,none
C-00566,2024-03-01,1272.87,4305.43,R-032,False,none
C-00567,2024-03-01,246.46,1151.18,R-051,False,none
C-00568,2024-03-01,29.39,18.0,R-021,True,kunda
C-00569,2024-03-01,10.15,1887.73,R-025,True,kunda
C-00570,2024-03-01,1008.48,484.57,R-051,False,none
C-00571,2024-03-01,161.01,616.37,R-023,False,none
C-00572,2024-03-01,262.16,229.74,R-046,False,none
C-00573,2024-03-01,80.15,771.27,R-028,False,none
C-00574,2024-03-01,999.85,917.39,R-018,False,none
C-00575,2024-03-01,766.12,78.98,R-014,False,none
C-00576,2024-03-01,1005.02,2237.13,R-037,False,none
C-00577,2024-03-01,172.9,130.23,R-029,False,none
C-00578,2024-03-01,250.93,544.23,R-023,False,none
C-00579,2024-03-01,379.48,1494.27,R-045,False,none
C-00580,2024-03-01,205.56,653.73,R-001,False,none
C-00581,2024-03-01,197.2,937.35,R-006,False,none
C-00582,2024-03-01,338.14,8671.33,R-058,False,none
C-00583,2024-03-01,100.72,704.1,R-040,False,none
C-00584,2024-03-01,746.77,1766.1,R-033,False,none
C-00585,2024-03-01,4252.07,2378.73,R-001,False,none
C-00586,2024-03-01,1276.76,1006.51,R-036,False,none
C-00587,2024-03-01,92.77,3174.74,R-027,False,none
C-00588,2024-03-01,125.88,3737.86,R-036,False,none
C-00589,2024-03-01,966.98,943.34,R-003,False,none
C-00590,2024-03-01,63.77,1781.29,R-034,False,none
C-00591,2024-03-01,494.13,257.44,R-035,False,none
C-00592,2024-03-01,527.74,3339.41,R-018,False,none
C-00593,2024-03-01,148.57,1433.08,R-004,False,none
C-00594,2024-03-01,199.97,682.44,R-059,False,none
C-00595,2024-03-01,2433.96,795.5,R-043,False,none
C-00596,2024-03-01,390.76,873.01,R-038,False,none
C-00597,2024-03-01,41.95,716.19,R-047,False,none
C-00598,2024-03-01,57.65,796.42,R-041,False,none
C-00599,2024-03-01,123.13,400.7,R-009,False,none
C-00600,2024-03-01,130.95,1155.7,R-028,False,none
C-00601,2024-03-01,119.37,286.15,R-054,False,none
C-00602,2024-03-01,296.0,3629.24,R-018,False,none
C-00603,2024-03-01,557.88,1866.11,R-059,False,none
C-00604,2024-03-01,28.81,1238.2,R-004,False,none
C-00605,2024-03-01,941.97,3978.06,R-020,False,none
C-00606,2024-03-01,155.27,86.52,R-022,False,none
C-00607,2024-03-01,197.36,862.47,R-038,False,none
C-00608,2024-03-01,54.11,3745.67,R-011,False,none
C-00609,2024-03-01,113.14,1001.93,R-014,False,none
C-00610,2024-03-01,77.6,1309.27,R-040,False,none
C-00611,2024-03-01,152.08,105.32,R-018,False,none
C-00612,2024-03-01,336.42,649.65,R-053,False,none
C-00613,2024-03-01,200.03,139.73,R-053,False,none
C-00614,2024-03-01,59.18,5019.14,R-019,False,none
C-00615,2024-03-01,284.04,1957.66,R-034,False,none
C-00616,2024-03-01,21.26,1253.08,R-020,False,none
C-00617,2024-03-01,288.21,4367.49,R-021,False,none
C-00618,2024-03-01,404.15,696.72,R-041,False,none
C-00619,2024-03-01,51.93,2112.94,R-018,False,none
C-00620,2024-03-01,68.58,374.38,R-009,False,none
C-00621,2024-03-01,322.71,509.67,R-016,False,none
C-00622,2024-03-01,778.3,309.62,R-056,False,none
C-00623,2024-03-01,15.82,3401.57,R-016,False,none
C-00624,2024-03-01,740.27,3163.77,R-022,False,none
C-00625,2024-03-01,700.64,111.37,R-038,False,none
C-00626,2024-03-01,131.78,2440.37,R-007,False,none
C-00627,2024-03-01,131.41,1337.05,R-017,False,none
C-00628,2024-03-01,1150.06,722.02,R-011,False,none
C-00629,2024-03-01,39.68,913.08,R-056,False,none
C-00630,2024-03-01,41.37,3658.7,R-056,False,none
C-00631,2024-03-01,117.79,1749.74,R-046,False,none
C-00632,2024-03-01,6.54,723.06,R-015,False,none
C-00633,2024-03-01,277.81,718.86,R-037,False,none
C-00634,2024-03-01,2521.67,330.09,R-040,False,none
C-00635,2024-03-01,3299.62,1275.69,R-053,False,none
C-00636,2024-03-01,261.25,384.57,R-010,False,none
C-00637,2024-03-01,9.65,2905.68,R-045,False,none
C-00638,2024-03-01,624.09,824.01,R-012,False,none
C-00639,2024-03-01,896.92,1865.0,R-035,False,none
C-00640,2024-03-01,175.91,4868.21,R-053,False,none
C-00641,2024-03-01,65.26,1239.07,R-004,False,none
C-00642,2024-03-01,920.94,92.37,R-009,False,none
C-00643,2024-03-01,53.3,861.51,R-049,False,none
C-00644,2024-03-01,258.3,2057.15,R-002,False,none
C-00645,2024-03-01,1093.29,7618.11,R-042,False,none
C-00646,2024-03-01,16.24,1901.8,R-031,False,none
C-00647,2024-03-01,132.48,1203.1,R-021,False,none
C-00648,2024-03-01,154.45,6033.42,R-052,False,none
C-00649,2024-03-01,367.6,578.49,R-051,False,none
C-00650,2024-03-01,145.49,506.79,R-020,False,none
C-00651,2024-03-01,178.53,654.2,R-001,False,none
C-00652,2024-03-01,379.07,532.54,R-008,False,none
C-00653,2024-03-01,1648.12,888.87,R-007,False,none
C-00654,2024-03-01,858.67,1136.94,R-059,False,none
C-00655,2024-03-01,258.56,231.46,R-036,False,none
C-00656,2024-03-01,183.37,2644.27,R-041,False,none
C-00657,2024-03-01,6870.23,1844.1,R-014,False,none
C-00658,2024-03-01,50.03,1921.42,R-052,True,tamper
C-00659,2024-03-01,1381.27,2524.37,R-044,False,none
C-00660,2024-03-01,182.19,2611.3,R-046,False,none
C-00661,2024-03-01,2175.24,1062.82,R-029,False,none
C-00662,2024-03-01,1276.94,2680.94,R-042,False,none
C-00663,2024-03-01,269.87,429.26,R-033,False,none
C-00664,2024-03-01,1139.8,7991.23,R-024,False,none
C-00665,2024-03-01,301.7,2656.11,R-036,False,none
C-00666,2024-03-01,229.13,213.57,R-020,False,none
C-00667,2024-03-01,180.83,321.84,R-058,False,none
C-00668,2024-03-01,164.95,1597.4,R-044,True,tamper
C-00669,2024-03-01,151.95,417.42,R-045,False,none
C-00670,2024-03-01,3745.28,1397.27,R-044,False,none
C-00671,2024-03-01,497.68,1283.24,R-027,False,none
C-00672,2024-03-01,38.79,554.0,R-058,False,none
C-00673,2024-03-01,81.54,26.52,R-013,False,none
C-00674,2024-03-01,170.95,116.09,R-035,True,tamper
C-00675,2024-03-01,97.29,646.57,R-005,False,none
C-00676,2024-03-01,21.99,293.02,R-018,False,none
C-00677,2024-03-01,34.85,1104.4,R-035,True,kunda
C-00678,2024-03-01,231.88,2471.8,R-030,False,none
C-00679,2024-03-01,78.6,296.34,R-057,False,none
C-00680,2024-03-01,328.79,1309.55,R-037,False,none
C-00681,2024-03-01,736.11,503.17,R-025,False,none
C-00682,2024-03-01,149.38,792.57,R-026,False,none
C-00683,2024-03-01,240.95,590.82,R-037,False,none
C-00684,2024-03-01,643.47,3062.21,R-048,False,none
C-00685,2024-03-01,80.15,937.55,R-017,False,none
C-00686,2024-03-01,3072.0,348.95,R-036,False,none
C-00687,2024-03-01,231.76,4443.67,R-035,False,none
C-00688,2024-03-01,72.89,34.09,R-001,False,none
C-00689,2024-03-01,370.47,540.15,R-055,False,none
C-00690,2024-03-01,1324.51,2679.26,R-035,False,none
C-00691,2024-03-01,302.19,1942.37,R-015,False,none
C-00692,2024-03-01,17.84,3064.93,R-039,False,none
C-00693,2024-03-01,576.11,1983.6,R-041,False,none
C-00694,2024-03-01,156.32,865.0,R-055,False,none
C-00695,2024-03-01,103.38,4031.27,R-003,False,none
C-00696,2024-03-01,173.29,497.49,R-025,False,none
C-00697,2024-03-01,413.09,1680.93,R-011,True,collusion
C-00698,2024-03-01,85.61,3098.32,R-035,False,none
C-00699,2024-03-01,630.64,432.13,R-031,False,none
C-00700,2024-03-01,397.33,586.52,R-029,False,none
C-00701,2024-03-01,152.06,1692.1,R-059,False,none
C-00702,2024-03-01,228.66,282.26,R-032,False,none
C-00703,2024-03-01,10.68,953.28,R-025,True,kunda
C-00704,2024-03-01,321.21,51.3,R-005,False,none
C-00705,2024-03-01,326.98,1832.68,R-018,False,none
C-00706,2024-03-01,174.95,1927.7,R-054,False,none
C-00707,2024-03-01,33.5,4219.28,R-028,False,none
C-00708,2024-03-01,59.52,35.04,R-055,False,none
C-00709,2024-03-01,586.58,3795.49,R-032,False,none
C-00710,2024-03-01,56.55,1441.48,R-033,False,none
C-00711,2024-03-01,54.09,331.68,R-026,False,none
C-00712,2024-03-01,494.09,2277.26,R-034,False,none
C-00713,2024-03-01,129.52,4615.45,R-005,False,none
C-00714,2024-03-01,313.59,1234.15,R-004,False,none
C-00715,2024-03-01,4.76,636.84,R-029,True,kunda
C-00716,2024-03-01,216.09,1919.55,R-036,False,none
C-00717,2024-03-01,241.88,1569.82,R-034,False,none
C-00718,2024-03-01,285.71,511.18,R-026,False,none
C-00719,2024-03-01,299.86,147.03,R-018,False,none
C-00720,2024-03-01,111.69,1797.01,R-043,False,none
C-00721,2024-03-01,935.72,1617.48,R-037,False,none
C-00722,2024-03-01,217.12,1632.0,R-003,False,none
C-00723,2024-03-01,174.9,2233.66,R-028,False,none
C-00724,2024-03-01,150.63,2292.53,R-043,False,none
C-00725,2024-03-01,208.59,677.68,R-048,False,none
C-00726,2024-03-01,392.7,1127.21,R-018,False,none
C-00727,2024-03-01,35.38,578.68,R-056,False,none
C-00728,2024-03-01,6868.2,951.88,R-040,False,none
C-00729,2024-03-01,310.53,884.78,R-027,False,none
C-00730,2024-03-01,432.96,57.58,R-038,False,none
C-00731,2024-03-01,401.38,6907.45,R-053,False,none
C-00732,2024-03-01,125.36,2339.38,R-014,False,none
C-00733,2024-03-01,54.66,844.95,R-010,True,tamper
C-00734,2024-03-01,339.65,461.3,R-027,False,none
C-00735,2024-03-01,18.01,1313.02,R-006,False,none
C-00736,2024-03-01,161.54,1543.34,R-051,False,none
C-00737,2024-03-01,403.77,1803.43,R-059,False,none
C-00738,2024-03-01,299.49,2612.35,R-037,False,none
C-00739,2024-03-01,495.33,269.43,R-059,False,none
C-00740,2024-03-01,344.42,340.6,R-005,False,none
C-00741,2024-03-01,621.22,698.39,R-038,False,none
C-00742,2024-03-01,913.32,8.36,R-027,False,none
C-00743,2024-03-01,44.02,257.07,R-017,False,none
C-00744,2024-03-01,61.34,35.4,R-019,False,none
C-00745,2024-03-01,117.63,1197.52,R-033,False,none
C-00746,2024-03-01,98.46,1785.91,R-039,False,none
C-00747,2024-03-01,3089.69,159.99,R-010,False,none
C-00748,2024-03-01,193.68,1298.35,R-037,False,none
C-00749,2024-03-01,689.1,535.57,R-056,False,none
C-00750,2024-03-01,93.86,658.24,R-001,False,none
C-00751,2024-03-01,78.44,401.63,R-053,False,none
C-00752,2024-03-01,3549.98,1067.19,R-037,False,none
C-00753,2024-03-01,19.77,56.35,R-021,True,kunda
C-00754,2024-03-01,443.81,2860.64,R-045,False,none
C-00755,2024-03-01,477.29,4521.57,R-038,False,none
C-00756,2024-03-01,99.53,259.96,R-047,False,none
C-00757,2024-03-01,293.79,1299.57,R-005,False,none
C-00758,2024-03-01,96.45,215.93,R-004,False,none
C-00759,2024-03-01,107.59,535.59,R-039,False,none
C-00760,2024-03-01,104.6,1372.14,R-019,False,none
C-00761,2024-03-01,16.5,2903.25,R-015,False,none
C-00762,2024-03-01,291.87,358.03,R-026,True,tamper
C-00763,2024-03-01,300.61,529.28,R-044,False,none
C-00764,2024-03-01,400.38,307.68,R-011,False,none
C-00765,2024-03-01,584.94,2884.43,R-059,False,none
C-00766,2024-03-01,574.98,1690.87,R-026,False,none
C-00767,2024-03-01,410.73,95.91,R-010,False,none
C-00768,2024-03-01,1714.69,2891.84,R-005,False,none
C-00769,2024-03-01,248.86,4485.47,R-052,False,none
C-00770,2024-03-01,117.78,146.38,R-007,False,none
C-00771,2024-03-01,216.39,759.24,R-026,False,none
C-00772,2024-03-01,313.02,555.88,R-041,False,none
C-00773,2024-03-01,636.74,498.11,R-031,False,none
C-00774,2024-03-01,289.41,1297.43,R-016,False,none
C-00775,2024-03-01,309.07,3815.83,R-007,False,none
C-00776,2024-03-01,101.42,2996.02,R-043,False,none
C-00777,2024-03-01,204.49,486.05,R-030,False,none
C-00778,2024-03-01,475.54,3094.45,R-003,False,none
C-00779,2024-03-01,179.32,197.89,R-011,False,none
C-00780,2024-03-01,20.82,4586.57,R-034,True,kunda
C-00781,2024-03-01,234.19,1153.61,R-011,False,none
C-00782,2024-03-01,112.85,3352.91,R-024,False,none
C-00783,2024-03-01,138.52,1741.65,R-008,False,none
C-00784,2024-03-01,52.27,1405.76,R-048,False,none
C-00785,2024-03-01,296.18,4431.95,R-038,False,none
C-00786,2024-03-01,388.79,928.58,R-048,False,none
C-00787,2024-03-01,421.04,2699.77,R-004,False,none
C-00788,2024-03-01,45.01,595.14,R-023,False,none
C-00789,2024-03-01,427.07,1743.87,R-017,False,none
C-00790,2024-03-01,391.55,1376.96,R-038,False,none
C-00791,2024-03-01,901.06,93.2,R-050,False,none
C-00792,2024-03-01,180.3,901.37,R-014,False,none
C-00793,2024-03-01,731.97,775.75,R-047,False,none
C-00794,2024-03-01,21.9,659.21,R-035,True,kunda
C-00795,2024-03-01,436.13,2146.11,R-050,False,none
C-00796,2024-03-01,428.02,811.5,R-005,False,none
C-00797,2024-03-01,139.26,83.5,R-060,False,none
C-00798,2024-03-01,40.42,1554.21,R-027,False,none
C-00799,2024-03-01,354.9,3014.03,R-017,False,none
C-00800,2024-03-01,46.26,329.73,R-011,False,none
C-00801,2024-03-01,288.22,972.82,R-060,True,collusion
C-00802,2024-03-01,106.35,1041.04,R-054,False,none
C-00803,2024-03-01,130.22,358.23,R-008,True,tamper
C-00804,2024-03-01,546.17,2436.09,R-027,False,none
C-00805,2024-03-01,187.71,424.63,R-045,False,none
C-00806,2024-03-01,609.92,1722.39,R-036,False,none
C-00807,2024-03-01,2120.32,389.1,R-012,False,none
C-00808,2024-03-01,222.18,1536.48,R-022,False,none
C-00809,2024-03-01,227.2,2189.36,R-023,False,none
C-00810,2024-03-01,611.56,2381.3,R-018,False,none
C-00811,2024-03-01,1142.37,952.43,R-058,False,none
C-00812,2024-03-01,114.56,292.88,R-013,True,tamper
C-00813,2024-03-01,333.07,1007.9,R-043,False,none
C-00814,2024-03-01,668.99,4029.47,R-055,False,none
C-00815,2024-03-01,293.47,2578.57,R-048,False,none
C-00816,2024-03-01,71.13,915.79,R-048,False,none
C-00817,2024-03-01,146.49,1280.52,R-010,False,none
C-00818,2024-03-01,26.21,872.14,R-008,False,none
C-00819,2024-03-01,24.18,36.22,R-047,False,none
C-00820,2024-03-01,345.79,5538.17,R-045,False,none
C-00821,2024-03-01,37.88,1468.41,R-045,False,none
C-00822,2024-03-01,261.85,1289.11,R-026,True,tamper
C-00823,2024-03-01,293.27,1150.27,R-032,False,none
C-00824,2024-03-01,119.46,1384.07,R-001,False,none
C-00825,2024-03-01,447.71,1922.5,R-018,False,none
C-00826,2024-03-01,395.68,591.87,R-032,False,none
C-00827,2024-03-01,33.6,467.47,R-008,False,none
C-00828,2024-03-01,650.83,1570.03,R-008,False,none
C-00829,2024-03-01,3272.5,2281.97,R-003,False,none
C-00830,2024-03-01,282.56,85.96,R-013,False,none
C-00831,2024-03-01,264.3,800.87,R-060,False,none
C-00832,2024-03-01,200.48,990.24,R-042,False,none
C-00833,2024-03-01,690.26,4363.72,R-057,False,none
C-00834,2024-03-01,404.77,1740.48,R-016,False,none
C-00835,2024-03-01,18.35,925.32,R-036,True,kunda
C-00836,2024-03-01,200.01,3525.84,R-054,False,none
C-00837,2024-03-01,23.43,4624.72,R-022,False,none
C-00838,2024-03-01,193.7,345.34,R-040,False,none
C-00839,2024-03-01,352.2,693.92,R-042,False,none
C-00840,2024-03-01,413.71,610.96,R-050,False,none
C-00841,2024-03-01,387.79,111.4,R-059,False,none
C-00842,2024-03-01,192.96,1417.59,R-037,True,tamper
C-00843,2024-03-01,1423.41,1259.5,R-035,False,none
C-00844,2024-03-01,290.97,197.0,R-053,False,none
C-00845,2024-03-01,957.89,9825.88,R-042,False,none
C-00846,2024-03-01,25.31,2175.01,R-022,False,none
C-00847,2024-03-01,13.69,103.1,R-038,False,none
C-00848,2024-03-01,354.68,570.86,R-033,False,none
C-00849,2024-03-01,170.78,3538.14,R-014,False,none
C-00850,2024-03-01,173.42,772.83,R-031,False,none
C-00851,2024-03-01,747.55,58.13,R-038,False,none
C-00852,2024-03-01,123.06,316.2,R-055,False,none
C-00853,2024-03-01,510.51,2469.45,R-035,False,none
C-00854,2024-03-01,2408.62,578.95,R-010,False,none
C-00855,2024-03-01,39.81,1343.28,R-060,False,none
C-00856,2024-03-01,341.56,428.83,R-035,False,none
C-00857,2024-03-01,1361.07,812.1,R-018,False,none
C-00858,2024-03-01,252.59,1620.37,R-046,False,none
C-00859,2024-03-01,34.03,2199.54,R-024,False,none
C-00860,2024-03-01,142.44,2432.37,R-023,False,none
C-00861,2024-03-01,54.48,469.04,R-051,False,none
C-00862,2024-03-01,266.03,1886.66,R-053,False,none
C-00863,2024-03-01,74.19,2354.71,R-032,False,none
C-00864,2024-03-01,24.33,466.45,R-023,True,kunda
C-00865,2024-03-01,722.8,682.58,R-052,False,none
C-00866,2024-03-01,244.86,3551.59,R-011,False,none
C-00867,2024-03-01,115.57,318.09,R-045,False,none
C-00868,2024-03-01,76.22,2899.38,R-036,False,none
C-00869,2024-03-01,2755.68,3245.31,R-052,False,none
C-00870,2024-03-01,147.91,2820.85,R-026,False,none
C-00871,2024-03-01,102.6,3526.96,R-050,False,none
C-00872,2024-03-01,233.5,2918.17,R-001,False,none
C-00873,2024-03-01,469.7,307.84,R-046,False,none
C-00874,2024-03-01,319.8,1022.96,R-005,False,none
C-00875,2024-03-01,30.36,1685.58,R-039,False,none
C-00876,2024-03-01,208.71,1557.9,R-012,False,none
C-00877,2024-03-01,39.14,2833.42,R-058,False,none
C-00878,2024-03-01,128.74,640.82,R-047,False,none
C-00879,2024-03-01,386.79,1745.04,R-007,False,none
C-00880,2024-03-01,105.27,2918.49,R-054,False,none
C-00881,2024-03-01,59.8,3315.93,R-016,False,none
C-00882,2024-03-01,614.97,422.41,R-033,True,collusion
C-00883,2024-03-01,137.91,886.23,R-006,False,none
C-00884,2024-03-01,70.16,608.95,R-007,False,none
C-00885,2024-03-01,5825.04,1804.89,R-015,False,none
C-00886,2024-03-01,463.25,1169.87,R-033,False,none
C-00887,2024-03-01,316.54,3147.92,R-033,False,none
C-00888,2024-03-01,263.86,1376.16,R-052,False,none
C-00889,2024-03-01,507.61,1127.68,R-010,False,none
C-00890,2024-03-01,169.97,1695.64,R-045,False,none
C-00891,2024-03-01,255.71,801.54,R-001,False,none
C-00892,2024-03-01,134.32,579.16,R-018,False,none
C-00893,2024-03-01,217.38,2484.6,R-011,False,none
C-00894,2024-03-01,28.93,3471.61,R-008,False,none
C-00895,2024-03-01,76.49,350.96,R-036,False,none
C-00896,2024-03-01,66.61,411.33,R-055,False,none
C-00897,2024-03-01,363.38,60.3,R-041,False,none
C-00898,2024-03-01,57.59,3807.65,R-052,False,none
C-00899,2024-03-01,1257.59,547.59,R-036,False,none
C-00900,2024-03-01,592.88,396.31,R-004,False,none
C-00901,2024-03-01,54.74,728.05,R-021,False,none
C-00902,2024-03-01,285.94,784.06,R-050,False,none
C-00903,2024-03-01,406.5,89.24,R-003,False,none
C-00904,2024-03-01,169.81,49.45,R-006,False,none
C-00905,2024-03-01,493.95,430.21,R-051,False,none
C-00906,2024-03-01,209.41,3675.76,R-004,False,none
C-00907,2024-03-01,66.66,618.16,R-058,False,none
C-00908,2024-03-01,330.9,1224.88,R-046,False,none
C-00909,2024-03-01,430.29,2267.19,R-040,False,none
C-00910,2024-03-01,251.11,2417.24,R-033,False,none
C-00911,2024-03-01,633.05,1765.21,R-006,False,none
C-00912,2024-03-01,311.29,196.48,R-025,False,none
C-00913,2024-03-01,175.01,2921.65,R-049,False,none
C-00914,2024-03-01,317.4,1640.19,R-055,False,none
C-00915,2024-03-01,718.49,1133.54,R-027,False,none
C-00916,2024-03-01,951.35,275.62,R-051,True,tamper
C-00917,2024-03-01,687.39,871.56,R-047,False,none
C-00918,2024-03-01,147.94,3095.34,R-004,False,none
C-00919,2024-03-01,58.57,266.37,R-038,True,tamper
C-00920,2024-03-01,1105.19,162.81,R-037,False,none
C-00921,2024-03-01,788.1,1265.75,R-033,False,none
C-00922,2024-03-01,455.6,2208.9,R-047,False,none
C-00923,2024-03-01,204.14,2828.12,R-054,False,none
C-00924,2024-03-01,65.45,1548.09,R-034,True,kunda
C-00925,2024-03-01,474.94,482.21,R-020,False,none
C-00926,2024-03-01,52.21,36.91,R-059,False,none
C-00927,2024-03-01,271.3,84.5,R-058,False,none
C-00928,2024-03-01,261.66,3408.95,R-042,False,none
C-00929,2024-03-01,139.0,4097.24,R-039,True,tamper
C-00930,2024-03-01,285.84,155.12,R-007,False,none
C-00931,2024-03-01,192.66,2980.1,R-025,False,none
C-00932,2024-03-01,476.88,1833.09,R-012,False,none
C-00933,2024-03-01,181.17,1687.29,R-031,False,none
C-00934,2024-03-01,3.8,2186.1,R-050,True,kunda
C-00935,2024-03-01,68.4,1010.92,R-014,False,none
C-00936,2024-03-01,97.33,15.9,R-060,False,none
C-00937,2024-03-01,229.34,3227.3,R-008,False,none
C-00938,2024-03-01,348.89,281.83,R-006,False,none
C-00939,2024-03-01,21.47,2026.0,R-059,False,none
C-00940,2024-03-01,207.21,1011.43,R-007,False,none
C-00941,2024-03-01,109.87,396.18,R-045,False,none
C-00942,2024-03-01,225.26,820.07,R-046,False,none
C-00943,2024-03-01,289.67,1014.81,R-020,False,none
C-00944,2024-03-01,389.25,2158.2,R-004,False,none
C-00945,2024-03-01,377.3,2496.4,R-019,False,none
C-00946,2024-03-01,175.8,558.66,R-005,False,none
C-00947,2024-03-01,247.93,3681.69,R-041,True,collusion
C-00948,2024-03-01,5.39,799.77,R-054,True,kunda
C-00949,2024-03-01,1840.32,1739.84,R-060,False,none
C-00950,2024-03-01,272.79,1738.79,R-049,False,none
C-00951,2024-03-01,636.14,1290.41,R-047,True,tamper
C-00952,2024-03-01,11103.53,3696.46,R-053,False,none
C-00953,2024-03-01,51.01,838.61,R-047,False,none
C-00954,2024-03-01,315.29,6438.72,R-040,False,none
C-00955,2024-03-01,426.53,1763.44,R-060,False,none
C-00956,2024-03-01,3128.37,795.38,R-020,False,none
C-00957,2024-03-01,72.11,3671.36,R-025,False,none
C-00958,2024-03-01,128.38,3196.16,R-055,False,none
C-00959,2024-03-01,226.75,2582.8,R-019,True,tamper
C-00960,2024-03-01,148.66,177.74,R-018,False,none
C-00961,2024-03-01,191.23,395.14,R-010,False,none
C-00962,2024-03-01,31.73,2117.28,R-017,False,none
C-00963,2024-03-01,3718.86,5111.82,R-036,False,none
C-00964,2024-03-01,495.18,1800.69,R-054,False,none
C-00965,2024-03-01,14.42,867.66,R-009,False,none
C-00966,2024-03-01,831.06,2540.72,R-041,False,none
C-00967,2024-03-01,236.92,79.16,R-046,False,none
C-00968,2024-03-01,12.0,1560.58,R-054,False,none
C-00969,2024-03-01,153.94,232.26,R-046,False,none
C-00970,2024-03-01,687.06,571.62,R-010,False,none
C-00971,2024-03-01,110.38,608.44,R-030,True,tamper
C-00972,2024-03-01,785.93,352.96,R-058,False,none
C-00973,2024-03-01,79.28,4247.47,R-055,False,none
C-00974,2024-03-01,238.05,1300.38,R-037,True,tamper
C-00975,2024-03-01,120.2,4938.67,R-058,False,none
C-00976,2024-03-01,96.11,3684.53,R-041,False,none
C-00977,2024-03-01,213.23,2142.65,R-004,True,collusion
C-00978,2024-03-01,101.6,3526.79,R-055,False,none
C-00979,2024-03-01,176.83,859.93,R-011,True,collusion
C-00980,2024-03-01,17.27,180.58,R-023,True,kunda
C-00981,2024-03-01,774.43,1197.12,R-015,False,none
C-00982,2024-03-01,62.29,779.19,R-044,False,none
C-00983,2024-03-01,280.33,3999.45,R-002,False,none
C-00984,2024-03-01,83.77,1448.03,R-039,False,none
C-00985,2024-03-01,327.3,1372.08,R-052,False,none
C-00986,2024-03-01,98.88,1806.86,R-048,False,none
C-00987,2024-03-01,24.3,102.74,R-019,True,kunda
C-00988,2024-03-01,17.93,1203.98,R-054,False,none
C-00989,2024-03-01,86.2,1063.61,R-022,False,none
C-00990,2024-03-01,26.18,60.36,R-041,False,none
C-00991,2024-03-01,31.11,628.75,R-031,False,none
C-00992,2024-03-01,287.08,2354.1,R-005,False,none
C-00993,2024-03-01,451.64,811.29,R-001,False,none
C-00994,2024-03-01,2966.18,1018.15,R-011,False,none
C-00995,2024-03-01,87.44,329.08,R-057,False,none
C-00996,2024-03-01,220.59,68.33,R-058,False,none
C-00997,2024-03-01,102.17,101.5,R-025,True,tamper
C-00998,2024-03-01,374.43,1401.44,R-059,False,none
C-00999,2024-03-01,344.09,204.19,R-003,True,tamper
C-01000,2024-03-01,220.84,2215.79,R-059,False,none
C-01001,2024-03-01,421.39,3401.09,R-014,False,none
C-01002,2024-03-01,727.58,1159.73,R-003,False,none
C-01003,2024-03-01,580.66,1119.56,R-046,False,none
C-01004,2024-03-01,993.74,139.92,R-023,False,none
C-01005,2024-03-01,96.03,2488.62,R-018,False,none
C-01006,2024-03-01,506.61,313.93,R-046,False,none
C-01007,2024-03-01,112.53,907.7,R-020,False,none
C-01008,2024-03-01,518.09,400.18,R-046,False,none
C-01009,2024-03-01,152.63,184.19,R-012,False,none
C-01010,2024-03-01,309.17,3693.41,R-006,False,none
C-01011,2024-03-01,28.5,2410.33,R-020,False,none
C-01012,2024-03-01,687.9,116.26,R-037,False,none
C-01013,2024-03-01,38.18,1281.25,R-014,False,none
C-01014,2024-03-01,307.82,300.7,R-009,False,none
C-01015,2024-03-01,52.36,140.78,R-045,False,none
C-01016,2024-03-01,116.81,66.38,R-030,False,none
C-01017,2024-03-01,1802.82,663.76,R-026,False,none
C-01018,2024-03-01,58.17,2731.66,R-015,False,none
C-01019,2024-03-01,105.42,3175.27,R-002,False,none
C-01020,2024-03-01,335.73,3373.68,R-004,False,none
C-01021,2024-03-01,413.07,1207.73,R-041,False,none
C-01022,2024-03-01,657.44,1773.06,R-005,False,none
C-01023,2024-03-01,335.34,158.0,R-015,False,none
C-01024,2024-03-01,2265.09,893.27,R-055,False,none
C-01025,2024-03-01,90.29,1364.14,R-021,False,none
C-01026,2024-03-01,421.4,130.39,R-045,False,none
C-01027,2024-03-01,216.97,1110.35,R-021,False,none
C-01028,2024-03-01,395.77,4912.13,R-056,False,none
C-01029,2024-03-01,300.17,1301.64,R-050,False,none
C-01030,2024-03-01,67.93,2685.34,R-029,False,none
C-01031,2024-03-01,37.15,353.91,R-042,False,none
C-01032,2024-03-01,24.26,997.59,R-025,False,none
C-01033,2024-03-01,42.08,1149.73,R-057,False,none
C-01034,2024-03-01,23.21,177.73,R-022,False,none
C-01035,2024-03-01,25.11,1917.86,R-051,False,none
C-01036,2024-03-01,62.58,2634.82,R-037,True,kunda
C-01037,2024-03-01,58.88,1043.79,R-039,False,none
C-01038,2024-03-01,253.96,209.4,R-022,False,none
C-01039,2024-03-01,251.22,532.86,R-050,False,none
C-01040,2024-03-01,171.73,589.68,R-045,False,none
C-01041,2024-03-01,229.62,1556.01,R-049,False,none
C-01042,2024-03-01,78.84,159.07,R-049,False,none
C-01043,2024-03-01,62.89,646.48,R-010,False,none
C-01044,2024-03-01,47.1,658.77,R-053,False,none
C-01045,2024-03-01,592.41,223.26,R-051,False,none
C-01046,2024-03-01,534.08,35.73,R-015,False,none
C-01047,2024-03-01,182.46,2782.45,R-059,False,none
C-01048,2024-03-01,201.34,351.81,R-032,False,none
C-01049,2024-03-01,131.39,429.53,R-020,False,none
C-01050,2024-03-01,84.59,626.16,R-014,False,none
C-01051,2024-03-01,219.69,130.48,R-022,False,none
C-01052,2024-03-01,38.95,2148.3,R-003,False,none
C-01053,2024-03-01,320.8,198.25,R-042,False,none
C-01054,2024-03-01,881.03,1081.12,R-043,False,none
C-01055,2024-03-01,28.02,584.0,R-041,False,none
C-01056,2024-03-01,83.85,672.23,R-033,False,none
C-01057,2024-03-01,60.02,568.74,R-022,False,none
C-01058,2024-03-01,13.97,152.23,R-044,False,none
C-01059,2024-03-01,275.99,1233.55,R-053,False,none
C-01060,2024-03-01,128.09,871.42,R-006,False,none
C-01061,2024-03-01,136.43,2716.78,R-023,False,none
C-01062,2024-03-01,102.63,643.34,R-060,False,none
C-01063,2024-03-01,344.98,3039.64,R-052,False,none
C-01064,2024-03-01,39.58,410.18,R-060,False,none
C-01065,2024-03-01,512.32,710.49,R-011,False,none
C-01066,2024-03-01,38.77,272.6,R-028,True,tamper
C-01067,2024-03-01,383.87,274.73,R-008,False,none
C-01068,2024-03-01,97.68,1637.54,R-052,False,none
C-01069,2024-03-01,98.56,886.48,R-032,False,none
C-01070,2024-03-01,179.63,483.33,R-015,False,none
C-01071,2024-03-01,305.4,4264.1,R-006,False,none
C-01072,2024-03-01,88.02,1226.71,R-045,False,none
C-01073,2024-03-01,351.43,3367.94,R-049,False,none
C-01074,2024-03-01,348.03,4515.81,R-053,False,none
C-01075,2024-03-01,368.3,1419.32,R-059,False,none
C-01076,2024-03-01,474.22,83.31,R-049,False,none
C-01077,2024-03-01,60.05,2272.75,R-048,False,none
C-01078,2024-03-01,409.79,4200.5,R-049,False,none
C-01079,2024-03-01,247.81,1539.08,R-060,False,none
C-01080,2024-03-01,55.52,118.35,R-028,True,tamper
C-01081,2024-03-01,829.29,2285.45,R-046,False,none
C-01082,2024-03-01,1460.89,1928.79,R-050,False,none
C-01083,2024-03-01,56.51,287.07,R-007,False,none
C-01084,2024-03-01,17.5,400.79,R-042,False,none
C-01085,2024-03-01,418.72,898.13,R-021,False,none
C-01086,2024-03-01,181.12,109.09,R-008,False,none
C-01087,2024-03-01,244.57,540.5,R-011,False,none
C-01088,2024-03-01,350.0,2746.4,R-007,False,none
C-01089,2024-03-01,64.49,1824.46,R-054,False,none
C-01090,2024-03-01,136.92,2657.71,R-047,True,tamper
C-01091,2024-03-01,207.16,1310.75,R-007,False,none
C-01092,2024-03-01,103.22,44.53,R-038,False,none
C-01093,2024-03-01,117.16,699.8,R-040,False,none
C-01094,2024-03-01,403.29,772.61,R-032,False,none
C-01095,2024-03-01,387.97,3151.22,R-037,False,none
C-01096,2024-03-01,530.08,327.5,R-055,False,none
C-01097,2024-03-01,323.03,787.44,R-032,False,none
C-01098,2024-03-01,389.81,45.7,R-040,False,none
C-01099,2024-03-01,75.81,1005.37,R-035,False,none
C-01100,2024-03-01,101.62,5566.74,R-024,False,none
C-01101,2024-03-01,60.38,368.27,R-054,False,none
C-01102,2024-03-01,275.65,844.26,R-025,False,none
C-01103,2024-03-01,67.62,30.99,R-048,False,none
C-01104,2024-03-01,72.42,1587.9,R-037,False,none
C-01105,2024-03-01,951.21,677.04,R-042,False,none
C-01106,2024-03-01,1725.07,1207.68,R-046,False,none
C-01107,2024-03-01,231.68,844.66,R-045,False,none
C-01108,2024-03-01,374.89,1345.02,R-034,False,none
C-01109,2024-03-01,279.75,447.68,R-037,False,none
C-01110,2024-03-01,47.2,609.5,R-031,False,none
C-01111,2024-03-01,184.57,223.78,R-021,False,none
C-01112,2024-03-01,3716.0,958.84,R-044,False,none
C-01113,2024-03-01,4457.9,8618.93,R-053,False,none
C-01114,2024-03-01,247.01,2547.98,R-043,False,none
C-01115,2024-03-01,244.65,610.6,R-047,False,none
C-01116,2024-03-01,1367.77,1178.71,R-050,False,none
C-01117,2024-03-01,947.53,399.69,R-023,False,none
C-01118,2024-03-01,171.76,3268.16,R-004,False,none
C-01119,2024-03-01,32.89,163.16,R-021,False,none
C-01120,2024-03-01,740.74,1177.77,R-046,False,none
C-01121,2024-03-01,384.62,551.15,R-049,False,none
C-01122,2024-03-01,22.74,1614.17,R-031,False,none
C-01123,2024-03-01,4232.63,618.58,R-047,False,none
C-01124,2024-03-01,1912.18,1108.53,R-005,False,none
C-01125,2024-03-01,871.15,269.04,R-039,False,none
C-01126,2024-03-01,419.36,685.93,R-041,False,none
C-01127,2024-03-01,62.6,2843.77,R-031,False,none
C-01128,2024-03-01,293.98,418.32,R-043,False,none
C-01129,2024-03-01,174.18,1541.94,R-030,False,none
C-01130,2024-03-01,503.8,2070.53,R-032,False,none
C-01131,2024-03-01,129.57,8605.01,R-037,False,none
C-01132,2024-03-01,233.84,1233.41,R-048,False,none
C-01133,2024-03-01,56.52,2886.18,R-015,False,none
C-01134,2024-03-01,397.39,567.33,R-019,False,none
C-01135,2024-03-01,122.74,2318.02,R-026,False,none
C-01136,2024-03-01,404.17,978.36,R-013,False,none
C-01137,2024-03-01,45.47,218.87,R-021,False,none
C-01138,2024-03-01,78.81,2355.45,R-022,False,none
C-01139,2024-03-01,1016.75,129.05,R-019,False,none
C-01140,2024-03-01,7.68,2928.94,R-025,False,none
C-01141,2024-03-01,105.11,364.91,R-031,False,none
C-01142,2024-03-01,430.38,3308.12,R-042,False,none
C-01143,2024-03-01,405.32,4104.51,R-019,False,none
C-01144,2024-03-01,26.51,520.17,R-051,False,none
C-01145,2024-03-01,485.67,939.09,R-029,False,none
C-01146,2024-03-01,465.14,35.43,R-044,False,none
C-01147,2024-03-01,147.43,470.27,R-007,False,none
C-01148,2024-03-01,150.19,1118.16,R-011,False,none
C-01149,2024-03-01,375.21,362.22,R-028,False,none
C-01150,2024-03-01,292.17,674.8,R-022,False,none
C-01151,2024-03-01,33.29,2260.9,R-030,False,none
C-01152,2024-03-01,363.4,169.76,R-010,False,none
C-01153,2024-03-01,542.85,5567.13,R-029,False,none
C-01154,2024-03-01,441.88,3004.57,R-042,False,none
C-01155,2024-03-01,429.29,34.53,R-044,False,none
C-01156,2024-03-01,502.25,3499.3,R-015,False,none
C-01157,2024-03-01,432.46,506.74,R-021,False,none
C-01158,2024-03-01,171.64,1264.04,R-032,False,none
C-01159,2024-03-01,687.58,2409.1,R-032,False,none
C-01160,2024-03-01,143.69,439.15,R-048,False,none
C-01161,2024-03-01,210.15,1121.18,R-024,False,none
C-01162,2024-03-01,100.76,2214.29,R-041,False,none
C-01163,2024-03-01,756.1,266.81,R-054,False,none
C-01164,2024-03-01,102.67,1995.3,R-018,False,none
C-01165,2024-03-01,124.25,371.71,R-050,False,none
C-01166,2024-03-01,4.82,129.23,R-020,True,kunda
C-01167,2024-03-01,302.43,3345.8,R-021,False,none
C-01168,2024-03-01,115.66,374.59,R-040,False,none
C-01169,2024-03-01,105.31,191.15,R-038,False,none
C-01170,2024-03-01,1908.88,50.6,R-033,False,none
C-01171,2024-03-01,553.85,6369.63,R-014,False,none
C-01172,2024-03-01,172.4,378.77,R-006,False,none
C-01173,2024-03-01,506.76,1464.71,R-055,False,none
C-01174,2024-03-01,129.12,1893.12,R-053,False,none
C-01175,2024-03-01,68.99,1437.63,R-054,False,none
C-01176,2024-03-01,58.62,418.49,R-031,False,none
C-01177,2024-03-01,14.11,264.43,R-054,False,none
C-01178,2024-03-01,616.17,1033.79,R-029,False,none
C-01179,2024-03-01,353.74,1175.07,R-005,False,none
C-01180,2024-03-01,361.66,3836.75,R-012,False,none
C-01181,2024-03-01,278.34,0.83,R-017,False,none
C-01182,2024-03-01,389.36,82.44,R-023,False,none
C-01183,2024-03-01,362.39,783.95,R-057,False,none
C-01184,2024-03-01,235.88,1200.28,R-020,True,tamper
C-01185,2024-03-01,9.74,2004.5,R-037,False,none
C-01186,2024-03-01,224.85,950.61,R-017,False,none
C-01187,2024-03-01,312.37,2031.33,R-039,False,none
C-01188,2024-03-01,195.1,262.94,R-035,False,none
C-01189,2024-03-01,16.55,96.56,R-010,False,none
C-01190,2024-03-01,510.72,464.41,R-028,False,none
C-01191,2024-03-01,145.95,2980.11,R-007,False,none
C-01192,2024-03-01,217.41,160.42,R-054,False,none
C-01193,2024-03-01,126.75,2640.48,R-043,False,none
C-01194,2024-03-01,209.2,2248.72,R-057,False,none
C-01195,2024-03-01,717.91,1594.87,R-053,False,none
C-01196,2024-03-01,1644.96,73.3,R-014,False,none
C-01197,2024-03-01,90.1,1661.15,R-043,False,none
C-01198,2024-03-01,1052.14,358.22,R-007,False,none
C-01199,2024-03-01,294.93,933.16,R-058,False,none
C-01200,2024-03-01,1586.42,1058.29,R-048,False,none
C-01201,2024-03-01,6589.89,162.31,R-041,False,none
C-01202,2024-03-01,249.57,8556.0,R-060,False,none
C-01203,2024-03-01,17.71,1798.6,R-051,False,none
C-01204,2024-03-01,862.45,214.58,R-052,False,none
C-01205,2024-03-01,1926.09,366.66,R-007,False,none
C-01206,2024-03-01,4796.82,2555.07,R-002,False,none
C-01207,2024-03-01,530.57,5541.29,R-058,False,none
C-01208,2024-03-01,103.26,1571.43,R-016,False,none
C-01209,2024-03-01,53.89,1182.47,R-026,False,none
C-01210,2024-03-01,269.27,155.93,R-003,False,none
C-01211,2024-03-01,15.91,751.82,R-038,True,kunda
C-01212,2024-03-01,591.1,1183.39,R-050,False,none
C-01213,2024-03-01,54.75,878.5,R-051,False,none
C-01214,2024-03-01,196.89,2487.72,R-035,False,none
C-01215,2024-03-01,432.78,818.53,R-040,False,none
C-01216,2024-03-01,63.03,4712.5,R-031,False,none
C-01217,2024-03-01,173.46,1313.56,R-027,False,none
C-01218,2024-03-01,411.84,1021.9,R-034,False,none
C-01219,2024-03-01,142.79,58.68,R-057,False,none
C-01220,2024-03-01,66.92,1744.36,R-016,False,none
C-01221,2024-03-01,94.2,1169.5,R-029,False,none
C-01222,2024-03-01,705.79,1832.42,R-037,False,none
C-01223,2024-03-01,285.63,1098.63,R-035,False,none
C-01224,2024-03-01,29.1,2846.11,R-002,False,none
C-01225,2024-03-01,160.13,85.24,R-018,False,none
C-01226,2024-03-01,46.7,1531.15,R-039,False,none
C-01227,2024-03-01,171.59,2125.26,R-042,False,none
C-01228,2024-03-01,1136.84,524.24,R-045,False,none
C-01229,2024-03-01,167.42,123.57,R-060,False,none
C-01230,2024-03-01,226.37,3534.45,R-041,False,none
C-01231,2024-03-01,854.07,853.68,R-035,False,none
C-01232,2024-03-01,111.74,3157.03,R-020,False,none
C-01233,2024-03-01,416.01,829.99,R-023,False,none
C-01234,2024-03-01,229.1,820.32,R-050,False,none
C-01235,2024-03-01,528.25,2144.3,R-029,False,none
C-01236,2024-03-01,1145.06,709.99,R-043,False,none
C-01237,2024-03-01,486.94,608.74,R-008,False,none
C-01238,2024-03-01,286.8,5928.33,R-008,False,none
C-01239,2024-03-01,3552.55,6.32,R-013,False,none
C-01240,2024-03-01,279.96,458.39,R-012,False,none
C-01241,2024-03-01,325.48,1450.95,R-037,False,none
C-01242,2024-03-01,65.02,1933.6,R-039,False,none
C-01243,2024-03-01,341.9,2195.35,R-034,False,none
C-01244,2024-03-01,28.17,995.67,R-018,True,kunda
C-01245,2024-03-01,99.23,853.1,R-035,False,none
C-01246,2024-03-01,534.57,91.42,R-008,False,none
C-01247,2024-03-01,342.38,174.49,R-029,False,none
C-01248,2024-03-01,55.92,3675.48,R-010,False,none
C-01249,2024-03-01,447.17,1108.39,R-005,False,none
C-01250,2024-03-01,225.27,206.61,R-010,False,none
C-01251,2024-03-01,939.33,4012.64,R-007,False,none
C-01252,2024-03-01,167.36,397.6,R-029,False,none
C-01253,2024-03-01,1380.26,1504.86,R-033,False,none
C-01254,2024-03-01,188.58,1764.21,R-037,True,tamper
C-01255,2024-03-01,342.2,6605.66,R-027,False,none
C-01256,2024-03-01,361.28,356.57,R-011,False,none
C-01257,2024-03-01,263.81,635.2,R-002,False,none
C-01258,2024-03-01,80.57,837.76,R-043,True,tamper
C-01259,2024-03-01,309.68,1556.2,R-059,False,none
C-01260,2024-03-01,66.28,1109.73,R-017,False,none
C-01261,2024-03-01,786.83,618.93,R-013,False,none
C-01262,2024-03-01,684.14,1833.16,R-019,False,none
C-01263,2024-03-01,304.8,1562.87,R-013,False,none
C-01264,2024-03-01,139.18,1075.51,R-014,False,none
C-01265,2024-03-01,223.16,694.52,R-030,False,none
C-01266,2024-03-01,175.3,218.34,R-048,False,none
C-01267,2024-03-01,423.52,483.87,R-043,False,none
C-01268,2024-03-01,156.43,708.05,R-058,False,none
C-01269,2024-03-01,318.74,444.24,R-022,False,none
C-01270,2024-03-01,592.79,2994.32,R-030,False,none
C-01271,2024-03-01,407.3,627.62,R-023,False,none
C-01272,2024-03-01,570.79,3121.57,R-003,False,none
C-01273,2024-03-01,32.64,1200.18,R-024,False,none
C-01274,2024-03-01,44.19,507.59,R-016,False,none
C-01275,2024-03-01,394.11,92.65,R-029,False,none
C-01276,2024-03-01,314.58,40.6,R-010,False,none
C-01277,2024-03-01,428.2,185.03,R-045,False,none
C-01278,2024-03-01,109.47,2358.37,R-051,False,none
C-01279,2024-03-01,558.09,318.76,R-058,False,none
C-01280,2024-03-01,484.25,3032.75,R-006,False,none
C-01281,2024-03-01,6.15,2556.46,R-008,True,kunda
C-01282,2024-03-01,14.42,589.37,R-058,False,none
C-01283,2024-03-01,45.81,13.54,R-051,False,none
C-01284,2024-03-01,24.45,93.4,R-036,False,none
C-01285,2024-03-01,141.31,1726.89,R-020,True,tamper
C-01286,2024-03-01,770.25,2310.32,R-032,False,none
C-01287,2024-03-01,596.64,1546.48,R-033,False,none
C-01288,2024-03-01,40.24,476.74,R-051,False,none
C-01289,2024-03-01,233.21,6392.9,R-032,False,none
C-01290,2024-03-01,41.65,884.87,R-002,False,none
C-01291,2024-03-01,14.06,390.99,R-042,True,kunda
C-01292,2024-03-01,176.91,512.89,R-047,False,none
C-01293,2024-03-01,363.33,44.28,R-018,False,none
C-01294,2024-03-01,43.68,3371.84,R-007,False,none
C-01295,2024-03-01,3401.49,1325.26,R-009,False,none
C-01296,2024-03-01,330.34,207.84,R-051,False,none
C-01297,2024-03-01,235.22,258.75,R-027,False,none
C-01298,2024-03-01,119.38,735.36,R-032,False,none
C-01299,2024-03-01,138.61,2928.31,R-058,False,none
C-01300,2024-03-01,203.85,4480.89,R-004,True,collusion
C-01301,2024-03-01,5650.44,197.12,R-013,False,none
C-01302,2024-03-01,365.69,1568.29,R-050,False,none
C-01303,2024-03-01,94.16,764.68,R-033,True,collusion
C-01304,2024-03-01,1131.87,2054.44,R-002,False,none
C-01305,2024-03-01,98.8,193.29,R-043,False,none
C-01306,2024-03-01,398.05,2658.91,R-009,False,none
C-01307,2024-03-01,336.44,131.53,R-047,False,none
C-01308,2024-03-01,797.39,5630.68,R-048,False,none
C-01309,2024-03-01,27.18,2560.44,R-050,False,none
C-01310,2024-03-01,141.52,653.71,R-028,False,none
C-01311,2024-03-01,1117.85,2545.55,R-017,False,none
C-01312,2024-03-01,206.77,1809.0,R-053,False,none
C-01313,2024-03-01,261.31,1885.38,R-034,False,none
C-01314,2024-03-01,158.61,1729.09,R-039,False,none
C-01315,2024-03-01,223.83,2066.39,R-009,False,none
C-01316,2024-03-01,204.72,508.64,R-038,False,none
C-01317,2024-03-01,335.86,680.65,R-035,False,none
C-01318,2024-03-01,2339.24,3671.16,R-018,True,tamper
C-01319,2024-03-01,610.91,1704.94,R-047,False,none
C-01320,2024-03-01,280.96,1954.91,R-009,False,none
C-01321,2024-03-01,388.28,2039.39,R-044,False,none
C-01322,2024-03-01,9.59,272.41,R-058,False,none
C-01323,2024-03-01,204.69,279.29,R-035,False,none
C-01324,2024-03-01,1229.76,3083.24,R-007,False,none
C-01325,2024-03-01,310.67,4680.34,R-034,False,none
C-01326,2024-03-01,248.87,1031.42,R-032,False,none
C-01327,2024-03-01,3056.35,1124.14,R-034,False,none
C-01328,2024-03-01,125.29,269.82,R-017,False,none
C-01329,2024-03-01,668.78,2868.92,R-038,False,none
C-01330,2024-03-01,53.92,452.74,R-016,False,none
C-01331,2024-03-01,83.21,1067.74,R-034,False,none
C-01332,2024-03-01,488.88,2342.11,R-036,False,none
C-01333,2024-03-01,192.82,154.18,R-039,False,none
C-01334,2024-03-01,233.84,3341.94,R-048,False,none
C-01335,2024-03-01,851.14,754.12,R-053,False,none
C-01336,2024-03-01,418.15,999.84,R-047,False,none
C-01337,2024-03-01,191.54,1011.08,R-048,False,none
C-01338,2024-03-01,175.69,1251.19,R-053,False,none
C-01339,2024-03-01,77.21,2950.59,R-015,False,none
C-01340,2024-03-01,176.98,396.08,R-018,False,none
C-01341,2024-03-01,665.86,412.34,R-032,False,none
C-01342,2024-03-01,951.24,3162.51,R-028,False,none
C-01343,2024-03-01,13.66,1897.09,R-043,True,kunda
C-01344,2024-03-01,15.57,649.72,R-001,False,none
C-01345,2024-03-01,49.28,887.42,R-009,True,kunda
C-01346,2024-03-01,846.74,3534.27,R-045,False,none
C-01347,2024-03-01,7.8,850.28,R-050,True,kunda
C-01348,2024-03-01,532.39,1906.46,R-019,False,none
C-01349,2024-03-01,445.56,2780.8,R-019,False,none
C-01350,2024-03-01,21.02,860.72,R-034,False,none
C-01351,2024-03-01,36.83,4375.0,R-029,False,none
C-01352,2024-03-01,7.97,832.93,R-011,False,none
C-01353,2024-03-01,737.37,3974.27,R-031,False,none
C-01354,2024-03-01,491.18,401.69,R-050,False,none
C-01355,2024-03-01,30.46,503.57,R-044,True,kunda
C-01356,2024-03-01,52.83,1488.15,R-050,False,none
C-01357,2024-03-01,86.24,6512.2,R-039,False,none
C-01358,2024-03-01,433.66,76.26,R-053,False,none
C-01359,2024-03-01,178.26,902.33,R-015,False,none
C-01360,2024-03-01,297.83,237.49,R-003,False,none
C-01361,2024-03-01,298.94,1594.34,R-007,False,none
C-01362,2024-03-01,178.24,3365.8,R-060,False,none
C-01363,2024-03-01,595.69,2645.56,R-039,False,none
C-01364,2024-03-01,326.47,1584.55,R-015,False,none
C-01365,2024-03-01,81.24,2104.43,R-052,False,none
C-01366,2024-03-01,394.38,450.66,R-019,False,none
C-01367,2024-03-01,20.68,4634.07,R-036,False,none
C-01368,2024-03-01,152.92,208.37,R-015,False,none
C-01369,2024-03-01,123.26,1538.85,R-006,True,tamper
C-01370,2024-03-01,678.14,741.38,R-017,False,none
C-01371,2024-03-01,386.79,3287.64,R-014,False,none
C-01372,2024-03-01,280.08,6012.19,R-034,False,none
C-01373,2024-03-01,107.52,202.82,R-002,True,tamper
C-01374,2024-03-01,277.84,893.8,R-015,False,none
C-01375,2024-03-01,647.18,74.15,R-035,False,none
C-01376,2024-03-01,51.64,178.56,R-024,False,none
C-01377,2024-03-01,72.84,88.28,R-039,False,none
C-01378,2024-03-01,397.02,3561.65,R-040,False,none
C-01379,2024-03-01,576.91,322.25,R-058,False,none
C-01380,2024-03-01,135.27,1761.61,R-051,False,none
C-01381,2024-03-01,140.33,1886.83,R-014,False,none
C-01382,2024-03-01,230.18,982.21,R-042,False,none
C-01383,2024-03-01,3329.31,3813.21,R-038,False,none
C-01384,2024-03-01,79.42,88.37,R-036,False,none
C-01385,2024-03-01,85.44,2736.45,R-048,False,none
C-01386,2024-03-01,49.32,901.9,R-009,False,none
C-01387,2024-03-01,239.63,2481.78,R-023,False,none
C-01388,2024-03-01,30.15,2586.8,R-049,False,none
C-01389,2024-03-01,176.6,57.2,R-054,False,none
C-01390,2024-03-01,191.28,1531.03,R-003,False,none
C-01391,2024-03-01,721.11,215.34,R-029,False,none
C-01392,2024-03-01,11.77,341.87,R-016,False,none
C-01393,2024-03-01,62.99,1122.94,R-011,False,none
C-01394,2024-03-01,332.92,486.05,R-004,False,none
C-01395,2024-03-01,96.5,403.55,R-033,False,none
C-01396,2024-03-01,1389.2,380.69,R-041,False,none
C-01397,2024-03-01,295.11,295.84,R-032,False,none
C-01398,2024-03-01,3587.56,2931.39,R-023,False,none
C-01399,2024-03-01,3.04,1237.46,R-047,True,kunda
C-01400,2024-03-01,567.66,4090.07,R-040,False,none
C-01401,2024-03-01,176.94,398.68,R-055,False,none
C-01402,2024-03-01,125.33,831.61,R-021,False,none
C-01403,2024-03-01,176.51,1080.94,R-015,False,none
C-01404,2024-03-01,60.9,1246.92,R-028,True,tamper
C-01405,2024-03-01,234.03,25.13,R-031,False,none
C-01406,2024-03-01,43.33,2110.02,R-028,False,none
C-01407,2024-03-01,84.97,314.51,R-050,False,none
C-01408,2024-03-01,209.96,356.34,R-003,False,none
C-01409,2024-03-01,737.59,1505.25,R-032,False,none
C-01410,2024-03-01,22.27,1913.75,R-026,False,none
C-01411,2024-03-01,84.87,3087.33,R-013,False,none
C-01412,2024-03-01,687.72,343.99,R-039,False,none
C-01413,2024-03-01,175.78,1947.49,R-049,False,none
C-01414,2024-03-01,238.08,373.34,R-033,False,none
C-01415,2024-03-01,254.35,949.19,R-006,False,none
C-01416,2024-03-01,229.17,904.82,R-005,False,none
C-01417,2024-03-01,279.77,625.53,R-026,False,none
C-01418,2024-03-01,209.59,340.14,R-041,False,none
C-01419,2024-03-01,173.83,2748.64,R-019,False,none
C-01420,2024-03-01,96.43,2674.55,R-019,False,none
C-01421,2024-03-01,17.82,2385.99,R-052,False,none
C-01422,2024-03-01,30.16,777.05,R-001,False,none
C-01423,2024-03-01,153.23,1022.47,R-005,False,none
C-01424,2024-03-01,301.65,5022.22,R-010,False,none
C-01425,2024-03-01,675.07,566.25,R-060,False,none
C-01426,2024-03-01,111.38,2528.43,R-030,False,none
C-01427,2024-03-01,126.15,1113.34,R-010,False,none
C-01428,2024-03-01,356.08,202.1,R-019,False,none
C-01429,2024-03-01,192.35,686.03,R-059,False,none
C-01430,2024-03-01,800.94,1114.08,R-042,False,none
C-01431,2024-03-01,12.55,171.82,R-014,True,kunda
C-01432,2024-03-01,1423.49,429.79,R-015,True,tamper
C-01433,2024-03-01,402.84,99.95,R-005,True,tamper
C-01434,2024-03-01,54.56,3489.75,R-047,False,none
C-01435,2024-03-01,39.09,2583.26,R-009,False,none
C-01436,2024-03-01,120.4,568.48,R-018,False,none
C-01437,2024-03-01,97.43,2115.42,R-021,False,none
C-01438,2024-03-01,263.89,687.12,R-038,False,none
C-01439,2024-03-01,198.44,1695.52,R-037,False,none
C-01440,2024-03-01,1120.76,2581.22,R-048,False,none
C-01441,2024-03-01,62.8,561.22,R-018,False,none
C-01442,2024-03-01,278.57,736.82,R-024,False,none
C-01443,2024-03-01,108.65,3440.84,R-024,False,none
C-01444,2024-03-01,55.67,695.02,R-003,False,none
C-01445,2024-03-01,62.32,1327.79,R-045,False,none
C-01446,2024-03-01,487.47,57.32,R-033,False,none
C-01447,2024-03-01,171.45,1956.3,R-029,False,none
C-01448,2024-03-01,51.8,1497.23,R-060,False,none
C-01449,2024-03-01,49.0,330.54,R-011,False,none
C-01450,2024-03-01,397.2,2309.31,R-059,False,none
C-01451,2024-03-01,144.25,2051.76,R-041,False,none
C-01452,2024-03-01,598.92,1419.63,R-014,False,none
C-01453,2024-03-01,460.34,2266.48,R-041,False,none
C-01454,2024-03-01,264.07,543.81,R-046,False,none
C-01455,2024-03-01,99.18,149.8,R-022,False,none
C-01456,2024-03-01,5.64,3481.56,R-021,True,kunda
C-01457,2024-03-01,92.97,4886.81,R-051,False,none
C-01458,2024-03-01,331.75,717.02,R-010,False,none
C-01459,2024-03-01,82.33,1571.57,R-001,False,none
C-01460,2024-03-01,584.72,728.86,R-040,False,none
C-01461,2024-03-01,4029.07,841.65,R-055,False,none
C-01462,2024-03-01,152.71,552.67,R-031,True,collusion
C-01463,2024-03-01,316.0,1556.51,R-009,False,none
C-01464,2024-03-01,252.73,1207.24,R-033,False,none
C-01465,2024-03-01,855.54,126.38,R-016,True,tamper
C-01466,2024-03-01,33.97,2775.68,R-050,False,none
C-01467,2024-03-01,48.34,25.73,R-037,False,none
C-01468,2024-03-01,629.17,1222.35,R-021,False,none
C-01469,2024-03-01,1409.32,49.87,R-038,False,none
C-01470,2024-03-01,309.04,2152.02,R-041,False,none
C-01471,2024-03-01,41.59,1573.89,R-041,False,none
C-01472,2024-03-01,117.46,4823.29,R-022,True,collusion
C-01473,2024-03-01,709.82,763.76,R-035,False,none
C-01474,2024-03-01,251.65,2675.08,R-003,False,none
C-01475,2024-03-01,1319.79,1578.8,R-025,False,none
C-01476,2024-03-01,281.76,2226.46,R-023,False,none
C-01477,2024-03-01,391.33,2299.97,R-033,True,collusion
C-01478,2024-03-01,106.46,2687.46,R-058,False,none
C-01479,2024-03-01,548.14,4038.75,R-058,False,none
C-01480,2024-03-01,1037.95,167.17,R-029,False,none
C-01481,2024-03-01,526.18,1890.25,R-039,False,none
C-01482,2024-03-01,27.78,123.26,R-007,True,kunda
C-01483,2024-03-01,7.15,103.29,R-029,True,kunda
C-01484,2024-03-01,554.56,4959.38,R-042,False,none
C-01485,2024-03-01,177.42,1552.06,R-041,True,collusion
C-01486,2024-03-01,984.07,15.63,R-058,False,none
C-01487,2024-03-01,141.58,451.85,R-028,False,none
C-01488,2024-03-01,157.09,1256.17,R-055,False,none
C-01489,2024-03-01,85.88,641.23,R-059,False,none
C-01490,2024-03-01,38.37,1619.15,R-035,False,none
C-01491,2024-03-01,126.09,265.77,R-006,False,none
C-01492,2024-03-01,127.66,469.03,R-023,False,none
C-01493,2024-03-01,12.06,452.03,R-046,True,kunda
C-01494,2024-03-01,68.79,4491.93,R-035,False,none
C-01495,2024-03-01,5.85,88.07,R-057,True,kunda
C-01496,2024-03-01,392.93,374.62,R-049,False,none
C-01497,2024-03-01,334.13,1619.87,R-004,False,none
C-01498,2024-03-01,522.72,1713.72,R-052,False,none
C-01499,2024-03-01,282.88,35.63,R-022,False,none
C-01500,2024-03-01,21.21,1614.15,R-050,False,none
C-00001,2024-04-01,288.49,1895.95,R-006,False,none
C-00002,2024-04-01,118.21,1148.5,R-029,False,none
C-00003,2024-04-01,320.21,169.02,R-040,False,none
C-00004,2024-04-01,176.4,1375.42,R-004,False,none
C-00005,2024-04-01,141.01,135.24,R-024,False,none
C-00006,2024-04-01,270.03,731.96,R-016,False,none
C-00007,2024-04-01,295.48,1068.55,R-003,False,none
C-00008,2024-04-01,2806.47,1733.2,R-049,False,none
C-00009,2024-04-01,114.34,663.99,R-027,False,none
C-00010,2024-04-01,348.88,1007.9,R-046,False,none
C-00011,2024-04-01,680.74,2478.65,R-036,True,tamper
C-00012,2024-04-01,602.27,188.75,R-053,False,none
C-00013,2024-04-01,45.0,4680.33,R-060,False,none
C-00014,2024-04-01,110.66,3317.9,R-037,False,none
C-00015,2024-04-01,147.39,4430.61,R-022,False,none
C-00016,2024-04-01,30.04,826.67,R-026,False,none
C-00017,2024-04-01,83.17,343.52,R-050,False,none
C-00018,2024-04-01,270.69,2180.9,R-026,False,none
C-00019,2024-04-01,270.82,1184.04,R-032,False,none
C-00020,2024-04-01,886.65,1794.09,R-012,False,none
C-00021,2024-04-01,426.86,3072.76,R-060,False,none
C-00022,2024-04-01,324.51,772.5,R-040,False,none
C-00023,2024-04-01,167.7,1460.93,R-020,False,none
C-00024,2024-04-01,1825.95,641.2,R-036,False,none
C-00025,2024-04-01,530.45,1079.0,R-025,False,none
C-00026,2024-04-01,542.45,3984.63,R-010,False,none
C-00027,2024-04-01,99.49,43.61,R-053,False,none
C-00028,2024-04-01,47.73,76.08,R-054,False,none
C-00029,2024-04-01,678.32,2569.1,R-051,False,none
C-00030,2024-04-01,137.35,2152.21,R-023,False,none
C-00031,2024-04-01,255.06,1420.88,R-016,False,none
C-00032,2024-04-01,526.34,386.05,R-003,True,tamper
C-00033,2024-04-01,25.68,237.03,R-044,False,none
C-00034,2024-04-01,87.24,438.16,R-020,False,none
C-00035,2024-04-01,2901.62,1854.3,R-054,False,none
C-00036,2024-04-01,97.03,703.84,R-053,False,none
C-00037,2024-04-01,1251.62,661.72,R-008,False,none
C-00038,2024-04-01,390.26,1171.17,R-056,False,none
C-00039,2024-04-01,35.43,1172.22,R-009,False,none
C-00040,2024-04-01,138.49,1582.18,R-030,False,none
C-00041,2024-04-01,235.09,1951.13,R-029,True,tamper
C-00042,2024-04-01,137.77,4404.87,R-058,False,none
C-00043,2024-04-01,559.9,293.33,R-040,False,none
C-00044,2024-04-01,281.61,859.03,R-053,False,none
C-00045,2024-04-01,84.22,420.31,R-036,False,none
C-00046,2024-04-01,110.5,1646.64,R-050,False,none
C-00047,2024-04-01,173.0,626.08,R-052,True,tamper
C-00048,2024-04-01,33.9,1990.07,R-052,False,none
C-00049,2024-04-01,71.57,2387.42,R-025,False,none
C-00050,2024-04-01,404.0,139.51,R-023,False,none
C-00051,2024-04-01,513.22,2473.92,R-060,False,none
C-00052,2024-04-01,443.2,506.07,R-046,False,none
C-00053,2024-04-01,867.22,415.85,R-056,True,tamper
C-00054,2024-04-01,73.48,728.83,R-035,False,none
C-00055,2024-04-01,121.43,815.35,R-056,False,none
C-00056,2024-04-01,87.4,428.99,R-044,False,none
C-00057,2024-04-01,81.18,10.91,R-045,False,none
C-00058,2024-04-01,154.02,562.97,R-011,False,none
C-00059,2024-04-01,476.41,2956.58,R-035,False,none
C-00060,2024-04-01,5128.52,81.44,R-044,False,none
C-00061,2024-04-01,702.49,461.8,R-046,False,none
C-00062,2024-04-01,5.02,1571.64,R-058,True,kunda
C-00063,2024-04-01,573.5,313.14,R-020,False,none
C-00064,2024-04-01,299.27,279.9,R-019,False,none
C-00065,2024-04-01,166.61,394.6,R-059,False,none
C-00066,2024-04-01,1098.44,1208.32,R-060,False,none
C-00067,2024-04-01,606.55,1563.61,R-011,False,none
C-00068,2024-04-01,85.04,2859.47,R-023,False,none
C-00069,2024-04-01,303.39,1012.21,R-057,False,none
C-00070,2024-04-01,71.3,1888.57,R-012,False,none
C-00071,2024-04-01,82.73,2411.57,R-047,False,none
C-00072,2024-04-01,23.76,46.09,R-007,False,none
C-00073,2024-04-01,60.0,387.28,R-011,False,none
C-00074,2024-04-01,20.6,322.74,R-048,False,none
C-00075,2024-04-01,75.73,1177.04,R-037,True,kunda
C-00076,2024-04-01,355.48,814.66,R-034,False,none
C-00077,2024-04-01,234.22,869.68,R-052,False,none
C-00078,2024-04-01,171.5,335.21,R-019,False,none
C-00079,2024-04-01,220.79,1284.98,R-031,False,none
C-00080,2024-04-01,408.84,4115.1,R-037,False,none
C-00081,2024-04-01,119.15,1741.25,R-045,False,none
C-00082,2024-04-01,22.35,1362.45,R-020,False,none
C-00083,2024-04-01,960.76,739.76,R-039,False,none
C-00084,2024-04-01,47.79,2550.69,R-027,False,none
C-00085,2024-04-01,94.57,842.47,R-033,False,none
C-00086,2024-04-01,306.94,2071.16,R-052,False,none
C-00087,2024-04-01,693.99,4231.66,R-024,False,none
C-00088,2024-04-01,684.72,660.55,R-041,False,none
C-00089,2024-04-01,188.97,523.28,R-057,False,none
C-00090,2024-04-01,83.28,3068.1,R-046,False,none
C-00091,2024-04-01,42.03,5985.19,R-060,False,none
C-00092,2024-04-01,13.91,79.08,R-036,False,none
C-00093,2024-04-01,365.44,2386.02,R-017,False,none
C-00094,2024-04-01,283.22,1445.16,R-060,True,collusion
C-00095,2024-04-01,284.46,1062.98,R-039,True,tamper
C-00096,2024-04-01,419.96,619.87,R-015,False,none
C-00097,2024-04-01,49.12,1872.68,R-020,False,none
C-00098,2024-04-01,558.96,1655.17,R-016,False,none
C-00099,2024-04-01,89.84,193.74,R-051,False,none
C-00100,2024-04-01,304.17,2133.16,R-006,False,none
C-00101,2024-04-01,99.24,2443.37,R-045,False,none
C-00102,2024-04-01,79.71,1949.09,R-034,False,none
C-00103,2024-04-01,615.74,1074.66,R-005,False,none
C-00104,2024-04-01,1001.81,4036.49,R-037,False,none
C-00105,2024-04-01,379.23,658.48,R-046,False,none
C-00106,2024-04-01,257.19,2686.79,R-044,False,none
C-00107,2024-04-01,269.67,4437.73,R-032,False,none
C-00108,2024-04-01,286.21,1091.36,R-021,False,none
C-00109,2024-04-01,759.3,619.09,R-010,False,none
C-00110,2024-04-01,156.49,1244.22,R-001,False,none
C-00111,2024-04-01,129.0,252.7,R-022,False,none
C-00112,2024-04-01,123.3,1787.2,R-038,False,none
C-00113,2024-04-01,254.19,1225.73,R-003,False,none
C-00114,2024-04-01,523.26,452.8,R-060,False,none
C-00115,2024-04-01,339.24,1482.05,R-036,False,none
C-00116,2024-04-01,1734.99,201.34,R-018,False,none
C-00117,2024-04-01,435.11,39.82,R-058,False,none
C-00118,2024-04-01,44.96,3042.73,R-012,False,none
C-00119,2024-04-01,290.25,53.37,R-058,False,none
C-00120,2024-04-01,108.99,455.49,R-017,False,none
C-00121,2024-04-01,26.74,2866.13,R-023,False,none
C-00122,2024-04-01,386.04,4057.42,R-026,False,none
C-00123,2024-04-01,2788.58,249.03,R-060,False,none
C-00124,2024-04-01,5.98,247.8,R-016,True,kunda
C-00125,2024-04-01,22.05,5021.45,R-059,False,none
C-00126,2024-04-01,326.06,44.6,R-021,False,none
C-00127,2024-04-01,160.32,2328.86,R-018,False,none
C-00128,2024-04-01,78.72,5423.53,R-039,False,none
C-00129,2024-04-01,161.75,817.62,R-042,False,none
C-00130,2024-04-01,45.77,677.18,R-021,False,none
C-00131,2024-04-01,306.93,298.32,R-009,False,none
C-00132,2024-04-01,149.05,3609.02,R-024,False,none
C-00133,2024-04-01,576.19,844.04,R-033,False,none
C-00134,2024-04-01,73.47,6511.08,R-003,False,none
C-00135,2024-04-01,70.1,1739.08,R-005,False,none
C-00136,2024-04-01,172.32,1390.93,R-056,False,none
C-00137,2024-04-01,496.86,3313.81,R-003,False,none
C-00138,2024-04-01,7.38,2086.27,R-025,False,none
C-00139,2024-04-01,128.11,807.98,R-046,False,none
C-00140,2024-04-01,150.38,864.01,R-020,False,none
C-00141,2024-04-01,113.65,1528.19,R-030,False,none
C-00142,2024-04-01,494.82,503.47,R-006,False,none
C-00143,2024-04-01,87.96,1474.25,R-048,False,none
C-00144,2024-04-01,4.9,3572.92,R-039,True,kunda
C-00145,2024-04-01,407.13,510.21,R-052,False,none
C-00146,2024-04-01,2813.72,314.32,R-052,False,none
C-00147,2024-04-01,265.51,1127.37,R-022,False,none
C-00148,2024-04-01,137.2,766.84,R-003,False,none
C-00149,2024-04-01,143.82,3107.26,R-021,False,none
C-00150,2024-04-01,15.26,1855.71,R-009,True,kunda
C-00151,2024-04-01,326.87,612.84,R-032,False,none
C-00152,2024-04-01,351.17,478.0,R-009,False,none
C-00153,2024-04-01,378.88,893.65,R-056,False,none
C-00154,2024-04-01,395.43,1391.92,R-037,False,none
C-00155,2024-04-01,5700.38,1515.68,R-016,False,none
C-00156,2024-04-01,71.98,1966.54,R-056,False,none
C-00157,2024-04-01,307.55,517.29,R-047,False,none
C-00158,2024-04-01,25.0,667.25,R-027,False,none
C-00159,2024-04-01,39.13,338.24,R-009,False,none
C-00160,2024-04-01,303.67,94.52,R-021,False,none
C-00161,2024-04-01,457.35,1754.24,R-036,False,none
C-00162,2024-04-01,2181.53,4376.6,R-046,False,none
C-00163,2024-04-01,1035.09,798.94,R-016,False,none
C-00164,2024-04-01,3176.8,1091.46,R-045,False,none
C-00165,2024-04-01,4371.97,1724.36,R-017,False,none
C-00166,2024-04-01,1614.86,3896.29,R-015,False,none
C-00167,2024-04-01,117.06,119.44,R-027,False,none
C-00168,2024-04-01,433.67,561.96,R-010,False,none
C-00169,2024-04-01,143.33,1908.77,R-025,False,none
C-00170,2024-04-01,544.61,3449.52,R-022,True,collusion
C-00171,2024-04-01,102.13,1284.55,R-017,False,none
C-00172,2024-04-01,495.31,686.85,R-047,True,tamper
C-00173,2024-04-01,370.98,1940.66,R-020,False,none
C-00174,2024-04-01,143.04,987.53,R-042,False,none
C-00175,2024-04-01,396.83,417.63,R-044,False,none
C-00176,2024-04-01,365.16,2618.97,R-040,False,none
C-00177,2024-04-01,1.79,2054.52,R-017,True,kunda
C-00178,2024-04-01,1127.08,509.94,R-050,False,none
C-00179,2024-04-01,391.0,1703.15,R-015,False,none
C-00180,2024-04-01,412.21,1450.31,R-017,False,none
C-00181,2024-04-01,292.5,21.08,R-053,False,none
C-00182,2024-04-01,275.95,424.58,R-021,False,none
C-00183,2024-04-01,308.57,319.38,R-042,False,none
C-00184,2024-04-01,179.08,333.49,R-003,False,none
C-00185,2024-04-01,50.07,403.8,R-037,False,none
C-00186,2024-04-01,750.85,2785.72,R-053,False,none
C-00187,2024-04-01,181.71,721.63,R-043,True,kunda
C-00188,2024-04-01,29.64,1180.75,R-035,True,kunda
C-00189,2024-04-01,732.47,2727.13,R-051,False,none
C-00190,2024-04-01,292.14,2056.37,R-018,False,none
C-00191,2024-04-01,455.48,287.38,R-023,True,tamper
C-00192,2024-04-01,204.59,859.29,R-005,False,none
C-00193,2024-04-01,21.88,5215.92,R-042,False,none
C-00194,2024-04-01,191.12,824.35,R-044,False,none
C-00195,2024-04-01,33.33,735.29,R-046,False,none
C-00196,2024-04-01,377.47,2208.07,R-045,False,none
C-00197,2024-04-01,122.98,1716.07,R-008,False,none
C-00198,2024-04-01,138.36,332.91,R-040,False,none
C-00199,2024-04-01,482.88,1108.51,R-046,True,tamper
C-00200,2024-04-01,575.22,3698.72,R-013,False,none
C-00201,2024-04-01,398.19,1774.87,R-029,False,none
C-00202,2024-04-01,700.38,1903.72,R-055,False,none
C-00203,2024-04-01,515.78,612.61,R-025,False,none
C-00204,2024-04-01,88.05,2173.52,R-046,False,none
C-00205,2024-04-01,282.95,1719.48,R-032,False,none
C-00206,2024-04-01,948.09,1010.75,R-040,False,none
C-00207,2024-04-01,230.59,4659.12,R-038,False,none
C-00208,2024-04-01,90.99,1989.12,R-040,False,none
C-00209,2024-04-01,44.83,6495.03,R-047,False,none
C-00210,2024-04-01,234.65,977.28,R-055,False,none
C-00211,2024-04-01,214.32,860.61,R-018,False,none
C-00212,2024-04-01,318.41,2193.47,R-056,False,none
C-00213,2024-04-01,115.83,615.27,R-038,False,none
C-00214,2024-04-01,486.2,374.61,R-036,False,none
C-00215,2024-04-01,364.89,114.01,R-020,False,none
C-00216,2024-04-01,127.58,994.83,R-026,False,none
C-00217,2024-04-01,1516.62,2.42,R-040,True,tamper
C-00218,2024-04-01,429.02,706.67,R-022,False,none
C-00219,2024-04-01,26.43,206.01,R-018,False,none
C-00220,2024-04-01,214.17,855.79,R-050,False,none
C-00221,2024-04-01,395.47,425.23,R-025,False,none
C-00222,2024-04-01,144.96,2006.53,R-039,False,none
C-00223,2024-04-01,271.53,154.85,R-002,False,none
C-00224,2024-04-01,185.32,4648.96,R-005,False,none
C-00225,2024-04-01,200.2,132.37,R-051,False,none
C-00226,2024-04-01,18.71,2624.95,R-009,False,none
C-00227,2024-04-01,72.45,71.43,R-048,False,none
C-00228,2024-04-01,169.25,141.57,R-055,False,none
C-00229,2024-04-01,289.32,775.99,R-029,False,none
C-00230,2024-04-01,374.17,388.98,R-054,False,none
C-00231,2024-04-01,5203.75,218.38,R-026,False,none
C-00232,2024-04-01,727.67,148.95,R-058,False,none
C-00233,2024-04-01,99.92,3389.67,R-015,False,none
C-00234,2024-04-01,28.16,1290.23,R-026,False,none
C-00235,2024-04-01,495.48,825.97,R-024,False,none
C-00236,2024-04-01,133.31,816.94,R-048,False,none
C-00237,2024-04-01,361.42,2509.6,R-003,False,none
C-00238,2024-04-01,588.29,7486.88,R-050,False,none
C-00239,2024-04-01,211.19,1871.72,R-002,False,none
C-00240,2024-04-01,361.14,1146.76,R-019,False,none
C-00241,2024-04-01,643.64,1284.59,R-036,False,none
C-00242,2024-04-01,47.02,589.15,R-009,False,none
C-00243,2024-04-01,25.91,1319.62,R-030,False,none
C-00244,2024-04-01,507.16,1511.79,R-060,False,none
C-00245,2024-04-01,824.09,320.52,R-050,False,none
C-00246,2024-04-01,30.77,1209.81,R-002,False,none
C-00247,2024-04-01,338.69,1733.52,R-036,False,none
C-00248,2024-04-01,261.48,2418.2,R-036,False,none
C-00249,2024-04-01,5545.5,1367.55,R-005,False,none
C-00250,2024-04-01,7.26,152.18,R-040,True,kunda
C-00251,2024-04-01,183.06,115.82,R-032,False,none
C-00252,2024-04-01,30.75,236.21,R-041,False,none
C-00253,2024-04-01,489.84,361.47,R-018,False,none
C-00254,2024-04-01,590.02,1947.66,R-016,False,none
C-00255,2024-04-01,227.26,1598.4,R-045,False,none
C-00256,2024-04-01,86.16,760.48,R-044,False,none
C-00257,2024-04-01,1488.96,1715.26,R-010,False,none
C-00258,2024-04-01,69.65,740.41,R-013,False,none
C-00259,2024-04-01,223.75,3117.29,R-036,False,none
C-00260,2024-04-01,104.94,879.65,R-050,False,none
C-00261,2024-04-01,17.87,3491.14,R-013,True,kunda
C-00262,2024-04-01,80.31,864.13,R-014,False,none
C-00263,2024-04-01,17.65,3804.47,R-049,False,none
C-00264,2024-04-01,1602.01,781.79,R-042,False,none
C-00265,2024-04-01,143.96,0.2,R-055,False,none
C-00266,2024-04-01,280.55,1372.81,R-048,False,none
C-00267,2024-04-01,14.38,24.11,R-058,False,none
C-00268,2024-04-01,593.54,415.06,R-012,False,none
C-00269,2024-04-01,90.16,399.7,R-017,False,none
C-00270,2024-04-01,28.54,1612.29,R-015,False,none
C-00271,2024-04-01,501.79,1834.24,R-004,False,none
C-00272,2024-04-01,80.33,1321.64,R-047,False,none
C-00273,2024-04-01,6389.39,553.37,R-040,False,none
C-00274,2024-04-01,53.49,897.81,R-006,False,none
C-00275,2024-04-01,192.36,412.67,R-012,False,none
C-00276,2024-04-01,194.75,3820.98,R-012,False,none
C-00277,2024-04-01,239.49,3855.81,R-025,False,none
C-00278,2024-04-01,303.89,250.94,R-028,False,none
C-00279,2024-04-01,313.92,1420.63,R-018,False,none
C-00280,2024-04-01,116.38,1377.64,R-056,False,none
C-00281,2024-04-01,237.25,1501.85,R-013,False,none
C-00282,2024-04-01,429.93,3041.21,R-034,False,none
C-00283,2024-04-01,415.61,1163.6,R-027,False,none
C-00284,2024-04-01,72.97,4074.57,R-024,False,none
C-00285,2024-04-01,597.95,24.03,R-050,False,none
C-00286,2024-04-01,257.48,1941.0,R-059,False,none
C-00287,2024-04-01,321.19,1340.65,R-001,False,none
C-00288,2024-04-01,165.22,506.2,R-028,True,tamper
C-00289,2024-04-01,63.08,48.86,R-008,False,none
C-00290,2024-04-01,118.43,221.08,R-027,False,none
C-00291,2024-04-01,367.53,248.01,R-038,False,none
C-00292,2024-04-01,204.04,4303.29,R-025,False,none
C-00293,2024-04-01,287.72,2069.07,R-019,False,none
C-00294,2024-04-01,304.62,160.37,R-019,False,none
C-00295,2024-04-01,107.07,395.32,R-018,False,none
C-00296,2024-04-01,396.41,4614.63,R-020,False,none
C-00297,2024-04-01,547.14,776.95,R-023,False,none
C-00298,2024-04-01,290.51,3421.18,R-042,False,none
C-00299,2024-04-01,491.67,328.83,R-006,False,none
C-00300,2024-04-01,227.24,539.25,R-003,False,none
C-00301,2024-04-01,60.24,1877.09,R-032,False,none
C-00302,2024-04-01,313.8,646.9,R-041,False,none
C-00303,2024-04-01,563.9,1341.53,R-016,False,none
C-00304,2024-04-01,157.28,1252.14,R-013,False,none
C-00305,2024-04-01,417.99,797.96,R-038,False,none
C-00306,2024-04-01,239.38,1334.23,R-024,False,none
C-00307,2024-04-01,474.14,2055.45,R-045,False,none
C-00308,2024-04-01,234.15,1029.22,R-009,False,none
C-00309,2024-04-01,511.79,691.67,R-008,False,none
C-00310,2024-04-01,25.41,3082.77,R-034,True,tamper
C-00311,2024-04-01,794.72,1050.23,R-024,False,none
C-00312,2024-04-01,586.05,272.06,R-044,False,none
C-00313,2024-04-01,454.05,2026.44,R-031,False,none
C-00314,2024-04-01,68.25,182.96,R-022,False,none
C-00315,2024-04-01,395.16,80.83,R-010,False,none
C-00316,2024-04-01,1571.96,157.19,R-010,False,none
C-00317,2024-04-01,76.74,1690.78,R-046,False,none
C-00318,2024-04-01,82.51,4949.53,R-014,False,none
C-00319,2024-04-01,508.27,3441.37,R-031,False,none
C-00320,2024-04-01,820.72,5428.85,R-050,False,none
C-00321,2024-04-01,91.0,275.85,R-054,False,none
C-00322,2024-04-01,382.05,1572.56,R-017,False,none
C-00323,2024-04-01,259.09,184.64,R-007,False,none
C-00324,2024-04-01,203.59,1029.2,R-047,False,none
C-00325,2024-04-01,1302.16,407.88,R-042,False,none
C-00326,2024-04-01,195.77,889.7,R-020,False,none
C-00327,2024-04-01,460.02,393.43,R-036,True,tamper
C-00328,2024-04-01,20.41,3266.88,R-012,True,kunda
C-00329,2024-04-01,114.28,3119.62,R-043,False,none
C-00330,2024-04-01,122.11,1012.51,R-044,False,none
C-00331,2024-04-01,91.47,6386.03,R-018,False,none
C-00332,2024-04-01,1378.02,431.95,R-029,False,none
C-00333,2024-04-01,424.12,144.57,R-021,False,none
C-00334,2024-04-01,915.35,798.16,R-002,False,none
C-00335,2024-04-01,1004.65,1287.69,R-008,False,none
C-00336,2024-04-01,210.24,23.24,R-058,False,none
C-00337,2024-04-01,162.4,328.11,R-028,False,none
C-00338,2024-04-01,136.35,1095.36,R-009,False,none
C-00339,2024-04-01,25.59,3551.51,R-003,False,none
C-00340,2024-04-01,245.27,2394.49,R-022,False,none
C-00341,2024-04-01,353.18,4506.71,R-059,True,collusion
C-00342,2024-04-01,352.84,7.93,R-024,False,none
C-00343,2024-04-01,534.11,2659.74,R-060,False,none
C-00344,2024-04-01,58.87,1274.08,R-030,True,tamper
C-00345,2024-04-01,297.06,685.6,R-046,False,none
C-00346,2024-04-01,470.74,1952.44,R-048,False,none
C-00347,2024-04-01,110.71,2815.72,R-002,False,none
C-00348,2024-04-01,776.22,563.14,R-001,False,none
C-00349,2024-04-01,1615.03,1667.15,R-056,False,none
C-00350,2024-04-01,683.59,85.53,R-056,False,none
C-00351,2024-04-01,247.35,219.63,R-008,False,none
C-00352,2024-04-01,484.8,1739.66,R-039,False,none
C-00353,2024-04-01,221.17,870.2,R-056,False,none
C-00354,2024-04-01,2006.44,176.89,R-058,False,none
C-00355,2024-04-01,71.79,694.37,R-018,False,none
C-00356,2024-04-01,199.77,581.67,R-050,False,none
C-00357,2024-04-01,376.27,2018.84,R-039,False,none
C-00358,2024-04-01,283.18,2471.09,R-056,False,none
C-00359,2024-04-01,3355.0,1129.45,R-009,False,none
C-00360,2024-04-01,154.79,908.85,R-037,False,none
C-00361,2024-04-01,397.27,5115.56,R-002,False,none
C-00362,2024-04-01,231.75,1256.71,R-022,False,none
C-00363,2024-04-01,201.19,1243.13,R-001,False,none
C-00364,2024-04-01,244.92,878.79,R-027,False,none
C-00365,2024-04-01,2761.77,393.46,R-049,False,none
C-00366,2024-04-01,275.59,2018.93,R-040,False,none
C-00367,2024-04-01,149.65,2388.87,R-020,False,none
C-00368,2024-04-01,68.75,716.83,R-026,False,none
C-00369,2024-04-01,859.12,1176.06,R-023,False,none
C-00370,2024-04-01,1148.33,929.09,R-044,False,none
C-00371,2024-04-01,300.82,382.42,R-016,False,none
C-00372,2024-04-01,207.47,107.63,R-006,False,none
C-00373,2024-04-01,610.4,506.8,R-031,False,none
C-00374,2024-04-01,1060.26,2288.77,R-050,False,none
C-00375,2024-04-01,311.88,338.77,R-029,False,none
C-00376,2024-04-01,90.05,861.96,R-013,False,none
C-00377,2024-04-01,523.43,125.68,R-003,False,none
C-00378,2024-04-01,7.34,123.65,R-057,True,kunda
C-00379,2024-04-01,153.82,1559.33,R-046,False,none
C-00380,2024-04-01,3526.14,1727.75,R-010,False,none
C-00381,2024-04-01,2203.6,3381.41,R-005,False,none
C-00382,2024-04-01,185.56,1890.73,R-008,False,none
C-00383,2024-04-01,374.55,3140.59,R-023,False,none
C-00384,2024-04-01,158.26,560.25,R-049,False,none
C-00385,2024-04-01,1449.85,1204.95,R-010,False,none
C-00386,2024-04-01,257.44,2567.82,R-050,False,none
C-00387,2024-04-01,284.63,531.71,R-001,False,none
C-00388,2024-04-01,11.01,2067.43,R-045,False,none
C-00389,2024-04-01,296.22,2158.64,R-017,False,none
C-00390,2024-04-01,45.74,122.1,R-058,False,none
C-00391,2024-04-01,45.2,1849.22,R-029,False,none
C-00392,2024-04-01,493.95,5575.55,R-017,False,none
C-00393,2024-04-01,1467.51,171.53,R-015,False,none
C-00394,2024-04-01,607.2,3257.01,R-050,False,none
C-00395,2024-04-01,195.26,1472.09,R-025,False,none
C-00396,2024-04-01,812.56,2810.46,R-022,False,none
C-00397,2024-04-01,23.0,954.83,R-045,True,kunda
C-00398,2024-04-01,296.58,585.66,R-033,False,none
C-00399,2024-04-01,349.18,3219.68,R-040,False,none
C-00400,2024-04-01,875.32,5862.24,R-027,False,none
C-00401,2024-04-01,161.95,1267.74,R-004,False,none
C-00402,2024-04-01,158.63,1384.75,R-001,False,none
C-00403,2024-04-01,74.71,1748.68,R-003,False,none
C-00404,2024-04-01,721.11,1342.25,R-035,False,none
C-00405,2024-04-01,28.78,1327.08,R-031,False,none
C-00406,2024-04-01,310.32,5342.9,R-045,False,none
C-00407,2024-04-01,384.35,2379.73,R-054,False,none
C-00408,2024-04-01,33.34,2589.95,R-011,False,none
C-00409,2024-04-01,170.71,1348.99,R-058,False,none
C-00410,2024-04-01,21.04,1133.87,R-056,False,none
C-00411,2024-04-01,69.66,2451.25,R-037,False,none
C-00412,2024-04-01,311.27,4652.42,R-032,False,none
C-00413,2024-04-01,987.79,114.82,R-011,True,collusion
C-00414,2024-04-01,248.11,1367.83,R-011,False,none
C-00415,2024-04-01,302.83,1869.22,R-002,False,none
C-00416,2024-04-01,515.96,3040.61,R-039,False,none
C-00417,2024-04-01,1924.03,396.32,R-026,False,none
C-00418,2024-04-01,24.79,521.55,R-012,False,none
C-00419,2024-04-01,1013.71,70.39,R-009,False,none
C-00420,2024-04-01,177.9,1345.01,R-004,False,none
C-00421,2024-04-01,436.35,1238.35,R-039,False,none
C-00422,2024-04-01,268.02,1667.11,R-042,False,none
C-00423,2024-04-01,222.4,436.83,R-038,False,none
C-00424,2024-04-01,26.9,1265.26,R-007,True,kunda
C-00425,2024-04-01,47.43,7088.91,R-003,False,none
C-00426,2024-04-01,183.94,3741.05,R-007,False,none
C-00427,2024-04-01,55.29,1592.41,R-046,False,none
C-00428,2024-04-01,485.67,1449.43,R-045,False,none
C-00429,2024-04-01,401.43,1900.62,R-018,False,none
C-00430,2024-04-01,16.19,1460.58,R-004,False,none
C-00431,2024-04-01,417.58,5003.81,R-020,False,none
C-00432,2024-04-01,504.56,2557.45,R-049,False,none
C-00433,2024-04-01,35.98,2309.22,R-009,False,none
C-00434,2024-04-01,19.4,828.04,R-048,True,kunda
C-00435,2024-04-01,103.39,43.31,R-028,False,none
C-00436,2024-04-01,849.03,325.81,R-009,False,none
C-00437,2024-04-01,425.1,777.89,R-057,False,none
C-00438,2024-04-01,234.92,2541.59,R-032,True,kunda
C-00439,2024-04-01,317.68,1695.8,R-041,False,none
C-00440,2024-04-01,228.08,316.55,R-006,False,none
C-00441,2024-04-01,478.51,1566.21,R-023,False,none
C-00442,2024-04-01,314.1,472.3,R-038,False,none
C-00443,2024-04-01,1100.89,27.9,R-039,False,none
C-00444,2024-04-01,10380.44,1668.87,R-004,False,none
C-00445,2024-04-01,451.02,685.15,R-037,False,none
C-00446,2024-04-01,42.23,326.95,R-057,False,none
C-00447,2024-04-01,427.14,779.5,R-048,False,none
C-00448,2024-04-01,106.7,444.37,R-013,False,none
C-00449,2024-04-01,456.41,391.62,R-055,False,none
C-00450,2024-04-01,425.17,537.42,R-041,False,none
C-00451,2024-04-01,757.6,5969.18,R-004,False,none
C-00452,2024-04-01,289.44,394.48,R-008,False,none
C-00453,2024-04-01,1185.18,1059.57,R-056,False,none
C-00454,2024-04-01,33.47,3379.76,R-013,True,kunda
C-00455,2024-04-01,283.15,1642.73,R-006,False,none
C-00456,2024-04-01,332.47,844.21,R-028,False,none
C-00457,2024-04-01,525.42,1964.5,R-032,False,none
C-00458,2024-04-01,64.64,1148.05,R-035,True,tamper
C-00459,2024-04-01,97.33,231.95,R-040,True,tamper
C-00460,2024-04-01,368.88,1554.89,R-060,False,none
C-00461,2024-04-01,182.33,1160.89,R-046,False,none
C-00462,2024-04-01,619.27,5180.54,R-002,False,none
C-00463,2024-04-01,174.68,2016.76,R-006,False,none
C-00464,2024-04-01,119.71,3303.26,R-001,False,none
C-00465,2024-04-01,515.06,1448.36,R-024,False,none
C-00466,2024-04-01,150.07,437.23,R-022,False,none
C-00467,2024-04-01,248.7,993.58,R-057,False,none
C-00468,2024-04-01,310.14,918.56,R-022,False,none
C-00469,2024-04-01,63.11,1715.71,R-002,False,none
C-00470,2024-04-01,296.63,1479.39,R-054,False,none
C-00471,2024-04-01,659.77,4981.32,R-016,False,none
C-00472,2024-04-01,293.77,1092.54,R-055,False,none
C-00473,2024-04-01,994.63,899.24,R-047,False,none
C-00474,2024-04-01,292.9,920.54,R-053,False,none
C-00475,2024-04-01,50.96,3899.98,R-050,False,none
C-00476,2024-04-01,665.53,2345.73,R-009,False,none
C-00477,2024-04-01,418.32,120.42,R-038,True,tamper
C-00478,2024-04-01,116.79,226.96,R-025,False,none
C-00479,2024-04-01,238.11,3298.02,R-038,False,none
C-00480,2024-04-01,267.0,177.52,R-045,False,none
C-00481,2024-04-01,71.95,375.68,R-031,False,none
C-00482,2024-04-01,172.05,403.61,R-019,False,none
C-00483,2024-04-01,314.54,831.16,R-055,False,none
C-00484,2024-04-01,129.02,3213.02,R-040,False,none
C-00485,2024-04-01,241.67,843.0,R-054,False,none
C-00486,2024-04-01,12.63,4421.83,R-015,True,kunda
C-00487,2024-04-01,162.54,1804.95,R-051,False,none
C-00488,2024-04-01,104.09,745.21,R-020,True,tamper
C-00489,2024-04-01,102.55,106.61,R-028,False,none
C-00490,2024-04-01,549.8,3175.66,R-052,False,none
C-00491,2024-04-01,528.85,1588.0,R-022,True,collusion
C-00492,2024-04-01,712.3,814.78,R-016,False,none
C-00493,2024-04-01,254.2,2189.22,R-055,False,none
C-00494,2024-04-01,84.54,1181.27,R-058,False,none
C-00495,2024-04-01,419.66,628.69,R-019,False,none
C-00496,2024-04-01,54.11,13.74,R-019,False,none
C-00497,2024-04-01,223.2,541.02,R-014,False,none
C-00498,2024-04-01,138.13,949.25,R-002,False,none
C-00499,2024-04-01,372.98,397.72,R-034,True,tamper
C-00500,2024-04-01,483.88,738.12,R-016,False,none
C-00501,2024-04-01,280.04,599.18,R-051,False,none
C-00502,2024-04-01,618.58,824.89,R-011,False,none
C-00503,2024-04-01,496.83,3443.65,R-039,False,none
C-00504,2024-04-01,118.91,2500.8,R-031,False,none
C-00505,2024-04-01,615.74,1184.07,R-037,False,none
C-00506,2024-04-01,240.44,1.27,R-007,False,none
C-00507,2024-04-01,539.31,969.82,R-028,False,none
C-00508,2024-04-01,412.98,258.22,R-038,False,none
C-00509,2024-04-01,565.24,1270.29,R-021,False,none
C-00510,2024-04-01,1139.79,968.85,R-053,True,tamper
C-00511,2024-04-01,344.72,1180.07,R-032,False,none
C-00512,2024-04-01,63.89,3191.94,R-022,False,none
C-00513,2024-04-01,38.87,1527.54,R-002,False,none
C-00514,2024-04-01,1344.75,2595.56,R-011,False,none
C-00515,2024-04-01,30.41,1458.88,R-029,False,none
C-00516,2024-04-01,1597.54,1206.33,R-025,False,none
C-00517,2024-04-01,370.59,1717.05,R-053,False,none
C-00518,2024-04-01,2342.21,1578.09,R-048,False,none
C-00519,2024-04-01,78.63,525.25,R-010,False,none
C-00520,2024-04-01,627.82,433.3,R-036,False,none
C-00521,2024-04-01,822.18,405.97,R-028,False,none
C-00522,2024-04-01,314.51,922.79,R-007,False,none
C-00523,2024-04-01,124.61,38.04,R-040,False,none
C-00524,2024-04-01,19.48,1413.57,R-033,False,none
C-00525,2024-04-01,500.63,1315.2,R-006,False,none
C-00526,2024-04-01,310.92,27.38,R-029,False,none
C-00527,2024-04-01,379.58,1548.67,R-044,False,none
C-00528,2024-04-01,86.25,226.96,R-020,False,none
C-00529,2024-04-01,647.13,2367.91,R-022,False,none
C-00530,2024-04-01,37.91,5504.66,R-007,False,none
C-00531,2024-04-01,107.2,1259.38,R-013,False,none
C-00532,2024-04-01,197.77,2244.41,R-059,False,none
C-00533,2024-04-01,639.18,995.32,R-038,False,none
C-00534,2024-04-01,73.06,259.61,R-011,False,none
C-00535,2024-04-01,557.1,2623.09,R-029,False,none
C-00536,2024-04-01,211.1,1469.16,R-012,False,none
C-00537,2024-04-01,159.76,525.59,R-027,False,none
C-00538,2024-04-01,383.9,1995.84,R-009,False,none
C-00539,2024-04-01,593.47,367.51,R-038,False,none
C-00540,2024-04-01,211.6,362.04,R-035,False,none
C-00541,2024-04-01,570.25,368.82,R-039,False,none
C-00542,2024-04-01,12.22,14.99,R-027,False,none
C-00543,2024-04-01,477.46,1342.66,R-018,False,none
C-00544,2024-04-01,783.62,1675.13,R-015,False,none
C-00545,2024-04-01,930.54,958.02,R-013,False,none
C-00546,2024-04-01,459.46,2917.12,R-026,False,none
C-00547,2024-04-01,24.08,3186.4,R-028,False,none
C-00548,2024-04-01,266.24,1571.84,R-041,False,none
C-00549,2024-04-01,822.98,1187.62,R-004,False,none
C-00550,2024-04-01,322.61,496.76,R-017,False,none
C-00551,2024-04-01,29.55,2962.21,R-052,True,kunda
C-00552,2024-04-01,73.59,1593.85,R-055,False,none
C-00553,2024-04-01,107.57,3626.73,R-056,False,none
C-00554,2024-04-01,240.31,52.23,R-019,False,none
C-00555,2024-04-01,71.73,548.69,R-009,False,none
C-00556,2024-04-01,468.65,658.56,R-012,False,none
C-00557,2024-04-01,360.59,129.52,R-008,False,none
C-00558,2024-04-01,30.78,528.29,R-058,False,none
C-00559,2024-04-01,149.5,496.23,R-054,False,none
C-00560,2024-04-01,116.46,876.96,R-049,False,none
C-00561,2024-04-01,131.07,2481.68,R-044,False,none
C-00562,2024-04-01,1882.23,1260.56,R-021,False,none
C-00563,2024-04-01,138.86,2155.7,R-029,False,none
C-00564,2024-04-01,85.66,4134.98,R-051,False,none
C-00565,2024-04-01,136.97,5294.11,R-049,False,none
C-00566,2024-04-01,1277.67,675.53,R-032,False,none
C-00567,2024-04-01,262.28,1812.66,R-051,False,none
C-00568,2024-04-01,29.43,635.86,R-021,True,kunda
C-00569,2024-04-01,10.89,768.34,R-025,True,kunda
C-00570,2024-04-01,1189.27,640.38,R-051,False,none
C-00571,2024-04-01,173.45,1491.35,R-023,False,none
C-00572,2024-04-01,340.7,1131.07,R-046,False,none
C-00573,2024-04-01,90.69,256.63,R-028,False,none
C-00574,2024-04-01,906.67,2650.44,R-018,False,none
C-00575,2024-04-01,777.27,3518.6,R-014,False,none
C-00576,2024-04-01,1340.58,2150.82,R-037,False,none
C-00577,2024-04-01,183.54,29.81,R-029,False,none
C-00578,2024-04-01,275.56,3933.83,R-023,False,none
C-00579,2024-04-01,432.37,1222.48,R-045,False,none
C-00580,2024-04-01,217.33,802.93,R-001,False,none
C-00581,2024-04-01,240.64,1003.22,R-006,False,none
C-00582,2024-04-01,433.94,981.46,R-058,False,none
C-00583,2024-04-01,126.97,527.41,R-040,False,none
C-00584,2024-04-01,1276.39,4645.48,R-033,False,none
C-00585,2024-04-01,5505.13,2887.66,R-001,False,none
C-00586,2024-04-01,1670.94,693.58,R-036,False,none
C-00587,2024-04-01,70.28,54.88,R-027,False,none
C-00588,2024-04-01,148.78,2952.23,R-036,False,none
C-00589,2024-04-01,1107.36,545.66,R-003,False,none
C-00590,2024-04-01,80.46,418.04,R-034,False,none
C-00591,2024-04-01,521.05,2171.06,R-035,False,none
C-00592,2024-04-01,626.37,1209.24,R-018,False,none
C-00593,2024-04-01,176.31,2336.75,R-004,False,none
C-00594,2024-04-01,251.82,3347.51,R-059,False,none
C-00595,2024-04-01,2524.39,801.89,R-043,False,none
C-00596,2024-04-01,493.25,434.52,R-038,False,none
C-00597,2024-04-01,37.97,1243.71,R-047,False,none
C-00598,2024-04-01,75.25,102.42,R-041,False,none
C-00599,2024-04-01,211.72,1877.14,R-009,False,none
C-00600,2024-04-01,149.2,7999.78,R-028,False,none
C-00601,2024-04-01,124.56,556.08,R-054,False,none
C-00602,2024-04-01,407.37,3136.03,R-018,False,none
C-00603,2024-04-01,666.35,490.26,R-059,False,none
C-00604,2024-04-01,47.87,1388.8,R-004,False,none
C-00605,2024-04-01,992.73,1009.64,R-020,False,none
C-00606,2024-04-01,61.33,546.73,R-022,False,none
C-00607,2024-04-01,234.1,1089.26,R-038,False,none
C-00608,2024-04-01,44.68,775.81,R-011,False,none
C-00609,2024-04-01,180.17,2272.79,R-014,False,none
C-00610,2024-04-01,52.26,2303.9,R-040,False,none
C-00611,2024-04-01,174.01,1523.03,R-018,False,none
C-00612,2024-04-01,432.17,1522.69,R-053,False,none
C-00613,2024-04-01,254.72,382.13,R-053,False,none
C-00614,2024-04-01,35.52,498.09,R-019,False,none
C-00615,2024-04-01,349.09,34.83,R-034,False,none
C-00616,2024-04-01,52.46,617.09,R-020,False,none
C-00617,2024-04-01,279.67,1130.79,R-021,False,none
C-00618,2024-04-01,462.04,2034.02,R-041,False,none
C-00619,2024-04-01,110.53,367.96,R-018,False,none
C-00620,2024-04-01,80.36,1178.17,R-009,False,none
C-00621,2024-04-01,365.0,411.99,R-016,False,none
C-00622,2024-04-01,832.73,635.09,R-056,False,none
C-00623,2024-04-01,9.25,2179.5,R-016,False,none
C-00624,2024-04-01,829.62,332.37,R-022,False,none
C-00625,2024-04-01,767.96,5050.46,R-038,False,none
C-00626,2024-04-01,142.34,1380.98,R-007,False,none
C-00627,2024-04-01,146.35,1723.91,R-017,False,none
C-00628,2024-04-01,1238.16,1096.68,R-011,False,none
C-00629,2024-04-01,57.37,114.87,R-056,False,none
C-00630,2024-04-01,52.84,278.38,R-056,False,none
C-00631,2024-04-01,135.2,3203.8,R-046,False,none
C-00632,2024-04-01,19.81,130.85,R-015,False,none
C-00633,2024-04-01,343.55,308.04,R-037,False,none
C-00634,2024-04-01,2961.22,106.1,R-040,False,none
C-00635,2024-04-01,3511.88,1120.86,R-053,False,none
C-00636,2024-04-01,316.14,449.87,R-010,False,none
C-00637,2024-04-01,18.16,419.93,R-045,False,none
C-00638,2024-04-01,688.16,170.81,R-012,False,none
C-00639,2024-04-01,1084.15,1739.66,R-035,False,none
C-00640,2024-04-01,191.32,49.31,R-053,False,none
C-00641,2024-04-01,169.94,317.77,R-004,False,none
C-00642,2024-04-01,1157.13,21.12,R-009,False,none
C-00643,2024-04-01,81.8,2711.14,R-049,False,none
C-00644,2024-04-01,305.21,1184.83,R-002,False,none
C-00645,2024-04-01,1496.08,3047.79,R-042,False,none
C-00646,2024-04-01,30.93,1323.85,R-031,False,none
C-00647,2024-04-01,155.04,1995.59,R-021,False,none
C-00648,2024-04-01,144.58,6241.34,R-052,False,none
C-00649,2024-04-01,412.16,6366.41,R-051,False,none
C-00650,2024-04-01,183.87,3410.64,R-020,False,none
C-00651,2024-04-01,195.64,185.51,R-001,False,none
C-00652,2024-04-01,489.77,1525.57,R-008,False,none
C-00653,2024-04-01,2180.74,4680.25,R-007,False,none
C-00654,2024-04-01,1043.39,554.58,R-059,False,none
C-00655,2024-04-01,253.59,210.14,R-036,False,none
C-00656,2024-04-01,206.23,510.52,R-041,False,none
C-00657,2024-04-01,8090.27,13.59,R-014,False,none
C-00658,2024-04-01,60.28,603.22,R-052,True,tamper
C-00659,2024-04-01,1546.36,655.19,R-044,False,none
C-00660,2024-04-01,237.56,4618.96,R-046,False,none
C-00661,2024-04-01,2509.57,928.32,R-029,False,none
C-00662,2024-04-01,1488.33,6159.51,R-042,False,none
C-00663,2024-04-01,289.74,1205.38,R-033,False,none
C-00664,2024-04-01,1346.52,193.58,R-024,False,none
C-00665,2024-04-01,348.03,98.73,R-036,False,none
C-00666,2024-04-01,276.68,747.31,R-020,False,none
C-00667,2024-04-01,243.79,2157.16,R-058,False,none
C-00668,2024-04-01,188.97,335.71,R-044,True,tamper
C-00669,2024-04-01,77.14,1659.64,R-045,False,none
C-00670,2024-04-01,4351.69,5879.28,R-044,False,none
C-00671,2024-04-01,571.62,3871.87,R-027,False,none
C-00672,2024-04-01,45.64,1948.95,R-058,False,none
C-00673,2024-04-01,106.29,199.06,R-013,False,none
C-00674,2024-04-01,215.08,93.31,R-035,True,tamper
C-00675,2024-04-01,105.88,229.1,R-005,False,none
C-00676,2024-04-01,29.66,630.04,R-018,False,none
C-00677,2024-04-01,34.96,1483.97,R-035,True,kunda
C-00678,2024-04-01,258.59,857.13,R-030,False,none
C-00679,2024-04-01,95.73,1190.75,R-057,False,none
C-00680,2024-04-01,383.3,1105.51,R-037,False,none
C-00681,2024-04-01,793.42,1737.13,R-025,False,none
C-00682,2024-04-01,159.34,835.66,R-026,False,none
C-00683,2024-04-01,237.22,574.16,R-037,False,none
C-00684,2024-04-01,795.45,5617.78,R-048,False,none
C-00685,2024-04-01,53.19,505.18,R-017,False,none
C-00686,2024-04-01,3600.91,364.66,R-036,False,none
C-00687,2024-04-01,264.39,1316.77,R-035,False,none
C-00688,2024-04-01,82.23,9.51,R-001,False,none
C-00689,2024-04-01,418.05,372.32,R-055,False,none
C-00690,2024-04-01,1696.34,285.12,R-035,False,none
C-00691,2024-04-01,362.33,1466.12,R-015,False,none
C-00692,2024-04-01,40.96,24.19,R-039,False,none
C-00693,2024-04-01,634.34,145.85,R-041,False,none
C-00694,2024-04-01,202.93,808.36,R-055,False,none
C-00695,2024-04-01,124.34,391.77,R-003,False,none
C-00696,2024-04-01,233.76,625.33,R-025,False,none
C-00697,2024-04-01,424.25,755.77,R-011,True,collusion
C-00698,2024-04-01,145.07,216.17,R-035,False,none
C-00699,2024-04-01,678.29,515.24,R-031,False,none
C-00700,2024-04-01,483.24,989.89,R-029,False,none
C-00701,2024-04-01,83.25,369.07,R-059,False,none
C-00702,2024-04-01,300.21,3598.06,R-032,False,none
C-00703,2024-04-01,19.19,153.57,R-025,True,kunda
C-00704,2024-04-01,264.38,1623.79,R-005,False,none
C-00705,2024-04-01,372.2,2304.74,R-018,False,none
C-00706,2024-04-01,212.95,2.48,R-054,False,none
C-00707,2024-04-01,18.84,789.58,R-028,False,none
C-00708,2024-04-01,74.1,709.36,R-055,False,none
C-00709,2024-04-01,632.36,576.56,R-032,False,none
C-00710,2024-04-01,68.35,2947.15,R-033,False,none
C-00711,2024-04-01,94.24,1903.76,R-026,False,none
C-00712,2024-04-01,596.78,43.4,R-034,False,none
C-00713,2024-04-01,141.92,421.95,R-005,False,none
C-00714,2024-04-01,363.38,608.12,R-004,False,none
C-00715,2024-04-01,8.07,5105.38,R-029,True,kunda
C-00716,2024-04-01,259.17,2049.73,R-036,False,none
C-00717,2024-04-01,247.35,1350.11,R-034,False,none
C-00718,2024-04-01,342.3,637.68,R-026,False,none
C-00719,2024-04-01,375.63,143.44,R-018,False,none
C-00720,2024-04-01,144.77,362.1,R-043,False,none
C-00721,2024-04-01,1031.82,1032.92,R-037,False,none
C-00722,2024-04-01,267.36,4152.35,R-003,False,none
C-00723,2024-04-01,209.63,1053.88,R-028,False,none
C-00724,2024-04-01,88.67,1627.88,R-043,False,none
C-00725,2024-04-01,276.11,3496.62,R-048,False,none
C-00726,2024-04-01,465.19,872.08,R-018,False,none
C-00727,2024-04-01,94.3,1485.62,R-056,False,none
C-00728,2024-04-01,7702.83,2343.52,R-040,False,none
C-00729,2024-04-01,402.63,2875.03,R-027,False,none
C-00730,2024-04-01,470.35,1845.96,R-038,False,none
C-00731,2024-04-01,486.21,351.17,R-053,False,none
C-00732,2024-04-01,153.68,1012.29,R-014,False,none
C-00733,2024-04-01,74.96,172.65,R-010,True,tamper
C-00734,2024-04-01,371.59,702.82,R-027,False,none
C-00735,2024-04-01,11.95,1757.62,R-006,False,none
C-00736,2024-04-01,211.76,732.65,R-051,False,none
C-00737,2024-04-01,472.57,529.18,R-059,False,none
C-00738,2024-04-01,346.41,817.22,R-037,False,none
C-00739,2024-04-01,596.46,53.74,R-059,False,none
C-00740,2024-04-01,393.31,4991.3,R-005,False,none
C-00741,2024-04-01,682.9,594.42,R-038,False,none
C-00742,2024-04-01,909.07,342.21,R-027,False,none
C-00743,2024-04-01,56.54,589.69,R-017,False,none
C-00744,2024-04-01,58.84,334.64,R-019,False,none
C-00745,2024-04-01,49.54,173.9,R-033,False,none
C-00746,2024-04-01,109.29,1575.25,R-039,False,none
C-00747,2024-04-01,3133.87,1704.4,R-010,False,none
C-00748,2024-04-01,191.01,611.74,R-037,False,none
C-00749,2024-04-01,938.0,85.28,R-056,False,none
C-00750,2024-04-01,108.94,3964.45,R-001,False,none
C-00751,2024-04-01,93.84,525.13,R-053,False,none
C-00752,2024-04-01,4318.81,1033.95,R-037,False,none
C-00753,2024-04-01,13.07,744.59,R-021,True,kunda
C-00754,2024-04-01,468.94,32.81,R-045,False,none
C-00755,2024-04-01,571.7,3284.51,R-038,False,none
C-00756,2024-04-01,62.35,325.58,R-047,False,none
C-00757,2024-04-01,296.31,804.0,R-005,False,none
C-00758,2024-04-01,110.81,655.15,R-004,False,none
C-00759,2024-04-01,135.34,1482.63,R-039,False,none
C-00760,2024-04-01,157.4,984.6,R-019,False,none
C-00761,2024-04-01,30.4,676.78,R-015,False,none
C-00762,2024-04-01,345.5,468.48,R-026,True,tamper
C-00763,2024-04-01,339.97,2750.32,R-044,False,none
C-00764,2024-04-01,464.85,153.39,R-011,False,none
C-00765,2024-04-01,689.61,6.19,R-059,False,none
C-00766,2024-04-01,653.66,124.24,R-026,False,none
C-00767,2024-04-01,478.05,1463.5,R-010,False,none
C-00768,2024-04-01,2138.52,994.38,R-005,False,none
C-00769,2024-04-01,286.02,17.33,R-052,False,none
C-00770,2024-04-01,130.54,531.34,R-007,False,none
C-00771,2024-04-01,239.75,3216.19,R-026,False,none
C-00772,2024-04-01,366.91,659.69,R-041,False,none
C-00773,2024-04-01,853.5,1882.7,R-031,False,none
C-00774,2024-04-01,304.62,2966.77,R-016,False,none
C-00775,2024-04-01,308.37,5170.74,R-007,False,none
C-00776,2024-04-01,124.9,365.01,R-043,False,none
C-00777,2024-04-01,256.23,458.25,R-030,False,none
C-00778,2024-04-01,509.97,542.2,R-003,False,none
C-00779,2024-04-01,197.1,1968.99,R-011,False,none
C-00780,2024-04-01,12.96,643.78,R-034,True,kunda
C-00781,2024-04-01,306.92,1162.68,R-011,False,none
C-00782,2024-04-01,134.64,6924.9,R-024,False,none
C-00783,2024-04-01,172.26,1376.29,R-008,False,none
C-00784,2024-04-01,21.08,187.55,R-048,False,none
C-00785,2024-04-01,350.4,87.44,R-038,False,none
C-00786,2024-04-01,396.91,1173.7,R-048,False,none
C-00787,2024-04-01,510.16,285.65,R-004,False,none
C-00788,2024-04-01,53.93,1807.84,R-023,False,none
C-00789,2024-04-01,466.78,2101.51,R-017,False,none
C-00790,2024-04-01,465.88,902.86,R-038,False,none
C-00791,2024-04-01,1039.24,954.53,R-050,False,none
C-00792,2024-04-01,243.59,751.07,R-014,False,none
C-00793,2024-04-01,794.68,2892.28,R-047,False,none
C-00794,2024-04-01,9.93,233.19,R-035,True,kunda
C-00795,2024-04-01,525.14,123.8,R-050,False,none
C-00796,2024-04-01,519.2,541.26,R-005,False,none
C-00797,2024-04-01,154.42,1703.56,R-060,False,none
C-00798,2024-04-01,75.27,299.52,R-027,False,none
C-00799,2024-04-01,454.11,416.94,R-017,False,none
C-00800,2024-04-01,70.46,431.86,R-011,False,none
C-00801,2024-04-01,345.57,338.29,R-060,True,collusion
C-00802,2024-04-01,122.13,916.34,R-054,False,none
C-00803,2024-04-01,140.56,318.54,R-008,True,tamper
C-00804,2024-04-01,613.71,657.35,R-027,False,none
C-00805,2024-04-01,258.18,501.94,R-045,False,none
C-00806,2024-04-01,730.04,4769.68,R-036,False,none
C-00807,2024-04-01,2623.91,1272.75,R-012,False,none
C-00808,2024-04-01,269.14,947.21,R-022,False,none
C-00809,2024-04-01,247.11,5551.08,R-023,False,none
C-00810,2024-04-01,701.2,848.27,R-018,False,none
C-00811,2024-04-01,1442.24,5311.56,R-058,False,none
C-00812,2024-04-01,139.47,594.26,R-013,True,tamper
C-00813,2024-04-01,402.58,6233.04,R-043,False,none
C-00814,2024-04-01,685.19,955.34,R-055,False,none
C-00815,2024-04-01,399.86,213.99,R-048,False,none
C-00816,2024-04-01,37.6,2679.89,R-048,False,none
C-00817,2024-04-01,171.75,1647.65,R-010,False,none
C-00818,2024-04-01,16.38,225.43,R-008,False,none
C-00819,2024-04-01,35.64,348.51,R-047,False,none
C-00820,2024-04-01,435.78,1649.28,R-045,False,none
C-00821,2024-04-01,41.89,1356.22,R-045,False,none
C-00822,2024-04-01,310.34,2827.16,R-026,True,tamper
C-00823,2024-04-01,359.24,2093.47,R-032,False,none
C-00824,2024-04-01,178.88,1664.05,R-001,False,none
C-00825,2024-04-01,520.09,646.02,R-018,False,none
C-00826,2024-04-01,441.79,447.89,R-032,False,none
C-00827,2024-04-01,103.04,910.77,R-008,False,none
C-00828,2024-04-01,769.73,2787.42,R-008,False,none
C-00829,2024-04-01,3453.01,2409.82,R-003,False,none
C-00830,2024-04-01,321.39,484.07,R-013,False,none
C-00831,2024-04-01,315.8,898.68,R-060,False,none
C-00832,2024-04-01,250.34,4985.95,R-042,False,none
C-00833,2024-04-01,812.81,4617.12,R-057,False,none
C-00834,2024-04-01,508.58,2120.26,R-016,False,none
C-00835,2024-04-01,21.48,1333.32,R-036,True,kunda
C-00836,2024-04-01,201.7,828.11,R-054,False,none
C-00837,2024-04-01,33.47,338.17,R-022,False,none
C-00838,2024-04-01,237.1,1368.37,R-040,False,none
C-00839,2024-04-01,364.36,97.15,R-042,False,none
C-00840,2024-04-01,470.96,3238.97,R-050,False,none
C-00841,2024-04-01,393.69,3737.31,R-059,False,none
C-00842,2024-04-01,231.11,1039.17,R-037,True,tamper
C-00843,2024-04-01,1716.47,2578.46,R-035,False,none
C-00844,2024-04-01,354.1,1081.0,R-053,False,none
C-00845,2024-04-01,1105.56,3950.78,R-042,False,none
C-00846,2024-04-01,10.36,3719.25,R-022,False,none
C-00847,2024-04-01,18.51,251.1,R-038,False,none
C-00848,2024-04-01,411.43,2130.95,R-033,False,none
C-00849,2024-04-01,216.1,723.22,R-014,False,none
C-00850,2024-04-01,239.31,1325.92,R-031,False,none
C-00851,2024-04-01,910.45,1496.05,R-038,False,none
C-00852,2024-04-01,117.29,107.03,R-055,False,none
C-00853,2024-04-01,616.81,1028.31,R-035,False,none
C-00854,2024-04-01,2443.14,662.0,R-010,False,none
C-00855,2024-04-01,44.17,4077.57,R-060,False,none
C-00856,2024-04-01,356.89,1019.65,R-035,False,none
C-00857,2024-04-01,1586.68,1466.68,R-018,False,none
C-00858,2024-04-01,293.29,1279.97,R-046,False,none
C-00859,2024-04-01,26.07,3261.95,R-024,False,none
C-00860,2024-04-01,147.55,618.06,R-023,False,none
C-00861,2024-04-01,61.5,2701.64,R-051,False,none
C-00862,2024-04-01,320.16,1207.35,R-053,False,none
C-00863,2024-04-01,117.81,2578.0,R-032,False,none
C-00864,2024-04-01,12.97,1071.12,R-023,True,kunda
C-00865,2024-04-01,833.75,1057.55,R-052,False,none
C-00866,2024-04-01,278.0,2918.7,R-011,False,none
C-00867,2024-04-01,125.65,2084.13,R-045,False,none
C-00868,2024-04-01,59.88,125.71,R-036,False,none
C-00869,2024-04-01,3575.21,37.3,R-052,False,none
C-00870,2024-04-01,164.84,335.3,R-026,False,none
C-00871,2024-04-01,113.57,1363.33,R-050,False,none
C-00872,2024-04-01,282.0,2604.2,R-001,False,none
C-00873,2024-04-01,522.93,408.97,R-046,False,none
C-00874,2024-04-01,394.81,627.14,R-005,False,none
C-00875,2024-04-01,23.83,67.66,R-039,False,none
C-00876,2024-04-01,251.99,2058.86,R-012,False,none
C-00877,2024-04-01,57.26,534.83,R-058,False,none
C-00878,2024-04-01,163.62,1855.66,R-047,False,none
C-00879,2024-04-01,421.11,2216.19,R-007,False,none
C-00880,2024-04-01,237.43,916.08,R-054,False,none
C-00881,2024-04-01,50.29,3874.16,R-016,False,none
C-00882,2024-04-01,711.27,919.99,R-033,True,collusion
C-00883,2024-04-01,170.77,250.69,R-006,False,none
C-00884,2024-04-01,89.03,99.18,R-007,False,none
C-00885,2024-04-01,7608.66,3096.77,R-015,False,none
C-00886,2024-04-01,612.77,315.53,R-033,False,none
C-00887,2024-04-01,390.41,810.44,R-033,False,none
C-00888,2024-04-01,320.43,2497.34,R-052,False,none
C-00889,2024-04-01,523.0,816.39,R-010,False,none
C-00890,2024-04-01,240.15,494.08,R-045,False,none
C-00891,2024-04-01,301.58,2451.22,R-001,False,none
C-00892,2024-04-01,138.64,6087.31,R-018,False,none
C-00893,2024-04-01,223.32,781.23,R-011,False,none
C-00894,2024-04-01,37.93,1392.41,R-008,False,none
C-00895,2024-04-01,134.66,2148.95,R-036,False,none
C-00896,2024-04-01,77.93,1488.97,R-055,False,none
C-00897,2024-04-01,458.42,1394.28,R-041,False,none
C-00898,2024-04-01,83.16,321.88,R-052,False,none
C-00899,2024-04-01,1421.82,8.41,R-036,False,none
C-00900,2024-04-01,665.68,1241.35,R-004,False,none
C-00901,2024-04-01,66.39,2194.67,R-021,False,none
C-00902,2024-04-01,365.09,408.92,R-050,False,none
C-00903,2024-04-01,414.87,531.75,R-003,False,none
C-00904,2024-04-01,206.82,1167.12,R-006,False,none
C-00905,2024-04-01,667.96,568.4,R-051,False,none
C-00906,2024-04-01,249.93,1624.92,R-004,False,none
C-00907,2024-04-01,85.53,81.08,R-058,False,none
C-00908,2024-04-01,378.3,497.0,R-046,False,none
C-00909,2024-04-01,573.39,1255.66,R-040,False,none
C-00910,2024-04-01,303.66,2096.92,R-033,False,none
C-00911,2024-04-01,775.01,3220.63,R-006,False,none
C-00912,2024-04-01,355.69,797.22,R-025,False,none
C-00913,2024-04-01,194.49,2983.44,R-049,False,none
C-00914,2024-04-01,367.62,880.66,R-055,False,none
C-00915,2024-04-01,791.6,6010.13,R-027,False,none
C-00916,2024-04-01,1223.44,1816.21,R-051,True,tamper
C-00917,2024-04-01,727.32,1938.02,R-047,False,none
C-00918,2024-04-01,189.18,451.14,R-004,False,none
C-00919,2024-04-01,65.67,2855.09,R-038,True,tamper
C-00920,2024-04-01,1535.11,6247.7,R-037,False,none
C-00921,2024-04-01,841.13,1315.84,R-033,False,none
C-00922,2024-04-01,555.12,887.07,R-047,False,none
C-00923,2024-04-01,280.15,125.34,R-054,False,none
C-00924,2024-04-01,57.19,1242.95,R-034,True,kunda
C-00925,2024-04-01,596.84,777.86,R-020,False,none
C-00926,2024-04-01,95.45,3371.68,R-059,False,none
C-00927,2024-04-01,352.63,1686.08,R-058,False,none
C-00928,2024-04-01,291.51,1300.46,R-042,False,none
C-00929,2024-04-01,163.64,2167.07,R-039,True,tamper
C-00930,2024-04-01,387.27,1494.39,R-007,False,none
C-00931,2024-04-01,225.6,84.06,R-025,False,none
C-00932,2024-04-01,537.73,530.44,R-012,False,none
C-00933,2024-04-01,197.49,489.31,R-031,False,none
C-00934,2024-04-01,8.95,3233.98,R-050,True,kunda
C-00935,2024-04-01,80.1,1997.42,R-014,False,none
C-00936,2024-04-01,113.66,3744.39,R-060,False,none
C-00937,2024-04-01,237.67,1205.52,R-008,False,none
C-00938,2024-04-01,447.94,1647.88,R-006,False,none
C-00939,2024-04-01,59.19,148.12,R-059,False,none
C-00940,2024-04-01,262.93,2760.55,R-007,False,none
C-00941,2024-04-01,123.17,1866.08,R-045,False,none
C-00942,2024-04-01,270.35,5068.45,R-046,False,none
C-00943,2024-04-01,335.65,383.38,R-020,False,none
C-00944,2024-04-01,553.41,1968.67,R-004,False,none
C-00945,2024-04-01,453.68,1376.86,R-019,False,none
C-00946,2024-04-01,226.94,2008.18,R-005,False,none
C-00947,2024-04-01,334.4,772.45,R-041,True,collusion
C-00948,2024-04-01,14.24,201.92,R-054,True,kunda
C-00949,2024-04-01,2579.23,445.87,R-060,False,none
C-00950,2024-04-01,298.39,3463.2,R-049,False,none
C-00951,2024-04-01,862.61,3996.55,R-047,True,tamper
C-00952,2024-04-01,12654.18,327.29,R-053,False,none
C-00953,2024-04-01,49.74,2793.23,R-047,False,none
C-00954,2024-04-01,404.59,800.77,R-040,False,none
C-00955,2024-04-01,505.85,381.31,R-060,False,none
C-00956,2024-04-01,3612.42,3414.78,R-020,False,none
C-00957,2024-04-01,71.69,1960.86,R-025,False,none
C-00958,2024-04-01,138.93,2398.52,R-055,False,none
C-00959,2024-04-01,250.75,776.94,R-019,True,tamper
C-00960,2024-04-01,175.67,1793.98,R-018,False,none
C-00961,2024-04-01,245.23,845.12,R-010,False,none
C-00962,2024-04-01,124.96,4648.14,R-017,False,none
C-00963,2024-04-01,4348.62,1302.13,R-036,False,none
C-00964,2024-04-01,673.35,150.09,R-054,False,none
C-00965,2024-04-01,28.13,125.08,R-009,False,none
C-00966,2024-04-01,944.81,204.73,R-041,False,none
C-00967,2024-04-01,296.01,1707.71,R-046,False,none
C-00968,2024-04-01,22.32,613.86,R-054,False,none
C-00969,2024-04-01,188.89,864.26,R-046,False,none
C-00970,2024-04-01,755.71,1451.93,R-010,False,none
C-00971,2024-04-01,155.61,981.92,R-030,True,tamper
C-00972,2024-04-01,887.93,2401.32,R-058,False,none
C-00973,2024-04-01,107.76,3431.0,R-055,False,none
C-00974,2024-04-01,305.08,3271.37,R-037,True,tamper
C-00975,2024-04-01,128.85,2731.12,R-058,False,none
C-00976,2024-04-01,76.62,1951.64,R-041,False,none
C-00977,2024-04-01,269.1,2977.06,R-004,True,collusion
C-00978,2024-04-01,88.4,1087.62,R-055,False,none
C-00979,2024-04-01,212.45,934.78,R-011,True,collusion
C-00980,2024-04-01,32.65,1955.84,R-023,True,kunda
C-00981,2024-04-01,865.69,5021.68,R-015,False,none
C-00982,2024-04-01,71.65,2547.41,R-044,False,none
C-00983,2024-04-01,321.26,2461.99,R-002,False,none
C-00984,2024-04-01,100.45,1217.5,R-039,False,none
C-00985,2024-04-01,374.83,827.45,R-052,False,none
C-00986,2024-04-01,116.14,573.04,R-048,False,none
C-00987,2024-04-01,130.59,145.81,R-019,True,kunda
C-00988,2024-04-01,36.43,598.43,R-054,False,none
C-00989,2024-04-01,111.87,167.74,R-022,False,none
C-00990,2024-04-01,20.57,152.38,R-041,False,none
C-00991,2024-04-01,85.11,356.2,R-031,False,none
C-00992,2024-04-01,322.17,1802.82,R-005,False,none
C-00993,2024-04-01,489.92,3003.19,R-001,False,none
C-00994,2024-04-01,3499.68,5765.73,R-011,False,none
C-00995,2024-04-01,110.86,82.35,R-057,False,none
C-00996,2024-04-01,238.66,1257.16,R-058,False,none
C-00997,2024-04-01,124.46,331.22,R-025,True,tamper
C-00998,2024-04-01,387.24,1619.69,R-059,False,none
C-00999,2024-04-01,425.53,802.28,R-003,True,tamper
C-01000,2024-04-01,254.26,2964.06,R-059,False,none
C-01001,2024-04-01,574.69,100.18,R-014,False,none
C-01002,2024-04-01,842.63,4303.59,R-003,False,none
C-01003,2024-04-01,716.25,2935.51,R-046,False,none
C-01004,2024-04-01,1259.45,1542.7,R-023,False,none
C-01005,2024-04-01,114.83,186.16,R-018,False,none
C-01006,2024-04-01,663.23,2986.31,R-046,False,none
C-01007,2024-04-01,139.93,807.79,R-020,False,none
C-01008,2024-04-01,809.84,1503.68,R-046,False,none
C-01009,2024-04-01,168.84,3417.16,R-012,False,none
C-01010,2024-04-01,331.78,3843.77,R-006,False,none
C-01011,2024-04-01,20.53,426.92,R-020,False,none
C-01012,2024-04-01,869.35,4259.23,R-037,False,none
C-01013,2024-04-01,51.16,857.15,R-014,False,none
C-01014,2024-04-01,326.82,112.95,R-009,False,none
C-01015,2024-04-01,101.04,512.21,R-045,False,none
C-01016,2024-04-01,125.84,4695.81,R-030,False,none
C-01017,2024-04-01,2351.25,491.34,R-026,False,none
C-01018,2024-04-01,67.71,1449.44,R-015,False,none
C-01019,2024-04-01,188.45,866.79,R-002,False,none
C-01020,2024-04-01,394.06,3184.32,R-004,False,none
C-01021,2024-04-01,480.11,1026.23,R-041,False,none
C-01022,2024-04-01,801.14,940.71,R-005,False,none
C-01023,2024-04-01,405.46,3727.57,R-015,False,none
C-01024,2024-04-01,2785.19,2593.94,R-055,False,none
C-01025,2024-04-01,98.55,240.87,R-021,False,none
C-01026,2024-04-01,524.37,1971.49,R-045,False,none
C-01027,2024-04-01,280.95,781.45,R-021,False,none
C-01028,2024-04-01,469.53,168.2,R-056,False,none
C-01029,2024-04-01,408.44,927.06,R-050,False,none
C-01030,2024-04-01,84.97,1134.18,R-029,False,none
C-01031,2024-04-01,86.81,619.25,R-042,False,none
C-01032,2024-04-01,34.59,118.18,R-025,False,none
C-01033,2024-04-01,59.8,1208.7,R-057,False,none
C-01034,2024-04-01,15.25,899.63,R-022,False,none
C-01035,2024-04-01,28.95,181.29,R-051,False,none
C-01036,2024-04-01,169.4,1372.82,R-037,True,kunda
C-01037,2024-04-01,43.4,3489.12,R-039,False,none
C-01038,2024-04-01,297.94,4104.69,R-022,False,none
C-01039,2024-04-01,297.52,290.28,R-050,False,none
C-01040,2024-04-01,219.99,1175.4,R-045,False,none
C-01041,2024-04-01,260.8,275.98,R-049,False,none
C-01042,2024-04-01,148.09,2534.53,R-049,False,none
C-01043,2024-04-01,57.39,5.41,R-010,False,none
C-01044,2024-04-01,39.38,958.58,R-053,False,none
C-01045,2024-04-01,772.25,416.31,R-051,False,none
C-01046,2024-04-01,630.89,758.26,R-015,False,none
C-01047,2024-04-01,224.41,1912.85,R-059,False,none
C-01048,2024-04-01,199.12,123.7,R-032,False,none
C-01049,2024-04-01,167.55,531.81,R-020,False,none
C-01050,2024-04-01,106.16,1397.08,R-014,False,none
C-01051,2024-04-01,287.85,236.33,R-022,False,none
C-01052,2024-04-01,66.24,2712.15,R-003,False,none
C-01053,2024-04-01,342.45,1398.16,R-042,False,none
C-01054,2024-04-01,966.04,382.65,R-043,False,none
C-01055,2024-04-01,54.75,214.26,R-041,False,none
C-01056,2024-04-01,106.9,691.23,R-033,False,none
C-01057,2024-04-01,73.25,1096.02,R-022,False,none
C-01058,2024-04-01,11.04,398.08,R-044,False,none
C-01059,2024-04-01,359.04,725.3,R-053,False,none
C-01060,2024-04-01,148.0,4663.14,R-006,False,none
C-01061,2024-04-01,66.77,98.23,R-023,False,none
C-01062,2024-04-01,119.25,294.49,R-060,False,none
C-01063,2024-04-01,424.66,605.81,R-052,False,none
C-01064,2024-04-01,52.06,525.83,R-060,False,none
C-01065,2024-04-01,645.57,387.83,R-011,False,none
C-01066,2024-04-01,42.63,444.27,R-028,True,tamper
C-01067,2024-04-01,442.4,3051.29,R-008,False,none
C-01068,2024-04-01,103.75,2418.02,R-052,False,none
C-01069,2024-04-01,110.03,558.25,R-032,False,none
C-01070,2024-04-01,204.82,861.63,R-015,False,none
C-01071,2024-04-01,385.58,1931.56,R-006,False,none
C-01072,2024-04-01,52.38,399.84,R-045,False,none
C-01073,2024-04-01,444.05,580.16,R-049,False,none
C-01074,2024-04-01,400.82,1122.71,R-053,False,none
C-01075,2024-04-01,428.27,234.41,R-059,False,none
C-01076,2024-04-01,652.92,395.43,R-049,False,none
C-01077,2024-04-01,39.08,1587.71,R-048,False,none
C-01078,2024-04-01,458.54,971.81,R-049,False,none
C-01079,2024-04-01,279.15,761.57,R-060,False,none
C-01080,2024-04-01,64.16,2431.03,R-028,True,tamper
C-01081,2024-04-01,1013.02,673.79,R-046,False,none
C-01082,2024-04-01,1912.29,1198.4,R-050,False,none
C-01083,2024-04-01,72.55,4497.35,R-007,False,none
C-01084,2024-04-01,35.56,1324.71,R-042,False,none
C-01085,2024-04-01,542.28,674.51,R-021,False,none
C-01086,2024-04-01,208.95,176.09,R-008,False,none
C-01087,2024-04-01,249.16,837.25,R-011,False,none
C-01088,2024-04-01,404.16,447.53,R-007,False,none
C-01089,2024-04-01,39.75,894.03,R-054,False,none
C-01090,2024-04-01,133.38,417.17,R-047,True,tamper
C-01091,2024-04-01,203.36,50.74,R-007,False,none
C-01092,2024-04-01,141.54,253.0,R-038,False,none
C-01093,2024-04-01,139.54,23.42,R-040,False,none
C-01094,2024-04-01,474.52,153.98,R-032,False,none
C-01095,2024-04-01,439.39,818.48,R-037,False,none
C-01096,2024-04-01,612.54,4176.86,R-055,False,none
C-01097,2024-04-01,411.17,1586.81,R-032,False,none
C-01098,2024-04-01,508.04,110.55,R-040,False,none
C-01099,2024-04-01,54.97,598.85,R-035,False,none
C-01100,2024-04-01,70.45,3329.78,R-024,False,none
C-01101,2024-04-01,70.15,450.68,R-054,False,none
C-01102,2024-04-01,369.4,874.01,R-025,False,none
C-01103,2024-04-01,74.07,2723.5,R-048,False,none
C-01104,2024-04-01,120.67,846.02,R-037,False,none
C-01105,2024-04-01,1215.28,109.94,R-042,False,none
C-01106,2024-04-01,1271.02,602.83,R-046,False,none
C-01107,2024-04-01,264.87,3825.04,R-045,False,none
C-01108,2024-04-01,455.15,9599.54,R-034,False,none
C-01109,2024-04-01,329.24,7765.96,R-037,False,none
C-01110,2024-04-01,85.32,969.93,R-031,False,none
C-01111,2024-04-01,225.37,804.31,R-021,False,none
C-01112,2024-04-01,4319.85,1569.28,R-044,False,none
C-01113,2024-04-01,5367.55,1108.48,R-053,False,none
C-01114,2024-04-01,298.68,2757.43,R-043,False,none
C-01115,2024-04-01,333.99,145.6,R-047,False,none
C-01116,2024-04-01,1524.83,832.35,R-050,False,none
C-01117,2024-04-01,1001.91,793.2,R-023,False,none
C-01118,2024-04-01,216.73,11.46,R-004,False,none
C-01119,2024-04-01,33.8,195.12,R-021,False,none
C-01120,2024-04-01,875.05,3116.59,R-046,False,none
C-01121,2024-04-01,461.65,823.42,R-049,False,none
C-01122,2024-04-01,29.31,67.1,R-031,False,none
C-01123,2024-04-01,5470.61,2496.81,R-047,False,none
C-01124,2024-04-01,2054.8,2072.63,R-005,False,none
C-01125,2024-04-01,1070.94,2445.09,R-039,False,none
C-01126,2024-04-01,449.99,714.77,R-041,False,none
C-01127,2024-04-01,72.75,568.34,R-031,False,none
C-01128,2024-04-01,327.55,1357.66,R-043,False,none
C-01129,2024-04-01,192.13,174.63,R-030,False,none
C-01130,2024-04-01,565.66,185.81,R-032,False,none
C-01131,2024-04-01,151.95,881.16,R-037,False,none
C-01132,2024-04-01,280.53,2019.72,R-048,False,none
C-01133,2024-04-01,188.42,648.15,R-015,False,none
C-01134,2024-04-01,465.36,5389.99,R-019,False,none
C-01135,2024-04-01,149.73,1520.41,R-026,False,none
C-01136,2024-04-01,445.34,5870.44,R-013,False,none
C-01137,2024-04-01,123.95,1277.04,R-021,False,none
C-01138,2024-04-01,139.79,1537.76,R-022,False,none
C-01139,2024-04-01,1274.41,1780.42,R-019,False,none
C-01140,2024-04-01,17.58,12179.55,R-025,False,none
C-01141,2024-04-01,117.89,481.43,R-031,False,none
C-01142,2024-04-01,514.64,668.07,R-042,False,none
C-01143,2024-04-01,492.6,414.65,R-019,False,none
C-01144,2024-04-01,15.77,842.14,R-051,False,none
C-01145,2024-04-01,526.98,3862.86,R-029,False,none
C-01146,2024-04-01,498.3,917.44,R-044,False,none
C-01147,2024-04-01,175.15,434.64,R-007,False,none
C-01148,2024-04-01,191.53,396.04,R-011,False,none
C-01149,2024-04-01,395.9,5508.98,R-028,False,none
C-01150,2024-04-01,336.59,355.1,R-022,False,none
C-01151,2024-04-01,38.12,49.39,R-030,False,none
C-01152,2024-04-01,435.07,1299.47,R-010,False,none
C-01153,2024-04-01,651.78,54.38,R-029,False,none
C-01154,2024-04-01,517.72,641.69,R-042,False,none
C-01155,2024-04-01,509.8,1924.47,R-044,False,none
C-01156,2024-04-01,622.82,834.77,R-015,False,none
C-01157,2024-04-01,511.7,339.38,R-021,False,none
C-01158,2024-04-01,196.31,451.63,R-032,False,none
C-01159,2024-04-01,706.55,840.89,R-032,False,none
C-01160,2024-04-01,144.0,161.94,R-048,False,none
C-01161,2024-04-01,243.21,378.05,R-024,False,none
C-01162,2024-04-01,110.57,1433.69,R-041,False,none
C-01163,2024-04-01,971.93,211.01,R-054,False,none
C-01164,2024-04-01,127.84,3593.81,R-018,False,none
C-01165,2024-04-01,142.93,34.54,R-050,False,none
C-01166,2024-04-01,15.82,48.42,R-020,True,kunda
C-01167,2024-04-01,364.28,907.59,R-021,False,none
C-01168,2024-04-01,81.92,3541.87,R-040,False,none
C-01169,2024-04-01,137.82,366.36,R-038,False,none
C-01170,2024-04-01,1712.61,243.03,R-033,False,none
C-01171,2024-04-01,787.45,295.29,R-014,False,none
C-01172,2024-04-01,215.54,4491.09,R-006,False,none
C-01173,2024-04-01,606.58,55.77,R-055,False,none
C-01174,2024-04-01,165.31,2425.83,R-053,False,none
C-01175,2024-04-01,84.78,3927.22,R-054,False,none
C-01176,2024-04-01,33.72,959.79,R-031,False,none
C-01177,2024-04-01,32.51,441.99,R-054,False,none
C-01178,2024-04-01,746.03,1524.31,R-029,False,none
C-01179,2024-04-01,409.79,199.35,R-005,False,none
C-01180,2024-04-01,367.21,937.04,R-012,False,none
C-01181,2024-04-01,328.63,426.5,R-017,False,none
C-01182,2024-04-01,408.85,264.99,R-023,False,none
C-01183,2024-04-01,450.37,2347.18,R-057,False,none
C-01184,2024-04-01,300.72,2247.26,R-020,True,tamper
C-01185,2024-04-01,11.07,566.52,R-037,False,none
C-01186,2024-04-01,266.17,1164.42,R-017,False,none
C-01187,2024-04-01,354.1,1249.6,R-039,False,none
C-01188,2024-04-01,217.26,16.58,R-035,False,none
C-01189,2024-04-01,11.43,1057.37,R-010,False,none
C-01190,2024-04-01,540.71,3750.63,R-028,False,none
C-01191,2024-04-01,155.19,1110.44,R-007,False,none
C-01192,2024-04-01,234.91,1956.56,R-054,False,none
C-01193,2024-04-01,157.98,2249.72,R-043,False,none
C-01194,2024-04-01,262.31,271.32,R-057,False,none
C-01195,2024-04-01,930.5,333.16,R-053,False,none
C-01196,2024-04-01,1909.78,246.79,R-014,False,none
C-01197,2024-04-01,56.67,3122.26,R-043,False,none
C-01198,2024-04-01,1274.7,232.35,R-007,False,none
C-01199,2024-04-01,321.69,855.27,R-058,False,none
C-01200,2024-04-01,1858.99,3122.27,R-048,False,none
C-01201,2024-04-01,8650.06,678.04,R-041,False,none
C-01202,2024-04-01,284.92,444.82,R-060,False,none
C-01203,2024-04-01,12.27,1081.92,R-051,False,none
C-01204,2024-04-01,1160.11,1161.05,R-052,False,none
C-01205,2024-04-01,2187.0,2064.11,R-007,False,none
C-01206,2024-04-01,5606.46,880.62,R-002,False,none
C-01207,2024-04-01,635.07,54.5,R-058,False,none
C-01208,2024-04-01,78.94,1995.2,R-016,False,none
C-01209,2024-04-01,107.47,24.18,R-026,False,none
C-01210,2024-04-01,331.55,3057.24,R-003,False,none
C-01211,2024-04-01,11.13,1516.33,R-038,True,kunda
C-01212,2024-04-01,776.34,135.7,R-050,False,none
C-01213,2024-04-01,59.07,1095.46,R-051,False,none
C-01214,2024-04-01,233.61,1869.77,R-035,False,none
C-01215,2024-04-01,504.7,212.05,R-040,False,none
C-01216,2024-04-01,119.84,529.86,R-031,False,none
C-01217,2024-04-01,217.57,1057.78,R-027,False,none
C-01218,2024-04-01,445.41,911.33,R-034,False,none
C-01219,2024-04-01,181.79,1426.46,R-057,False,none
C-01220,2024-04-01,62.45,206.8,R-016,False,none
C-01221,2024-04-01,102.95,3813.1,R-029,False,none
C-01222,2024-04-01,1367.76,1653.2,R-037,False,none
C-01223,2024-04-01,360.94,505.87,R-035,False,none
C-01224,2024-04-01,37.02,780.36,R-002,False,none
C-01225,2024-04-01,175.92,233.11,R-018,False,none
C-01226,2024-04-01,68.92,1018.92,R-039,False,none
C-01227,2024-04-01,246.69,1091.79,R-042,False,none
C-01228,2024-04-01,1194.32,3293.08,R-045,False,none
C-01229,2024-04-01,204.74,1310.39,R-060,False,none
C-01230,2024-04-01,270.17,1550.3,R-041,False,none
C-01231,2024-04-01,939.96,1966.84,R-035,False,none
C-01232,2024-04-01,180.87,2405.71,R-020,False,none
C-01233,2024-04-01,224.79,2187.45,R-023,False,none
C-01234,2024-04-01,274.86,428.34,R-050,False,none
C-01235,2024-04-01,713.51,735.59,R-029,False,none
C-01236,2024-04-01,1274.89,147.59,R-043,False,none
C-01237,2024-04-01,550.62,345.45,R-008,False,none
C-01238,2024-04-01,355.53,1613.08,R-008,False,none
C-01239,2024-04-01,4322.38,1423.73,R-013,False,none
C-01240,2024-04-01,328.09,70.26,R-012,False,none
C-01241,2024-04-01,435.64,1001.41,R-037,False,none
C-01242,2024-04-01,74.57,553.26,R-039,False,none
C-01243,2024-04-01,398.32,372.05,R-034,False,none
C-01244,2024-04-01,16.19,1126.35,R-018,True,kunda
C-01245,2024-04-01,111.71,181.62,R-035,False,none
C-01246,2024-04-01,650.69,2646.84,R-008,False,none
C-01247,2024-04-01,379.83,360.18,R-029,False,none
C-01248,2024-04-01,56.32,1466.59,R-010,False,none
C-01249,2024-04-01,486.31,211.62,R-005,False,none
C-01250,2024-04-01,283.24,210.56,R-010,False,none
C-01251,2024-04-01,1153.06,2450.34,R-007,False,none
C-01252,2024-04-01,249.24,564.18,R-029,False,none
C-01253,2024-04-01,1548.91,234.41,R-033,False,none
C-01254,2024-04-01,178.57,135.98,R-037,True,tamper
C-01255,2024-04-01,373.52,1433.27,R-027,False,none
C-01256,2024-04-01,176.71,2728.61,R-011,False,none
C-01257,2024-04-01,307.96,2544.48,R-002,False,none
C-01258,2024-04-01,83.75,123.47,R-043,True,tamper
C-01259,2024-04-01,380.8,140.86,R-059,False,none
C-01260,2024-04-01,76.51,526.63,R-017,False,none
C-01261,2024-04-01,1038.52,3518.66,R-013,False,none
C-01262,2024-04-01,713.3,183.74,R-019,False,none
C-01263,2024-04-01,378.69,398.28,R-013,False,none
C-01264,2024-04-01,138.35,92.51,R-014,False,none
C-01265,2024-04-01,288.2,1570.22,R-030,False,none
C-01266,2024-04-01,266.42,249.13,R-048,False,none
C-01267,2024-04-01,534.43,855.62,R-043,False,none
C-01268,2024-04-01,173.95,8.31,R-058,False,none
C-01269,2024-04-01,349.31,1836.59,R-022,False,none
C-01270,2024-04-01,671.65,2438.78,R-030,False,none
C-01271,2024-04-01,428.88,2712.01,R-023,False,none
C-01272,2024-04-01,726.25,277.06,R-003,False,none
C-01273,2024-04-01,18.94,1350.13,R-024,False,none
C-01274,2024-04-01,49.3,198.07,R-016,False,none
C-01275,2024-04-01,413.91,2909.31,R-029,False,none
C-01276,2024-04-01,352.46,1203.73,R-010,False,none
C-01277,2024-04-01,477.81,3265.03,R-045,False,none
C-01278,2024-04-01,130.1,2281.03,R-051,False,none
C-01279,2024-04-01,682.56,1526.08,R-058,False,none
C-01280,2024-04-01,561.5,2455.31,R-006,False,none
C-01281,2024-04-01,2.99,164.56,R-008,True,kunda
C-01282,2024-04-01,20.99,529.97,R-058,False,none
C-01283,2024-04-01,109.87,763.46,R-051,False,none
C-01284,2024-04-01,57.05,1298.58,R-036,False,none
C-01285,2024-04-01,180.65,18.77,R-020,True,tamper
C-01286,2024-04-01,870.35,941.01,R-032,False,none
C-01287,2024-04-01,707.97,2513.4,R-033,False,none
C-01288,2024-04-01,68.96,1104.8,R-051,False,none
C-01289,2024-04-01,280.99,3105.96,R-032,False,none
C-01290,2024-04-01,63.42,358.13,R-002,False,none
C-01291,2024-04-01,12.93,611.97,R-042,True,kunda
C-01292,2024-04-01,225.94,2449.34,R-047,False,none
C-01293,2024-04-01,482.75,386.39,R-018,False,none
C-01294,2024-04-01,133.47,1085.08,R-007,False,none
C-01295,2024-04-01,3855.45,2822.12,R-009,False,none
C-01296,2024-04-01,324.59,2006.23,R-051,False,none
C-01297,2024-04-01,267.61,1016.65,R-027,False,none
C-01298,2024-04-01,199.5,81.0,R-032,False,none
C-01299,2024-04-01,156.13,7939.24,R-058,False,none
C-01300,2024-04-01,283.74,594.48,R-004,True,collusion
C-01301,2024-04-01,6538.07,1096.03,R-013,False,none
C-01302,2024-04-01,432.33,29.07,R-050,False,none
C-01303,2024-04-01,107.03,471.74,R-033,True,collusion
C-01304,2024-04-01,1306.07,522.29,R-002,False,none
C-01305,2024-04-01,124.95,3077.04,R-043,False,none
C-01306,2024-04-01,440.01,63.69,R-009,False,none
C-01307,2024-04-01,799.92,2866.8,R-047,False,none
C-01308,2024-04-01,808.78,2759.01,R-048,False,none
C-01309,2024-04-01,83.79,1077.96,R-050,False,none
C-01310,2024-04-01,190.0,53.2,R-028,False,none
C-01311,2024-04-01,1392.85,319.88,R-017,False,none
C-01312,2024-04-01,259.42,1918.06,R-053,False,none
C-01313,2024-04-01,294.81,1255.4,R-034,False,none
C-01314,2024-04-01,179.66,996.92,R-039,False,none
C-01315,2024-04-01,264.72,3767.4,R-009,False,none
C-01316,2024-04-01,124.12,3185.0,R-038,False,none
C-01317,2024-04-01,361.28,1258.74,R-035,False,none
C-01318,2024-04-01,3113.44,1595.21,R-018,True,tamper
C-01319,2024-04-01,756.32,1216.62,R-047,False,none
C-01320,2024-04-01,317.54,448.22,R-009,False,none
C-01321,2024-04-01,214.67,929.41,R-044,False,none
C-01322,2024-04-01,7.24,655.84,R-058,False,none
C-01323,2024-04-01,248.24,6550.88,R-035,False,none
C-01324,2024-04-01,1597.91,3335.39,R-007,False,none
C-01325,2024-04-01,352.26,637.32,R-034,False,none
C-01326,2024-04-01,317.19,1103.87,R-032,False,none
C-01327,2024-04-01,4105.3,577.42,R-034,False,none
C-01328,2024-04-01,165.23,3269.18,R-017,False,none
C-01329,2024-04-01,840.4,841.57,R-038,False,none
C-01330,2024-04-01,63.64,36.42,R-016,False,none
C-01331,2024-04-01,67.11,448.64,R-034,False,none
C-01332,2024-04-01,661.63,367.94,R-036,False,none
C-01333,2024-04-01,236.73,308.27,R-039,False,none
C-01334,2024-04-01,270.4,271.57,R-048,False,none
C-01335,2024-04-01,898.7,1044.59,R-053,False,none
C-01336,2024-04-01,517.11,175.53,R-047,False,none
C-01337,2024-04-01,231.89,535.39,R-048,False,none
C-01338,2024-04-01,206.34,2220.52,R-053,False,none
C-01339,2024-04-01,309.25,239.08,R-015,False,none
C-01340,2024-04-01,224.31,1485.14,R-018,False,none
C-01341,2024-04-01,783.12,1775.75,R-032,False,none
C-01342,2024-04-01,1210.8,525.12,R-028,False,none
C-01343,2024-04-01,33.19,3579.15,R-043,True,kunda
C-01344,2024-04-01,25.71,377.77,R-001,False,none
C-01345,2024-04-01,57.1,2451.64,R-009,True,kunda
C-01346,2024-04-01,932.05,368.38,R-045,False,none
C-01347,2024-04-01,16.43,314.11,R-050,True,kunda
C-01348,2024-04-01,570.33,102.82,R-019,False,none
C-01349,2024-04-01,528.27,2067.26,R-019,False,none
C-01350,2024-04-01,41.69,707.74,R-034,False,none
C-01351,2024-04-01,66.72,446.49,R-029,False,none
C-01352,2024-04-01,19.46,1947.15,R-011,False,none
C-01353,2024-04-01,892.72,3554.83,R-031,False,none
C-01354,2024-04-01,480.03,3851.69,R-050,False,none
C-01355,2024-04-01,40.68,1413.56,R-044,True,kunda
C-01356,2024-04-01,67.51,2266.03,R-050,False,none
C-01357,2024-04-01,100.27,464.55,R-039,False,none
C-01358,2024-04-01,1085.45,19.73,R-053,False,none
C-01359,2024-04-01,181.02,185.25,R-015,False,none
C-01360,2024-04-01,342.71,1742.98,R-003,False,none
C-01361,2024-04-01,358.98,7807.18,R-007,False,none
C-01362,2024-04-01,196.38,10748.15,R-060,False,none
C-01363,2024-04-01,631.54,123.42,R-039,False,none
C-01364,2024-04-01,410.38,399.13,R-015,False,none
C-01365,2024-04-01,100.32,57.37,R-052,False,none
C-01366,2024-04-01,393.06,3029.32,R-019,False,none
C-01367,2024-04-01,41.4,343.21,R-036,False,none
C-01368,2024-04-01,180.19,606.36,R-015,False,none
C-01369,2024-04-01,126.29,278.81,R-006,True,tamper
C-01370,2024-04-01,901.16,14.35,R-017,False,none
C-01371,2024-04-01,523.7,620.1,R-014,False,none
C-01372,2024-04-01,314.15,16.3,R-034,False,none
C-01373,2024-04-01,127.76,1796.59,R-002,True,tamper
C-01374,2024-04-01,348.68,931.63,R-015,False,none
C-01375,2024-04-01,842.36,202.79,R-035,False,none
C-01376,2024-04-01,57.6,2889.71,R-024,False,none
C-01377,2024-04-01,70.13,2637.46,R-039,False,none
C-01378,2024-04-01,464.93,761.65,R-040,False,none
C-01379,2024-04-01,635.14,136.39,R-058,False,none
C-01380,2024-04-01,169.0,34.78,R-051,False,none
C-01381,2024-04-01,191.72,1764.61,R-014,False,none
C-01382,2024-04-01,244.36,3024.35,R-042,False,none
C-01383,2024-04-01,3890.74,246.02,R-038,False,none
C-01384,2024-04-01,103.95,3868.63,R-036,False,none
C-01385,2024-04-01,114.91,1715.3,R-048,False,none
C-01386,2024-04-01,55.42,1534.32,R-009,False,none
C-01387,2024-04-01,322.37,253.1,R-023,False,none
C-01388,2024-04-01,72.88,3358.47,R-049,False,none
C-01389,2024-04-01,141.77,2862.92,R-054,False,none
C-01390,2024-04-01,316.38,111.56,R-003,False,none
C-01391,2024-04-01,894.78,326.2,R-029,False,none
C-01392,2024-04-01,26.56,3347.06,R-016,False,none
C-01393,2024-04-01,42.26,3440.2,R-011,False,none
C-01394,2024-04-01,441.56,554.4,R-004,False,none
C-01395,2024-04-01,124.0,45.5,R-033,False,none
C-01396,2024-04-01,1692.46,1772.66,R-041,False,none
C-01397,2024-04-01,326.49,886.11,R-032,False,none
C-01398,2024-04-01,4115.83,675.24,R-023,False,none
C-01399,2024-04-01,10.83,3347.2,R-047,True,kunda
C-01400,2024-04-01,673.61,412.32,R-040,False,none
C-01401,2024-04-01,201.64,2314.1,R-055,False,none
C-01402,2024-04-01,143.65,714.08,R-021,False,none
C-01403,2024-04-01,201.63,601.24,R-015,False,none
C-01404,2024-04-01,61.05,5369.08,R-028,True,tamper
C-01405,2024-04-01,326.32,68.59,R-031,False,none
C-01406,2024-04-01,67.71,1666.35,R-028,False,none
C-01407,2024-04-01,100.34,382.17,R-050,False,none
C-01408,2024-04-01,235.71,5657.72,R-003,False,none
C-01409,2024-04-01,817.54,58.11,R-032,False,none
C-01410,2024-04-01,21.58,2027.9,R-026,False,none
C-01411,2024-04-01,93.49,705.63,R-013,False,none
C-01412,2024-04-01,880.72,320.39,R-039,False,none
C-01413,2024-04-01,107.47,1843.83,R-049,False,none
C-01414,2024-04-01,228.58,2966.98,R-033,False,none
C-01415,2024-04-01,267.35,1887.43,R-006,False,none
C-01416,2024-04-01,253.0,419.33,R-005,False,none
C-01417,2024-04-01,147.7,1973.23,R-026,False,none
C-01418,2024-04-01,235.6,221.21,R-041,False,none
C-01419,2024-04-01,181.39,321.43,R-019,False,none
C-01420,2024-04-01,171.06,1007.94,R-019,False,none
C-01421,2024-04-01,27.87,15.05,R-052,False,none
C-01422,2024-04-01,72.37,378.41,R-001,False,none
C-01423,2024-04-01,183.88,3568.03,R-005,False,none
C-01424,2024-04-01,336.59,261.42,R-010,False,none
C-01425,2024-04-01,724.04,2289.72,R-060,False,none
C-01426,2024-04-01,149.76,2902.87,R-030,False,none
C-01427,2024-04-01,134.73,632.37,R-010,False,none
C-01428,2024-04-01,300.65,1283.46,R-019,False,none
C-01429,2024-04-01,253.72,2822.97,R-059,False,none
C-01430,2024-04-01,908.91,169.16,R-042,False,none
C-01431,2024-04-01,12.27,2385.56,R-014,True,kunda
C-01432,2024-04-01,1525.17,3037.69,R-015,True,tamper
C-01433,2024-04-01,413.05,3975.73,R-005,True,tamper
C-01434,2024-04-01,61.94,1164.72,R-047,False,none
C-01435,2024-04-01,46.94,3618.95,R-009,False,none
C-01436,2024-04-01,131.9,1319.12,R-018,False,none
C-01437,2024-04-01,259.1,327.99,R-021,False,none
C-01438,2024-04-01,293.31,1669.51,R-038,False,none
C-01439,2024-04-01,123.82,909.55,R-037,False,none
C-01440,2024-04-01,1203.07,2544.5,R-048,False,none
C-01441,2024-04-01,74.34,1488.78,R-018,False,none
C-01442,2024-04-01,317.83,921.9,R-024,False,none
C-01443,2024-04-01,128.72,983.86,R-024,False,none
C-01444,2024-04-01,73.34,1025.5,R-003,False,none
C-01445,2024-04-01,148.89,3343.13,R-045,False,none
C-01446,2024-04-01,521.09,796.32,R-033,False,none
C-01447,2024-04-01,197.43,961.52,R-029,False,none
C-01448,2024-04-01,62.59,1611.21,R-060,False,none
C-01449,2024-04-01,52.71,1101.86,R-011,False,none
C-01450,2024-04-01,472.53,1939.24,R-059,False,none
C-01451,2024-04-01,68.69,1711.79,R-041,False,none
C-01452,2024-04-01,704.87,2923.14,R-014,False,none
C-01453,2024-04-01,587.73,5571.83,R-041,False,none
C-01454,2024-04-01,297.58,4896.51,R-046,False,none
C-01455,2024-04-01,125.6,547.28,R-022,False,none
C-01456,2024-04-01,5.09,280.18,R-021,True,kunda
C-01457,2024-04-01,112.14,764.11,R-051,False,none
C-01458,2024-04-01,434.6,1683.82,R-010,False,none
C-01459,2024-04-01,59.49,847.95,R-001,False,none
C-01460,2024-04-01,652.95,1942.4,R-040,False,none
C-01461,2024-04-01,5142.35,1550.21,R-055,False,none
C-01462,2024-04-01,168.68,1780.51,R-031,True,collusion
C-01463,2024-04-01,216.94,9475.51,R-009,False,none
C-01464,2024-04-01,294.12,1739.81,R-033,False,none
C-01465,2024-04-01,1007.43,3154.74,R-016,True,tamper
C-01466,2024-04-01,52.36,38.13,R-050,False,none
C-01467,2024-04-01,87.57,1435.94,R-037,False,none
C-01468,2024-04-01,423.23,2940.36,R-021,False,none
C-01469,2024-04-01,1648.2,1289.14,R-038,False,none
C-01470,2024-04-01,407.38,3389.41,R-041,False,none
C-01471,2024-04-01,34.22,3846.09,R-041,False,none
C-01472,2024-04-01,149.02,1594.66,R-022,True,collusion
C-01473,2024-04-01,783.34,275.91,R-035,False,none
C-01474,2024-04-01,289.62,3771.02,R-003,False,none
C-01475,2024-04-01,1631.04,2407.8,R-025,False,none
C-01476,2024-04-01,321.47,7117.14,R-023,False,none
C-01477,2024-04-01,453.53,129.55,R-033,True,collusion
C-01478,2024-04-01,127.91,355.29,R-058,False,none
C-01479,2024-04-01,637.96,16.15,R-058,False,none
C-01480,2024-04-01,1126.15,625.69,R-029,False,none
C-01481,2024-04-01,612.1,2092.95,R-039,False,none
C-01482,2024-04-01,41.07,253.8,R-007,True,kunda
C-01483,2024-04-01,10.2,494.76,R-029,True,kunda
C-01484,2024-04-01,594.22,461.91,R-042,False,none
C-01485,2024-04-01,212.54,1087.71,R-041,True,collusion
C-01486,2024-04-01,1266.98,1521.42,R-058,False,none
C-01487,2024-04-01,177.96,1357.6,R-028,False,none
C-01488,2024-04-01,102.88,2130.3,R-055,False,none
C-01489,2024-04-01,223.6,1079.11,R-059,False,none
C-01490,2024-04-01,61.35,194.44,R-035,False,none
C-01491,2024-04-01,154.83,653.54,R-006,False,none
C-01492,2024-04-01,171.5,1482.95,R-023,False,none
C-01493,2024-04-01,20.53,989.43,R-046,True,kunda
C-01494,2024-04-01,44.11,2663.06,R-035,False,none
C-01495,2024-04-01,3.75,4513.89,R-057,True,kunda
C-01496,2024-04-01,433.44,1021.52,R-049,False,none
C-01497,2024-04-01,408.15,848.29,R-004,False,none
C-01498,2024-04-01,552.08,450.71,R-052,False,none
C-01499,2024-04-01,330.81,245.67,R-022,False,none
C-01500,2024-04-01,29.56,2736.98,R-050,False,none
C-00001,2024-05-01,295.65,355.59,R-006,False,none
C-00002,2024-05-01,191.77,276.12,R-029,False,none
C-00003,2024-05-01,330.34,396.21,R-040,False,none
C-00004,2024-05-01,106.19,1937.07,R-004,False,none
C-00005,2024-05-01,113.68,583.86,R-024,False,none
C-00006,2024-05-01,273.27,2185.47,R-016,False,none
C-00007,2024-05-01,294.42,172.12,R-003,False,none
C-00008,2024-05-01,2644.78,265.65,R-049,False,none
C-00009,2024-05-01,135.5,671.55,R-027,False,none
C-00010,2024-05-01,343.29,296.97,R-046,False,none
C-00011,2024-05-01,755.12,3752.98,R-036,True,tamper
C-00012,2024-05-01,773.32,340.62,R-053,False,none
C-00013,2024-05-01,43.4,1505.29,R-060,False,none
C-00014,2024-05-01,123.1,3355.92,R-037,False,none
C-00015,2024-05-01,145.55,1602.06,R-022,False,none
C-00016,2024-05-01,38.21,2473.46,R-026,False,none
C-00017,2024-05-01,132.95,1168.0,R-050,False,none
C-00018,2024-05-01,291.57,1972.4,R-026,False,none
C-00019,2024-05-01,294.53,236.8,R-032,False,none
C-00020,2024-05-01,1001.06,2040.95,R-012,False,none
C-00021,2024-05-01,434.57,3523.14,R-060,False,none
C-00022,2024-05-01,377.77,1869.93,R-040,False,none
C-00023,2024-05-01,121.01,424.57,R-020,False,none
C-00024,2024-05-01,1977.68,2074.32,R-036,False,none
C-00025,2024-05-01,619.19,871.34,R-025,False,none
C-00026,2024-05-01,554.11,1529.4,R-010,False,none
C-00027,2024-05-01,75.9,1126.04,R-053,False,none
C-00028,2024-05-01,30.8,3232.48,R-054,False,none
C-00029,2024-05-01,669.24,344.37,R-051,False,none
C-00030,2024-05-01,391.04,591.32,R-023,False,none
C-00031,2024-05-01,305.4,5210.32,R-016,False,none
C-00032,2024-05-01,579.21,1200.23,R-003,True,tamper
C-00033,2024-05-01,22.53,274.12,R-044,False,none
C-00034,2024-05-01,119.72,516.12,R-020,False,none
C-00035,2024-05-01,3144.27,105.75,R-054,False,none
C-00036,2024-05-01,105.12,1948.81,R-053,False,none
C-00037,2024-05-01,1297.36,281.64,R-008,False,none
C-00038,2024-05-01,453.95,444.93,R-056,False,none
C-00039,2024-05-01,22.68,5346.83,R-009,False,none
C-00040,2024-05-01,148.06,21.04,R-030,False,none
C-00041,2024-05-01,276.35,1000.0,R-029,True,tamper
C-00042,2024-05-01,135.27,364.57,R-058,False,none
C-00043,2024-05-01,634.99,1467.27,R-040,False,none
C-00044,2024-05-01,311.18,4458.0,R-053,False,none
C-00045,2024-05-01,96.43,3462.73,R-036,False,none
C-00046,2024-05-01,117.56,682.69,R-050,False,none
C-00047,2024-05-01,195.53,234.29,R-052,True,tamper
C-00048,2024-05-01,39.86,819.67,R-052,False,none
C-00049,2024-05-01,87.2,1665.12,R-025,False,none
C-00050,2024-05-01,436.32,15.81,R-023,False,none
C-00051,2024-05-01,574.36,1987.9,R-060,False,none
C-00052,2024-05-01,502.87,1276.93,R-046,False,none
C-00053,2024-05-01,832.26,4905.86,R-056,True,tamper
C-00054,2024-05-01,40.53,2875.4,R-035,False,none
C-00055,2024-05-01,130.28,1378.54,R-056,False,none
C-00056,2024-05-01,97.3,2269.38,R-044,False,none
C-00057,2024-05-01,69.03,1015.03,R-045,False,none
C-00058,2024-05-01,165.18,150.5,R-011,False,none
C-00059,2024-05-01,616.78,722.04,R-035,False,none
C-00060,2024-05-01,6197.66,57.55,R-044,False,none
C-00061,2024-05-01,832.76,106.93,R-046,False,none
C-00062,2024-05-01,7.07,652.54,R-058,True,kunda
C-00063,2024-05-01,833.81,595.09,R-020,False,none
C-00064,2024-05-01,349.32,968.23,R-019,False,none
C-00065,2024-05-01,199.51,4082.98,R-059,False,none
C-00066,2024-05-01,1230.27,561.53,R-060,False,none
C-00067,2024-05-01,662.3,5544.22,R-011,False,none
C-00068,2024-05-01,102.83,1965.95,R-023,False,none
C-00069,2024-05-01,347.64,1444.41,R-057,False,none
C-00070,2024-05-01,83.73,1433.86,R-012,False,none
C-00071,2024-05-01,95.97,1194.96,R-047,False,none
C-00072,2024-05-01,20.82,1786.81,R-007,False,none
C-00073,2024-05-01,43.74,2850.52,R-011,False,none
C-00074,2024-05-01,18.2,123.46,R-048,False,none
C-00075,2024-05-01,75.77,2216.59,R-037,True,kunda
C-00076,2024-05-01,384.46,523.63,R-034,False,none
C-00077,2024-05-01,262.04,2883.22,R-052,False,none
C-00078,2024-05-01,197.29,5874.51,R-019,False,none
C-00079,2024-05-01,215.05,2781.92,R-031,False,none
C-00080,2024-05-01,401.34,929.75,R-037,False,none
C-00081,2024-05-01,106.58,956.53,R-045,False,none
C-00082,2024-05-01,65.07,2927.78,R-020,False,none
C-00083,2024-05-01,1051.9,1003.7,R-039,False,none
C-00084,2024-05-01,33.7,2454.13,R-027,False,none
C-00085,2024-05-01,44.04,1288.21,R-033,False,none
C-00086,2024-05-01,414.72,667.51,R-052,False,none
C-00087,2024-05-01,808.22,177.52,R-024,False,none
C-00088,2024-05-01,395.32,2414.06,R-041,False,none
C-00089,2024-05-01,233.11,530.46,R-057,False,none
C-00090,2024-05-01,89.61,2523.05,R-046,False,none
C-00091,2024-05-01,92.69,874.46,R-060,False,none
C-00092,2024-05-01,25.64,590.17,R-036,False,none
C-00093,2024-05-01,445.99,334.59,R-017,False,none
C-00094,2024-05-01,286.55,358.3,R-060,True,collusion
C-00095,2024-05-01,285.75,180.32,R-039,True,tamper
C-00096,2024-05-01,398.86,338.89,R-015,False,none
C-00097,2024-05-01,175.76,3791.35,R-020,False,none
C-00098,2024-05-01,610.92,709.74,R-016,False,none
C-00099,2024-05-01,84.89,3841.68,R-051,False,none
C-00100,2024-05-01,241.88,992.31,R-006,False,none
C-00101,2024-05-01,113.51,1462.22,R-045,False,none
C-00102,2024-05-01,30.89,909.02,R-034,False,none
C-00103,2024-05-01,725.38,572.63,R-005,False,none
C-00104,2024-05-01,1089.62,186.2,R-037,False,none
C-00105,2024-05-01,437.96,4065.29,R-046,False,none
C-00106,2024-05-01,281.27,1376.1,R-044,False,none
C-00107,2024-05-01,313.86,1363.25,R-032,False,none
C-00108,2024-05-01,146.08,3239.18,R-021,False,none
C-00109,2024-05-01,931.93,691.22,R-010,False,none
C-00110,2024-05-01,164.0,1062.76,R-001,False,none
C-00111,2024-05-01,240.13,3806.58,R-022,False,none
C-00112,2024-05-01,133.05,1131.87,R-038,False,none
C-00113,2024-05-01,281.26,899.55,R-003,False,none
C-00114,2024-05-01,578.35,330.4,R-060,False,none
C-00115,2024-05-01,361.44,312.44,R-036,False,none
C-00116,2024-05-01,1879.29,845.29,R-018,False,none
C-00117,2024-05-01,505.73,135.34,R-058,False,none
C-00118,2024-05-01,45.93,5196.69,R-012,False,none
C-00119,2024-05-01,322.35,1457.57,R-058,False,none
C-00120,2024-05-01,182.19,1436.18,R-017,False,none
C-00121,2024-05-01,36.05,902.15,R-023,False,none
C-00122,2024-05-01,400.18,2776.64,R-026,False,none
C-00123,2024-05-01,3397.32,2172.39,R-060,False,none
C-00124,2024-05-01,7.21,5240.17,R-016,True,kunda
C-00125,2024-05-01,12.69,1939.04,R-059,False,none
C-00126,2024-05-01,367.87,97.01,R-021,False,none
C-00127,2024-05-01,145.67,2765.63,R-018,False,none
C-00128,2024-05-01,80.89,857.03,R-039,False,none
C-00129,2024-05-01,173.28,740.88,R-042,False,none
C-00130,2024-05-01,106.53,385.42,R-021,False,none
C-00131,2024-05-01,362.79,1906.76,R-009,False,none
C-00132,2024-05-01,174.9,3191.35,R-024,False,none
C-00133,2024-05-01,614.69,739.1,R-033,False,none
C-00134,2024-05-01,92.72,1200.06,R-003,False,none
C-00135,2024-05-01,79.42,1460.68,R-005,False,none
C-00136,2024-05-01,190.99,1172.85,R-056,False,none
C-00137,2024-05-01,529.25,1174.72,R-003,False,none
C-00138,2024-05-01,26.2,861.2,R-025,False,none
C-00139,2024-05-01,96.03,2317.46,R-046,False,none
C-00140,2024-05-01,161.45,1659.09,R-020,False,none
C-00141,2024-05-01,69.85,889.2,R-030,False,none
C-00142,2024-05-01,938.97,1089.39,R-006,False,none
C-00143,2024-05-01,78.73,5807.35,R-048,False,none
C-00144,2024-05-01,19.65,3596.31,R-039,True,kunda
C-00145,2024-05-01,404.0,2503.95,R-052,False,none
C-00146,2024-05-01,2869.1,1165.01,R-052,False,none
C-00147,2024-05-01,317.73,1217.82,R-022,False,none
C-00148,2024-05-01,144.44,917.35,R-003,False,none
C-00149,2024-05-01,156.37,1800.56,R-021,False,none
C-00150,2024-05-01,12.36,904.42,R-009,True,kunda
C-00151,2024-05-01,363.3,779.21,R-032,False,none
C-00152,2024-05-01,386.52,1130.76,R-009,False,none
C-00153,2024-05-01,376.7,865.29,R-056,False,none
C-00154,2024-05-01,400.91,2771.9,R-037,False,none
C-00155,2024-05-01,6063.51,3082.82,R-016,False,none
C-00156,2024-05-01,57.94,2264.57,R-056,False,none
C-00157,2024-05-01,395.69,752.34,R-047,False,none
C-00158,2024-05-01,13.78,2045.6,R-027,False,none
C-00159,2024-05-01,28.62,546.18,R-009,False,none
C-00160,2024-05-01,340.42,747.55,R-021,False,none
C-00161,2024-05-01,499.99,2539.46,R-036,False,none
C-00162,2024-05-01,2412.97,583.81,R-046,False,none
C-00163,2024-05-01,1181.66,1114.8,R-016,False,none
C-00164,2024-05-01,3742.54,793.86,R-045,False,none
C-00165,2024-05-01,4748.79,2597.19,R-017,False,none
C-00166,2024-05-01,1916.44,414.15,R-015,False,none
C-00167,2024-05-01,133.17,4246.99,R-027,False,none
C-00168,2024-05-01,488.8,1510.67,R-010,False,none
C-00169,2024-05-01,153.01,4228.29,R-025,False,none
C-00170,2024-05-01,618.66,1003.96,R-022,True,collusion
C-00171,2024-05-01,114.06,1046.01,R-017,False,none
C-00172,2024-05-01,487.71,135.94,R-047,True,tamper
C-00173,2024-05-01,413.31,3151.4,R-020,False,none
C-00174,2024-05-01,154.07,3028.42,R-042,False,none
C-00175,2024-05-01,451.91,3605.98,R-044,False,none
C-00176,2024-05-01,468.25,94.22,R-040,False,none
C-00177,2024-05-01,4.34,452.5,R-017,True,kunda
C-00178,2024-05-01,1440.97,1140.72,R-050,False,none
C-00179,2024-05-01,377.66,2136.62,R-015,False,none
C-00180,2024-05-01,415.76,1591.73,R-017,False,none
C-00181,2024-05-01,357.64,2242.79,R-053,False,none
C-00182,2024-05-01,308.96,1623.3,R-021,False,none
C-00183,2024-05-01,297.23,590.83,R-042,False,none
C-00184,2024-05-01,188.28,484.35,R-003,False,none
C-00185,2024-05-01,125.72,288.22,R-037,False,none
C-00186,2024-05-01,859.54,6064.83,R-053,False,none
C-00187,2024-05-01,149.88,181.49,R-043,True,kunda
C-00188,2024-05-01,27.23,1277.28,R-035,True,kunda
C-00189,2024-05-01,775.23,396.25,R-051,False,none
C-00190,2024-05-01,370.34,1581.24,R-018,False,none
C-00191,2024-05-01,499.1,819.06,R-023,True,tamper
C-00192,2024-05-01,104.51,2205.79,R-005,False,none
C-00193,2024-05-01,61.18,1750.17,R-042,False,none
C-00194,2024-05-01,247.11,381.51,R-044,False,none
C-00195,2024-05-01,59.16,546.77,R-046,False,none
C-00196,2024-05-01,419.66,1210.53,R-045,False,none
C-00197,2024-05-01,126.91,202.84,R-008,False,none
C-00198,2024-05-01,46.44,967.24,R-040,False,none
C-00199,2024-05-01,540.07,548.66,R-046,True,tamper
C-00200,2024-05-01,713.49,544.31,R-013,False,none
C-00201,2024-05-01,384.66,1500.24,R-029,False,none
C-00202,2024-05-01,784.41,697.39,R-055,False,none
C-00203,2024-05-01,576.94,552.35,R-025,False,none
C-00204,2024-05-01,115.69,1950.55,R-046,False,none
C-00205,2024-05-01,389.5,1453.67,R-032,False,none
C-00206,2024-05-01,1137.01,1210.03,R-040,False,none
C-00207,2024-05-01,295.06,3029.73,R-038,False,none
C-00208,2024-05-01,93.81,1561.89,R-040,False,none
C-00209,2024-05-01,99.91,2690.76,R-047,False,none
C-00210,2024-05-01,265.94,2256.72,R-055,False,none
C-00211,2024-05-01,261.72,910.55,R-018,False,none
C-00212,2024-05-01,385.41,505.84,R-056,False,none
C-00213,2024-05-01,119.47,999.59,R-038,False,none
C-00214,2024-05-01,501.34,502.48,R-036,False,none
C-00215,2024-05-01,465.92,588.55,R-020,False,none
C-00216,2024-05-01,144.01,1680.39,R-026,False,none
C-00217,2024-05-01,1575.77,1270.31,R-040,True,tamper
C-00218,2024-05-01,474.42,427.87,R-022,False,none
C-00219,2024-05-01,47.41,1087.91,R-018,False,none
C-00220,2024-05-01,215.94,1236.12,R-050,False,none
C-00221,2024-05-01,441.47,226.25,R-025,False,none
C-00222,2024-05-01,172.05,1925.24,R-039,False,none
C-00223,2024-05-01,319.81,1099.99,R-002,False,none
C-00224,2024-05-01,135.7,1301.29,R-005,False,none
C-00225,2024-05-01,226.48,3325.8,R-051,False,none
C-00226,2024-05-01,29.92,7338.75,R-009,False,none
C-00227,2024-05-01,77.88,708.07,R-048,False,none
C-00228,2024-05-01,185.4,1958.46,R-055,False,none
C-00229,2024-05-01,317.91,173.23,R-029,False,none
C-00230,2024-05-01,547.6,2582.32,R-054,False,none
C-00231,2024-05-01,5872.41,3009.72,R-026,False,none
C-00232,2024-05-01,842.34,1314.49,R-058,False,none
C-00233,2024-05-01,109.37,986.96,R-015,False,none
C-00234,2024-05-01,41.07,920.94,R-026,False,none
C-00235,2024-05-01,521.73,70.29,R-024,False,none
C-00236,2024-05-01,213.08,426.15,R-048,False,none
C-00237,2024-05-01,376.54,1035.64,R-003,False,none
C-00238,2024-05-01,586.95,2177.92,R-050,False,none
C-00239,2024-05-01,231.3,523.73,R-002,False,none
C-00240,2024-05-01,391.52,3089.4,R-019,False,none
C-00241,2024-05-01,730.99,1723.36,R-036,False,none
C-00242,2024-05-01,24.4,1243.01,R-009,False,none
C-00243,2024-05-01,26.22,206.68,R-030,False,none
C-00244,2024-05-01,564.7,656.17,R-060,False,none
C-00245,2024-05-01,281.42,3400.62,R-050,False,none
C-00246,2024-05-01,77.34,3805.47,R-002,False,none
C-00247,2024-05-01,364.12,3942.97,R-036,False,none
C-00248,2024-05-01,253.47,2258.84,R-036,False,none
C-00249,2024-05-01,6787.05,2943.8,R-005,False,none
C-00250,2024-05-01,23.52,575.63,R-040,True,kunda
C-00251,2024-05-01,201.86,410.04,R-032,False,none
C-00252,2024-05-01,50.76,1238.77,R-041,False,none
C-00253,2024-05-01,603.07,464.45,R-018,False,none
C-00254,2024-05-01,596.31,318.35,R-016,False,none
C-00255,2024-05-01,244.73,3707.94,R-045,False,none
C-00256,2024-05-01,92.63,4536.28,R-044,False,none
C-00257,2024-05-01,1718.92,508.28,R-010,False,none
C-00258,2024-05-01,178.34,571.8,R-013,False,none
C-00259,2024-05-01,248.33,178.1,R-036,False,none
C-00260,2024-05-01,228.34,831.98,R-050,False,none
C-00261,2024-05-01,28.13,196.5,R-013,True,kunda
C-00262,2024-05-01,71.37,4197.22,R-014,False,none
C-00263,2024-05-01,33.03,2690.55,R-049,False,none
C-00264,2024-05-01,1982.1,3000.28,R-042,False,none
C-00265,2024-05-01,173.6,43.42,R-055,False,none
C-00266,2024-05-01,296.38,4.61,R-048,False,none
C-00267,2024-05-01,22.55,633.18,R-058,False,none
C-00268,2024-05-01,665.89,150.54,R-012,False,none
C-00269,2024-05-01,68.22,762.78,R-017,False,none
C-00270,2024-05-01,16.13,309.36,R-015,False,none
C-00271,2024-05-01,484.52,2159.23,R-004,False,none
C-00272,2024-05-01,68.25,78.98,R-047,False,none
C-00273,2024-05-01,5533.4,5.77,R-040,False,none
C-00274,2024-05-01,105.84,34.37,R-006,False,none
C-00275,2024-05-01,108.56,44.94,R-012,False,none
C-00276,2024-05-01,224.82,3470.9,R-012,False,none
C-00277,2024-05-01,513.29,2546.14,R-025,False,none
C-00278,2024-05-01,369.32,5749.97,R-028,False,none
C-00279,2024-05-01,326.4,3394.66,R-018,False,none
C-00280,2024-05-01,63.86,2095.03,R-056,False,none
C-00281,2024-05-01,247.3,1426.65,R-013,False,none
C-00282,2024-05-01,443.11,308.81,R-034,False,none
C-00283,2024-05-01,477.35,274.84,R-027,False,none
C-00284,2024-05-01,86.52,26.66,R-024,False,none
C-00285,2024-05-01,726.93,273.25,R-050,False,none
C-00286,2024-05-01,291.53,20.72,R-059,False,none
C-00287,2024-05-01,344.14,3175.98,R-001,False,none
C-00288,2024-05-01,176.95,2204.33,R-028,True,tamper
C-00289,2024-05-01,69.11,413.46,R-008,False,none
C-00290,2024-05-01,135.69,970.65,R-027,False,none
C-00291,2024-05-01,456.37,1134.11,R-038,False,none
C-00292,2024-05-01,211.14,433.84,R-025,False,none
C-00293,2024-05-01,283.81,833.52,R-019,False,none
C-00294,2024-05-01,298.59,801.9,R-019,False,none
C-00295,2024-05-01,95.35,1394.95,R-018,False,none
C-00296,2024-05-01,404.49,619.42,R-020,False,none
C-00297,2024-05-01,624.33,1865.06,R-023,False,none
C-00298,2024-05-01,317.1,770.21,R-042,False,none
C-00299,2024-05-01,621.65,1226.78,R-006,False,none
C-00300,2024-05-01,258.45,4741.64,R-003,False,none
C-00301,2024-05-01,154.0,931.75,R-032,False,none
C-00302,2024-05-01,335.9,1823.2,R-041,False,none
C-00303,2024-05-01,605.35,4057.46,R-016,False,none
C-00304,2024-05-01,172.81,2240.97,R-013,False,none
C-00305,2024-05-01,513.49,1464.68,R-038,False,none
C-00306,2024-05-01,251.54,1059.66,R-024,False,none
C-00307,2024-05-01,496.1,3654.08,R-045,False,none
C-00308,2024-05-01,239.67,5557.49,R-009,False,none
C-00309,2024-05-01,548.89,695.51,R-008,False,none
C-00310,2024-05-01,31.91,371.43,R-034,True,tamper
C-00311,2024-05-01,665.72,999.26,R-024,False,none
C-00312,2024-05-01,670.89,825.74,R-044,False,none
C-00313,2024-05-01,458.43,1693.8,R-031,False,none
C-00314,2024-05-01,36.34,102.49,R-022,False,none
C-00315,2024-05-01,459.89,4742.05,R-010,False,none
C-00316,2024-05-01,1667.63,946.25,R-010,False,none
C-00317,2024-05-01,83.46,757.79,R-046,False,none
C-00318,2024-05-01,102.7,87.46,R-014,False,none
C-00319,2024-05-01,549.37,80.58,R-031,False,none
C-00320,2024-05-01,896.02,1228.28,R-050,False,none
C-00321,2024-05-01,82.15,2929.23,R-054,False,none
C-00322,2024-05-01,442.22,812.45,R-017,False,none
C-00323,2024-05-01,271.45,104.34,R-007,False,none
C-00324,2024-05-01,774.02,847.66,R-047,False,none
C-00325,2024-05-01,1583.21,836.13,R-042,False,none
C-00326,2024-05-01,157.48,1419.31,R-020,False,none
C-00327,2024-05-01,465.85,678.32,R-036,True,tamper
C-00328,2024-05-01,12.7,21.16,R-012,True,kunda
C-00329,2024-05-01,124.5,2542.2,R-043,False,none
C-00330,2024-05-01,80.44,2496.35,R-044,False,none
C-00331,2024-05-01,103.9,3689.89,R-018,False,none
C-00332,2024-05-01,1592.07,915.56,R-029,False,none
C-00333,2024-05-01,403.36,1866.08,R-021,False,none
C-00334,2024-05-01,924.48,734.86,R-002,False,none
C-00335,2024-05-01,1103.95,1320.41,R-008,False,none
C-00336,2024-05-01,224.01,4645.29,R-058,False,none
C-00337,2024-05-01,178.67,780.72,R-028,False,none
C-00338,2024-05-01,154.69,782.06,R-009,False,none
C-00339,2024-05-01,32.99,204.38,R-003,False,none
C-00340,2024-05-01,306.06,578.56,R-022,False,none
C-00341,2024-05-01,344.53,158.05,R-059,True,collusion
C-00342,2024-05-01,445.38,3596.0,R-024,False,none
C-00343,2024-05-01,579.71,1861.22,R-060,False,none
C-00344,2024-05-01,64.88,1116.41,R-030,True,tamper
C-00345,2024-05-01,357.71,1425.81,R-046,False,none
C-00346,2024-05-01,541.06,234.72,R-048,False,none
C-00347,2024-05-01,123.28,1674.2,R-002,False,none
C-00348,2024-05-01,789.28,2012.9,R-001,False,none
C-00349,2024-05-01,1983.93,2490.23,R-056,False,none
C-00350,2024-05-01,797.66,89.34,R-056,False,none
C-00351,2024-05-01,253.96,775.62,R-008,False,none
C-00352,2024-05-01,490.92,6344.41,R-039,False,none
C-00353,2024-05-01,247.33,1867.22,R-056,False,none
C-00354,2024-05-01,2079.59,724.84,R-058,False,none
C-00355,2024-05-01,74.58,3023.08,R-018,False,none
C-00356,2024-05-01,210.14,76.96,R-050,False,none
C-00357,2024-05-01,432.36,1570.37,R-039,False,none
C-00358,2024-05-01,337.91,1235.52,R-056,False,none
C-00359,2024-05-01,4062.38,890.27,R-009,False,none
C-00360,2024-05-01,163.86,6220.83,R-037,False,none
C-00361,2024-05-01,467.56,5688.83,R-002,False,none
C-00362,2024-05-01,330.61,2248.71,R-022,False,none
C-00363,2024-05-01,207.97,1121.71,R-001,False,none
C-00364,2024-05-01,264.16,1806.86,R-027,False,none
C-00365,2024-05-01,3308.81,786.12,R-049,False,none
C-00366,2024-05-01,313.68,1786.75,R-040,False,none
C-00367,2024-05-01,167.82,1270.55,R-020,False,none
C-00368,2024-05-01,132.45,146.0,R-026,False,none
C-00369,2024-05-01,1043.24,1225.11,R-023,False,none
C-00370,2024-05-01,1342.47,507.34,R-044,False,none
C-00371,2024-05-01,350.98,6015.92,R-016,False,none
C-00372,2024-05-01,160.24,1721.37,R-006,False,none
C-00373,2024-05-01,673.29,132.88,R-031,False,none
C-00374,2024-05-01,1060.84,197.5,R-050,False,none
C-00375,2024-05-01,346.16,1946.55,R-029,False,none
C-00376,2024-05-01,131.97,1806.55,R-013,False,none
C-00377,2024-05-01,549.62,2201.41,R-003,False,none
C-00378,2024-05-01,18.39,53.79,R-057,True,kunda
C-00379,2024-05-01,190.4,1293.02,R-046,False,none
C-00380,2024-05-01,3879.54,421.34,R-010,False,none
C-00381,2024-05-01,2290.26,1185.43,R-005,False,none
C-00382,2024-05-01,218.93,2861.05,R-008,False,none
C-00383,2024-05-01,352.82,6088.75,R-023,False,none
C-00384,2024-05-01,168.71,1750.55,R-049,False,none
C-00385,2024-05-01,1279.64,720.05,R-010,False,none
C-00386,2024-05-01,299.04,1428.09,R-050,False,none
C-00387,2024-05-01,291.14,2646.72,R-001,False,none
C-00388,2024-05-01,30.8,127.32,R-045,False,none
C-00389,2024-05-01,345.13,2451.29,R-017,False,none
C-00390,2024-05-01,21.52,1716.2,R-058,False,none
C-00391,2024-05-01,54.98,602.53,R-029,False,none
C-00392,2024-05-01,488.79,1449.97,R-017,False,none
C-00393,2024-05-01,1527.57,2289.66,R-015,False,none
C-00394,2024-05-01,686.35,2471.86,R-050,False,none
C-00395,2024-05-01,255.18,660.7,R-025,False,none
C-00396,2024-05-01,789.81,116.48,R-022,False,none
C-00397,2024-05-01,21.74,797.43,R-045,True,kunda
C-00398,2024-05-01,137.41,796.74,R-033,False,none
C-00399,2024-05-01,367.0,4071.37,R-040,False,none
C-00400,2024-05-01,902.25,9110.75,R-027,False,none
C-00401,2024-05-01,217.67,3975.67,R-004,False,none
C-00402,2024-05-01,259.46,139.19,R-001,False,none
C-00403,2024-05-01,46.22,763.78,R-003,False,none
C-00404,2024-05-01,974.58,1565.61,R-035,False,none
C-00405,2024-05-01,60.33,3432.61,R-031,False,none
C-00406,2024-05-01,335.5,637.13,R-045,False,none
C-00407,2024-05-01,432.7,533.11,R-054,False,none
C-00408,2024-05-01,71.25,5697.39,R-011,False,none
C-00409,2024-05-01,191.04,2824.8,R-058,False,none
C-00410,2024-05-01,40.71,559.8,R-056,False,none
C-00411,2024-05-01,55.56,35.54,R-037,False,none
C-00412,2024-05-01,348.89,65.74,R-032,False,none
C-00413,2024-05-01,992.3,1234.42,R-011,True,collusion
C-00414,2024-05-01,280.29,2388.49,R-011,False,none
C-00415,2024-05-01,301.22,910.6,R-002,False,none
C-00416,2024-05-01,353.18,2560.76,R-039,False,none
C-00417,2024-05-01,2100.73,2580.27,R-026,False,none
C-00418,2024-05-01,15.14,1161.47,R-012,False,none
C-00419,2024-05-01,1135.35,78.59,R-009,False,none
C-00420,2024-05-01,187.86,639.84,R-004,False,none
C-00421,2024-05-01,469.2,2170.24,R-039,False,none
C-00422,2024-05-01,347.41,1573.42,R-042,False,none
C-00423,2024-05-01,242.59,1207.44,R-038,False,none
C-00424,2024-05-01,11.6,1209.0,R-007,True,kunda
C-00425,2024-05-01,80.29,5184.45,R-003,False,none
C-00426,2024-05-01,136.54,1716.45,R-007,False,none
C-00427,2024-05-01,93.66,3613.55,R-046,False,none
C-00428,2024-05-01,562.85,135.62,R-045,False,none
C-00429,2024-05-01,448.97,617.49,R-018,False,none
C-00430,2024-05-01,50.98,559.91,R-004,False,none
C-00431,2024-05-01,490.17,509.02,R-020,False,none
C-00432,2024-05-01,580.36,196.25,R-049,False,none
C-00433,2024-05-01,37.2,1403.14,R-009,False,none
C-00434,2024-05-01,25.53,3251.11,R-048,True,kunda
C-00435,2024-05-01,100.8,2415.81,R-028,False,none
C-00436,2024-05-01,983.71,966.93,R-009,False,none
C-00437,2024-05-01,455.31,2939.07,R-057,False,none
C-00438,2024-05-01,240.97,303.19,R-032,True,kunda
C-00439,2024-05-01,310.82,353.3,R-041,False,none
C-00440,2024-05-01,236.72,263.94,R-006,False,none
C-00441,2024-05-01,517.32,1210.29,R-023,False,none
C-00442,2024-05-01,349.79,1412.33,R-038,False,none
C-00443,2024-05-01,1236.99,51.93,R-039,False,none
C-00444,2024-05-01,12728.02,50.24,R-004,False,none
C-00445,2024-05-01,239.79,676.38,R-037,False,none
C-00446,2024-05-01,37.26,86.42,R-057,False,none
C-00447,2024-05-01,492.17,2295.32,R-048,False,none
C-00448,2024-05-01,112.21,1102.56,R-013,False,none
C-00449,2024-05-01,452.05,417.56,R-055,False,none
C-00450,2024-05-01,477.28,521.81,R-041,False,none
C-00451,2024-05-01,733.24,912.82,R-004,False,none
C-00452,2024-05-01,302.52,30.76,R-008,False,none
C-00453,2024-05-01,1306.79,2355.16,R-056,False,none
C-00454,2024-05-01,37.18,471.12,R-013,True,kunda
C-00455,2024-05-01,325.41,178.64,R-006,False,none
C-00456,2024-05-01,373.93,550.43,R-028,False,none
C-00457,2024-05-01,606.63,1828.64,R-032,False,none
C-00458,2024-05-01,75.13,200.51,R-035,True,tamper
C-00459,2024-05-01,97.66,152.51,R-040,True,tamper
C-00460,2024-05-01,459.41,1203.77,R-060,False,none
C-00461,2024-05-01,169.95,504.85,R-046,False,none
C-00462,2024-05-01,670.86,38.18,R-002,False,none
C-00463,2024-05-01,214.12,3487.93,R-006,False,none
C-00464,2024-05-01,126.21,2033.63,R-001,False,none
C-00465,2024-05-01,572.04,9218.76,R-024,False,none
C-00466,2024-05-01,157.63,1620.0,R-022,False,none
C-00467,2024-05-01,204.69,2972.48,R-057,False,none
C-00468,2024-05-01,341.49,1670.49,R-022,False,none
C-00469,2024-05-01,68.11,421.68,R-002,False,none
C-00470,2024-05-01,321.25,5904.46,R-054,False,none
C-00471,2024-05-01,745.28,3922.88,R-016,False,none
C-00472,2024-05-01,339.3,109.23,R-055,False,none
C-00473,2024-05-01,1029.2,1142.88,R-047,False,none
C-00474,2024-05-01,347.49,202.21,R-053,False,none
C-00475,2024-05-01,23.95,1194.37,R-050,False,none
C-00476,2024-05-01,294.78,1077.79,R-009,False,none
C-00477,2024-05-01,435.73,2581.12,R-038,True,tamper
C-00478,2024-05-01,131.75,1715.3,R-025,False,none
C-00479,2024-05-01,308.94,1328.3,R-038,False,none
C-00480,2024-05-01,324.94,2816.02,R-045,False,none
C-00481,2024-05-01,87.06,3065.59,R-031,False,none
C-00482,2024-05-01,182.19,3997.47,R-019,False,none
C-00483,2024-05-01,328.84,1353.73,R-055,False,none
C-00484,2024-05-01,137.11,1184.0,R-040,False,none
C-00485,2024-05-01,249.23,2798.18,R-054,False,none
C-00486,2024-05-01,9.89,1245.68,R-015,True,kunda
C-00487,2024-05-01,175.48,1736.67,R-051,False,none
C-00488,2024-05-01,117.94,1239.99,R-020,True,tamper
C-00489,2024-05-01,91.36,4146.38,R-028,False,none
C-00490,2024-05-01,526.06,3437.11,R-052,False,none
C-00491,2024-05-01,549.2,754.5,R-022,True,collusion
C-00492,2024-05-01,744.34,1742.43,R-016,False,none
C-00493,2024-05-01,285.81,1779.75,R-055,False,none
C-00494,2024-05-01,46.72,472.94,R-058,False,none
C-00495,2024-05-01,449.99,1492.16,R-019,False,none
C-00496,2024-05-01,90.65,2950.89,R-019,False,none
C-00497,2024-05-01,244.48,466.37,R-014,False,none
C-00498,2024-05-01,141.55,3674.83,R-002,False,none
C-00499,2024-05-01,406.75,1131.32,R-034,True,tamper
C-00500,2024-05-01,550.77,1945.72,R-016,False,none
C-00501,2024-05-01,297.68,300.63,R-051,False,none
C-00502,2024-05-01,654.03,3552.39,R-011,False,none
C-00503,2024-05-01,581.53,433.52,R-039,False,none
C-00504,2024-05-01,121.84,326.15,R-031,False,none
C-00505,2024-05-01,696.6,665.93,R-037,False,none
C-00506,2024-05-01,346.18,360.25,R-007,False,none
C-00507,2024-05-01,703.17,2764.25,R-028,False,none
C-00508,2024-05-01,168.85,601.77,R-038,False,none
C-00509,2024-05-01,579.24,450.72,R-021,False,none
C-00510,2024-05-01,1390.83,2073.85,R-053,True,tamper
C-00511,2024-05-01,409.29,483.79,R-032,False,none
C-00512,2024-05-01,62.58,1033.21,R-022,False,none
C-00513,2024-05-01,38.7,453.74,R-002,False,none
C-00514,2024-05-01,1558.61,808.28,R-011,False,none
C-00515,2024-05-01,25.4,4074.87,R-029,False,none
C-00516,2024-05-01,1720.05,1955.81,R-025,False,none
C-00517,2024-05-01,446.46,236.86,R-053,False,none
C-00518,2024-05-01,2838.89,513.57,R-048,False,none
C-00519,2024-05-01,98.31,2226.72,R-010,False,none
C-00520,2024-05-01,643.08,551.48,R-036,False,none
C-00521,2024-05-01,901.63,3075.31,R-028,False,none
C-00522,2024-05-01,374.47,325.47,R-007,False,none
C-00523,2024-05-01,129.44,461.82,R-040,False,none
C-00524,2024-05-01,28.05,1295.62,R-033,False,none
C-00525,2024-05-01,550.16,191.58,R-006,False,none
C-00526,2024-05-01,372.4,1177.37,R-029,False,none
C-00527,2024-05-01,450.1,371.51,R-044,False,none
C-00528,2024-05-01,88.1,2793.4,R-020,False,none
C-00529,2024-05-01,764.73,1436.2,R-022,False,none
C-00530,2024-05-01,31.8,1629.24,R-007,False,none
C-00531,2024-05-01,114.44,4380.27,R-013,False,none
C-00532,2024-05-01,214.36,28.0,R-059,False,none
C-00533,2024-05-01,714.9,1820.88,R-038,False,none
C-00534,2024-05-01,91.22,1687.98,R-011,False,none
C-00535,2024-05-01,605.52,2986.56,R-029,False,none
C-00536,2024-05-01,210.34,62.82,R-012,False,none
C-00537,2024-05-01,88.56,2875.41,R-027,False,none
C-00538,2024-05-01,462.35,160.8,R-009,False,none
C-00539,2024-05-01,602.66,1152.9,R-038,False,none
C-00540,2024-05-01,223.86,521.23,R-035,False,none
C-00541,2024-05-01,572.7,4672.41,R-039,False,none
C-00542,2024-05-01,13.36,224.88,R-027,False,none
C-00543,2024-05-01,566.99,146.96,R-018,False,none
C-00544,2024-05-01,914.56,3334.68,R-015,False,none
C-00545,2024-05-01,965.47,600.71,R-013,False,none
C-00546,2024-05-01,495.4,147.53,R-026,False,none
C-00547,2024-05-01,35.77,2381.37,R-028,False,none
C-00548,2024-05-01,271.78,1243.52,R-041,False,none
C-00549,2024-05-01,945.78,2489.32,R-004,False,none
C-00550,2024-05-01,383.08,428.09,R-017,False,none
C-00551,2024-05-01,14.13,2240.62,R-052,True,kunda
C-00552,2024-05-01,152.14,796.56,R-055,False,none
C-00553,2024-05-01,144.18,2472.75,R-056,False,none
C-00554,2024-05-01,205.67,391.93,R-019,False,none
C-00555,2024-05-01,117.67,35.69,R-009,False,none
C-00556,2024-05-01,557.5,978.71,R-012,False,none
C-00557,2024-05-01,397.07,366.47,R-008,False,none
C-00558,2024-05-01,37.03,44.29,R-058,False,none
C-00559,2024-05-01,160.4,52.22,R-054,False,none
C-00560,2024-05-01,115.02,656.53,R-049,False,none
C-00561,2024-05-01,135.14,1595.65,R-044,False,none
C-00562,2024-05-01,2202.29,2360.89,R-021,False,none
C-00563,2024-05-01,74.86,515.52,R-029,False,none
C-00564,2024-05-01,84.71,1144.75,R-051,False,none
C-00565,2024-05-01,135.62,799.06,R-049,False,none
C-00566,2024-05-01,1555.1,2512.9,R-032,False,none
C-00567,2024-05-01,272.57,1704.24,R-051,False,none
C-00568,2024-05-01,13.58,1165.28,R-021,True,kunda
C-00569,2024-05-01,16.06,283.93,R-025,True,kunda
C-00570,2024-05-01,1507.81,388.39,R-051,False,none
C-00571,2024-05-01,213.86,757.19,R-023,False,none
C-00572,2024-05-01,377.07,938.58,R-046,False,none
C-00573,2024-05-01,104.43,4145.38,R-028,False,none
C-00574,2024-05-01,1102.59,738.87,R-018,False,none
C-00575,2024-05-01,953.57,662.15,R-014,False,none
C-00576,2024-05-01,1364.29,1599.52,R-037,False,none
C-00577,2024-05-01,225.2,610.23,R-029,False,none
C-00578,2024-05-01,337.39,220.62,R-023,False,none
C-00579,2024-05-01,485.06,1910.49,R-045,False,none
C-00580,2024-05-01,254.99,747.02,R-001,False,none
C-00581,2024-05-01,251.07,500.23,R-006,False,none
C-00582,2024-05-01,437.68,2763.18,R-058,False,none
C-00583,2024-05-01,135.24,2052.87,R-040,False,none
C-00584,2024-05-01,661.02,2582.07,R-033,False,none
C-00585,2024-05-01,5396.87,2075.16,R-001,False,none
C-00586,2024-05-01,1924.71,2530.25,R-036,False,none
C-00587,2024-05-01,103.97,2962.06,R-027,False,none
C-00588,2024-05-01,185.55,560.56,R-036,False,none
C-00589,2024-05-01,1197.19,461.57,R-003,False,none
C-00590,2024-05-01,82.74,6296.36,R-034,False,none
C-00591,2024-05-01,581.0,1171.01,R-035,False,none
C-00592,2024-05-01,702.09,1859.59,R-018,False,none
C-00593,2024-05-01,215.55,888.36,R-004,False,none
C-00594,2024-05-01,278.01,161.19,R-059,False,none
C-00595,2024-05-01,3364.07,3305.75,R-043,False,none
C-00596,2024-05-01,495.89,2514.99,R-038,False,none
C-00597,2024-05-01,23.39,1759.44,R-047,False,none
C-00598,2024-05-01,83.06,1387.75,R-041,False,none
C-00599,2024-05-01,107.55,1677.39,R-009,False,none
C-00600,2024-05-01,167.53,1175.46,R-028,False,none
C-00601,2024-05-01,85.98,875.42,R-054,False,none
C-00602,2024-05-01,293.79,3833.04,R-018,False,none
C-00603,2024-05-01,731.69,992.23,R-059,False,none
C-00604,2024-05-01,68.78,908.2,R-004,False,none
C-00605,2024-05-01,1258.95,323.11,R-020,False,none
C-00606,2024-05-01,179.79,1949.2,R-022,False,none
C-00607,2024-05-01,306.43,1806.07,R-038,False,none
C-00608,2024-05-01,50.5,2088.98,R-011,False,none
C-00609,2024-05-01,90.05,3.59,R-014,False,none
C-00610,2024-05-01,85.03,3416.66,R-040,False,none
C-00611,2024-05-01,187.35,476.44,R-018,False,none
C-00612,2024-05-01,443.27,2817.94,R-053,False,none
C-00613,2024-05-01,328.53,654.14,R-053,False,none
C-00614,2024-05-01,51.42,2779.77,R-019,False,none
C-00615,2024-05-01,346.84,867.87,R-034,False,none
C-00616,2024-05-01,44.28,1268.46,R-020,False,none
C-00617,2024-05-01,330.54,1664.19,R-021,False,none
C-00618,2024-05-01,555.94,1308.23,R-041,False,none
C-00619,2024-05-01,39.14,375.59,R-018,False,none
C-00620,2024-05-01,104.16,794.53,R-009,False,none
C-00621,2024-05-01,431.67,821.49,R-016,False,none
C-00622,2024-05-01,1024.29,282.12,R-056,False,none
C-00623,2024-05-01,13.59,1947.62,R-016,False,none
C-00624,2024-05-01,920.7,43.1,R-022,False,none
C-00625,2024-05-01,342.0,287.86,R-038,False,none
C-00626,2024-05-01,170.51,640.26,R-007,False,none
C-00627,2024-05-01,183.84,6505.83,R-017,False,none
C-00628,2024-05-01,1414.17,602.12,R-011,False,none
C-00629,2024-05-01,81.77,106.81,R-056,False,none
C-00630,2024-05-01,53.94,1879.35,R-056,False,none
C-00631,2024-05-01,151.58,3123.82,R-046,False,none
C-00632,2024-05-01,16.18,595.05,R-015,False,none
C-00633,2024-05-01,370.31,418.33,R-037,False,none
C-00634,2024-05-01,3342.96,66.2,R-040,False,none
C-00635,2024-05-01,4103.3,928.67,R-053,False,none
C-00636,2024-05-01,339.83,1584.8,R-010,False,none
C-00637,2024-05-01,20.1,1112.39,R-045,False,none
C-00638,2024-05-01,830.65,1366.91,R-012,False,none
C-00639,2024-05-01,1213.79,1176.89,R-035,False,none
C-00640,2024-05-01,226.68,2238.43,R-053,False,none
C-00641,2024-05-01,98.3,325.34,R-004,False,none
C-00642,2024-05-01,1444.81,1724.94,R-009,False,none
C-00643,2024-05-01,77.01,1000.85,R-049,False,none
C-00644,2024-05-01,370.82,1897.88,R-002,False,none
C-00645,2024-05-01,1508.23,2846.94,R-042,False,none
C-00646,2024-05-01,14.82,963.77,R-031,False,none
C-00647,2024-05-01,55.43,390.22,R-021,False,none
C-00648,2024-05-01,191.17,146.79,R-052,False,none
C-00649,2024-05-01,462.86,1893.69,R-051,False,none
C-00650,2024-05-01,208.64,1800.47,R-020,False,none
C-00651,2024-05-01,231.79,2538.94,R-001,False,none
C-00652,2024-05-01,571.68,4250.73,R-008,False,none
C-00653,2024-05-01,2238.03,1986.78,R-007,False,none
C-00654,2024-05-01,1100.9,632.35,R-059,False,none
C-00655,2024-05-01,317.04,1345.58,R-036,False,none
C-00656,2024-05-01,245.43,100.59,R-041,False,none
C-00657,2024-05-01,7871.38,2580.81,R-014,False,none
C-00658,2024-05-01,79.13,2209.71,R-052,True,tamper
C-00659,2024-05-01,1615.09,205.07,R-044,False,none
C-00660,2024-05-01,246.18,1730.44,R-046,False,none
C-00661,2024-05-01,2625.81,2985.8,R-029,False,none
C-00662,2024-05-01,1827.13,5233.0,R-042,False,none
C-00663,2024-05-01,211.54,1173.34,R-033,False,none
C-00664,2024-05-01,1612.65,1335.58,R-024,False,none
C-00665,2024-05-01,380.63,1102.8,R-036,False,none
C-00666,2024-05-01,286.77,211.54,R-020,False,none
C-00667,2024-05-01,239.14,710.99,R-058,False,none
C-00668,2024-05-01,227.43,831.47,R-044,True,tamper
C-00669,2024-05-01,217.5,326.55,R-045,False,none
C-00670,2024-05-01,4594.46,1142.59,R-044,False,none
C-00671,2024-05-01,637.0,2306.52,R-027,False,none
C-00672,2024-05-01,52.75,5044.22,R-058,False,none
C-00673,2024-05-01,119.14,617.03,R-013,False,none
C-00674,2024-05-01,246.34,656.85,R-035,True,tamper
C-00675,2024-05-01,127.15,2217.32,R-005,False,none
C-00676,2024-05-01,68.61,1370.27,R-018,False,none
C-00677,2024-05-01,20.52,415.02,R-035,True,kunda
C-00678,2024-05-01,302.93,551.63,R-030,False,none
C-00679,2024-05-01,53.16,781.17,R-057,False,none
C-00680,2024-05-01,413.3,180.92,R-037,False,none
C-00681,2024-05-01,857.76,1244.37,R-025,False,none
C-00682,2024-05-01,194.31,62.67,R-026,False,none
C-00683,2024-05-01,291.46,1883.76,R-037,False,none
C-00684,2024-05-01,806.08,990.46,R-048,False,none
C-00685,2024-05-01,63.7,1812.79,R-017,False,none
C-00686,2024-05-01,4525.08,142.71,R-036,False,none
C-00687,2024-05-01,328.2,4812.55,R-035,False,none
C-00688,2024-05-01,95.98,168.3,R-001,False,none
C-00689,2024-05-01,492.41,1041.87,R-055,False,none
C-00690,2024-05-01,1946.78,2530.79,R-035,False,none
C-00691,2024-05-01,426.93,471.23,R-015,False,none
C-00692,2024-05-01,22.11,1330.3,R-039,False,none
C-00693,2024-05-01,710.85,2173.99,R-041,False,none
C-00694,2024-05-01,206.21,1199.23,R-055,False,none
C-00695,2024-05-01,156.26,3874.61,R-003,False,none
C-00696,2024-05-01,251.4,426.95,R-025,False,none
C-00697,2024-05-01,484.53,123.57,R-011,True,collusion
C-00698,2024-05-01,309.39,1303.74,R-035,False,none
C-00699,2024-05-01,808.14,908.72,R-031,False,none
C-00700,2024-05-01,442.46,2607.19,R-029,False,none
C-00701,2024-05-01,84.63,1606.99,R-059,False,none
C-00702,2024-05-01,311.46,2742.63,R-032,False,none
C-00703,2024-05-01,34.08,2196.52,R-025,True,kunda
C-00704,2024-05-01,546.04,1863.23,R-005,False,none
C-00705,2024-05-01,436.05,418.05,R-018,False,none
C-00706,2024-05-01,245.49,218.65,R-054,False,none
C-00707,2024-05-01,30.39,489.68,R-028,False,none
C-00708,2024-05-01,81.87,2284.78,R-055,False,none
C-00709,2024-05-01,743.88,2226.87,R-032,False,none
C-00710,2024-05-01,127.46,4370.65,R-033,False,none
C-00711,2024-05-01,62.57,861.34,R-026,False,none
C-00712,2024-05-01,659.88,948.8,R-034,False,none
C-00713,2024-05-01,149.43,649.03,R-005,False,none
C-00714,2024-05-01,413.69,4495.64,R-004,False,none
C-00715,2024-05-01,8.92,998.21,R-029,True,kunda
C-00716,2024-05-01,253.24,1314.06,R-036,False,none
C-00717,2024-05-01,303.74,290.55,R-034,False,none
C-00718,2024-05-01,401.72,1221.83,R-026,False,none
C-00719,2024-05-01,439.49,272.87,R-018,False,none
C-00720,2024-05-01,163.73,1028.64,R-043,False,none
C-00721,2024-05-01,1295.05,1035.89,R-037,False,none
C-00722,2024-05-01,292.5,745.71,R-003,False,none
C-00723,2024-05-01,245.14,1570.64,R-028,False,none
C-00724,2024-05-01,184.46,4249.84,R-043,False,none
C-00725,2024-05-01,292.87,241.28,R-048,False,none
C-00726,2024-05-01,459.17,672.43,R-018,False,none
C-00727,2024-05-01,89.98,448.14,R-056,False,none
C-00728,2024-05-01,10044.79,39.87,R-040,False,none
C-00729,2024-05-01,401.29,1548.32,R-027,False,none
C-00730,2024-05-01,581.19,803.87,R-038,False,none
C-00731,2024-05-01,493.76,6521.94,R-053,False,none
C-00732,2024-05-01,180.39,2998.52,R-014,False,none
C-00733,2024-05-01,78.98,7087.32,R-010,True,tamper
C-00734,2024-05-01,449.97,54.71,R-027,False,none
C-00735,2024-05-01,7.41,265.17,R-006,False,none
C-00736,2024-05-01,232.02,24.52,R-051,False,none
C-00737,2024-05-01,338.72,3271.79,R-059,False,none
C-00738,2024-05-01,394.07,417.02,R-037,False,none
C-00739,2024-05-01,606.01,336.91,R-059,False,none
C-00740,2024-05-01,450.2,34.99,R-005,False,none
C-00741,2024-05-01,788.93,122.25,R-038,False,none
C-00742,2024-05-01,1072.03,876.19,R-027,False,none
C-00743,2024-05-01,43.68,1097.71,R-017,False,none
C-00744,2024-05-01,113.4,507.92,R-019,False,none
C-00745,2024-05-01,130.51,3406.3,R-033,False,none
C-00746,2024-05-01,68.03,123.74,R-039,False,none
C-00747,2024-05-01,3604.19,637.09,R-010,False,none
C-00748,2024-05-01,234.23,5781.87,R-037,False,none
C-00749,2024-05-01,882.1,1679.54,R-056,False,none
C-00750,2024-05-01,96.03,1399.11,R-001,False,none
C-00751,2024-05-01,119.29,2015.48,R-053,False,none
C-00752,2024-05-01,4641.29,293.31,R-037,False,none
C-00753,2024-05-01,9.93,1046.03,R-021,True,kunda
C-00754,2024-05-01,569.16,1643.31,R-045,False,none
C-00755,2024-05-01,626.78,518.9,R-038,False,none
C-00756,2024-05-01,70.92,378.6,R-047,False,none
C-00757,2024-05-01,358.31,1505.25,R-005,False,none
C-00758,2024-05-01,136.8,6153.23,R-004,False,none
C-00759,2024-05-01,146.04,2267.9,R-039,False,none
C-00760,2024-05-01,211.08,4377.35,R-019,False,none
C-00761,2024-05-01,57.4,1414.31,R-015,False,none
C-00762,2024-05-01,347.06,3253.8,R-026,True,tamper
C-00763,2024-05-01,383.59,1007.8,R-044,False,none
C-00764,2024-05-01,535.57,246.43,R-011,False,none
C-00765,2024-05-01,681.77,548.99,R-059,False,none
C-00766,2024-05-01,772.13,1028.62,R-026,False,none
C-00767,2024-05-01,505.18,1703.04,R-010,False,none
C-00768,2024-05-01,2276.65,1384.59,R-005,False,none
C-00769,2024-05-01,321.47,431.12,R-052,False,none
C-00770,2024-05-01,161.33,432.36,R-007,False,none
C-00771,2024-05-01,263.88,958.42,R-026,False,none
C-00772,2024-05-01,418.28,1790.52,R-041,False,none
C-00773,2024-05-01,972.13,2049.21,R-031,False,none
C-00774,2024-05-01,313.75,1884.61,R-016,False,none
C-00775,2024-05-01,363.91,374.98,R-007,False,none
C-00776,2024-05-01,116.5,2077.57,R-043,False,none
C-00777,2024-05-01,273.15,1915.66,R-030,False,none
C-00778,2024-05-01,630.49,256.64,R-003,False,none
C-00779,2024-05-01,240.82,2395.61,R-011,False,none
C-00780,2024-05-01,15.27,575.05,R-034,True,kunda
C-00781,2024-05-01,306.22,3434.37,R-011,False,none
C-00782,2024-05-01,123.59,1330.64,R-024,False,none
C-00783,2024-05-01,174.08,3617.6,R-008,False,none
C-00784,2024-05-01,50.02,478.4,R-048,False,none
C-00785,2024-05-01,385.72,683.37,R-038,False,none
C-00786,2024-05-01,475.02,68.51,R-048,False,none
C-00787,2024-05-01,609.22,1745.43,R-004,False,none
C-00788,2024-05-01,56.96,423.52,R-023,False,none
C-00789,2024-05-01,545.63,1226.97,R-017,False,none
C-00790,2024-05-01,466.91,3097.31,R-038,False,none
C-00791,2024-05-01,1046.22,1604.39,R-050,False,none
C-00792,2024-05-01,243.98,5459.15,R-014,False,none
C-00793,2024-05-01,990.73,3331.13,R-047,False,none
C-00794,2024-05-01,17.91,1182.57,R-035,True,kunda
C-00795,2024-05-01,606.14,1829.31,R-050,False,none
C-00796,2024-05-01,543.17,936.3,R-005,False,none
C-00797,2024-05-01,164.32,1414.19,R-060,False,none
C-00798,2024-05-01,198.0,5750.12,R-027,False,none
C-00799,2024-05-01,491.19,763.13,R-017,False,none
C-00800,2024-05-01,52.98,1810.44,R-011,False,none
C-00801,2024-05-01,389.41,3160.24,R-060,True,collusion
C-00802,2024-05-01,144.55,88.83,R-054,False,none
C-00803,2024-05-01,179.07,242.48,R-008,True,tamper
C-00804,2024-05-01,704.95,89.15,R-027,False,none
C-00805,2024-05-01,264.2,718.76,R-045,False,none
C-00806,2024-05-01,770.85,487.19,R-036,False,none
C-00807,2024-05-01,2705.76,437.56,R-012,False,none
C-00808,2024-05-01,268.49,1331.69,R-022,False,none
C-00809,2024-05-01,317.41,635.39,R-023,False,none
C-00810,2024-05-01,830.11,2210.53,R-018,False,none
C-00811,2024-05-01,2202.35,1035.09,R-058,False,none
C-00812,2024-05-01,168.52,1112.97,R-013,True,tamper
C-00813,2024-05-01,464.1,282.43,R-043,False,none
C-00814,2024-05-01,303.82,1996.6,R-055,False,none
C-00815,2024-05-01,381.2,1363.75,R-048,False,none
C-00816,2024-05-01,57.61,841.34,R-048,False,none
C-00817,2024-05-01,203.85,2034.9,R-010,False,none
C-00818,2024-05-01,38.07,1012.07,R-008,False,none
C-00819,2024-05-01,89.43,1272.01,R-047,False,none
C-00820,2024-05-01,408.4,2939.5,R-045,False,none
C-00821,2024-05-01,46.06,1958.56,R-045,False,none
C-00822,2024-05-01,268.15,174.78,R-026,True,tamper
C-00823,2024-05-01,398.5,164.98,R-032,False,none
C-00824,2024-05-01,322.76,1445.7,R-001,False,none
C-00825,2024-05-01,607.87,446.88,R-018,False,none
C-00826,2024-05-01,487.46,200.06,R-032,False,none
C-00827,2024-05-01,85.87,3824.7,R-008,False,none
C-00828,2024-05-01,846.02,1487.27,R-008,False,none
C-00829,2024-05-01,4328.32,430.22,R-003,False,none
C-00830,2024-05-01,356.3,993.49,R-013,False,none
C-00831,2024-05-01,351.34,706.47,R-060,False,none
C-00832,2024-05-01,258.96,116.24,R-042,False,none
C-00833,2024-05-01,938.28,3981.72,R-057,False,none
C-00834,2024-05-01,519.78,3730.12,R-016,False,none
C-00835,2024-05-01,31.55,2629.51,R-036,True,kunda
C-00836,2024-05-01,267.95,947.6,R-054,False,none
C-00837,2024-05-01,82.41,199.88,R-022,False,none
C-00838,2024-05-01,266.99,1606.82,R-040,False,none
C-00839,2024-05-01,416.1,1925.99,R-042,False,none
C-00840,2024-05-01,604.74,419.16,R-050,False,none
C-00841,2024-05-01,412.52,391.87,R-059,False,none
C-00842,2024-05-01,244.94,1542.64,R-037,True,tamper
C-00843,2024-05-01,1884.41,1497.56,R-035,False,none
C-00844,2024-05-01,452.67,265.91,R-053,False,none
C-00845,2024-05-01,1268.08,1330.9,R-042,False,none
C-00846,2024-05-01,24.26,2800.14,R-022,False,none
C-00847,2024-05-01,16.11,310.29,R-038,False,none
C-00848,2024-05-01,498.26,466.06,R-033,False,none
C-00849,2024-05-01,162.63,204.26,R-014,False,none
C-00850,2024-05-01,220.91,1817.39,R-031,False,none
C-00851,2024-05-01,977.61,646.95,R-038,False,none
C-00852,2024-05-01,154.99,1115.56,R-055,False,none
C-00853,2024-05-01,636.26,600.57,R-035,False,none
C-00854,2024-05-01,2810.15,549.89,R-010,False,none
C-00855,2024-05-01,54.6,293.67,R-060,False,none
C-00856,2024-05-01,424.29,1222.87,R-035,False,none
C-00857,2024-05-01,1850.0,777.45,R-018,False,none
C-00858,2024-05-01,308.1,2705.94,R-046,False,none
C-00859,2024-05-01,41.32,1518.01,R-024,False,none
C-00860,2024-05-01,204.4,1025.41,R-023,False,none
C-00861,2024-05-01,83.35,775.61,R-051,False,none
C-00862,2024-05-01,349.48,112.39,R-053,False,none
C-00863,2024-05-01,138.29,1286.57,R-032,False,none
C-00864,2024-05-01,61.26,1097.75,R-023,True,kunda
C-00865,2024-05-01,963.98,3461.84,R-052,False,none
C-00866,2024-05-01,324.33,482.14,R-011,False,none
C-00867,2024-05-01,140.07,6005.61,R-045,False,none
C-00868,2024-05-01,97.39,520.02,R-036,False,none
C-00869,2024-05-01,3493.27,1265.23,R-052,False,none
C-00870,2024-05-01,189.53,1415.22,R-026,False,none
C-00871,2024-05-01,127.22,1421.06,R-050,False,none
C-00872,2024-05-01,284.8,164.11,R-001,False,none
C-00873,2024-05-01,580.25,275.56,R-046,False,none
C-00874,2024-05-01,436.9,2273.57,R-005,False,none
C-00875,2024-05-01,37.44,179.2,R-039,False,none
C-00876,2024-05-01,270.29,1368.9,R-012,False,none
C-00877,2024-05-01,80.76,367.56,R-058,False,none
C-00878,2024-05-01,189.9,3454.8,R-047,False,none
C-00879,2024-05-01,478.54,711.69,R-007,False,none
C-00880,2024-05-01,164.87,1941.16,R-054,False,none
C-00881,2024-05-01,118.35,361.51,R-016,False,none
C-00882,2024-05-01,805.98,232.58,R-033,True,collusion
C-00883,2024-05-01,195.69,2444.57,R-006,False,none
C-00884,2024-05-01,105.02,1046.27,R-007,False,none
C-00885,2024-05-01,8639.89,1041.25,R-015,False,none
C-00886,2024-05-01,648.6,1158.07,R-033,False,none
C-00887,2024-05-01,415.28,772.08,R-033,False,none
C-00888,2024-05-01,330.28,1353.37,R-052,False,none
C-00889,2024-05-01,615.35,614.78,R-010,False,none
C-00890,2024-05-01,226.45,528.51,R-045,False,none
C-00891,2024-05-01,338.13,4639.12,R-001,False,none
C-00892,2024-05-01,157.96,34.44,R-018,False,none
C-00893,2024-05-01,282.59,344.76,R-011,False,none
C-00894,2024-05-01,37.64,147.46,R-008,False,none
C-00895,2024-05-01,110.66,702.29,R-036,False,none
C-00896,2024-05-01,77.47,5448.02,R-055,False,none
C-00897,2024-05-01,471.23,366.53,R-041,False,none
C-00898,2024-05-01,196.36,782.11,R-052,False,none
C-00899,2024-05-01,1638.6,2095.1,R-036,False,none
C-00900,2024-05-01,791.75,1069.17,R-004,False,none
C-00901,2024-05-01,72.95,849.29,R-021,False,none
C-00902,2024-05-01,427.59,207.5,R-050,False,none
C-00903,2024-05-01,464.77,478.07,R-003,False,none
C-00904,2024-05-01,204.95,2628.26,R-006,False,none
C-00905,2024-05-01,764.63,2227.57,R-051,False,none
C-00906,2024-05-01,268.41,2875.48,R-004,False,none
C-00907,2024-05-01,84.69,5136.98,R-058,False,none
C-00908,2024-05-01,421.96,80.68,R-046,False,none
C-00909,2024-05-01,624.98,3681.95,R-040,False,none
C-00910,2024-05-01,330.03,1785.25,R-033,False,none
C-00911,2024-05-01,866.23,1273.82,R-006,False,none
C-00912,2024-05-01,406.59,1322.31,R-025,False,none
C-00913,2024-05-01,237.05,156.88,R-049,False,none
C-00914,2024-05-01,440.04,702.03,R-055,False,none
C-00915,2024-05-01,945.81,782.14,R-027,False,none
C-00916,2024-05-01,1191.51,603.4,R-051,True,tamper
C-00917,2024-05-01,946.76,5469.52,R-047,False,none
C-00918,2024-05-01,209.85,2118.73,R-004,False,none
C-00919,2024-05-01,73.41,3315.13,R-038,True,tamper
C-00920,2024-05-01,1719.3,3132.84,R-037,False,none
C-00921,2024-05-01,887.64,1750.63,R-033,False,none
C-00922,2024-05-01,556.48,330.23,R-047,False,none
C-00923,2024-05-01,296.67,555.86,R-054,False,none
C-00924,2024-05-01,66.35,767.21,R-034,True,kunda
C-00925,2024-05-01,646.74,660.99,R-020,False,none
C-00926,2024-05-01,137.53,1531.47,R-059,False,none
C-00927,2024-05-01,380.28,1623.21,R-058,False,none
C-00928,2024-05-01,320.81,7704.79,R-042,False,none
C-00929,2024-05-01,184.98,61.49,R-039,True,tamper
C-00930,2024-05-01,364.7,215.3,R-007,False,none
C-00931,2024-05-01,276.23,1294.37,R-025,False,none
C-00932,2024-05-01,657.15,12500.81,R-012,False,none
C-00933,2024-05-01,246.87,5924.22,R-031,False,none
C-00934,2024-05-01,4.61,173.48,R-050,True,kunda
C-00935,2024-05-01,86.69,440.78,R-014,False,none
C-00936,2024-05-01,112.85,165.68,R-060,False,none
C-00937,2024-05-01,294.47,239.82,R-008,False,none
C-00938,2024-05-01,509.87,1666.48,R-006,False,none
C-00939,2024-05-01,53.82,231.06,R-059,False,none
C-00940,2024-05-01,282.46,482.02,R-007,False,none
C-00941,2024-05-01,138.99,2044.08,R-045,False,none
C-00942,2024-05-01,301.03,551.26,R-046,False,none
C-00943,2024-05-01,346.13,224.65,R-020,False,none
C-00944,2024-05-01,546.31,2365.45,R-004,False,none
C-00945,2024-05-01,456.93,1673.21,R-019,False,none
C-00946,2024-05-01,238.58,869.15,R-005,False,none
C-00947,2024-05-01,374.55,570.49,R-041,True,collusion
C-00948,2024-05-01,14.79,618.51,R-054,True,kunda
C-00949,2024-05-01,2608.77,3343.61,R-060,False,none
C-00950,2024-05-01,321.41,408.44,R-049,False,none
C-00951,2024-05-01,854.74,1685.72,R-047,True,tamper
C-00952,2024-05-01,15816.57,2096.38,R-053,False,none
C-00953,2024-05-01,102.92,866.71,R-047,False,none
C-00954,2024-05-01,425.97,818.67,R-040,False,none
C-00955,2024-05-01,546.68,2710.66,R-060,False,none
C-00956,2024-05-01,4169.25,247.54,R-020,False,none
C-00957,2024-05-01,90.18,1072.7,R-025,False,none
C-00958,2024-05-01,167.95,1471.9,R-055,False,none
C-00959,2024-05-01,315.29,1550.37,R-019,True,tamper
C-00960,2024-05-01,192.07,4053.69,R-018,False,none
C-00961,2024-05-01,244.35,894.91,R-010,False,none
C-00962,2024-05-01,46.87,2485.45,R-017,False,none
C-00963,2024-05-01,4604.49,904.87,R-036,False,none
C-00964,2024-05-01,737.58,420.83,R-054,False,none
C-00965,2024-05-01,44.76,1090.88,R-009,False,none
C-00966,2024-05-01,1038.25,377.49,R-041,False,none
C-00967,2024-05-01,301.89,766.65,R-046,False,none
C-00968,2024-05-01,21.43,1363.62,R-054,False,none
C-00969,2024-05-01,177.04,3307.01,R-046,False,none
C-00970,2024-05-01,790.81,232.98,R-010,False,none
C-00971,2024-05-01,173.21,2299.3,R-030,True,tamper
C-00972,2024-05-01,1095.65,1852.0,R-058,False,none
C-00973,2024-05-01,258.55,73.79,R-055,False,none
C-00974,2024-05-01,266.43,1526.68,R-037,True,tamper
C-00975,2024-05-01,138.62,3259.9,R-058,False,none
C-00976,2024-05-01,61.52,3576.25,R-041,False,none
C-00977,2024-05-01,293.9,2773.96,R-004,True,collusion
C-00978,2024-05-01,139.33,545.14,R-055,False,none
C-00979,2024-05-01,252.48,166.34,R-011,True,collusion
C-00980,2024-05-01,17.4,913.19,R-023,True,kunda
C-00981,2024-05-01,992.22,1834.97,R-015,False,none
C-00982,2024-05-01,78.44,42.17,R-044,False,none
C-00983,2024-05-01,355.76,1063.77,R-002,False,none
C-00984,2024-05-01,114.23,7.84,R-039,False,none
C-00985,2024-05-01,394.27,615.46,R-052,False,none
C-00986,2024-05-01,130.43,2936.13,R-048,False,none
C-00987,2024-05-01,103.13,722.32,R-019,True,kunda
C-00988,2024-05-01,42.45,829.54,R-054,False,none
C-00989,2024-05-01,49.89,1914.89,R-022,False,none
C-00990,2024-05-01,34.14,20.61,R-041,False,none
C-00991,2024-05-01,76.87,1064.33,R-031,False,none
C-00992,2024-05-01,382.4,776.67,R-005,False,none
C-00993,2024-05-01,593.2,18.64,R-001,False,none
C-00994,2024-05-01,4221.6,1332.4,R-011,False,none
C-00995,2024-05-01,120.41,1236.11,R-057,False,none
C-00996,2024-05-01,262.11,2518.34,R-058,False,none
C-00997,2024-05-01,112.76,1731.61,R-025,True,tamper
C-00998,2024-05-01,444.96,4078.75,R-059,False,none
C-00999,2024-05-01,491.09,857.61,R-003,True,tamper
C-01000,2024-05-01,301.95,1628.78,R-059,False,none
C-01001,2024-05-01,647.37,1661.55,R-014,False,none
C-01002,2024-05-01,945.4,2322.5,R-003,False,none
C-01003,2024-05-01,781.5,1005.96,R-046,False,none
C-01004,2024-05-01,1372.17,191.24,R-023,False,none
C-01005,2024-05-01,124.27,909.57,R-018,False,none
C-01006,2024-05-01,678.25,36.55,R-046,False,none
C-01007,2024-05-01,150.0,16.55,R-020,False,none
C-01008,2024-05-01,1214.66,1907.18,R-046,False,none
C-01009,2024-05-01,358.76,2120.83,R-012,False,none
C-01010,2024-05-01,360.38,1501.92,R-006,False,none
C-01011,2024-05-01,31.11,463.15,R-020,False,none
C-01012,2024-05-01,960.91,55.81,R-037,False,none
C-01013,2024-05-01,20.98,490.15,R-014,False,none
C-01014,2024-05-01,390.91,1498.06,R-009,False,none
C-01015,2024-05-01,102.98,575.88,R-045,False,none
C-01016,2024-05-01,155.86,444.11,R-030,False,none
C-01017,2024-05-01,2393.68,1061.0,R-026,False,none
C-01018,2024-05-01,247.61,1838.4,R-015,False,none
C-01019,2024-05-01,296.63,1930.58,R-002,False,none
C-01020,2024-05-01,447.98,844.44,R-004,False,none
C-01021,2024-05-01,485.94,794.58,R-041,False,none
C-01022,2024-05-01,829.7,206.94,R-005,False,none
C-01023,2024-05-01,441.05,632.47,R-015,False,none
C-01024,2024-05-01,2740.59,2429.54,R-055,False,none
C-01025,2024-05-01,53.45,1285.84,R-021,False,none
C-01026,2024-05-01,579.89,3762.68,R-045,False,none
C-01027,2024-05-01,335.61,3424.73,R-021,False,none
C-01028,2024-05-01,516.52,842.03,R-056,False,none
C-01029,2024-05-01,392.12,3185.43,R-050,False,none
C-01030,2024-05-01,93.14,284.44,R-029,False,none
C-01031,2024-05-01,101.12,420.74,R-042,False,none
C-01032,2024-05-01,21.02,1196.41,R-025,False,none
C-01033,2024-05-01,73.15,944.94,R-057,False,none
C-01034,2024-05-01,12.2,2074.45,R-022,False,none
C-01035,2024-05-01,29.49,408.48,R-051,False,none
C-01036,2024-05-01,118.02,3165.78,R-037,True,kunda
C-01037,2024-05-01,53.11,1296.65,R-039,False,none
C-01038,2024-05-01,324.77,587.96,R-022,False,none
C-01039,2024-05-01,324.71,51.04,R-050,False,none
C-01040,2024-05-01,219.92,4014.58,R-045,False,none
C-01041,2024-05-01,292.94,812.03,R-049,False,none
C-01042,2024-05-01,135.83,549.65,R-049,False,none
C-01043,2024-05-01,75.63,832.6,R-010,False,none
C-01044,2024-05-01,73.11,238.4,R-053,False,none
C-01045,2024-05-01,787.87,3830.5,R-051,False,none
C-01046,2024-05-01,745.64,1725.49,R-015,False,none
C-01047,2024-05-01,258.13,34.83,R-059,False,none
C-01048,2024-05-01,251.33,79.0,R-032,False,none
C-01049,2024-05-01,176.22,4219.54,R-020,False,none
C-01050,2024-05-01,104.73,621.44,R-014,False,none
C-01051,2024-05-01,312.92,11164.27,R-022,False,none
C-01052,2024-05-01,43.78,227.84,R-003,False,none
C-01053,2024-05-01,360.84,4521.09,R-042,False,none
C-01054,2024-05-01,1071.08,712.36,R-043,False,none
C-01055,2024-05-01,79.72,447.07,R-041,False,none
C-01056,2024-05-01,123.48,1830.58,R-033,False,none
C-01057,2024-05-01,83.31,465.91,R-022,False,none
C-01058,2024-05-01,12.41,1010.53,R-044,False,none
C-01059,2024-05-01,388.72,1020.92,R-053,False,none
C-01060,2024-05-01,168.03,2025.46,R-006,False,none
C-01061,2024-05-01,100.28,1170.48,R-023,False,none
C-01062,2024-05-01,139.73,887.08,R-060,False,none
C-01063,2024-05-01,491.96,139.53,R-052,False,none
C-01064,2024-05-01,42.99,1578.47,R-060,False,none
C-01065,2024-05-01,688.83,919.67,R-011,False,none
C-01066,2024-05-01,35.23,1055.36,R-028,True,tamper
C-01067,2024-05-01,531.36,3521.57,R-008,False,none
C-01068,2024-05-01,123.46,494.39,R-052,False,none
C-01069,2024-05-01,113.21,889.81,R-032,False,none
C-01070,2024-05-01,204.22,734.96,R-015,False,none
C-01071,2024-05-01,396.77,797.92,R-006,False,none
C-01072,2024-05-01,101.2,1228.74,R-045,False,none
C-01073,2024-05-01,465.28,1352.49,R-049,False,none
C-01074,2024-05-01,480.03,111.16,R-053,False,none
C-01075,2024-05-01,449.95,825.27,R-059,False,none
C-01076,2024-05-01,724.91,1390.52,R-049,False,none
C-01077,2024-05-01,49.1,1616.35,R-048,False,none
C-01078,2024-05-01,502.21,1795.68,R-049,False,none
C-01079,2024-05-01,494.71,338.52,R-060,False,none
C-01080,2024-05-01,70.56,953.66,R-028,True,tamper
C-01081,2024-05-01,1110.75,670.59,R-046,False,none
C-01082,2024-05-01,2039.13,1092.02,R-050,False,none
C-01083,2024-05-01,91.38,1421.9,R-007,False,none
C-01084,2024-05-01,17.44,6158.71,R-042,False,none
C-01085,2024-05-01,620.3,3131.04,R-021,False,none
C-01086,2024-05-01,234.87,507.22,R-008,False,none
C-01087,2024-05-01,316.02,789.77,R-011,False,none
C-01088,2024-05-01,513.96,2458.95,R-007,False,none
C-01089,2024-05-01,48.94,42.83,R-054,False,none
C-01090,2024-05-01,170.82,94.1,R-047,True,tamper
C-01091,2024-05-01,248.95,833.8,R-007,False,none
C-01092,2024-05-01,150.58,100.93,R-038,False,none
C-01093,2024-05-01,162.11,1453.69,R-040,False,none
C-01094,2024-05-01,502.91,86.59,R-032,False,none
C-01095,2024-05-01,450.18,156.91,R-037,False,none
C-01096,2024-05-01,741.37,131.02,R-055,False,none
C-01097,2024-05-01,480.44,1848.95,R-032,False,none
C-01098,2024-05-01,478.32,1247.54,R-040,False,none
C-01099,2024-05-01,68.56,119.64,R-035,False,none
C-01100,2024-05-01,114.77,2423.72,R-024,False,none
C-01101,2024-05-01,77.0,4.36,R-054,False,none
C-01102,2024-05-01,390.96,3079.13,R-025,False,none
C-01103,2024-05-01,96.52,369.2,R-048,False,none
C-01104,2024-05-01,65.36,1606.66,R-037,False,none
C-01105,2024-05-01,1238.83,1089.39,R-042,False,none
C-01106,2024-05-01,991.8,1078.39,R-046,False,none
C-01107,2024-05-01,277.21,415.35,R-045,False,none
C-01108,2024-05-01,453.69,832.95,R-034,False,none
C-01109,2024-05-01,326.29,2048.74,R-037,False,none
C-01110,2024-05-01,83.56,1989.19,R-031,False,none
C-01111,2024-05-01,279.28,285.05,R-021,False,none
C-01112,2024-05-01,5014.24,756.14,R-044,False,none
C-01113,2024-05-01,5913.67,898.82,R-053,False,none
C-01114,2024-05-01,323.43,740.45,R-043,False,none
C-01115,2024-05-01,319.78,4565.85,R-047,False,none
C-01116,2024-05-01,1742.66,19.91,R-050,False,none
C-01117,2024-05-01,1140.38,608.3,R-023,False,none
C-01118,2024-05-01,213.64,1754.87,R-004,False,none
C-01119,2024-05-01,43.76,3217.8,R-021,False,none
C-01120,2024-05-01,845.01,5469.71,R-046,False,none
C-01121,2024-05-01,482.04,2051.62,R-049,False,none
C-01122,2024-05-01,18.45,402.12,R-031,False,none
C-01123,2024-05-01,5830.37,2409.08,R-047,False,none
C-01124,2024-05-01,2170.61,1273.31,R-005,False,none
C-01125,2024-05-01,1028.89,244.61,R-039,False,none
C-01126,2024-05-01,492.72,410.59,R-041,False,none
C-01127,2024-05-01,89.21,523.73,R-031,False,none
C-01128,2024-05-01,402.58,678.31,R-043,False,none
C-01129,2024-05-01,223.6,2331.35,R-030,False,none
C-01130,2024-05-01,565.46,1743.02,R-032,False,none
C-01131,2024-05-01,141.52,1739.97,R-037,False,none
C-01132,2024-05-01,297.33,2559.66,R-048,False,none
C-01133,2024-05-01,210.21,2361.19,R-015,False,none
C-01134,2024-05-01,493.96,458.04,R-019,False,none
C-01135,2024-05-01,164.32,674.38,R-026,False,none
C-01136,2024-05-01,493.59,1918.04,R-013,False,none
C-01137,2024-05-01,73.72,2613.29,R-021,False,none
C-01138,2024-05-01,142.43,1998.87,R-022,False,none
C-01139,2024-05-01,1373.51,1684.04,R-019,False,none
C-01140,2024-05-01,21.45,661.8,R-025,False,none
C-01141,2024-05-01,133.81,930.92,R-031,False,none
C-01142,2024-05-01,559.02,165.56,R-042,False,none
C-01143,2024-05-01,496.92,1643.95,R-019,False,none
C-01144,2024-05-01,18.66,305.14,R-051,False,none
C-01145,2024-05-01,613.58,3126.1,R-029,False,none
C-01146,2024-05-01,637.3,96.36,R-044,False,none
C-01147,2024-05-01,201.82,133.02,R-007,False,none
C-01148,2024-05-01,196.78,1707.85,R-011,False,none
C-01149,2024-05-01,432.03,550.13,R-028,False,none
C-01150,2024-05-01,400.63,571.98,R-022,False,none
C-01151,2024-05-01,41.93,1604.62,R-030,False,none
C-01152,2024-05-01,488.7,1247.58,R-010,False,none
C-01153,2024-05-01,702.19,614.03,R-029,False,none
C-01154,2024-05-01,633.8,800.22,R-042,False,none
C-01155,2024-05-01,526.81,200.87,R-044,False,none
C-01156,2024-05-01,668.95,380.86,R-015,False,none
C-01157,2024-05-01,566.14,1252.25,R-021,False,none
C-01158,2024-05-01,221.24,1872.61,R-032,False,none
C-01159,2024-05-01,717.34,1697.23,R-032,False,none
C-01160,2024-05-01,161.99,1213.25,R-048,False,none
C-01161,2024-05-01,241.71,1856.74,R-024,False,none
C-01162,2024-05-01,118.45,767.0,R-041,False,none
C-01163,2024-05-01,999.07,2748.82,R-054,False,none
C-01164,2024-05-01,148.26,1143.76,R-018,False,none
C-01165,2024-05-01,167.07,2523.15,R-050,False,none
C-01166,2024-05-01,13.4,1857.4,R-020,True,kunda
C-01167,2024-05-01,401.13,2641.52,R-021,False,none
C-01168,2024-05-01,115.84,113.46,R-040,False,none
C-01169,2024-05-01,137.01,172.6,R-038,False,none
C-01170,2024-05-01,2027.88,2613.56,R-033,False,none
C-01171,2024-05-01,816.21,1459.09,R-014,False,none
C-01172,2024-05-01,201.51,2480.21,R-006,False,none
C-01173,2024-05-01,626.7,70.54,R-055,False,none
C-01174,2024-05-01,190.07,985.21,R-053,False,none
C-01175,2024-05-01,102.93,424.65,R-054,False,none
C-01176,2024-05-01,48.91,127.17,R-031,False,none
C-01177,2024-05-01,17.93,1390.37,R-054,False,none
C-01178,2024-05-01,913.65,676.54,R-029,False,none
C-01179,2024-05-01,458.57,3083.9,R-005,False,none
C-01180,2024-05-01,471.53,749.02,R-012,False,none
C-01181,2024-05-01,362.52,1733.7,R-017,False,none
C-01182,2024-05-01,422.18,129.35,R-023,False,none
C-01183,2024-05-01,543.18,419.87,R-057,False,none
C-01184,2024-05-01,332.58,117.07,R-020,True,tamper
C-01185,2024-05-01,15.33,1410.59,R-037,False,none
C-01186,2024-05-01,286.34,1068.35,R-017,False,none
C-01187,2024-05-01,410.2,4886.92,R-039,False,none
C-01188,2024-05-01,256.44,196.43,R-035,False,none
C-01189,2024-05-01,21.75,846.14,R-010,False,none
C-01190,2024-05-01,583.11,165.48,R-028,False,none
C-01191,2024-05-01,171.07,1425.15,R-007,False,none
C-01192,2024-05-01,303.3,990.25,R-054,False,none
C-01193,2024-05-01,161.93,808.0,R-043,False,none
C-01194,2024-05-01,279.28,575.86,R-057,False,none
C-01195,2024-05-01,933.13,2759.31,R-053,False,none
C-01196,2024-05-01,1955.89,262.13,R-014,False,none
C-01197,2024-05-01,68.5,1649.44,R-043,False,none
C-01198,2024-05-01,1265.94,188.63,R-007,False,none
C-01199,2024-05-01,352.9,236.09,R-058,False,none
C-01200,2024-05-01,2126.61,303.0,R-048,False,none
C-01201,2024-05-01,9090.77,236.01,R-041,False,none
C-01202,2024-05-01,311.31,567.4,R-060,False,none
C-01203,2024-05-01,13.38,488.94,R-051,False,none
C-01204,2024-05-01,1151.55,740.38,R-052,False,none
C-01205,2024-05-01,2812.17,867.74,R-007,False,none
C-01206,2024-05-01,6302.49,755.46,R-002,False,none
C-01207,2024-05-01,629.78,5679.17,R-058,False,none
C-01208,2024-05-01,142.22,505.13,R-016,False,none
C-01209,2024-05-01,93.12,343.23,R-026,False,none
C-01210,2024-05-01,361.98,707.98,R-003,False,none
C-01211,2024-05-01,19.9,2500.18,R-038,True,kunda
C-01212,2024-05-01,893.35,1109.67,R-050,False,none
C-01213,2024-05-01,70.1,372.84,R-051,False,none
C-01214,2024-05-01,294.01,2174.14,R-035,False,none
C-01215,2024-05-01,577.85,963.5,R-040,False,none
C-01216,2024-05-01,172.17,353.25,R-031,False,none
C-01217,2024-05-01,257.47,877.28,R-027,False,none
C-01218,2024-05-01,492.15,1236.74,R-034,False,none
C-01219,2024-05-01,215.75,66.51,R-057,False,none
C-01220,2024-05-01,30.03,2131.26,R-016,False,none
C-01221,2024-05-01,163.57,1909.39,R-029,False,none
C-01222,2024-05-01,1310.87,110.71,R-037,False,none
C-01223,2024-05-01,350.6,134.79,R-035,False,none
C-01224,2024-05-01,43.33,4938.48,R-002,False,none
C-01225,2024-05-01,215.69,2006.39,R-018,False,none
C-01226,2024-05-01,59.55,1430.23,R-039,False,none
C-01227,2024-05-01,190.35,833.82,R-042,False,none
C-01228,2024-05-01,1364.7,5047.76,R-045,False,none
C-01229,2024-05-01,86.53,1467.79,R-060,False,none
C-01230,2024-05-01,359.36,692.3,R-041,False,none
C-01231,2024-05-01,1177.13,479.4,R-035,False,none
C-01232,2024-05-01,208.39,1465.0,R-020,False,none
C-01233,2024-05-01,217.3,901.11,R-023,False,none
C-01234,2024-05-01,299.43,663.91,R-050,False,none
C-01235,2024-05-01,748.03,695.87,R-029,False,none
C-01236,2024-05-01,1471.36,42.82,R-043,False,none
C-01237,2024-05-01,617.96,4180.43,R-008,False,none
C-01238,2024-05-01,411.97,1587.79,R-008,False,none
C-01239,2024-05-01,4841.11,412.63,R-013,False,none
C-01240,2024-05-01,386.88,2173.45,R-012,False,none
C-01241,2024-05-01,459.97,1143.9,R-037,False,none
C-01242,2024-05-01,85.2,4301.48,R-039,False,none
C-01243,2024-05-01,402.41,2114.43,R-034,False,none
C-01244,2024-05-01,36.8,3428.87,R-018,True,kunda
C-01245,2024-05-01,142.29,2891.68,R-035,False,none
C-01246,2024-05-01,708.97,472.76,R-008,False,none
C-01247,2024-05-01,399.3,1946.25,R-029,False,none
C-01248,2024-05-01,46.01,315.12,R-010,False,none
C-01249,2024-05-01,570.87,668.65,R-005,False,none
C-01250,2024-05-01,259.19,215.3,R-010,False,none
C-01251,2024-05-01,1269.58,757.59,R-007,False,none
C-01252,2024-05-01,243.45,2165.19,R-029,False,none
C-01253,2024-05-01,1576.21,201.86,R-033,False,none
C-01254,2024-05-01,207.3,1771.34,R-037,True,tamper
C-01255,2024-05-01,463.21,7502.9,R-027,False,none
C-01256,2024-05-01,251.62,1002.8,R-011,False,none
C-01257,2024-05-01,368.17,245.49,R-002,False,none
C-01258,2024-05-01,97.91,706.6,R-043,True,tamper
C-01259,2024-05-01,380.77,132.28,R-059,False,none
C-01260,2024-05-01,82.02,7939.22,R-017,False,none
C-01261,2024-05-01,1087.25,1417.68,R-013,False,none
C-01262,2024-05-01,814.05,1695.29,R-019,False,none
C-01263,2024-05-01,365.67,261.95,R-013,False,none
C-01264,2024-05-01,87.97,475.75,R-014,False,none
C-01265,2024-05-01,333.04,917.29,R-030,False,none
C-01266,2024-05-01,179.18,1123.93,R-048,False,none
C-01267,2024-05-01,603.61,666.8,R-043,False,none
C-01268,2024-05-01,189.53,2445.64,R-058,False,none
C-01269,2024-05-01,340.56,1121.23,R-022,False,none
C-01270,2024-05-01,765.0,2341.71,R-030,False,none
C-01271,2024-05-01,533.76,497.75,R-023,False,none
C-01272,2024-05-01,773.12,733.02,R-003,False,none
C-01273,2024-05-01,45.61,973.55,R-024,False,none
C-01274,2024-05-01,85.39,2302.11,R-016,False,none
C-01275,2024-05-01,455.66,260.01,R-029,False,none
C-01276,2024-05-01,424.48,1673.26,R-010,False,none
C-01277,2024-05-01,464.62,19.52,R-045,False,none
C-01278,2024-05-01,135.98,175.64,R-051,False,none
C-01279,2024-05-01,733.11,2715.37,R-058,False,none
C-01280,2024-05-01,613.06,583.78,R-006,False,none
C-01281,2024-05-01,4.1,1611.67,R-008,True,kunda
C-01282,2024-05-01,25.3,4099.98,R-058,False,none
C-01283,2024-05-01,90.93,517.26,R-051,False,none
C-01284,2024-05-01,21.06,6366.1,R-036,False,none
C-01285,2024-05-01,175.53,6163.14,R-020,True,tamper
C-01286,2024-05-01,944.93,2274.62,R-032,False,none
C-01287,2024-05-01,828.83,3293.99,R-033,False,none
C-01288,2024-05-01,68.53,345.33,R-051,False,none
C-01289,2024-05-01,314.2,750.08,R-032,False,none
C-01290,2024-05-01,34.88,823.73,R-002,False,none
C-01291,2024-05-01,25.42,459.16,R-042,True,kunda
C-01292,2024-05-01,230.3,299.02,R-047,False,none
C-01293,2024-05-01,506.13,1569.33,R-018,False,none
C-01294,2024-05-01,98.83,2986.95,R-007,False,none
C-01295,2024-05-01,4775.96,4633.63,R-009,False,none
C-01296,2024-05-01,395.42,3705.91,R-051,False,none
C-01297,2024-05-01,296.76,165.47,R-027,False,none
C-01298,2024-05-01,116.5,3068.2,R-032,False,none
C-01299,2024-05-01,191.35,227.06,R-058,False,none
C-01300,2024-05-01,291.44,1498.44,R-004,True,collusion
C-01301,2024-05-01,7135.64,1965.29,R-013,False,none
C-01302,2024-05-01,492.04,41.09,R-050,False,none
C-01303,2024-05-01,116.76,1275.1,R-033,True,collusion
C-01304,2024-05-01,1612.34,2213.16,R-002,False,none
C-01305,2024-05-01,144.75,490.61,R-043,False,none
C-01306,2024-05-01,502.0,829.46,R-009,False,none
C-01307,2024-05-01,724.81,12264.52,R-047,False,none
C-01308,2024-05-01,1070.72,236.71,R-048,False,none
C-01309,2024-05-01,57.33,226.58,R-050,False,none
C-01310,2024-05-01,186.67,187.61,R-028,False,none
C-01311,2024-05-01,1534.39,208.81,R-017,False,none
C-01312,2024-05-01,330.9,289.31,R-053,False,none
C-01313,2024-05-01,307.36,696.78,R-034,False,none
C-01314,2024-05-01,209.43,739.53,R-039,False,none
C-01315,2024-05-01,310.55,3787.76,R-009,False,none
C-01316,2024-05-01,320.88,1287.5,R-038,False,none
C-01317,2024-05-01,455.83,680.11,R-035,False,none
C-01318,2024-05-01,3362.44,2218.21,R-018,True,tamper
C-01319,2024-05-01,779.67,2599.38,R-047,False,none
C-01320,2024-05-01,338.49,28.03,R-009,False,none
C-01321,2024-05-01,157.79,326.57,R-044,False,none
C-01322,2024-05-01,23.75,653.67,R-058,False,none
C-01323,2024-05-01,274.4,1139.28,R-035,False,none
C-01324,2024-05-01,1762.19,2205.02,R-007,False,none
C-01325,2024-05-01,373.63,631.84,R-034,False,none
C-01326,2024-05-01,327.03,1468.73,R-032,False,none
C-01327,2024-05-01,4460.62,62.14,R-034,False,none
C-01328,2024-05-01,178.03,4620.35,R-017,False,none
C-01329,2024-05-01,941.83,3052.86,R-038,False,none
C-01330,2024-05-01,68.28,114.11,R-016,False,none
C-01331,2024-05-01,101.51,619.37,R-034,False,none
C-01332,2024-05-01,706.61,4548.3,R-036,False,none
C-01333,2024-05-01,271.76,208.94,R-039,False,none
C-01334,2024-05-01,310.15,1731.23,R-048,False,none
C-01335,2024-05-01,986.79,366.81,R-053,False,none
C-01336,2024-05-01,607.68,227.29,R-047,False,none
C-01337,2024-05-01,251.15,1534.43,R-048,False,none
C-01338,2024-05-01,226.17,1095.33,R-053,False,none
C-01339,2024-05-01,211.88,254.3,R-015,False,none
C-01340,2024-05-01,235.91,1037.89,R-018,False,none
C-01341,2024-05-01,854.13,4394.16,R-032,False,none
C-01342,2024-05-01,1290.5,880.36,R-028,False,none
C-01343,2024-05-01,41.3,1285.83,R-043,True,kunda
C-01344,2024-05-01,22.55,975.99,R-001,False,none
C-01345,2024-05-01,36.07,74.69,R-009,True,kunda
C-01346,2024-05-01,1067.09,2557.26,R-045,False,none
C-01347,2024-05-01,7.72,2816.07,R-050,True,kunda
C-01348,2024-05-01,694.13,1008.04,R-019,False,none
C-01349,2024-05-01,575.62,453.79,R-019,False,none
C-01350,2024-05-01,74.24,3028.74,R-034,False,none
C-01351,2024-05-01,89.29,1127.01,R-029,False,none
C-01352,2024-05-01,18.79,4077.77,R-011,False,none
C-01353,2024-05-01,974.74,1424.27,R-031,False,none
C-01354,2024-05-01,564.35,611.07,R-050,False,none
C-01355,2024-05-01,16.66,2094.75,R-044,True,kunda
C-01356,2024-05-01,76.15,677.04,R-050,False,none
C-01357,2024-05-01,104.39,2241.64,R-039,False,none
C-01358,2024-05-01,630.14,657.83,R-053,False,none
C-01359,2024-05-01,219.73,6765.27,R-015,False,none
C-01360,2024-05-01,335.9,125.74,R-003,False,none
C-01361,2024-05-01,400.68,2970.48,R-007,False,none
C-01362,2024-05-01,218.93,1421.28,R-060,False,none
C-01363,2024-05-01,649.08,677.03,R-039,False,none
C-01364,2024-05-01,471.93,3660.16,R-015,False,none
C-01365,2024-05-01,137.67,1910.91,R-052,False,none
C-01366,2024-05-01,515.14,1421.7,R-019,False,none
C-01367,2024-05-01,51.3,1051.68,R-036,False,none
C-01368,2024-05-01,207.22,2906.36,R-015,False,none
C-01369,2024-05-01,154.04,1823.8,R-006,True,tamper
C-01370,2024-05-01,838.29,790.34,R-017,False,none
C-01371,2024-05-01,606.36,1677.73,R-014,False,none
C-01372,2024-05-01,373.38,729.64,R-034,False,none
C-01373,2024-05-01,173.82,587.66,R-002,True,tamper
C-01374,2024-05-01,382.68,46.35,R-015,False,none
C-01375,2024-05-01,977.82,511.47,R-035,False,none
C-01376,2024-05-01,35.16,500.77,R-024,False,none
C-01377,2024-05-01,99.58,1735.03,R-039,False,none
C-01378,2024-05-01,551.09,1109.79,R-040,False,none
C-01379,2024-05-01,788.19,357.12,R-058,False,none
C-01380,2024-05-01,211.24,2592.35,R-051,False,none
C-01381,2024-05-01,186.2,948.18,R-014,False,none
C-01382,2024-05-01,287.41,818.0,R-042,False,none
C-01383,2024-05-01,4209.26,479.33,R-038,False,none
C-01384,2024-05-01,124.83,333.4,R-036,False,none
C-01385,2024-05-01,127.16,4474.8,R-048,False,none
C-01386,2024-05-01,68.7,820.43,R-009,False,none
C-01387,2024-05-01,350.9,77.12,R-023,False,none
C-01388,2024-05-01,66.49,991.9,R-049,False,none
C-01389,2024-05-01,145.05,3762.35,R-054,False,none
C-01390,2024-05-01,249.01,340.46,R-003,False,none
C-01391,2024-05-01,945.95,1764.47,R-029,False,none
C-01392,2024-05-01,29.61,332.53,R-016,False,none
C-01393,2024-05-01,122.18,1107.35,R-011,False,none
C-01394,2024-05-01,436.5,1116.64,R-004,False,none
C-01395,2024-05-01,127.17,2517.43,R-033,False,none
C-01396,2024-05-01,1837.37,274.44,R-041,False,none
C-01397,2024-05-01,370.63,127.68,R-032,False,none
C-01398,2024-05-01,4598.3,3894.05,R-023,False,none
C-01399,2024-05-01,10.84,2413.84,R-047,True,kunda
C-01400,2024-05-01,648.72,433.54,R-040,False,none
C-01401,2024-05-01,246.28,1220.67,R-055,False,none
C-01402,2024-05-01,159.71,60.0,R-021,False,none
C-01403,2024-05-01,215.07,1155.65,R-015,False,none
C-01404,2024-05-01,71.54,176.15,R-028,True,tamper
C-01405,2024-05-01,312.32,2348.48,R-031,False,none
C-01406,2024-05-01,120.47,290.98,R-028,False,none
C-01407,2024-05-01,117.68,282.22,R-050,False,none
C-01408,2024-05-01,280.5,611.0,R-003,False,none
C-01409,2024-05-01,909.84,337.8,R-032,False,none
C-01410,2024-05-01,40.28,587.3,R-026,False,none
C-01411,2024-05-01,107.95,1181.06,R-013,False,none
C-01412,2024-05-01,877.55,154.42,R-039,False,none
C-01413,2024-05-01,158.7,1339.49,R-049,False,none
C-01414,2024-05-01,292.86,15.41,R-033,False,none
C-01415,2024-05-01,311.72,760.06,R-006,False,none
C-01416,2024-05-01,295.28,2585.09,R-005,False,none
C-01417,2024-05-01,183.14,3051.31,R-026,False,none
C-01418,2024-05-01,244.35,32.06,R-041,False,none
C-01419,2024-05-01,200.36,5173.72,R-019,False,none
C-01420,2024-05-01,165.64,1801.28,R-019,False,none
C-01421,2024-05-01,16.77,1713.57,R-052,False,none
C-01422,2024-05-01,92.62,850.45,R-001,False,none
C-01423,2024-05-01,208.52,31.48,R-005,False,none
C-01424,2024-05-01,400.58,662.12,R-010,False,none
C-01425,2024-05-01,825.12,678.43,R-060,False,none
C-01426,2024-05-01,152.94,661.87,R-030,False,none
C-01427,2024-05-01,143.84,1049.68,R-010,False,none
C-01428,2024-05-01,323.1,94.11,R-019,False,none
C-01429,2024-05-01,274.03,6.91,R-059,False,none
C-01430,2024-05-01,1007.65,711.22,R-042,False,none
C-01431,2024-05-01,14.78,909.39,R-014,True,kunda
C-01432,2024-05-01,1928.89,412.9,R-015,True,tamper
C-01433,2024-05-01,443.54,2985.7,R-005,True,tamper
C-01434,2024-05-01,31.41,1081.58,R-047,False,none
C-01435,2024-05-01,40.15,448.59,R-009,False,none
C-01436,2024-05-01,129.25,738.44,R-018,False,none
C-01437,2024-05-01,98.47,1037.42,R-021,False,none
C-01438,2024-05-01,313.58,1764.07,R-038,False,none
C-01439,2024-05-01,194.65,851.6,R-037,False,none
C-01440,2024-05-01,1384.24,726.67,R-048,False,none
C-01441,2024-05-01,83.98,5900.97,R-018,False,none
C-01442,2024-05-01,383.89,2151.63,R-024,False,none
C-01443,2024-05-01,148.42,2225.92,R-024,False,none
C-01444,2024-05-01,45.14,87.98,R-003,False,none
C-01445,2024-05-01,187.94,828.8,R-045,False,none
C-01446,2024-05-01,594.87,1918.34,R-033,False,none
C-01447,2024-05-01,235.51,126.05,R-029,False,none
C-01448,2024-05-01,71.57,39.18,R-060,False,none
C-01449,2024-05-01,63.42,219.29,R-011,False,none
C-01450,2024-05-01,596.85,163.96,R-059,False,none
C-01451,2024-05-01,139.83,4829.83,R-041,False,none
C-01452,2024-05-01,876.34,1154.19,R-014,False,none
C-01453,2024-05-01,708.4,2384.72,R-041,False,none
C-01454,2024-05-01,371.0,1499.87,R-046,False,none
C-01455,2024-05-01,131.62,1348.71,R-022,False,none
C-01456,2024-05-01,10.97,1633.6,R-021,True,kunda
C-01457,2024-05-01,112.86,1531.48,R-051,False,none
C-01458,2024-05-01,465.17,5956.63,R-010,False,none
C-01459,2024-05-01,97.56,1387.22,R-001,False,none
C-01460,2024-05-01,743.96,12.78,R-040,False,none
C-01461,2024-05-01,5413.81,1688.49,R-055,False,none
C-01462,2024-05-01,184.83,863.92,R-031,True,collusion
C-01463,2024-05-01,452.39,1070.34,R-009,False,none
C-01464,2024-05-01,302.77,494.74,R-033,False,none
C-01465,2024-05-01,1229.77,728.71,R-016,True,tamper
C-01466,2024-05-01,66.47,1514.03,R-050,False,none
C-01467,2024-05-01,131.27,268.41,R-037,False,none
C-01468,2024-05-01,389.42,341.01,R-021,False,none
C-01469,2024-05-01,1772.67,996.24,R-038,False,none
C-01470,2024-05-01,484.29,773.97,R-041,False,none
C-01471,2024-05-01,42.69,118.27,R-041,False,none
C-01472,2024-05-01,159.05,597.45,R-022,True,collusion
C-01473,2024-05-01,880.23,2263.92,R-035,False,none
C-01474,2024-05-01,302.42,546.12,R-003,False,none
C-01475,2024-05-01,1667.45,726.87,R-025,False,none
C-01476,2024-05-01,357.93,3157.72,R-023,False,none
C-01477,2024-05-01,496.64,946.58,R-033,True,collusion
C-01478,2024-05-01,137.91,877.29,R-058,False,none
C-01479,2024-05-01,752.82,1604.45,R-058,False,none
C-01480,2024-05-01,1211.02,2042.47,R-029,False,none
C-01481,2024-05-01,656.67,955.08,R-039,False,none
C-01482,2024-05-01,13.36,475.56,R-007,True,kunda
C-01483,2024-05-01,5.5,400.7,R-029,True,kunda
C-01484,2024-05-01,715.2,938.77,R-042,False,none
C-01485,2024-05-01,256.29,438.33,R-041,True,collusion
C-01486,2024-05-01,1223.92,1315.44,R-058,False,none
C-01487,2024-05-01,189.59,678.69,R-028,False,none
C-01488,2024-05-01,166.98,2609.16,R-055,False,none
C-01489,2024-05-01,202.49,758.05,R-059,False,none
C-01490,2024-05-01,70.88,1368.29,R-035,False,none
C-01491,2024-05-01,167.19,2317.7,R-006,False,none
C-01492,2024-05-01,182.18,1456.5,R-023,False,none
C-01493,2024-05-01,21.59,1667.21,R-046,True,kunda
C-01494,2024-05-01,83.93,2895.89,R-035,False,none
C-01495,2024-05-01,9.11,765.04,R-057,True,kunda
C-01496,2024-05-01,547.0,235.1,R-049,False,none
C-01497,2024-05-01,470.45,270.98,R-004,False,none
C-01498,2024-05-01,624.52,0.65,R-052,False,none
C-01499,2024-05-01,375.2,1004.59,R-022,False,none
C-01500,2024-05-01,16.92,84.16,R-050,False,none
C-00001,2024-06-01,322.22,2929.64,R-006,False,none
C-00002,2024-06-01,90.97,7124.97,R-029,False,none
C-00003,2024-06-01,331.6,197.84,R-040,False,none
C-00004,2024-06-01,193.09,2089.96,R-004,False,none
C-00005,2024-06-01,149.98,2754.88,R-024,False,none
C-00006,2024-06-01,277.94,98.72,R-016,False,none
C-00007,2024-06-01,331.83,332.87,R-003,False,none
C-00008,2024-06-01,2976.19,4005.06,R-049,False,none
C-00009,2024-06-01,140.2,74.57,R-027,False,none
C-00010,2024-06-01,356.72,37.85,R-046,False,none
C-00011,2024-06-01,726.28,3301.67,R-036,True,tamper
C-00012,2024-06-01,654.42,4167.67,R-053,False,none
C-00013,2024-06-01,60.74,5330.3,R-060,False,none
C-00014,2024-06-01,114.68,185.11,R-037,False,none
C-00015,2024-06-01,243.29,1133.84,R-022,False,none
C-00016,2024-06-01,21.5,19.55,R-026,False,none
C-00017,2024-06-01,50.95,1530.63,R-050,False,none
C-00018,2024-06-01,289.73,131.33,R-026,False,none
C-00019,2024-06-01,283.01,391.11,R-032,False,none
C-00020,2024-06-01,994.26,3287.94,R-012,False,none
C-00021,2024-06-01,538.54,57.78,R-060,False,none
C-00022,2024-06-01,364.34,1334.01,R-040,False,none
C-00023,2024-06-01,142.45,443.3,R-020,False,none
C-00024,2024-06-01,2104.41,160.48,R-036,False,none
C-00025,2024-06-01,600.75,4567.22,R-025,False,none
C-00026,2024-06-01,578.18,2467.04,R-010,False,none
C-00027,2024-06-01,81.6,276.12,R-053,False,none
C-00028,2024-06-01,81.99,13.5,R-054,False,none
C-00029,2024-06-01,747.94,942.68,R-051,False,none
C-00030,2024-06-01,423.92,3480.23,R-023,False,none
C-00031,2024-06-01,275.59,1678.84,R-016,False,none
C-00032,2024-06-01,579.86,757.87,R-003,True,tamper
C-00033,2024-06-01,69.93,1531.23,R-044,False,none
C-00034,2024-06-01,125.2,2062.88,R-020,False,none
C-00035,2024-06-01,3847.23,1073.52,R-054,False,none
C-00036,2024-06-01,91.5,2026.88,R-053,False,none
C-00037,2024-06-01,1406.93,288.12,R-008,False,none
C-00038,2024-06-01,465.57,726.56,R-056,False,none
C-00039,2024-06-01,27.85,4493.05,R-009,False,none
C-00040,2024-06-01,147.24,4687.94,R-030,False,none
C-00041,2024-06-01,257.39,2898.08,R-029,True,tamper
C-00042,2024-06-01,118.28,597.74,R-058,False,none
C-00043,2024-06-01,641.6,1032.48,R-040,False,none
C-00044,2024-06-01,297.62,2058.86,R-053,False,none
C-00045,2024-06-01,106.27,3982.53,R-036,False,none
C-00046,2024-06-01,125.4,2440.09,R-050,False,none
C-00047,2024-06-01,194.99,219.04,R-052,True,tamper
C-00048,2024-06-01,18.35,1044.66,R-052,False,none
C-00049,2024-06-01,87.65,365.09,R-025,False,none
C-00050,2024-06-01,457.0,302.11,R-023,False,none
C-00051,2024-06-01,589.86,4259.19,R-060,False,none
C-00052,2024-06-01,484.08,3901.15,R-046,False,none
C-00053,2024-06-01,902.18,911.42,R-056,True,tamper
C-00054,2024-06-01,44.19,437.97,R-035,False,none
C-00055,2024-06-01,103.77,7806.85,R-056,False,none
C-00056,2024-06-01,77.26,128.85,R-044,False,none
C-00057,2024-06-01,48.97,526.78,R-045,False,none
C-00058,2024-06-01,179.07,5750.71,R-011,False,none
C-00059,2024-06-01,579.97,170.5,R-035,False,none
C-00060,2024-06-01,6132.19,939.78,R-044,False,none
C-00061,2024-06-01,768.54,1841.13,R-046,False,none
C-00062,2024-06-01,4.35,506.54,R-058,True,kunda
C-00063,2024-06-01,776.8,828.79,R-020,False,none
C-00064,2024-06-01,368.78,6149.34,R-019,False,none
C-00065,2024-06-01,182.4,349.17,R-059,False,none
C-00066,2024-06-01,1321.28,2666.43,R-060,False,none
C-00067,2024-06-01,679.21,523.91,R-011,False,none
C-00068,2024-06-01,119.66,276.83,R-023,False,none
C-00069,2024-06-01,359.79,1510.12,R-057,False,none
C-00070,2024-06-01,45.16,913.34,R-012,False,none
C-00071,2024-06-01,102.39,791.88,R-047,False,none
C-00072,2024-06-01,24.6,157.9,R-007,False,none
C-00073,2024-06-01,32.26,1485.62,R-011,False,none
C-00074,2024-06-01,38.18,276.45,R-048,False,none
C-00075,2024-06-01,56.23,2104.09,R-037,True,kunda
C-00076,2024-06-01,344.25,1710.59,R-034,False,none
C-00077,2024-06-01,268.32,4719.19,R-052,False,none
C-00078,2024-06-01,187.13,3476.96,R-019,False,none
C-00079,2024-06-01,272.11,5.51,R-031,False,none
C-00080,2024-06-01,448.76,157.87,R-037,False,none
C-00081,2024-06-01,90.79,3113.07,R-045,False,none
C-00082,2024-06-01,59.35,789.06,R-020,False,none
C-00083,2024-06-01,1085.81,1181.76,R-039,False,none
C-00084,2024-06-01,31.67,159.12,R-027,False,none
C-00085,2024-06-01,47.63,743.31,R-033,False,none
C-00086,2024-06-01,343.72,507.53,R-052,False,none
C-00087,2024-06-01,873.93,368.36,R-024,False,none
C-00088,2024-06-01,656.06,908.25,R-041,False,none
C-00089,2024-06-01,209.92,94.2,R-057,False,none
C-00090,2024-06-01,91.76,640.09,R-046,False,none
C-00091,2024-06-01,53.06,1865.06,R-060,False,none
C-00092,2024-06-01,21.61,2112.6,R-036,False,none
C-00093,2024-06-01,490.36,104.44,R-017,False,none
C-00094,2024-06-01,333.66,1203.1,R-060,True,collusion
C-00095,2024-06-01,316.73,4274.37,R-039,True,tamper
C-00096,2024-06-01,506.99,1116.81,R-015,False,none
C-00097,2024-06-01,126.35,724.01,R-020,False,none
C-00098,2024-06-01,630.52,4881.53,R-016,False,none
C-00099,2024-06-01,94.01,3325.84,R-051,False,none
C-00100,2024-06-01,259.79,4215.36,R-006,False,none
C-00101,2024-06-01,111.73,622.57,R-045,False,none
C-00102,2024-06-01,68.01,486.52,R-034,False,none
C-00103,2024-06-01,709.83,824.04,R-005,False,none
C-00104,2024-06-01,1155.75,4350.73,R-037,False,none
C-00105,2024-06-01,475.71,539.79,R-046,False,none
C-00106,2024-06-01,252.49,457.36,R-044,False,none
C-00107,2024-06-01,285.43,78.19,R-032,False,none
C-00108,2024-06-01,248.41,330.27,R-021,False,none
C-00109,2024-06-01,864.49,59.44,R-010,False,none
C-00110,2024-06-01,157.23,1100.17,R-001,False,none
C-00111,2024-06-01,301.55,205.91,R-022,False,none
C-00112,2024-06-01,128.06,1320.43,R-038,False,none
C-00113,2024-06-01,279.24,1220.42,R-003,False,none
C-00114,2024-06-01,602.39,16.86,R-060,False,none
C-00115,2024-06-01,401.09,778.52,R-036,False,none
C-00116,2024-06-01,2001.99,926.58,R-018,False,none
C-00117,2024-06-01,507.6,1167.27,R-058,False,none
C-00118,2024-06-01,76.32,2071.66,R-012,False,none
C-00119,2024-06-01,351.2,1136.85,R-058,False,none
C-00120,2024-06-01,149.57,149.48,R-017,False,none
C-00121,2024-06-01,47.34,968.1,R-023,False,none
C-00122,2024-06-01,445.6,1945.78,R-026,False,none
C-00123,2024-06-01,3379.52,334.67,R-060,False,none
C-00124,2024-06-01,8.66,2934.76,R-016,True,kunda
C-00125,2024-06-01,24.48,2997.95,R-059,False,none
C-00126,2024-06-01,391.39,238.15,R-021,False,none
C-00127,2024-06-01,172.26,2821.62,R-018,False,none
C-00128,2024-06-01,122.17,1588.82,R-039,False,none
C-00129,2024-06-01,198.47,934.36,R-042,False,none
C-00130,2024-06-01,112.66,2966.16,R-021,False,none
C-00131,2024-06-01,369.84,1817.34,R-009,False,none
C-00132,2024-06-01,177.5,1289.64,R-024,False,none
C-00133,2024-06-01,635.36,2227.72,R-033,False,none
C-00134,2024-06-01,97.67,1314.61,R-003,False,none
C-00135,2024-06-01,81.32,2996.59,R-005,False,none
C-00136,2024-06-01,193.23,1076.16,R-056,False,none
C-00137,2024-06-01,486.81,3141.61,R-003,False,none
C-00138,2024-06-01,27.58,1528.45,R-025,False,none
C-00139,2024-06-01,93.57,2572.98,R-046,False,none
C-00140,2024-06-01,174.2,768.26,R-020,False,none
C-00141,2024-06-01,132.17,686.86,R-030,False,none
C-00142,2024-06-01,1036.63,3463.27,R-006,False,none
C-00143,2024-06-01,43.93,1804.32,R-048,False,none
C-00144,2024-06-01,13.38,1028.89,R-039,True,kunda
C-00145,2024-06-01,412.7,645.65,R-052,False,none
C-00146,2024-06-01,2894.84,3.49,R-052,False,none
C-00147,2024-06-01,301.34,128.8,R-022,False,none
C-00148,2024-06-01,124.61,1582.86,R-003,False,none
C-00149,2024-06-01,147.98,191.44,R-021,False,none
C-00150,2024-06-01,16.64,198.46,R-009,True,kunda
C-00151,2024-06-01,387.35,534.73,R-032,False,none
C-00152,2024-06-01,427.63,597.83,R-009,False,none
C-00153,2024-06-01,486.78,710.46,R-056,False,none
C-00154,2024-06-01,464.78,3987.29,R-037,False,none
C-00155,2024-06-01,6020.76,1231.16,R-016,False,none
C-00156,2024-06-01,39.73,1645.29,R-056,False,none
C-00157,2024-06-01,379.71,238.72,R-047,False,none
C-00158,2024-06-01,31.83,2794.78,R-027,False,none
C-00159,2024-06-01,21.7,70.12,R-009,False,none
C-00160,2024-06-01,364.97,3591.63,R-021,False,none
C-00161,2024-06-01,443.38,656.27,R-036,False,none
C-00162,2024-06-01,2591.63,1719.67,R-046,False,none
C-00163,2024-06-01,1255.64,949.44,R-016,False,none
C-00164,2024-06-01,3989.03,174.76,R-045,False,none
C-00165,2024-06-01,4770.13,493.81,R-017,False,none
C-00166,2024-06-01,2114.82,2196.54,R-015,False,none
C-00167,2024-06-01,142.32,203.45,R-027,False,none
C-00168,2024-06-01,496.11,931.1,R-010,False,none
C-00169,2024-06-01,142.34,1428.15,R-025,False,none
C-00170,2024-06-01,708.11,1221.98,R-022,True,collusion
C-00171,2024-06-01,110.5,174.92,R-017,False,none
C-00172,2024-06-01,545.39,3175.88,R-047,True,tamper
C-00173,2024-06-01,377.79,3867.69,R-020,False,none
C-00174,2024-06-01,172.78,137.34,R-042,False,none
C-00175,2024-06-01,492.35,679.04,R-044,False,none
C-00176,2024-06-01,462.89,333.5,R-040,False,none
C-00177,2024-06-01,3.25,1677.13,R-017,True,kunda
C-00178,2024-06-01,1380.66,4023.38,R-050,False,none
C-00179,2024-06-01,433.54,2421.9,R-015,False,none
C-00180,2024-06-01,431.09,1093.37,R-017,False,none
C-00181,2024-06-01,140.06,2684.83,R-053,False,none
C-00182,2024-06-01,334.08,452.36,R-021,False,none
C-00183,2024-06-01,336.14,1934.57,R-042,False,none
C-00184,2024-06-01,191.57,1617.11,R-003,False,none
C-00185,2024-06-01,76.67,758.45,R-037,False,none
C-00186,2024-06-01,895.35,217.62,R-053,False,none
C-00187,2024-06-01,78.42,3643.68,R-043,True,kunda
C-00188,2024-06-01,24.96,1948.31,R-035,True,kunda
C-00189,2024-06-01,890.09,672.0,R-051,False,none
C-00190,2024-06-01,304.12,1006.2,R-018,False,none
C-00191,2024-06-01,537.61,1997.28,R-023,True,tamper
C-00192,2024-06-01,260.64,4178.06,R-005,False,none
C-00193,2024-06-01,28.66,1137.81,R-042,False,none
C-00194,2024-06-01,235.55,1341.75,R-044,False,none
C-00195,2024-06-01,54.88,155.07,R-046,False,none
C-00196,2024-06-01,431.47,2264.37,R-045,False,none
C-00197,2024-06-01,127.47,1478.5,R-008,False,none
C-00198,2024-06-01,134.09,661.64,R-040,False,none
C-00199,2024-06-01,616.06,114.95,R-046,True,tamper
C-00200,2024-06-01,745.47,1259.51,R-013,False,none
C-00201,2024-06-01,435.3,661.13,R-029,False,none
C-00202,2024-06-01,753.76,376.96,R-055,False,none
C-00203,2024-06-01,563.37,1591.05,R-025,False,none
C-00204,2024-06-01,111.38,1075.18,R-046,False,none
C-00205,2024-06-01,356.06,96.32,R-032,False,none
C-00206,2024-06-01,1124.43,2553.45,R-040,False,none
C-00207,2024-06-01,258.8,1547.1,R-038,False,none
C-00208,2024-06-01,95.63,76.05,R-040,False,none
C-00209,2024-06-01,62.03,1111.51,R-047,False,none
C-00210,2024-06-01,272.53,2337.31,R-055,False,none
C-00211,2024-06-01,307.39,1882.14,R-018,False,none
C-00212,2024-06-01,429.34,489.56,R-056,False,none
C-00213,2024-06-01,136.28,1948.37,R-038,False,none
C-00214,2024-06-01,540.94,2920.6,R-036,False,none
C-00215,2024-06-01,868.29,2034.87,R-020,False,none
C-00216,2024-06-01,125.41,760.2,R-026,False,none
C-00217,2024-06-01,1942.48,1033.77,R-040,True,tamper
C-00218,2024-06-01,485.98,111.0,R-022,False,none
C-00219,2024-06-01,17.61,574.67,R-018,False,none
C-00220,2024-06-01,275.59,705.76,R-050,False,none
C-00221,2024-06-01,430.77,170.32,R-025,False,none
C-00222,2024-06-01,174.98,323.91,R-039,False,none
C-00223,2024-06-01,305.55,2776.51,R-002,False,none
C-00224,2024-06-01,274.63,19.0,R-005,False,none
C-00225,2024-06-01,202.68,1120.18,R-051,False,none
C-00226,2024-06-01,34.92,530.33,R-009,False,none
C-00227,2024-06-01,75.91,6648.79,R-048,False,none
C-00228,2024-06-01,195.67,1091.64,R-055,False,none
C-00229,2024-06-01,346.42,2739.62,R-029,False,none
C-00230,2024-06-01,522.66,2407.9,R-054,False,none
C-00231,2024-06-01,6104.41,2981.23,R-026,False,none
C-00232,2024-06-01,859.21,1437.78,R-058,False,none
C-00233,2024-06-01,128.29,2289.07,R-015,False,none
C-00234,2024-06-01,46.55,477.95,R-026,False,none
C-00235,2024-06-01,566.25,4744.33,R-024,False,none
C-00236,2024-06-01,235.7,450.25,R-048,False,none
C-00237,2024-06-01,464.82,480.61,R-003,False,none
C-00238,2024-06-01,636.96,3491.15,R-050,False,none
C-00239,2024-06-01,235.02,175.54,R-002,False,none
C-00240,2024-06-01,372.8,2309.65,R-019,False,none
C-00241,2024-06-01,697.95,2674.2,R-036,False,none
C-00242,2024-06-01,53.43,1576.08,R-009,False,none
C-00243,2024-06-01,17.18,590.38,R-030,False,none
C-00244,2024-06-01,514.51,857.76,R-060,False,none
C-00245,2024-06-01,317.79,3488.46,R-050,False,none
C-00246,2024-06-01,39.6,2229.9,R-002,False,none
C-00247,2024-06-01,372.82,1440.88,R-036,False,none
C-00248,2024-06-01,289.6,132.83,R-036,False,none
C-00249,2024-06-01,6369.58,2461.97,R-005,False,none
C-00250,2024-06-01,8.46,695.93,R-040,True,kunda
C-00251,2024-06-01,250.79,3817.44,R-032,False,none
C-00252,2024-06-01,51.43,2735.88,R-041,False,none
C-00253,2024-06-01,615.87,2194.89,R-018,False,none
C-00254,2024-06-01,616.24,1205.17,R-016,False,none
C-00255,2024-06-01,248.36,1361.09,R-045,False,none
C-00256,2024-06-01,107.29,6048.03,R-044,False,none
C-00257,2024-06-01,1869.71,1022.13,R-010,False,none
C-00258,2024-06-01,63.42,2063.66,R-013,False,none
C-00259,2024-06-01,264.57,861.96,R-036,False,none
C-00260,2024-06-01,192.87,5715.45,R-050,False,none
C-00261,2024-06-01,21.96,369.29,R-013,True,kunda
C-00262,2024-06-01,117.61,1273.98,R-014,False,none
C-00263,2024-06-01,13.65,38.18,R-049,False,none
C-00264,2024-06-01,1905.31,1054.23,R-042,False,none
C-00265,2024-06-01,170.68,4275.29,R-055,False,none
C-00266,2024-06-01,319.0,1212.26,R-048,False,none
C-00267,2024-06-01,47.16,2915.89,R-058,False,none
C-00268,2024-06-01,650.61,2514.06,R-012,False,none
C-00269,2024-06-01,182.49,11.64,R-017,False,none
C-00270,2024-06-01,18.22,2424.35,R-015,False,none
C-00271,2024-06-01,574.75,1838.33,R-004,False,none
C-00272,2024-06-01,31.42,189.97,R-047,False,none
C-00273,2024-06-01,6445.5,2444.76,R-040,False,none
C-00274,2024-06-01,71.15,2041.34,R-006,False,none
C-00275,2024-06-01,241.37,3014.81,R-012,False,none
C-00276,2024-06-01,221.8,15.79,R-012,False,none
C-00277,2024-06-01,510.59,1127.0,R-025,False,none
C-00278,2024-06-01,391.46,4145.5,R-028,False,none
C-00279,2024-06-01,325.25,71.86,R-018,False,none
C-00280,2024-06-01,68.19,38.76,R-056,False,none
C-00281,2024-06-01,290.43,1298.27,R-013,False,none
C-00282,2024-06-01,505.95,1620.83,R-034,False,none
C-00283,2024-06-01,462.77,957.9,R-027,False,none
C-00284,2024-06-01,139.01,207.95,R-024,False,none
C-00285,2024-06-01,711.73,2370.45,R-050,False,none
C-00286,2024-06-01,257.14,593.28,R-059,False,none
C-00287,2024-06-01,377.93,1597.07,R-001,False,none
C-00288,2024-06-01,211.56,2362.7,R-028,True,tamper
C-00289,2024-06-01,71.43,1045.08,R-008,False,none
C-00290,2024-06-01,133.64,255.16,R-027,False,none
C-00291,2024-06-01,453.68,3371.25,R-038,False,none
C-00292,2024-06-01,239.39,564.7,R-025,False,none
C-00293,2024-06-01,308.07,4604.27,R-019,False,none
C-00294,2024-06-01,331.33,980.01,R-019,False,none
C-00295,2024-06-01,123.53,1344.77,R-018,False,none
C-00296,2024-06-01,409.87,422.67,R-020,False,none
C-00297,2024-06-01,711.51,325.21,R-023,False,none
C-00298,2024-06-01,295.18,487.03,R-042,False,none
C-00299,2024-06-01,611.1,487.53,R-006,False,none
C-00300,2024-06-01,244.51,715.14,R-003,False,none
C-00301,2024-06-01,82.2,1442.82,R-032,False,none
C-00302,2024-06-01,319.43,2318.2,R-041,False,none
C-00303,2024-06-01,579.02,1069.42,R-016,False,none
C-00304,2024-06-01,150.97,363.11,R-013,False,none
C-00305,2024-06-01,508.63,1148.14,R-038,False,none
C-00306,2024-06-01,235.56,793.81,R-024,False,none
C-00307,2024-06-01,519.39,2060.65,R-045,False,none
C-00308,2024-06-01,273.3,772.31,R-009,False,none
C-00309,2024-06-01,519.93,3405.48,R-008,False,none
C-00310,2024-06-01,31.33,21.71,R-034,True,tamper
C-00311,2024-06-01,576.33,3.18,R-024,False,none
C-00312,2024-06-01,703.18,1311.45,R-044,False,none
C-00313,2024-06-01,619.09,2438.0,R-031,False,none
C-00314,2024-06-01,104.05,190.5,R-022,False,none
C-00315,2024-06-01,383.34,2195.65,R-010,False,none
C-00316,2024-06-01,1924.55,389.25,R-010,False,none
C-00317,2024-06-01,90.37,1490.07,R-046,False,none
C-00318,2024-06-01,115.06,1130.39,R-014,False,none
C-00319,2024-06-01,634.63,365.46,R-031,False,none
C-00320,2024-06-01,988.53,146.43,R-050,False,none
C-00321,2024-06-01,85.76,484.86,R-054,False,none
C-00322,2024-06-01,441.75,1268.57,R-017,False,none
C-00323,2024-06-01,277.81,954.1,R-007,False,none
C-00324,2024-06-01,715.08,3884.3,R-047,False,none
C-00325,2024-06-01,1481.4,561.96,R-042,False,none
C-00326,2024-06-01,198.79,1151.87,R-020,False,none
C-00327,2024-06-01,567.5,220.88,R-036,True,tamper
C-00328,2024-06-01,17.57,1263.89,R-012,True,kunda
C-00329,2024-06-01,128.81,312.54,R-043,False,none
C-00330,2024-06-01,74.22,3889.19,R-044,False,none
C-00331,2024-06-01,102.4,851.64,R-018,False,none
C-00332,2024-06-01,1844.51,898.75,R-029,False,none
C-00333,2024-06-01,518.25,660.62,R-021,False,none
C-00334,2024-06-01,1007.69,279.3,R-002,False,none
C-00335,2024-06-01,1093.88,523.68,R-008,False,none
C-00336,2024-06-01,241.14,2382.91,R-058,False,none
C-00337,2024-06-01,166.07,4997.83,R-028,False,none
C-00338,2024-06-01,149.82,1502.78,R-009,False,none
C-00339,2024-06-01,63.15,1126.86,R-003,False,none
C-00340,2024-06-01,288.77,4684.04,R-022,False,none
C-00341,2024-06-01,423.51,2010.63,R-059,True,collusion
C-00342,2024-06-01,430.89,3020.43,R-024,False,none
C-00343,2024-06-01,604.51,279.47,R-060,False,none
C-00344,2024-06-01,74.72,800.99,R-030,True,tamper
C-00345,2024-06-01,342.77,1494.07,R-046,False,none
C-00346,2024-06-01,593.1,33.63,R-048,False,none
C-00347,2024-06-01,114.55,2754.3,R-002,False,none
C-00348,2024-06-01,883.27,86.85,R-001,False,none
C-00349,2024-06-01,1895.83,122.11,R-056,False,none
C-00350,2024-06-01,784.18,130.68,R-056,False,none
C-00351,2024-06-01,269.87,1465.39,R-008,False,none
C-00352,2024-06-01,533.64,1999.78,R-039,False,none
C-00353,2024-06-01,262.9,2027.72,R-056,False,none
C-00354,2024-06-01,2146.72,2210.89,R-058,False,none
C-00355,2024-06-01,83.49,3203.42,R-018,False,none
C-00356,2024-06-01,214.66,181.16,R-050,False,none
C-00357,2024-06-01,426.32,723.78,R-039,False,none
C-00358,2024-06-01,347.08,59.81,R-056,False,none
C-00359,2024-06-01,3835.01,4410.57,R-009,False,none
C-00360,2024-06-01,168.51,1147.54,R-037,False,none
C-00361,2024-06-01,499.36,1394.37,R-002,False,none
C-00362,2024-06-01,342.95,946.14,R-022,False,none
C-00363,2024-06-01,221.36,5144.46,R-001,False,none
C-00364,2024-06-01,204.01,583.24,R-027,False,none
C-00365,2024-06-01,3541.53,980.76,R-049,False,none
C-00366,2024-06-01,295.24,10016.17,R-040,False,none
C-00367,2024-06-01,158.52,238.17,R-020,False,none
C-00368,2024-06-01,79.54,582.75,R-026,False,none
C-00369,2024-06-01,962.04,4544.76,R-023,False,none
C-00370,2024-06-01,1445.1,0.5,R-044,False,none
C-00371,2024-06-01,358.84,143.49,R-016,False,none
C-00372,2024-06-01,140.92,1168.87,R-006,False,none
C-00373,2024-06-01,710.49,2810.29,R-031,False,none
C-00374,2024-06-01,1299.41,382.41,R-050,False,none
C-00375,2024-06-01,354.28,960.63,R-029,False,none
C-00376,2024-06-01,138.53,1733.67,R-013,False,none
C-00377,2024-06-01,618.87,6267.36,R-003,False,none
C-00378,2024-06-01,15.11,2873.67,R-057,True,kunda
C-00379,2024-06-01,176.24,759.26,R-046,False,none
C-00380,2024-06-01,3613.5,491.05,R-010,False,none
C-00381,2024-06-01,2441.91,228.19,R-005,False,none
C-00382,2024-06-01,211.9,78.43,R-008,False,none
C-00383,2024-06-01,389.24,3747.44,R-023,False,none
C-00384,2024-06-01,179.4,201.33,R-049,False,none
C-00385,2024-06-01,2020.7,2425.23,R-010,False,none
C-00386,2024-06-01,299.47,0.05,R-050,False,none
C-00387,2024-06-01,320.99,764.37,R-001,False,none
C-00388,2024-06-01,18.5,97.94,R-045,False,none
C-00389,2024-06-01,356.55,626.83,R-017,False,none
C-00390,2024-06-01,38.36,2173.1,R-058,False,none
C-00391,2024-06-01,122.92,4100.8,R-029,False,none
C-00392,2024-06-01,518.12,122.88,R-017,False,none
C-00393,2024-06-01,1605.54,327.46,R-015,False,none
C-00394,2024-06-01,1104.94,530.09,R-050,False,none
C-00395,2024-06-01,233.34,1840.11,R-025,False,none
C-00396,2024-06-01,871.08,3642.42,R-022,False,none
C-00397,2024-06-01,32.51,403.67,R-045,True,kunda
C-00398,2024-06-01,118.71,316.52,R-033,False,none
C-00399,2024-06-01,396.32,88.5,R-040,False,none
C-00400,2024-06-01,1093.98,9.08,R-027,False,none
C-00401,2024-06-01,129.81,910.34,R-004,False,none
C-00402,2024-06-01,169.8,54.49,R-001,False,none
C-00403,2024-06-01,48.01,100.76,R-003,False,none
C-00404,2024-06-01,940.47,1259.2,R-035,False,none
C-00405,2024-06-01,62.46,1824.47,R-031,False,none
C-00406,2024-06-01,346.13,2905.66,R-045,False,none
C-00407,2024-06-01,398.4,1503.67,R-054,False,none
C-00408,2024-06-01,89.86,3658.15,R-011,False,none
C-00409,2024-06-01,209.86,4082.46,R-058,False,none
C-00410,2024-06-01,45.0,615.88,R-056,False,none
C-00411,2024-06-01,87.06,1035.98,R-037,False,none
C-00412,2024-06-01,377.67,286.95,R-032,False,none
C-00413,2024-06-01,1034.17,247.57,R-011,True,collusion
C-00414,2024-06-01,319.61,393.21,R-011,False,none
C-00415,2024-06-01,332.24,1040.2,R-002,False,none
C-00416,2024-06-01,612.96,2266.16,R-039,False,none
C-00417,2024-06-01,2244.75,1921.79,R-026,False,none
C-00418,2024-06-01,32.35,6143.31,R-012,False,none
C-00419,2024-06-01,1246.11,648.88,R-009,False,none
C-00420,2024-06-01,204.41,783.15,R-004,False,none
C-00421,2024-06-01,496.84,3330.35,R-039,False,none
C-00422,2024-06-01,352.56,471.12,R-042,False,none
C-00423,2024-06-01,265.23,5244.27,R-038,False,none
C-00424,2024-06-01,26.08,419.95,R-007,True,kunda
C-00425,2024-06-01,71.86,1320.94,R-003,False,none
C-00426,2024-06-01,89.87,1981.6,R-007,False,none
C-00427,2024-06-01,71.32,551.38,R-046,False,none
C-00428,2024-06-01,558.99,191.71,R-045,False,none
C-00429,2024-06-01,439.83,39.83,R-018,False,none
C-00430,2024-06-01,29.08,1617.54,R-004,False,none
C-00431,2024-06-01,523.2,2153.79,R-020,False,none
C-00432,2024-06-01,657.92,1265.69,R-049,False,none
C-00433,2024-06-01,41.16,197.37,R-009,False,none
C-00434,2024-06-01,11.74,811.28,R-048,True,kunda
C-00435,2024-06-01,104.89,1373.47,R-028,False,none
C-00436,2024-06-01,926.09,2925.75,R-009,False,none
C-00437,2024-06-01,477.73,2862.63,R-057,False,none
C-00438,2024-06-01,359.97,532.41,R-032,True,kunda
C-00439,2024-06-01,359.86,20.04,R-041,False,none
C-00440,2024-06-01,258.77,1359.56,R-006,False,none
C-00441,2024-06-01,597.86,876.05,R-023,False,none
C-00442,2024-06-01,341.34,1653.88,R-038,False,none
C-00443,2024-06-01,1428.67,2045.51,R-039,False,none
C-00444,2024-06-01,12452.76,2752.48,R-004,False,none
C-00445,2024-06-01,546.95,3166.3,R-037,False,none
C-00446,2024-06-01,50.46,1261.91,R-057,False,none
C-00447,2024-06-01,534.09,576.02,R-048,False,none
C-00448,2024-06-01,129.34,2605.26,R-013,False,none
C-00449,2024-06-01,508.64,1502.95,R-055,False,none
C-00450,2024-06-01,513.88,364.83,R-041,False,none
C-00451,2024-06-01,872.8,1084.32,R-004,False,none
C-00452,2024-06-01,306.49,352.41,R-008,False,none
C-00453,2024-06-01,1387.31,671.1,R-056,False,none
C-00454,2024-06-01,30.17,3780.92,R-013,True,kunda
C-00455,2024-06-01,359.37,83.04,R-006,False,none
C-00456,2024-06-01,397.23,151.2,R-028,False,none
C-00457,2024-06-01,579.21,1997.75,R-032,False,none
C-00458,2024-06-01,77.5,819.5,R-035,True,tamper
C-00459,2024-06-01,95.37,1686.12,R-040,True,tamper
C-00460,2024-06-01,465.06,2253.95,R-060,False,none
C-00461,2024-06-01,113.29,564.54,R-046,False,none
C-00462,2024-06-01,832.15,2691.47,R-002,False,none
C-00463,2024-06-01,189.75,1637.6,R-006,False,none
C-00464,2024-06-01,132.01,2115.03,R-001,False,none
C-00465,2024-06-01,582.48,431.54,R-024,False,none
C-00466,2024-06-01,176.58,450.51,R-022,False,none
C-00467,2024-06-01,227.55,1319.3,R-057,False,none
C-00468,2024-06-01,391.16,1892.01,R-022,False,none
C-00469,2024-06-01,71.89,343.07,R-002,False,none
C-00470,2024-06-01,324.4,166.99,R-054,False,none
C-00471,2024-06-01,762.91,530.8,R-016,False,none
C-00472,2024-06-01,360.87,1861.63,R-055,False,none
C-00473,2024-06-01,1087.39,6522.39,R-047,False,none
C-00474,2024-06-01,315.25,835.49,R-053,False,none
C-00475,2024-06-01,56.08,3086.49,R-050,False,none
C-00476,2024-06-01,689.76,1602.96,R-009,False,none
C-00477,2024-06-01,383.95,85.95,R-038,True,tamper
C-00478,2024-06-01,144.55,1501.59,R-025,False,none
C-00479,2024-06-01,320.49,4266.02,R-038,False,none
C-00480,2024-06-01,304.37,3965.67,R-045,False,none
C-00481,2024-06-01,88.04,1635.4,R-031,False,none
C-00482,2024-06-01,191.72,1977.27,R-019,False,none
C-00483,2024-06-01,403.98,2116.94,R-055,False,none
C-00484,2024-06-01,147.43,1734.71,R-040,False,none
C-00485,2024-06-01,255.2,3220.84,R-054,False,none
C-00486,2024-06-01,10.18,414.79,R-015,True,kunda
C-00487,2024-06-01,202.0,1109.05,R-051,False,none
C-00488,2024-06-01,135.75,598.62,R-020,True,tamper
C-00489,2024-06-01,116.02,197.01,R-028,False,none
C-00490,2024-06-01,558.11,2929.34,R-052,False,none
C-00491,2024-06-01,486.46,345.94,R-022,True,collusion
C-00492,2024-06-01,851.71,699.8,R-016,False,none
C-00493,2024-06-01,314.92,4711.76,R-055,False,none
C-00494,2024-06-01,111.67,741.94,R-058,False,none
C-00495,2024-06-01,479.96,1129.13,R-019,False,none
C-00496,2024-06-01,49.97,22.99,R-019,False,none
C-00497,2024-06-01,263.1,4694.48,R-014,False,none
C-00498,2024-06-01,168.14,2844.16,R-002,False,none
C-00499,2024-06-01,383.05,683.84,R-034,True,tamper
C-00500,2024-06-01,540.88,7702.6,R-016,False,none
C-00501,2024-06-01,249.29,1021.5,R-051,False,none
C-00502,2024-06-01,668.64,1047.59,R-011,False,none
C-00503,2024-06-01,641.22,149.14,R-039,False,none
C-00504,2024-06-01,143.36,84.84,R-031,False,none
C-00505,2024-06-01,698.85,634.96,R-037,False,none
C-00506,2024-06-01,583.64,251.69,R-007,False,none
C-00507,2024-06-01,661.33,1912.63,R-028,False,none
C-00508,2024-06-01,289.55,2657.87,R-038,False,none
C-00509,2024-06-01,614.23,882.98,R-021,False,none
C-00510,2024-06-01,1364.44,2233.82,R-053,True,tamper
C-00511,2024-06-01,448.95,1153.81,R-032,False,none
C-00512,2024-06-01,92.38,357.91,R-022,False,none
C-00513,2024-06-01,52.23,461.33,R-002,False,none
C-00514,2024-06-01,1452.99,362.37,R-011,False,none
C-00515,2024-06-01,18.26,1954.3,R-029,False,none
C-00516,2024-06-01,1953.61,3.08,R-025,False,none
C-00517,2024-06-01,412.5,486.14,R-053,False,none
C-00518,2024-06-01,2750.78,4987.53,R-048,False,none
C-00519,2024-06-01,77.9,304.86,R-010,False,none
C-00520,2024-06-01,690.65,2410.08,R-036,False,none
C-00521,2024-06-01,950.3,654.45,R-028,False,none
C-00522,2024-06-01,403.78,118.2,R-007,False,none
C-00523,2024-06-01,126.03,664.51,R-040,False,none
C-00524,2024-06-01,54.77,438.37,R-033,False,none
C-00525,2024-06-01,557.43,563.37,R-006,False,none
C-00526,2024-06-01,374.42,2835.77,R-029,False,none
C-00527,2024-06-01,475.51,637.34,R-044,False,none
C-00528,2024-06-01,105.27,999.88,R-020,False,none
C-00529,2024-06-01,717.58,820.95,R-022,False,none
C-00530,2024-06-01,49.56,44.88,R-007,False,none
C-00531,2024-06-01,111.5,17.3,R-013,False,none
C-00532,2024-06-01,188.8,497.76,R-059,False,none
C-00533,2024-06-01,721.89,2769.82,R-038,False,none
C-00534,2024-06-01,57.09,2414.83,R-011,False,none
C-00535,2024-06-01,642.36,3370.67,R-029,False,none
C-00536,2024-06-01,171.6,1658.02,R-012,False,none
C-00537,2024-06-01,83.72,206.84,R-027,False,none
C-00538,2024-06-01,395.1,469.28,R-009,False,none
C-00539,2024-06-01,641.01,1374.59,R-038,False,none
C-00540,2024-06-01,245.64,138.99,R-035,False,none
C-00541,2024-06-01,624.39,1700.1,R-039,False,none
C-00542,2024-06-01,25.75,3084.96,R-027,False,none
C-00543,2024-06-01,599.38,6236.03,R-018,False,none
C-00544,2024-06-01,1082.82,2136.97,R-015,False,none
C-00545,2024-06-01,947.28,3529.35,R-013,False,none
C-00546,2024-06-01,532.52,3518.15,R-026,False,none
C-00547,2024-06-01,34.42,3901.68,R-028,False,none
C-00548,2024-06-01,287.93,65.2,R-041,False,none
C-00549,2024-06-01,937.11,122.62,R-004,False,none
C-00550,2024-06-01,375.09,4070.14,R-017,False,none
C-00551,2024-06-01,30.29,3370.87,R-052,True,kunda
C-00552,2024-06-01,206.43,393.84,R-055,False,none
C-00553,2024-06-01,153.65,1269.77,R-056,False,none
C-00554,2024-06-01,254.87,3473.66,R-019,False,none
C-00555,2024-06-01,140.54,155.85,R-009,False,none
C-00556,2024-06-01,595.05,71.06,R-012,False,none
C-00557,2024-06-01,417.94,1900.68,R-008,False,none
C-00558,2024-06-01,66.41,635.24,R-058,False,none
C-00559,2024-06-01,170.02,252.22,R-054,False,none
C-00560,2024-06-01,141.26,595.35,R-049,False,none
C-00561,2024-06-01,160.1,1178.86,R-044,False,none
C-00562,2024-06-01,2339.27,1102.57,R-021,False,none
C-00563,2024-06-01,57.42,1271.37,R-029,False,none
C-00564,2024-06-01,84.49,1332.89,R-051,False,none
C-00565,2024-06-01,151.73,7038.93,R-049,False,none
C-00566,2024-06-01,1571.08,6408.43,R-032,False,none
C-00567,2024-06-01,328.49,32.9,R-051,False,none
C-00568,2024-06-01,23.17,2009.06,R-021,True,kunda
C-00569,2024-06-01,12.57,542.85,R-025,True,kunda
C-00570,2024-06-01,1462.29,2572.41,R-051,False,none
C-00571,2024-06-01,219.49,51.15,R-023,False,none
C-00572,2024-06-01,415.89,3611.06,R-046,False,none
C-00573,2024-06-01,110.69,621.95,R-028,False,none
C-00574,2024-06-01,1206.7,684.2,R-018,False,none
C-00575,2024-06-01,1010.89,2821.61,R-014,False,none
C-00576,2024-06-01,1506.34,284.13,R-037,False,none
C-00577,2024-06-01,220.07,1983.5,R-029,False,none
C-00578,2024-06-01,309.34,1054.24,R-023,False,none
C-00579,2024-06-01,559.98,1914.81,R-045,False,none
C-00580,2024-06-01,277.95,1566.69,R-001,False,none
C-00581,2024-06-01,259.55,1144.08,R-006,False,none
C-00582,2024-06-01,456.33,1211.78,R-058,False,none
C-00583,2024-06-01,158.85,1761.3,R-040,False,none
C-00584,2024-06-01,1139.13,547.71,R-033,False,none
C-00585,2024-06-01,5751.69,1501.47,R-001,False,none
C-00586,2024-06-01,2040.78,2683.07,R-036,False,none
C-00587,2024-06-01,90.58,70.21,R-027,False,none
C-00588,2024-06-01,172.41,818.46,R-036,False,none
C-00589,2024-06-01,1266.08,3030.22,R-003,False,none
C-00590,2024-06-01,81.25,10.71,R-034,False,none
C-00591,2024-06-01,651.59,3004.22,R-035,False,none
C-00592,2024-06-01,721.27,135.11,R-018,False,none
C-00593,2024-06-01,194.22,316.98,R-004,False,none
C-00594,2024-06-01,267.53,542.74,R-059,False,none
C-00595,2024-06-01,3143.95,1835.42,R-043,False,none
C-00596,2024-06-01,523.51,1531.24,R-038,False,none
C-00597,2024-06-01,22.4,4495.02,R-047,False,none
C-00598,2024-06-01,88.68,1746.42,R-041,False,none
C-00599,2024-06-01,287.55,307.07,R-009,False,none
C-00600,2024-06-01,186.78,2642.05,R-028,False,none
C-00601,2024-06-01,46.08,336.2,R-054,False,none
C-00602,2024-06-01,301.3,3301.36,R-018,False,none
C-00603,2024-06-01,754.38,910.92,R-059,False,none
C-00604,2024-06-01,52.38,2393.6,R-004,False,none
C-00605,2024-06-01,1208.08,84.1,R-020,False,none
C-00606,2024-06-01,128.15,2113.2,R-022,False,none
C-00607,2024-06-01,287.91,462.53,R-038,False,none
C-00608,2024-06-01,36.07,318.2,R-011,False,none
C-00609,2024-06-01,213.82,1325.05,R-014,False,none
C-00610,2024-06-01,63.07,187.06,R-040,False,none
C-00611,2024-06-01,198.4,1871.22,R-018,False,none
C-00612,2024-06-01,500.78,2849.01,R-053,False,none
C-00613,2024-06-01,322.65,2202.98,R-053,False,none
C-00614,2024-06-01,58.04,570.2,R-019,False,none
C-00615,2024-06-01,380.6,112.89,R-034,False,none
C-00616,2024-06-01,29.83,122.2,R-020,False,none
C-00617,2024-06-01,330.41,4881.6,R-021,False,none
C-00618,2024-06-01,574.79,723.08,R-041,False,none
C-00619,2024-06-01,43.27,267.18,R-018,False,none
C-00620,2024-06-01,103.36,933.71,R-009,False,none
C-00621,2024-06-01,414.51,571.44,R-016,False,none
C-00622,2024-06-01,1098.95,2114.08,R-056,False,none
C-00623,2024-06-01,23.73,466.83,R-016,False,none
C-00624,2024-06-01,1134.33,5599.9,R-022,False,none
C-00625,2024-06-01,803.87,1253.29,R-038,False,none
C-00626,2024-06-01,196.03,762.33,R-007,False,none
C-00627,2024-06-01,190.7,2583.09,R-017,False,none
C-00628,2024-06-01,1610.07,907.28,R-011,False,none
C-00629,2024-06-01,101.33,264.66,R-056,False,none
C-00630,2024-06-01,55.02,1790.94,R-056,False,none
C-00631,2024-06-01,140.6,2018.96,R-046,False,none
C-00632,2024-06-01,13.27,2593.73,R-015,False,none
C-00633,2024-06-01,381.74,3261.79,R-037,False,none
C-00634,2024-06-01,3539.87,1088.0,R-040,False,none
C-00635,2024-06-01,4379.62,2360.54,R-053,False,none
C-00636,2024-06-01,387.41,1144.27,R-010,False,none
C-00637,2024-06-01,6.85,1108.4,R-045,False,none
C-00638,2024-06-01,671.3,7280.28,R-012,False,none
C-00639,2024-06-01,1240.18,11.58,R-035,False,none
C-00640,2024-06-01,209.4,409.97,R-053,False,none
C-00641,2024-06-01,225.3,2419.05,R-004,False,none
C-00642,2024-06-01,1360.15,138.83,R-009,False,none
C-00643,2024-06-01,42.16,39.1,R-049,False,none
C-00644,2024-06-01,369.95,443.25,R-002,False,none
C-00645,2024-06-01,1432.29,162.33,R-042,False,none
C-00646,2024-06-01,24.32,1700.79,R-031,False,none
C-00647,2024-06-01,53.42,2939.8,R-021,False,none
C-00648,2024-06-01,85.6,317.24,R-052,False,none
C-00649,2024-06-01,473.43,9.77,R-051,False,none
C-00650,2024-06-01,193.69,217.17,R-020,False,none
C-00651,2024-06-01,231.23,18.86,R-001,False,none
C-00652,2024-06-01,587.16,3029.12,R-008,False,none
C-00653,2024-06-01,2366.54,7592.15,R-007,False,none
C-00654,2024-06-01,1144.12,2820.8,R-059,False,none
C-00655,2024-06-01,301.01,756.15,R-036,False,none
C-00656,2024-06-01,240.07,30.47,R-041,False,none
C-00657,2024-06-01,8742.16,2107.53,R-014,False,none
C-00658,2024-06-01,65.53,101.0,R-052,True,tamper
C-00659,2024-06-01,1632.92,1345.93,R-044,False,none
C-00660,2024-06-01,274.18,900.5,R-046,False,none
C-00661,2024-06-01,2755.14,1693.54,R-029,False,none
C-00662,2024-06-01,1839.98,2739.59,R-042,False,none
C-00663,2024-06-01,238.12,543.22,R-033,False,none
C-00664,2024-06-01,1633.56,1864.08,R-024,False,none
C-00665,2024-06-01,435.87,2077.36,R-036,False,none
C-00666,2024-06-01,266.68,1945.78,R-020,False,none
C-00667,2024-06-01,255.64,2616.45,R-058,False,none
C-00668,2024-06-01,230.92,1215.06,R-044,True,tamper
C-00669,2024-06-01,89.15,2668.51,R-045,False,none
C-00670,2024-06-01,5454.42,66.23,R-044,False,none
C-00671,2024-06-01,745.06,1845.75,R-027,False,none
C-00672,2024-06-01,54.82,1138.27,R-058,False,none
C-00673,2024-06-01,112.79,813.31,R-013,False,none
C-00674,2024-06-01,241.43,623.64,R-035,True,tamper
C-00675,2024-06-01,121.49,5130.39,R-005,False,none
C-00676,2024-06-01,52.2,2457.29,R-018,False,none
C-00677,2024-06-01,47.37,22.37,R-035,True,kunda
C-00678,2024-06-01,283.57,2210.55,R-030,False,none
C-00679,2024-06-01,91.73,135.09,R-057,False,none
C-00680,2024-06-01,434.97,762.73,R-037,False,none
C-00681,2024-06-01,970.3,565.98,R-025,False,none
C-00682,2024-06-01,198.15,1680.91,R-026,False,none
C-00683,2024-06-01,300.61,896.12,R-037,False,none
C-00684,2024-06-01,880.65,693.6,R-048,False,none
C-00685,2024-06-01,137.67,648.12,R-017,False,none
C-00686,2024-06-01,4430.9,750.42,R-036,False,none
C-00687,2024-06-01,306.65,170.32,R-035,False,none
C-00688,2024-06-01,90.89,4701.76,R-001,False,none
C-00689,2024-06-01,517.51,523.97,R-055,False,none
C-00690,2024-06-01,1878.11,681.55,R-035,False,none
C-00691,2024-06-01,400.85,72.97,R-015,False,none
C-00692,2024-06-01,18.49,3203.43,R-039,False,none
C-00693,2024-06-01,709.64,676.87,R-041,False,none
C-00694,2024-06-01,204.38,1008.84,R-055,False,none
C-00695,2024-06-01,146.18,2528.53,R-003,False,none
C-00696,2024-06-01,263.43,5350.33,R-025,False,none
C-00697,2024-06-01,607.13,2326.08,R-011,True,collusion
C-00698,2024-06-01,185.99,54.23,R-035,False,none
C-00699,2024-06-01,905.53,2617.04,R-031,False,none
C-00700,2024-06-01,480.97,6135.4,R-029,False,none
C-00701,2024-06-01,167.17,2147.9,R-059,False,none
C-00702,2024-06-01,339.96,1289.12,R-032,False,none
C-00703,2024-06-01,42.81,2.21,R-025,True,kunda
C-00704,2024-06-01,323.82,479.01,R-005,False,none
C-00705,2024-06-01,444.99,11.68,R-018,False,none
C-00706,2024-06-01,246.42,991.12,R-054,False,none
C-00707,2024-06-01,20.67,32.02,R-028,False,none
C-00708,2024-06-01,90.45,425.46,R-055,False,none
C-00709,2024-06-01,777.19,1495.59,R-032,False,none
C-00710,2024-06-01,53.22,3074.5,R-033,False,none
C-00711,2024-06-01,47.42,3651.93,R-026,False,none
C-00712,2024-06-01,637.53,1570.99,R-034,False,none
C-00713,2024-06-01,149.29,1563.28,R-005,False,none
C-00714,2024-06-01,458.31,1389.97,R-004,False,none
C-00715,2024-06-01,9.27,15.95,R-029,True,kunda
C-00716,2024-06-01,257.94,2901.97,R-036,False,none
C-00717,2024-06-01,344.69,2022.89,R-034,False,none
C-00718,2024-06-01,378.58,167.12,R-026,False,none
C-00719,2024-06-01,440.62,473.02,R-018,False,none
C-00720,2024-06-01,147.72,724.93,R-043,False,none
C-00721,2024-06-01,1249.35,100.94,R-037,False,none
C-00722,2024-06-01,301.79,71.34,R-003,False,none
C-00723,2024-06-01,252.69,2972.42,R-028,False,none
C-00724,2024-06-01,127.96,871.17,R-043,False,none
C-00725,2024-06-01,273.06,4024.61,R-048,False,none
C-00726,2024-06-01,513.5,695.96,R-018,False,none
C-00727,2024-06-01,40.38,669.64,R-056,False,none
C-00728,2024-06-01,9896.52,425.26,R-040,False,none
C-00729,2024-06-01,445.59,582.84,R-027,False,none
C-00730,2024-06-01,608.96,613.2,R-038,False,none
C-00731,2024-06-01,505.85,465.99,R-053,False,none
C-00732,2024-06-01,186.18,873.29,R-014,False,none
C-00733,2024-06-01,78.25,3235.39,R-010,True,tamper
C-00734,2024-06-01,488.76,532.67,R-027,False,none
C-00735,2024-06-01,14.6,123.94,R-006,False,none
C-00736,2024-06-01,245.56,310.27,R-051,False,none
C-00737,2024-06-01,442.92,755.42,R-059,False,none
C-00738,2024-06-01,408.41,1429.55,R-037,False,none
C-00739,2024-06-01,660.38,2839.28,R-059,False,none
C-00740,2024-06-01,498.32,180.19,R-005,False,none
C-00741,2024-06-01,893.41,1073.49,R-038,False,none
C-00742,2024-06-01,1087.84,1126.38,R-027,False,none
C-00743,2024-06-01,45.62,940.97,R-017,False,none
C-00744,2024-06-01,72.48,5615.93,R-019,False,none
C-00745,2024-06-01,102.74,441.24,R-033,False,none
C-00746,2024-06-01,88.22,248.99,R-039,False,none
C-00747,2024-06-01,3865.15,93.97,R-010,False,none
C-00748,2024-06-01,233.33,1751.82,R-037,False,none
C-00749,2024-06-01,889.54,1086.47,R-056,False,none
C-00750,2024-06-01,118.6,38.84,R-001,False,none
C-00751,2024-06-01,131.39,1141.76,R-053,False,none
C-00752,2024-06-01,4733.64,904.75,R-037,False,none
C-00753,2024-06-01,24.12,263.91,R-021,True,kunda
C-00754,2024-06-01,557.81,1149.66,R-045,False,none
C-00755,2024-06-01,692.55,511.68,R-038,False,none
C-00756,2024-06-01,51.18,127.52,R-047,False,none
C-00757,2024-06-01,330.77,9495.97,R-005,False,none
C-00758,2024-06-01,146.47,1090.26,R-004,False,none
C-00759,2024-06-01,175.26,174.03,R-039,False,none
C-00760,2024-06-01,76.52,315.12,R-019,False,none
C-00761,2024-06-01,54.19,350.79,R-015,False,none
C-00762,2024-06-01,376.51,532.36,R-026,True,tamper
C-00763,2024-06-01,400.2,4301.64,R-044,False,none
C-00764,2024-06-01,513.69,18.88,R-011,False,none
C-00765,2024-06-01,700.09,775.68,R-059,False,none
C-00766,2024-06-01,783.9,1336.76,R-026,False,none
C-00767,2024-06-01,561.24,441.15,R-010,False,none
C-00768,2024-06-01,2599.42,359.62,R-005,False,none
C-00769,2024-06-01,312.58,282.31,R-052,False,none
C-00770,2024-06-01,145.03,429.98,R-007,False,none
C-00771,2024-06-01,303.45,177.77,R-026,False,none
C-00772,2024-06-01,465.14,88.24,R-041,False,none
C-00773,2024-06-01,989.29,481.91,R-031,False,none
C-00774,2024-06-01,296.3,727.63,R-016,False,none
C-00775,2024-06-01,426.46,1281.97,R-007,False,none
C-00776,2024-06-01,131.88,2070.28,R-043,False,none
C-00777,2024-06-01,284.47,56.9,R-030,False,none
C-00778,2024-06-01,583.32,1388.25,R-003,False,none
C-00779,2024-06-01,259.67,3030.7,R-011,False,none
C-00780,2024-06-01,31.91,785.87,R-034,True,kunda
C-00781,2024-06-01,324.85,343.59,R-011,False,none
C-00782,2024-06-01,151.56,684.27,R-024,False,none
C-00783,2024-06-01,187.43,6488.55,R-008,False,none
C-00784,2024-06-01,36.01,799.49,R-048,False,none
C-00785,2024-06-01,407.64,494.5,R-038,False,none
C-00786,2024-06-01,494.95,212.79,R-048,False,none
C-00787,2024-06-01,615.2,1187.96,R-004,False,none
C-00788,2024-06-01,67.22,659.12,R-023,False,none
C-00789,2024-06-01,527.85,2852.92,R-017,False,none
C-00790,2024-06-01,487.62,2060.59,R-038,False,none
C-00791,2024-06-01,1213.05,4130.87,R-050,False,none
C-00792,2024-06-01,253.33,22.25,R-014,False,none
C-00793,2024-06-01,995.2,7708.13,R-047,False,none
C-00794,2024-06-01,10.56,731.58,R-035,True,kunda
C-00795,2024-06-01,623.61,4627.87,R-050,False,none
C-00796,2024-06-01,522.24,323.8,R-005,False,none
C-00797,2024-06-01,175.47,382.05,R-060,False,none
C-00798,2024-06-01,82.58,286.46,R-027,False,none
C-00799,2024-06-01,478.39,731.41,R-017,False,none
C-00800,2024-06-01,87.92,1744.58,R-011,False,none
C-00801,2024-06-01,482.6,1610.55,R-060,True,collusion
C-00802,2024-06-01,142.14,1589.59,R-054,False,none
C-00803,2024-06-01,168.78,548.62,R-008,True,tamper
C-00804,2024-06-01,690.64,2271.38,R-027,False,none
C-00805,2024-06-01,274.87,978.04,R-045,False,none
C-00806,2024-06-01,766.41,698.95,R-036,False,none
C-00807,2024-06-01,3233.39,860.19,R-012,False,none
C-00808,2024-06-01,289.79,78.79,R-022,False,none
C-00809,2024-06-01,326.47,2427.59,R-023,False,none
C-00810,2024-06-01,796.69,3245.28,R-018,False,none
C-00811,2024-06-01,2072.21,1772.76,R-058,False,none
C-00812,2024-06-01,177.24,337.69,R-013,True,tamper
C-00813,2024-06-01,464.53,204.33,R-043,False,none
C-00814,2024-06-01,812.62,2401.89,R-055,False,none
C-00815,2024-06-01,418.89,10.55,R-048,False,none
C-00816,2024-06-01,30.12,1001.35,R-048,False,none
C-00817,2024-06-01,196.85,4296.32,R-010,False,none
C-00818,2024-06-01,25.66,2922.18,R-008,False,none
C-00819,2024-06-01,43.36,361.65,R-047,False,none
C-00820,2024-06-01,466.13,351.45,R-045,False,none
C-00821,2024-06-01,49.47,1182.99,R-045,False,none
C-00822,2024-06-01,309.46,402.36,R-026,True,tamper
C-00823,2024-06-01,441.35,65.08,R-032,False,none
C-00824,2024-06-01,274.9,450.13,R-001,False,none
C-00825,2024-06-01,619.61,59.75,R-018,False,none
C-00826,2024-06-01,504.95,531.21,R-032,False,none
C-00827,2024-06-01,76.17,1939.44,R-008,False,none
C-00828,2024-06-01,933.93,566.1,R-008,False,none
C-00829,2024-06-01,3973.87,2919.84,R-003,False,none
C-00830,2024-06-01,382.94,1047.61,R-013,False,none
C-00831,2024-06-01,335.92,1257.37,R-060,False,none
C-00832,2024-06-01,258.79,34.94,R-042,False,none
C-00833,2024-06-01,943.1,1.29,R-057,False,none
C-00834,2024-06-01,518.72,65.5,R-016,False,none
C-00835,2024-06-01,24.18,2974.21,R-036,True,kunda
C-00836,2024-06-01,209.85,3259.62,R-054,False,none
C-00837,2024-06-01,88.36,5043.65,R-022,False,none
C-00838,2024-06-01,277.3,7816.26,R-040,False,none
C-00839,2024-06-01,425.48,1176.57,R-042,False,none
C-00840,2024-06-01,600.57,438.26,R-050,False,none
C-00841,2024-06-01,427.07,2353.52,R-059,False,none
C-00842,2024-06-01,223.63,735.58,R-037,True,tamper
C-00843,2024-06-01,1946.55,422.91,R-035,False,none
C-00844,2024-06-01,414.31,46.51,R-053,False,none
C-00845,2024-06-01,1382.76,291.72,R-042,False,none
C-00846,2024-06-01,29.42,980.19,R-022,False,none
C-00847,2024-06-01,17.66,598.96,R-038,False,none
C-00848,2024-06-01,525.48,2657.02,R-033,False,none
C-00849,2024-06-01,192.41,1846.31,R-014,False,none
C-00850,2024-06-01,215.27,402.53,R-031,False,none
C-00851,2024-06-01,1090.99,1400.48,R-038,False,none
C-00852,2024-06-01,178.65,1084.03,R-055,False,none
C-00853,2024-06-01,701.91,1452.42,R-035,False,none
C-00854,2024-06-01,3184.11,414.02,R-010,False,none
C-00855,2024-06-01,57.34,264.77,R-060,False,none
C-00856,2024-06-01,456.9,1742.74,R-035,False,none
C-00857,2024-06-01,2002.01,940.27,R-018,False,none
C-00858,2024-06-01,328.36,453.47,R-046,False,none
C-00859,2024-06-01,60.31,1675.69,R-024,False,none
C-00860,2024-06-01,185.86,2156.75,R-023,False,none
C-00861,2024-06-01,74.58,2213.94,R-051,False,none
C-00862,2024-06-01,333.42,1813.49,R-053,False,none
C-00863,2024-06-01,61.28,438.36,R-032,False,none
C-00864,2024-06-01,16.93,308.1,R-023,True,kunda
C-00865,2024-06-01,965.53,4099.98,R-052,False,none
C-00866,2024-06-01,311.65,315.9,R-011,False,none
C-00867,2024-06-01,155.96,1217.46,R-045,False,none
C-00868,2024-06-01,74.02,276.96,R-036,False,none
C-00869,2024-06-01,4044.93,1874.2,R-052,False,none
C-00870,2024-06-01,206.55,5677.62,R-026,False,none
C-00871,2024-06-01,135.81,698.83,R-050,False,none
C-00872,2024-06-01,307.33,100.81,R-001,False,none
C-00873,2024-06-01,649.41,2750.42,R-046,False,none
C-00874,2024-06-01,419.95,785.4,R-005,False,none
C-00875,2024-06-01,43.7,2906.65,R-039,False,none
C-00876,2024-06-01,299.03,1772.34,R-012,False,none
C-00877,2024-06-01,91.05,2752.21,R-058,False,none
C-00878,2024-06-01,192.77,135.27,R-047,False,none
C-00879,2024-06-01,497.72,532.05,R-007,False,none
C-00880,2024-06-01,202.49,1755.61,R-054,False,none
C-00881,2024-06-01,71.69,4252.05,R-016,False,none
C-00882,2024-06-01,831.04,1820.63,R-033,True,collusion
C-00883,2024-06-01,190.63,3671.99,R-006,False,none
C-00884,2024-06-01,90.57,605.09,R-007,False,none
C-00885,2024-06-01,8024.42,1634.58,R-015,False,none
C-00886,2024-06-01,674.01,2278.76,R-033,False,none
C-00887,2024-06-01,386.63,52.86,R-033,False,none
C-00888,2024-06-01,321.13,730.16,R-052,False,none
C-00889,2024-06-01,639.36,373.06,R-010,False,none
C-00890,2024-06-01,278.97,820.55,R-045,False,none
C-00891,2024-06-01,358.83,1019.01,R-001,False,none
C-00892,2024-06-01,154.0,692.18,R-018,False,none
C-00893,2024-06-01,187.68,1112.45,R-011,False,none
C-00894,2024-06-01,46.79,1104.84,R-008,False,none
C-00895,2024-06-01,104.34,3026.66,R-036,False,none
C-00896,2024-06-01,116.1,3456.42,R-055,False,none
C-00897,2024-06-01,528.32,621.99,R-041,False,none
C-00898,2024-06-01,180.67,255.42,R-052,False,none
C-00899,2024-06-01,1886.13,2947.89,R-036,False,none
C-00900,2024-06-01,879.58,143.56,R-004,False,none
C-00901,2024-06-01,89.88,1310.91,R-021,False,none
C-00902,2024-06-01,463.7,823.82,R-050,False,none
C-00903,2024-06-01,503.51,2601.39,R-003,False,none
C-00904,2024-06-01,230.92,1191.67,R-006,False,none
C-00905,2024-06-01,715.03,1547.41,R-051,False,none
C-00906,2024-06-01,287.15,1032.44,R-004,False,none
C-00907,2024-06-01,87.3,583.34,R-058,False,none
C-00908,2024-06-01,516.4,328.97,R-046,False,none
C-00909,2024-06-01,653.38,1035.25,R-040,False,none
C-00910,2024-06-01,344.34,2345.44,R-033,False,none
C-00911,2024-06-01,817.14,2694.93,R-006,False,none
C-00912,2024-06-01,404.24,5777.44,R-025,False,none
C-00913,2024-06-01,252.59,554.98,R-049,False,none
C-00914,2024-06-01,452.14,1276.55,R-055,False,none
C-00915,2024-06-01,936.45,414.18,R-027,False,none
C-00916,2024-06-01,1291.98,1135.4,R-051,True,tamper
C-00917,2024-06-01,919.4,6713.91,R-047,False,none
C-00918,2024-06-01,201.34,855.98,R-004,False,none
C-00919,2024-06-01,73.33,179.35,R-038,True,tamper
C-00920,2024-06-01,1799.72,2219.81,R-037,False,none
C-00921,2024-06-01,1088.99,4538.08,R-033,False,none
C-00922,2024-06-01,603.5,259.28,R-047,False,none
C-00923,2024-06-01,295.42,2765.77,R-054,False,none
C-00924,2024-06-01,57.83,849.97,R-034,True,kunda
C-00925,2024-06-01,644.8,761.11,R-020,False,none
C-00926,2024-06-01,80.84,803.08,R-059,False,none
C-00927,2024-06-01,362.28,560.38,R-058,False,none
C-00928,2024-06-01,312.34,384.78,R-042,False,none
C-00929,2024-06-01,169.82,1174.87,R-039,True,tamper
C-00930,2024-06-01,425.36,20.42,R-007,False,none
C-00931,2024-06-01,158.28,634.66,R-025,False,none
C-00932,2024-06-01,635.28,626.6,R-012,False,none
C-00933,2024-06-01,243.51,215.1,R-031,False,none
C-00934,2024-06-01,17.71,1297.84,R-050,True,kunda
C-00935,2024-06-01,90.02,441.26,R-014,False,none
C-00936,2024-06-01,129.82,2442.82,R-060,False,none
C-00937,2024-06-01,307.01,458.81,R-008,False,none
C-00938,2024-06-01,510.86,451.93,R-006,False,none
C-00939,2024-06-01,49.35,149.66,R-059,False,none
C-00940,2024-06-01,301.55,1107.75,R-007,False,none
C-00941,2024-06-01,148.87,1312.11,R-045,False,none
C-00942,2024-06-01,285.71,2179.84,R-046,False,none
C-00943,2024-06-01,423.57,444.11,R-020,False,none
C-00944,2024-06-01,592.98,2017.95,R-004,False,none
C-00945,2024-06-01,474.19,1757.82,R-019,False,none
C-00946,2024-06-01,258.31,79.96,R-005,False,none
C-00947,2024-06-01,396.43,1065.38,R-041,True,collusion
C-00948,2024-06-01,18.98,85.24,R-054,True,kunda
C-00949,2024-06-01,2803.15,160.9,R-060,False,none
C-00950,2024-06-01,310.02,169.1,R-049,False,none
C-00951,2024-06-01,731.07,187.67,R-047,True,tamper
C-00952,2024-06-01,17025.57,896.9,R-053,False,none
C-00953,2024-06-01,111.52,169.51,R-047,False,none
C-00954,2024-06-01,456.0,114.98,R-040,False,none
C-00955,2024-06-01,495.11,107.08,R-060,False,none
C-00956,2024-06-01,4259.2,517.25,R-020,False,none
C-00957,2024-06-01,94.15,1873.06,R-025,False,none
C-00958,2024-06-01,171.1,309.12,R-055,False,none
C-00959,2024-06-01,284.86,4392.52,R-019,True,tamper
C-00960,2024-06-01,215.07,870.29,R-018,False,none
C-00961,2024-06-01,265.2,1954.66,R-010,False,none
C-00962,2024-06-01,53.4,946.61,R-017,False,none
C-00963,2024-06-01,4795.82,236.41,R-036,False,none
C-00964,2024-06-01,782.4,251.79,R-054,False,none
C-00965,2024-06-01,63.99,260.57,R-009,False,none
C-00966,2024-06-01,991.98,1400.76,R-041,False,none
C-00967,2024-06-01,308.74,2567.93,R-046,False,none
C-00968,2024-06-01,32.38,1473.31,R-054,False,none
C-00969,2024-06-01,211.46,2290.09,R-046,False,none
C-00970,2024-06-01,833.76,1968.77,R-010,False,none
C-00971,2024-06-01,186.25,764.78,R-030,True,tamper
C-00972,2024-06-01,1082.71,2462.0,R-058,False,none
C-00973,2024-06-01,160.44,2169.43,R-055,False,none
C-00974,2024-06-01,384.7,3267.33,R-037,True,tamper
C-00975,2024-06-01,153.99,188.17,R-058,False,none
C-00976,2024-06-01,64.32,1515.29,R-041,False,none
C-00977,2024-06-01,300.73,1824.02,R-004,True,collusion
C-00978,2024-06-01,56.23,1433.99,R-055,False,none
C-00979,2024-06-01,232.14,213.76,R-011,True,collusion
C-00980,2024-06-01,32.8,1145.31,R-023,True,kunda
C-00981,2024-06-01,969.65,1840.03,R-015,False,none
C-00982,2024-06-01,85.82,452.54,R-044,False,none
C-00983,2024-06-01,334.29,267.9,R-002,False,none
C-00984,2024-06-01,122.3,257.84,R-039,False,none
C-00985,2024-06-01,446.68,465.1,R-052,False,none
C-00986,2024-06-01,144.15,3595.52,R-048,False,none
C-00987,2024-06-01,102.35,246.77,R-019,True,kunda
C-00988,2024-06-01,25.16,1969.25,R-054,False,none
C-00989,2024-06-01,50.09,264.75,R-022,False,none
C-00990,2024-06-01,18.49,7019.76,R-041,False,none
C-00991,2024-06-01,100.55,150.88,R-031,False,none
C-00992,2024-06-01,401.02,1279.61,R-005,False,none
C-00993,2024-06-01,605.89,2626.25,R-001,False,none
C-00994,2024-06-01,3941.42,533.79,R-011,False,none
C-00995,2024-06-01,118.83,3065.58,R-057,False,none
C-00996,2024-06-01,287.37,288.96,R-058,False,none
C-00997,2024-06-01,141.17,390.84,R-025,True,tamper
C-00998,2024-06-01,469.93,226.61,R-059,False,none
C-00999,2024-06-01,527.22,386.83,R-003,True,tamper
C-01000,2024-06-01,319.76,1417.58,R-059,False,none
C-01001,2024-06-01,565.44,717.84,R-014,False,none
C-01002,2024-06-01,891.38,3222.12,R-003,False,none
C-01003,2024-06-01,774.95,92.42,R-046,False,none
C-01004,2024-06-01,1457.8,2276.8,R-023,False,none
C-01005,2024-06-01,119.24,1914.54,R-018,False,none
C-01006,2024-06-01,703.66,13.61,R-046,False,none
C-01007,2024-06-01,163.02,1197.68,R-020,False,none
C-01008,2024-06-01,1086.23,2025.14,R-046,False,none
C-01009,2024-06-01,447.04,5.15,R-012,False,none
C-01010,2024-06-01,365.96,617.98,R-006,False,none
C-01011,2024-06-01,32.1,455.15,R-020,False,none
C-01012,2024-06-01,965.12,466.09,R-037,False,none
C-01013,2024-06-01,47.5,524.48,R-014,False,none
C-01014,2024-06-01,369.07,1037.28,R-009,False,none
C-01015,2024-06-01,114.69,696.92,R-045,False,none
C-01016,2024-06-01,151.02,4803.85,R-030,False,none
C-01017,2024-06-01,2571.05,92.84,R-026,False,none
C-01018,2024-06-01,110.55,275.76,R-015,False,none
C-01019,2024-06-01,319.19,3795.52,R-002,False,none
C-01020,2024-06-01,477.18,3687.5,R-004,False,none
C-01021,2024-06-01,555.39,261.07,R-041,False,none
C-01022,2024-06-01,872.81,1702.37,R-005,False,none
C-01023,2024-06-01,482.32,510.15,R-015,False,none
C-01024,2024-06-01,3009.17,1795.34,R-055,False,none
C-01025,2024-06-01,174.93,2374.11,R-021,False,none
C-01026,2024-06-01,569.89,313.74,R-045,False,none
C-01027,2024-06-01,348.38,267.42,R-021,False,none
C-01028,2024-06-01,498.97,769.89,R-056,False,none
C-01029,2024-06-01,446.52,736.51,R-050,False,none
C-01030,2024-06-01,95.54,30.21,R-029,False,none
C-01031,2024-06-01,128.26,2919.54,R-042,False,none
C-01032,2024-06-01,32.04,900.84,R-025,False,none
C-01033,2024-06-01,77.85,1020.73,R-057,False,none
C-01034,2024-06-01,22.91,721.34,R-022,False,none
C-01035,2024-06-01,44.78,1132.56,R-051,False,none
C-01036,2024-06-01,58.61,1096.87,R-037,True,kunda
C-01037,2024-06-01,62.16,2435.52,R-039,False,none
C-01038,2024-06-01,357.1,3200.19,R-022,False,none
C-01039,2024-06-01,376.92,1368.83,R-050,False,none
C-01040,2024-06-01,230.34,2114.75,R-045,False,none
C-01041,2024-06-01,317.13,56.95,R-049,False,none
C-01042,2024-06-01,110.27,1064.21,R-049,False,none
C-01043,2024-06-01,47.12,505.33,R-010,False,none
C-01044,2024-06-01,29.26,95.58,R-053,False,none
C-01045,2024-06-01,834.36,2178.55,R-051,False,none
C-01046,2024-06-01,698.46,127.02,R-015,False,none
C-01047,2024-06-01,248.93,227.95,R-059,False,none
C-01048,2024-06-01,241.01,1791.94,R-032,False,none
C-01049,2024-06-01,188.92,1164.29,R-020,False,none
C-01050,2024-06-01,105.76,4532.68,R-014,False,none
C-01051,2024-06-01,299.17,812.68,R-022,False,none
C-01052,2024-06-01,35.38,2.79,R-003,False,none
C-01053,2024-06-01,387.17,11368.1,R-042,False,none
C-01054,2024-06-01,1269.67,74.78,R-043,False,none
C-01055,2024-06-01,82.31,19.14,R-041,False,none
C-01056,2024-06-01,123.65,1408.8,R-033,False,none
C-01057,2024-06-01,84.52,585.27,R-022,False,none
C-01058,2024-06-01,21.51,2648.22,R-044,False,none
C-01059,2024-06-01,405.48,1995.2,R-053,False,none
C-01060,2024-06-01,182.85,1241.82,R-006,False,none
C-01061,2024-06-01,252.54,1797.79,R-023,False,none
C-01062,2024-06-01,127.8,771.06,R-060,False,none
C-01063,2024-06-01,483.94,504.69,R-052,False,none
C-01064,2024-06-01,68.2,399.78,R-060,False,none
C-01065,2024-06-01,646.08,7022.99,R-011,False,none
C-01066,2024-06-01,48.13,566.72,R-028,True,tamper
C-01067,2024-06-01,522.97,453.2,R-008,False,none
C-01068,2024-06-01,113.78,292.63,R-052,False,none
C-01069,2024-06-01,117.23,1129.12,R-032,False,none
C-01070,2024-06-01,255.87,2091.28,R-015,False,none
C-01071,2024-06-01,412.38,3070.61,R-006,False,none
C-01072,2024-06-01,92.95,1129.15,R-045,False,none
C-01073,2024-06-01,502.29,4740.18,R-049,False,none
C-01074,2024-06-01,489.1,4085.18,R-053,False,none
C-01075,2024-06-01,502.05,999.31,R-059,False,none
C-01076,2024-06-01,747.85,284.3,R-049,False,none
C-01077,2024-06-01,56.52,2169.87,R-048,False,none
C-01078,2024-06-01,581.66,327.82,R-049,False,none
C-01079,2024-06-01,406.41,970.51,R-060,False,none
C-01080,2024-06-01,65.43,444.94,R-028,True,tamper
C-01081,2024-06-01,1154.44,364.63,R-046,False,none
C-01082,2024-06-01,1875.66,4956.21,R-050,False,none
C-01083,2024-06-01,83.15,1275.71,R-007,False,none
C-01084,2024-06-01,26.79,132.51,R-042,False,none
C-01085,2024-06-01,646.4,471.67,R-021,False,none
C-01086,2024-06-01,241.05,1109.34,R-008,False,none
C-01087,2024-06-01,322.25,1532.37,R-011,False,none
C-01088,2024-06-01,478.75,3944.45,R-007,False,none
C-01089,2024-06-01,64.38,924.19,R-054,False,none
C-01090,2024-06-01,161.21,3755.52,R-047,True,tamper
C-01091,2024-06-01,246.83,54.56,R-007,False,none
C-01092,2024-06-01,172.87,1425.41,R-038,False,none
C-01093,2024-06-01,185.1,3262.82,R-040,False,none
C-01094,2024-06-01,572.69,907.85,R-032,False,none
C-01095,2024-06-01,514.05,2961.73,R-037,False,none
C-01096,2024-06-01,660.44,84.3,R-055,False,none
C-01097,2024-06-01,500.44,1518.58,R-032,False,none
C-01098,2024-06-01,576.78,2276.36,R-040,False,none
C-01099,2024-06-01,76.6,2696.77,R-035,False,none
C-01100,2024-06-01,125.72,2839.54,R-024,False,none
C-01101,2024-06-01,82.33,4337.88,R-054,False,none
C-01102,2024-06-01,348.92,317.13,R-025,False,none
C-01103,2024-06-01,97.75,2456.08,R-048,False,none
C-01104,2024-06-01,60.24,2017.04,R-037,False,none
C-01105,2024-06-01,1159.16,977.43,R-042,False,none
C-01106,2024-06-01,822.97,2157.2,R-046,False,none
C-01107,2024-06-01,300.59,5331.04,R-045,False,none
C-01108,2024-06-01,508.85,969.99,R-034,False,none
C-01109,2024-06-01,417.21,634.43,R-037,False,none
C-01110,2024-06-01,96.28,672.27,R-031,False,none
C-01111,2024-06-01,274.13,3468.81,R-021,False,none
C-01112,2024-06-01,4884.36,1651.22,R-044,False,none
C-01113,2024-06-01,5933.32,187.93,R-053,False,none
C-01114,2024-06-01,331.67,3194.21,R-043,False,none
C-01115,2024-06-01,364.78,244.94,R-047,False,none
C-01116,2024-06-01,1697.2,1469.26,R-050,False,none
C-01117,2024-06-01,1112.53,416.18,R-023,False,none
C-01118,2024-06-01,238.75,3898.92,R-004,False,none
C-01119,2024-06-01,28.87,1122.14,R-021,False,none
C-01120,2024-06-01,929.6,1083.1,R-046,False,none
C-01121,2024-06-01,561.6,458.77,R-049,False,none
C-01122,2024-06-01,43.74,452.03,R-031,False,none
C-01123,2024-06-01,6117.08,3193.7,R-047,False,none
C-01124,2024-06-01,2176.21,1879.96,R-005,False,none
C-01125,2024-06-01,1119.51,2597.86,R-039,False,none
C-01126,2024-06-01,515.45,2725.83,R-041,False,none
C-01127,2024-06-01,87.49,314.96,R-031,False,none
C-01128,2024-06-01,383.17,1215.61,R-043,False,none
C-01129,2024-06-01,210.53,1428.06,R-030,False,none
C-01130,2024-06-01,616.23,383.52,R-032,False,none
C-01131,2024-06-01,162.4,2302.78,R-037,False,none
C-01132,2024-06-01,329.93,1296.42,R-048,False,none
C-01133,2024-06-01,183.4,1669.18,R-015,False,none
C-01134,2024-06-01,529.82,625.38,R-019,False,none
C-01135,2024-06-01,173.41,1447.62,R-026,False,none
C-01136,2024-06-01,565.84,6440.72,R-013,False,none
C-01137,2024-06-01,84.97,802.82,R-021,False,none
C-01138,2024-06-01,213.91,433.43,R-022,False,none
C-01139,2024-06-01,1292.14,722.43,R-019,False,none
C-01140,2024-06-01,20.63,184.92,R-025,False,none
C-01141,2024-06-01,149.59,2542.84,R-031,False,none
C-01142,2024-06-01,614.23,1656.48,R-042,False,none
C-01143,2024-06-01,519.33,2007.11,R-019,False,none
C-01144,2024-06-01,15.48,294.95,R-051,False,none
C-01145,2024-06-01,644.14,170.18,R-029,False,none
C-01146,2024-06-01,659.89,674.81,R-044,False,none
C-01147,2024-06-01,189.87,2611.95,R-007,False,none
C-01148,2024-06-01,206.86,2833.22,R-011,False,none
C-01149,2024-06-01,396.34,1598.21,R-028,False,none
C-01150,2024-06-01,419.04,1744.7,R-022,False,none
C-01151,2024-06-01,47.5,5755.83,R-030,False,none
C-01152,2024-06-01,483.81,1576.45,R-010,False,none
C-01153,2024-06-01,774.31,155.04,R-029,False,none
C-01154,2024-06-01,633.56,1345.78,R-042,False,none
C-01155,2024-06-01,580.4,1652.72,R-044,False,none
C-01156,2024-06-01,692.63,1903.55,R-015,False,none
C-01157,2024-06-01,607.5,682.02,R-021,False,none
C-01158,2024-06-01,215.22,2599.44,R-032,False,none
C-01159,2024-06-01,537.85,162.59,R-032,False,none
C-01160,2024-06-01,109.76,571.56,R-048,False,none
C-01161,2024-06-01,300.27,5610.23,R-024,False,none
C-01162,2024-06-01,139.21,986.66,R-041,False,none
C-01163,2024-06-01,1116.66,2700.31,R-054,False,none
C-01164,2024-06-01,133.16,867.47,R-018,False,none
C-01165,2024-06-01,189.17,8291.57,R-050,False,none
C-01166,2024-06-01,5.59,3005.9,R-020,True,kunda
C-01167,2024-06-01,402.6,662.31,R-021,False,none
C-01168,2024-06-01,116.2,370.63,R-040,False,none
C-01169,2024-06-01,138.46,480.68,R-038,False,none
C-01170,2024-06-01,2769.32,56.3,R-033,False,none
C-01171,2024-06-01,896.56,5576.24,R-014,False,none
C-01172,2024-06-01,230.46,862.45,R-006,False,none
C-01173,2024-06-01,676.79,381.26,R-055,False,none
C-01174,2024-06-01,180.05,55.07,R-053,False,none
C-01175,2024-06-01,94.0,705.94,R-054,False,none
C-01176,2024-06-01,45.47,3311.62,R-031,False,none
C-01177,2024-06-01,31.53,479.64,R-054,False,none
C-01178,2024-06-01,812.6,1605.05,R-029,False,none
C-01179,2024-06-01,493.25,190.18,R-005,False,none
C-01180,2024-06-01,445.67,3228.83,R-012,False,none
C-01181,2024-06-01,370.35,1040.24,R-017,False,none
C-01182,2024-06-01,509.62,64.3,R-023,False,none
C-01183,2024-06-01,528.84,1339.27,R-057,False,none
C-01184,2024-06-01,355.36,820.22,R-020,True,tamper
C-01185,2024-06-01,23.17,2986.75,R-037,False,none
C-01186,2024-06-01,344.39,4890.47,R-017,False,none
C-01187,2024-06-01,399.69,610.49,R-039,False,none
C-01188,2024-06-01,266.41,1408.77,R-035,False,none
C-01189,2024-06-01,13.35,142.58,R-010,False,none
C-01190,2024-06-01,676.7,354.72,R-028,False,none
C-01191,2024-06-01,191.09,3216.12,R-007,False,none
C-01192,2024-06-01,303.31,893.56,R-054,False,none
C-01193,2024-06-01,167.42,1249.62,R-043,False,none
C-01194,2024-06-01,306.86,1628.39,R-057,False,none
C-01195,2024-06-01,1034.47,3214.33,R-053,False,none
C-01196,2024-06-01,2049.81,1298.17,R-014,False,none
C-01197,2024-06-01,114.63,251.42,R-043,False,none
C-01198,2024-06-01,1382.01,2560.19,R-007,False,none
C-01199,2024-06-01,369.75,657.82,R-058,False,none
C-01200,2024-06-01,2300.28,2001.86,R-048,False,none
C-01201,2024-06-01,9722.81,2258.64,R-041,False,none
C-01202,2024-06-01,314.04,1946.74,R-060,False,none
C-01203,2024-06-01,17.59,5378.83,R-051,False,none
C-01204,2024-06-01,1202.54,728.99,R-052,False,none
C-01205,2024-06-01,2282.76,119.36,R-007,False,none
C-01206,2024-06-01,6778.41,44.36,R-002,False,none
C-01207,2024-06-01,615.45,4173.71,R-058,False,none
C-01208,2024-06-01,106.43,685.56,R-016,False,none
C-01209,2024-06-01,86.35,1138.79,R-026,False,none
C-01210,2024-06-01,384.13,310.61,R-003,False,none
C-01211,2024-06-01,18.0,1894.61,R-038,True,kunda
C-01212,2024-06-01,875.28,1671.42,R-050,False,none
C-01213,2024-06-01,67.61,80.34,R-051,False,none
C-01214,2024-06-01,306.12,1563.18,R-035,False,none
C-01215,2024-06-01,601.83,709.82,R-040,False,none
C-01216,2024-06-01,93.9,1387.72,R-031,False,none
C-01217,2024-06-01,254.12,1093.09,R-027,False,none
C-01218,2024-06-01,519.23,1240.33,R-034,False,none
C-01219,2024-06-01,217.6,826.44,R-057,False,none
C-01220,2024-06-01,62.52,4790.43,R-016,False,none
C-01221,2024-06-01,156.33,1306.53,R-029,False,none
C-01222,2024-06-01,1005.63,3997.11,R-037,False,none
C-01223,2024-06-01,381.7,1253.43,R-035,False,none
C-01224,2024-06-01,47.87,595.52,R-002,False,none
C-01225,2024-06-01,197.69,391.63,R-018,False,none
C-01226,2024-06-01,53.39,388.01,R-039,False,none
C-01227,2024-06-01,218.78,2420.48,R-042,False,none
C-01228,2024-06-01,1532.64,2475.48,R-045,False,none
C-01229,2024-06-01,213.08,3638.72,R-060,False,none
C-01230,2024-06-01,323.41,2050.95,R-041,False,none
C-01231,2024-06-01,1124.8,90.49,R-035,False,none
C-01232,2024-06-01,172.2,152.61,R-020,False,none
C-01233,2024-06-01,497.11,2275.24,R-023,False,none
C-01234,2024-06-01,289.71,1158.66,R-050,False,none
C-01235,2024-06-01,814.99,793.48,R-029,False,none
C-01236,2024-06-01,1682.29,235.64,R-043,False,none
C-01237,2024-06-01,691.93,1301.49,R-008,False,none
C-01238,2024-06-01,393.74,370.47,R-008,False,none
C-01239,2024-06-01,4659.47,447.64,R-013,False,none
C-01240,2024-06-01,399.24,2383.14,R-012,False,none
C-01241,2024-06-01,439.11,2257.71,R-037,False,none
C-01242,2024-06-01,85.85,4286.61,R-039,False,none
C-01243,2024-06-01,479.58,725.72,R-034,False,none
C-01244,2024-06-01,21.31,1555.66,R-018,True,kunda
C-01245,2024-06-01,141.01,278.85,R-035,False,none
C-01246,2024-06-01,689.86,45.72,R-008,False,none
C-01247,2024-06-01,418.88,3613.1,R-029,False,none
C-01248,2024-06-01,55.18,2694.81,R-010,False,none
C-01249,2024-06-01,569.14,4982.99,R-005,False,none
C-01250,2024-06-01,269.58,217.41,R-010,False,none
C-01251,2024-06-01,1315.22,2034.69,R-007,False,none
C-01252,2024-06-01,260.27,1529.23,R-029,False,none
C-01253,2024-06-01,1642.56,1139.89,R-033,False,none
C-01254,2024-06-01,217.47,724.93,R-037,True,tamper
C-01255,2024-06-01,442.08,150.35,R-027,False,none
C-01256,2024-06-01,293.18,401.95,R-011,False,none
C-01257,2024-06-01,364.67,2063.29,R-002,False,none
C-01258,2024-06-01,99.1,3215.5,R-043,True,tamper
C-01259,2024-06-01,448.68,626.58,R-059,False,none
C-01260,2024-06-01,69.94,1133.17,R-017,False,none
C-01261,2024-06-01,952.94,204.58,R-013,False,none
C-01262,2024-06-01,846.94,936.29,R-019,False,none
C-01263,2024-06-01,380.07,1639.15,R-013,False,none
C-01264,2024-06-01,131.58,4515.27,R-014,False,none
C-01265,2024-06-01,345.34,856.74,R-030,False,none
C-01266,2024-06-01,268.79,6130.62,R-048,False,none
C-01267,2024-06-01,567.18,1832.13,R-043,False,none
C-01268,2024-06-01,187.23,3671.04,R-058,False,none
C-01269,2024-06-01,361.62,724.11,R-022,False,none
C-01270,2024-06-01,796.83,1549.77,R-030,False,none
C-01271,2024-06-01,562.53,294.04,R-023,False,none
C-01272,2024-06-01,834.69,466.32,R-003,False,none
C-01273,2024-06-01,48.52,956.5,R-024,False,none
C-01274,2024-06-01,27.79,1115.58,R-016,False,none
C-01275,2024-06-01,501.89,2914.48,R-029,False,none
C-01276,2024-06-01,430.36,3030.32,R-010,False,none
C-01277,2024-06-01,549.96,2993.07,R-045,False,none
C-01278,2024-06-01,146.02,1049.14,R-051,False,none
C-01279,2024-06-01,796.46,1995.09,R-058,False,none
C-01280,2024-06-01,622.91,3480.07,R-006,False,none
C-01281,2024-06-01,5.03,168.94,R-008,True,kunda
C-01282,2024-06-01,21.61,233.93,R-058,False,none
C-01283,2024-06-01,107.31,1400.11,R-051,False,none
C-01284,2024-06-01,53.7,4748.91,R-036,False,none
C-01285,2024-06-01,218.94,1328.33,R-020,True,tamper
C-01286,2024-06-01,1062.03,4993.48,R-032,False,none
C-01287,2024-06-01,885.06,516.63,R-033,False,none
C-01288,2024-06-01,96.58,6748.71,R-051,False,none
C-01289,2024-06-01,291.67,2625.9,R-032,False,none
C-01290,2024-06-01,67.38,692.39,R-002,False,none
C-01291,2024-06-01,42.92,97.4,R-042,True,kunda
C-01292,2024-06-01,245.22,1093.9,R-047,False,none
C-01293,2024-06-01,527.09,118.12,R-018,False,none
C-01294,2024-06-01,133.62,763.54,R-007,False,none
C-01295,2024-06-01,4813.12,2242.84,R-009,False,none
C-01296,2024-06-01,377.35,368.48,R-051,False,none
C-01297,2024-06-01,302.81,639.32,R-027,False,none
C-01298,2024-06-01,104.19,4358.06,R-032,False,none
C-01299,2024-06-01,193.1,634.89,R-058,False,none
C-01300,2024-06-01,360.07,2.16,R-004,True,collusion
C-01301,2024-06-01,7368.16,318.37,R-013,False,none
C-01302,2024-06-01,492.55,1588.16,R-050,False,none
C-01303,2024-06-01,126.35,41.5,R-033,True,collusion
C-01304,2024-06-01,1668.44,141.04,R-002,False,none
C-01305,2024-06-01,132.08,340.04,R-043,False,none
C-01306,2024-06-01,457.06,4243.86,R-009,False,none
C-01307,2024-06-01,545.82,560.46,R-047,False,none
C-01308,2024-06-01,901.48,433.4,R-048,False,none
C-01309,2024-06-01,80.54,1360.98,R-050,False,none
C-01310,2024-06-01,193.71,15.27,R-028,False,none
C-01311,2024-06-01,1732.75,1377.05,R-017,False,none
C-01312,2024-06-01,292.24,3714.61,R-053,False,none
C-01313,2024-06-01,322.64,2663.95,R-034,False,none
C-01314,2024-06-01,224.22,1009.95,R-039,False,none
C-01315,2024-06-01,311.46,79.31,R-009,False,none
C-01316,2024-06-01,343.33,801.14,R-038,False,none
C-01317,2024-06-01,428.83,2657.94,R-035,False,none
C-01318,2024-06-01,3228.97,1785.89,R-018,True,tamper
C-01319,2024-06-01,910.73,3026.14,R-047,False,none
C-01320,2024-06-01,410.56,233.92,R-009,False,none
C-01321,2024-06-01,338.76,1078.05,R-044,False,none
C-01322,2024-06-01,21.74,400.37,R-058,False,none
C-01323,2024-06-01,268.85,416.16,R-035,False,none
C-01324,2024-06-01,1958.96,0.35,R-007,False,none
C-01325,2024-06-01,431.74,250.56,R-034,False,none
C-01326,2024-06-01,382.29,2891.92,R-032,False,none
C-01327,2024-06-01,4467.63,126.47,R-034,False,none
C-01328,2024-06-01,182.81,113.0,R-017,False,none
C-01329,2024-06-01,970.76,740.65,R-038,False,none
C-01330,2024-06-01,76.76,1540.01,R-016,False,none
C-01331,2024-06-01,66.05,69.63,R-034,False,none
C-01332,2024-06-01,668.64,3447.56,R-036,False,none
C-01333,2024-06-01,250.91,403.26,R-039,False,none
C-01334,2024-06-01,321.97,468.16,R-048,False,none
C-01335,2024-06-01,906.57,1395.89,R-053,False,none
C-01336,2024-06-01,637.38,172.88,R-047,False,none
C-01337,2024-06-01,266.61,359.33,R-048,False,none
C-01338,2024-06-01,257.03,4046.21,R-053,False,none
C-01339,2024-06-01,198.79,1288.89,R-015,False,none
C-01340,2024-06-01,254.25,1257.15,R-018,False,none
C-01341,2024-06-01,914.96,4039.43,R-032,False,none
C-01342,2024-06-01,1308.86,2982.14,R-028,False,none
C-01343,2024-06-01,14.05,1078.98,R-043,True,kunda
C-01344,2024-06-01,28.01,1867.14,R-001,False,none
C-01345,2024-06-01,27.93,1723.81,R-009,True,kunda
C-01346,2024-06-01,1079.1,2320.32,R-045,False,none
C-01347,2024-06-01,9.79,1029.11,R-050,True,kunda
C-01348,2024-06-01,743.73,1495.64,R-019,False,none
C-01349,2024-06-01,586.56,899.18,R-019,False,none
C-01350,2024-06-01,23.41,340.24,R-034,False,none
C-01351,2024-06-01,35.6,546.39,R-029,False,none
C-01352,2024-06-01,27.87,2899.88,R-011,False,none
C-01353,2024-06-01,1020.55,178.16,R-031,False,none
C-01354,2024-06-01,563.55,266.26,R-050,False,none
C-01355,2024-06-01,44.36,194.53,R-044,True,kunda
C-01356,2024-06-01,76.95,2920.01,R-050,False,none
C-01357,2024-06-01,109.78,221.42,R-039,False,none
C-01358,2024-06-01,964.88,188.63,R-053,False,none
C-01359,2024-06-01,210.15,4232.72,R-015,False,none
C-01360,2024-06-01,397.44,582.3,R-003,False,none
C-01361,2024-06-01,459.29,2356.15,R-007,False,none
C-01362,2024-06-01,230.55,783.82,R-060,False,none
C-01363,2024-06-01,824.47,3255.75,R-039,False,none
C-01364,2024-06-01,481.6,364.09,R-015,False,none
C-01365,2024-06-01,54.14,3388.65,R-052,False,none
C-01366,2024-06-01,257.22,826.48,R-019,False,none
C-01367,2024-06-01,27.46,2929.31,R-036,False,none
C-01368,2024-06-01,197.53,682.7,R-015,False,none
C-01369,2024-06-01,153.76,619.2,R-006,True,tamper
C-01370,2024-06-01,959.17,5281.91,R-017,False,none
C-01371,2024-06-01,600.66,2857.54,R-014,False,none
C-01372,2024-06-01,364.48,3428.92,R-034,False,none
C-01373,2024-06-01,169.53,398.66,R-002,True,tamper
C-01374,2024-06-01,423.53,1746.79,R-015,False,none
C-01375,2024-06-01,943.99,2814.1,R-035,False,none
C-01376,2024-06-01,39.26,1840.79,R-024,False,none
C-01377,2024-06-01,62.86,1802.84,R-039,False,none
C-01378,2024-06-01,573.16,73.82,R-040,False,none
C-01379,2024-06-01,750.8,863.34,R-058,False,none
C-01380,2024-06-01,208.04,709.66,R-051,False,none
C-01381,2024-06-01,173.94,1722.17,R-014,False,none
C-01382,2024-06-01,268.05,700.29,R-042,False,none
C-01383,2024-06-01,4220.3,704.99,R-038,False,none
C-01384,2024-06-01,203.55,449.2,R-036,False,none
C-01385,2024-06-01,134.15,1008.66,R-048,False,none
C-01386,2024-06-01,70.36,531.76,R-009,False,none
C-01387,2024-06-01,339.97,429.39,R-023,False,none
C-01388,2024-06-01,65.99,609.59,R-049,False,none
C-01389,2024-06-01,103.49,265.32,R-054,False,none
C-01390,2024-06-01,192.75,3509.33,R-003,False,none
C-01391,2024-06-01,1069.26,2176.78,R-029,False,none
C-01392,2024-06-01,39.15,1159.55,R-016,False,none
C-01393,2024-06-01,138.78,1459.01,R-011,False,none
C-01394,2024-06-01,459.76,1187.48,R-004,False,none
C-01395,2024-06-01,141.13,1271.34,R-033,False,none
C-01396,2024-06-01,2099.49,842.69,R-041,False,none
C-01397,2024-06-01,383.85,813.46,R-032,False,none
C-01398,2024-06-01,4497.43,2723.09,R-023,False,none
C-01399,2024-06-01,6.35,1610.35,R-047,True,kunda
C-01400,2024-06-01,678.83,5066.12,R-040,False,none
C-01401,2024-06-01,227.64,416.6,R-055,False,none
C-01402,2024-06-01,157.74,531.56,R-021,False,none
C-01403,2024-06-01,227.1,523.21,R-015,False,none
C-01404,2024-06-01,78.92,2120.24,R-028,True,tamper
C-01405,2024-06-01,347.78,886.36,R-031,False,none
C-01406,2024-06-01,101.73,442.3,R-028,False,none
C-01407,2024-06-01,112.97,1655.88,R-050,False,none
C-01408,2024-06-01,258.65,910.44,R-003,False,none
C-01409,2024-06-01,971.57,1957.53,R-032,False,none
C-01410,2024-06-01,29.85,506.13,R-026,False,none
C-01411,2024-06-01,109.12,980.78,R-013,False,none
C-01412,2024-06-01,1044.76,225.37,R-039,False,none
C-01413,2024-06-01,211.85,3527.96,R-049,False,none
C-01414,2024-06-01,339.37,1617.33,R-033,False,none
C-01415,2024-06-01,321.27,948.02,R-006,False,none
C-01416,2024-06-01,324.65,137.62,R-005,False,none
C-01417,2024-06-01,260.33,1155.13,R-026,False,none
C-01418,2024-06-01,276.87,135.41,R-041,False,none
C-01419,2024-06-01,228.76,1027.43,R-019,False,none
C-01420,2024-06-01,107.69,916.22,R-019,False,none
C-01421,2024-06-01,39.72,1951.31,R-052,False,none
C-01422,2024-06-01,66.03,159.17,R-001,False,none
C-01423,2024-06-01,188.66,1238.99,R-005,False,none
C-01424,2024-06-01,393.05,535.69,R-010,False,none
C-01425,2024-06-01,892.7,443.72,R-060,False,none
C-01426,2024-06-01,173.76,654.06,R-030,False,none
C-01427,2024-06-01,173.28,918.62,R-010,False,none
C-01428,2024-06-01,264.84,834.01,R-019,False,none
C-01429,2024-06-01,316.3,3646.54,R-059,False,none
C-01430,2024-06-01,1181.6,1272.87,R-042,False,none
C-01431,2024-06-01,9.03,1028.2,R-014,True,kunda
C-01432,2024-06-01,1991.22,1377.41,R-015,True,tamper
C-01433,2024-06-01,560.48,1524.34,R-005,True,tamper
C-01434,2024-06-01,60.01,44.05,R-047,False,none
C-01435,2024-06-01,51.35,512.07,R-009,False,none
C-01436,2024-06-01,151.86,321.39,R-018,False,none
C-01437,2024-06-01,197.83,797.44,R-021,False,none
C-01438,2024-06-01,348.13,1591.84,R-038,False,none
C-01439,2024-06-01,266.95,3111.33,R-037,False,none
C-01440,2024-06-01,1508.07,1006.06,R-048,False,none
C-01441,2024-06-01,84.14,64.81,R-018,False,none
C-01442,2024-06-01,370.53,1029.35,R-024,False,none
C-01443,2024-06-01,146.67,1066.76,R-024,False,none
C-01444,2024-06-01,42.24,448.11,R-003,False,none
C-01445,2024-06-01,190.71,2073.4,R-045,False,none
C-01446,2024-06-01,680.95,524.64,R-033,False,none
C-01447,2024-06-01,259.57,1846.42,R-029,False,none
C-01448,2024-06-01,71.83,2113.29,R-060,False,none
C-01449,2024-06-01,63.42,2214.79,R-011,False,none
C-01450,2024-06-01,580.31,1583.24,R-059,False,none
C-01451,2024-06-01,155.69,54.85,R-041,False,none
C-01452,2024-06-01,877.12,1882.92,R-014,False,none
C-01453,2024-06-01,660.21,364.92,R-041,False,none
C-01454,2024-06-01,389.53,1928.51,R-046,False,none
C-01455,2024-06-01,128.05,2409.19,R-022,False,none
C-01456,2024-06-01,9.04,109.38,R-021,True,kunda
C-01457,2024-06-01,121.7,574.48,R-051,False,none
C-01458,2024-06-01,508.44,343.29,R-010,False,none
C-01459,2024-06-01,125.74,3042.77,R-001,False,none
C-01460,2024-06-01,762.23,2207.5,R-040,False,none
C-01461,2024-06-01,5441.98,56.78,R-055,False,none
C-01462,2024-06-01,195.92,193.16,R-031,True,collusion
C-01463,2024-06-01,389.57,980.9,R-009,False,none
C-01464,2024-06-01,357.58,4757.49,R-033,False,none
C-01465,2024-06-01,1295.5,1946.96,R-016,True,tamper
C-01466,2024-06-01,45.31,1209.53,R-050,False,none
C-01467,2024-06-01,89.27,1549.44,R-037,False,none
C-01468,2024-06-01,890.83,1350.1,R-021,False,none
C-01469,2024-06-01,1787.32,33.83,R-038,False,none
C-01470,2024-06-01,463.83,866.46,R-041,False,none
C-01471,2024-06-01,78.66,40.18,R-041,False,none
C-01472,2024-06-01,191.06,579.6,R-022,True,collusion
C-01473,2024-06-01,840.75,932.11,R-035,False,none
C-01474,2024-06-01,345.62,44.13,R-003,False,none
C-01475,2024-06-01,1793.86,1447.54,R-025,False,none
C-01476,2024-06-01,378.83,350.98,R-023,False,none
C-01477,2024-06-01,530.74,233.42,R-033,True,collusion
C-01478,2024-06-01,146.41,535.62,R-058,False,none
C-01479,2024-06-01,708.21,2469.4,R-058,False,none
C-01480,2024-06-01,1369.38,310.3,R-029,False,none
C-01481,2024-06-01,709.35,2859.38,R-039,False,none
C-01482,2024-06-01,19.55,2700.49,R-007,True,kunda
C-01483,2024-06-01,7.82,689.15,R-029,True,kunda
C-01484,2024-06-01,721.82,231.22,R-042,False,none
C-01485,2024-06-01,225.93,489.68,R-041,True,collusion
C-01486,2024-06-01,1397.35,580.29,R-058,False,none
C-01487,2024-06-01,208.23,397.27,R-028,False,none
C-01488,2024-06-01,142.2,228.24,R-055,False,none
C-01489,2024-06-01,242.9,1645.33,R-059,False,none
C-01490,2024-06-01,62.39,2057.97,R-035,False,none
C-01491,2024-06-01,175.44,1909.92,R-006,False,none
C-01492,2024-06-01,193.32,19.46,R-023,False,none
C-01493,2024-06-01,39.44,139.03,R-046,True,kunda
C-01494,2024-06-01,46.64,1752.29,R-035,False,none
C-01495,2024-06-01,7.6,2144.38,R-057,True,kunda
C-01496,2024-06-01,530.15,2151.8,R-049,False,none
C-01497,2024-06-01,472.04,1708.09,R-004,False,none
C-01498,2024-06-01,701.69,608.85,R-052,False,none
C-01499,2024-06-01,334.73,5813.81,R-022,False,none
C-01500,2024-06-01,14.97,6767.69,R-050,False,none
C-00001,2024-07-01,284.52,1802.2,R-006,False,none
C-00002,2024-07-01,146.4,1069.1,R-029,False,none
C-00003,2024-07-01,368.17,1870.2,R-040,False,none
C-00004,2024-07-01,191.25,6619.81,R-004,False,none
C-00005,2024-07-01,158.3,33.58,R-024,False,none
C-00006,2024-07-01,268.93,352.65,R-016,False,none
C-00007,2024-07-01,328.99,663.92,R-003,False,none
C-00008,2024-07-01,2844.82,1478.11,R-049,False,none
C-00009,2024-07-01,128.05,867.41,R-027,False,none
C-00010,2024-07-01,376.93,659.77,R-046,False,none
C-00011,2024-07-01,679.83,347.92,R-036,True,tamper
C-00012,2024-07-01,688.27,1540.0,R-053,False,none
C-00013,2024-07-01,49.44,5089.34,R-060,False,none
C-00014,2024-07-01,118.71,242.7,R-037,False,none
C-00015,2024-07-01,172.92,51.53,R-022,False,none
C-00016,2024-07-01,22.32,739.19,R-026,False,none
C-00017,2024-07-01,48.99,1570.38,R-050,False,none
C-00018,2024-07-01,280.45,7232.99,R-026,False,none
C-00019,2024-07-01,283.47,731.36,R-032,False,none
C-00020,2024-07-01,1036.98,6372.87,R-012,False,none
C-00021,2024-07-01,470.48,577.16,R-060,False,none
C-00022,2024-07-01,342.13,1474.0,R-040,False,none
C-00023,2024-07-01,79.18,916.3,R-020,False,none
C-00024,2024-07-01,1947.3,4074.12,R-036,False,none
C-00025,2024-07-01,606.33,856.98,R-025,False,none
C-00026,2024-07-01,562.54,1246.08,R-010,False,none
C-00027,2024-07-01,105.66,6566.96,R-053,False,none
C-00028,2024-07-01,71.82,1730.0,R-054,False,none
C-00029,2024-07-01,743.63,1208.14,R-051,False,none
C-00030,2024-07-01,504.99,2617.07,R-023,False,none
C-00031,2024-07-01,275.19,1034.23,R-016,False,none
C-00032,2024-07-01,639.25,371.07,R-003,True,tamper
C-00033,2024-07-01,24.74,722.02,R-044,False,none
C-00034,2024-07-01,160.69,6890.42,R-020,False,none
C-00035,2024-07-01,3157.6,429.96,R-054,False,none
C-00036,2024-07-01,105.68,1848.71,R-053,False,none
C-00037,2024-07-01,1219.15,366.89,R-008,False,none
C-00038,2024-07-01,434.33,2096.51,R-056,False,none
C-00039,2024-07-01,40.17,340.84,R-009,False,none
C-00040,2024-07-01,140.1,436.44,R-030,False,none
C-00041,2024-07-01,264.53,1962.89,R-029,True,tamper
C-00042,2024-07-01,93.1,5.06,R-058,False,none
C-00043,2024-07-01,622.08,5862.73,R-040,False,none
C-00044,2024-07-01,311.15,1903.41,R-053,False,none
C-00045,2024-07-01,92.23,102.17,R-036,False,none
C-00046,2024-07-01,128.65,157.51,R-050,False,none
C-00047,2024-07-01,187.31,1302.02,R-052,True,tamper
C-00048,2024-07-01,33.45,1101.13,R-052,False,none
C-00049,2024-07-01,81.12,1872.16,R-025,False,none
C-00050,2024-07-01,475.42,1647.29,R-023,False,none
C-00051,2024-07-01,597.54,487.13,R-060,False,none
C-00052,2024-07-01,527.93,1183.22,R-046,False,none
C-00053,2024-07-01,993.21,1289.85,R-056,True,tamper
C-00054,2024-07-01,122.84,874.14,R-035,False,none
C-00055,2024-07-01,88.14,441.28,R-056,False,none
C-00056,2024-07-01,93.59,389.7,R-044,False,none
C-00057,2024-07-01,77.64,328.09,R-045,False,none
C-00058,2024-07-01,172.75,1412.92,R-011,False,none
C-00059,2024-07-01,624.54,2406.22,R-035,False,none
C-00060,2024-07-01,5636.54,3842.33,R-044,False,none
C-00061,2024-07-01,831.7,1847.28,R-046,False,none
C-00062,2024-07-01,3.2,5459.23,R-058,True,kunda
C-00063,2024-07-01,407.83,1622.63,R-020,False,none
C-00064,2024-07-01,359.56,270.66,R-019,False,none
C-00065,2024-07-01,186.62,3908.36,R-059,False,none
C-00066,2024-07-01,1263.17,3957.15,R-060,False,none
C-00067,2024-07-01,718.31,12.37,R-011,False,none
C-00068,2024-07-01,60.7,807.87,R-023,False,none
C-00069,2024-07-01,360.18,2486.53,R-057,False,none
C-00070,2024-07-01,41.05,206.88,R-012,False,none
C-00071,2024-07-01,96.74,157.27,R-047,False,none
C-00072,2024-07-01,22.98,220.1,R-007,False,none
C-00073,2024-07-01,33.68,1301.44,R-011,False,none
C-00074,2024-07-01,47.26,983.53,R-048,False,none
C-00075,2024-07-01,36.95,1395.86,R-037,True,kunda
C-00076,2024-07-01,374.47,80.23,R-034,False,none
C-00077,2024-07-01,280.32,1987.72,R-052,False,none
C-00078,2024-07-01,173.77,628.15,R-019,False,none
C-00079,2024-07-01,337.58,1796.85,R-031,False,none
C-00080,2024-07-01,423.17,823.47,R-037,False,none
C-00081,2024-07-01,124.31,192.94,R-045,False,none
C-00082,2024-07-01,35.78,2613.93,R-020,False,none
C-00083,2024-07-01,982.83,922.98,R-039,False,none
C-00084,2024-07-01,21.25,138.97,R-027,False,none
C-00085,2024-07-01,69.35,1014.22,R-033,False,none
C-00086,2024-07-01,378.11,432.02,R-052,False,none
C-00087,2024-07-01,836.21,605.41,R-024,False,none
C-00088,2024-07-01,485.9,726.98,R-041,False,none
C-00089,2024-07-01,207.62,1712.23,R-057,False,none
C-00090,2024-07-01,89.93,1361.17,R-046,False,none
C-00091,2024-07-01,58.33,65.03,R-060,False,none
C-00092,2024-07-01,36.57,1776.69,R-036,False,none
C-00093,2024-07-01,453.35,3222.2,R-017,False,none
C-00094,2024-07-01,309.21,716.18,R-060,True,collusion
C-00095,2024-07-01,302.1,132.99,R-039,True,tamper
C-00096,2024-07-01,447.49,1055.45,R-015,False,none
C-00097,2024-07-01,147.49,4899.36,R-020,False,none
C-00098,2024-07-01,624.88,1888.12,R-016,False,none
C-00099,2024-07-01,94.78,492.53,R-051,False,none
C-00100,2024-07-01,286.32,1695.53,R-006,False,none
C-00101,2024-07-01,117.73,2604.9,R-045,False,none
C-00102,2024-07-01,44.94,1028.56,R-034,False,none
C-00103,2024-07-01,782.49,1021.48,R-005,False,none
C-00104,2024-07-01,1102.07,237.19,R-037,False,none
C-00105,2024-07-01,458.0,2399.65,R-046,False,none
C-00106,2024-07-01,263.05,1166.47,R-044,False,none
C-00107,2024-07-01,303.62,9.98,R-032,False,none
C-00108,2024-07-01,296.59,4428.28,R-021,False,none
C-00109,2024-07-01,878.43,329.11,R-010,False,none
C-00110,2024-07-01,155.16,1493.31,R-001,False,none
C-00111,2024-07-01,320.94,384.77,R-022,False,none
C-00112,2024-07-01,127.8,1455.3,R-038,False,none
C-00113,2024-07-01,261.54,71.05,R-003,False,none
C-00114,2024-07-01,574.25,803.98,R-060,False,none
C-00115,2024-07-01,414.0,35.49,R-036,False,none
C-00116,2024-07-01,1991.4,51.71,R-018,False,none
C-00117,2024-07-01,479.3,408.88,R-058,False,none
C-00118,2024-07-01,61.67,1218.14,R-012,False,none
C-00119,2024-07-01,304.94,1254.36,R-058,False,none
C-00120,2024-07-01,138.38,2179.92,R-017,False,none
C-00121,2024-07-01,40.34,507.07,R-023,False,none
C-00122,2024-07-01,406.29,2549.53,R-026,False,none
C-00123,2024-07-01,3308.06,2054.64,R-060,False,none
C-00124,2024-07-01,2.86,715.13,R-016,True,kunda
C-00125,2024-07-01,12.38,2771.57,R-059,False,none
C-00126,2024-07-01,376.93,2861.0,R-021,False,none
C-00127,2024-07-01,185.75,504.53,R-018,False,none
C-00128,2024-07-01,57.65,823.8,R-039,False,none
C-00129,2024-07-01,168.58,1187.97,R-042,False,none
C-00130,2024-07-01,98.05,1996.33,R-021,False,none
C-00131,2024-07-01,364.64,129.18,R-009,False,none
C-00132,2024-07-01,180.15,1665.42,R-024,False,none
C-00133,2024-07-01,621.47,693.52,R-033,False,none
C-00134,2024-07-01,89.36,2044.41,R-003,False,none
C-00135,2024-07-01,74.68,569.36,R-005,False,none
C-00136,2024-07-01,105.2,5761.58,R-056,False,none
C-00137,2024-07-01,467.05,1179.2,R-003,False,none
C-00138,2024-07-01,21.22,112.52,R-025,False,none
C-00139,2024-07-01,117.7,77.76,R-046,False,none
C-00140,2024-07-01,181.0,1117.37,R-020,False,none
C-00141,2024-07-01,103.17,1046.01,R-030,False,none
C-00142,2024-07-01,1012.64,166.67,R-006,False,none
C-00143,2024-07-01,89.43,916.03,R-048,False,none
C-00144,2024-07-01,16.26,655.19,R-039,True,kunda
C-00145,2024-07-01,454.53,2178.63,R-052,False,none
C-00146,2024-07-01,2954.68,194.46,R-052,False,none
C-00147,2024-07-01,287.88,539.69,R-022,False,none
C-00148,2024-07-01,139.21,1518.64,R-003,False,none
C-00149,2024-07-01,136.11,1165.77,R-021,False,none
C-00150,2024-07-01,17.29,4791.32,R-009,True,kunda
C-00151,2024-07-01,377.5,146.79,R-032,False,none
C-00152,2024-07-01,373.89,216.49,R-009,False,none
C-00153,2024-07-01,418.25,3446.83,R-056,False,none
C-00154,2024-07-01,419.09,1227.46,R-037,False,none
C-00155,2024-07-01,5677.28,1391.27,R-016,False,none
C-00156,2024-07-01,64.89,4915.14,R-056,False,none
C-00157,2024-07-01,355.47,305.89,R-047,False,none
C-00158,2024-07-01,36.6,337.91,R-027,False,none
C-00159,2024-07-01,43.23,3331.83,R-009,False,none
C-00160,2024-07-01,331.78,284.23,R-021,False,none
C-00161,2024-07-01,477.91,448.03,R-036,False,none
C-00162,2024-07-01,2291.38,205.37,R-046,False,none
C-00163,2024-07-01,1184.45,508.95,R-016,False,none
C-00164,2024-07-01,3228.76,1137.25,R-045,False,none
C-00165,2024-07-01,5174.79,207.02,R-017,False,none
C-00166,2024-07-01,1683.17,164.12,R-015,False,none
C-00167,2024-07-01,135.56,991.83,R-027,False,none
C-00168,2024-07-01,455.53,815.54,R-010,False,none
C-00169,2024-07-01,144.25,4080.8,R-025,False,none
C-00170,2024-07-01,715.75,2474.8,R-022,True,collusion
C-00171,2024-07-01,121.32,43.58,R-017,False,none
C-00172,2024-07-01,549.24,3110.8,R-047,True,tamper
C-00173,2024-07-01,403.94,5878.32,R-020,False,none
C-00174,2024-07-01,158.88,1552.55,R-042,False,none
C-00175,2024-07-01,440.11,1094.2,R-044,False,none
C-00176,2024-07-01,427.77,4733.92,R-040,False,none
C-00177,2024-07-01,3.02,1182.65,R-017,True,kunda
C-00178,2024-07-01,1205.62,210.75,R-050,False,none
C-00179,2024-07-01,431.64,96.45,R-015,False,none
C-00180,2024-07-01,410.59,544.49,R-017,False,none
C-00181,2024-07-01,245.34,2292.39,R-053,False,none
C-00182,2024-07-01,310.39,395.74,R-021,False,none
C-00183,2024-07-01,320.62,2333.03,R-042,False,none
C-00184,2024-07-01,178.25,1542.1,R-003,False,none
C-00185,2024-07-01,102.36,1407.45,R-037,False,none
C-00186,2024-07-01,853.82,1543.03,R-053,False,none
C-00187,2024-07-01,136.2,212.24,R-043,True,kunda
C-00188,2024-07-01,14.63,396.59,R-035,True,kunda
C-00189,2024-07-01,851.13,818.51,R-051,False,none
C-00190,2024-07-01,348.64,0.06,R-018,False,none
C-00191,2024-07-01,522.06,1909.02,R-023,True,tamper
C-00192,2024-07-01,137.1,109.23,R-005,False,none
C-00193,2024-07-01,47.46,1174.62,R-042,False,none
C-00194,2024-07-01,236.5,3778.83,R-044,False,none
C-00195,2024-07-01,29.81,851.78,R-046,False,none
C-00196,2024-07-01,409.27,1733.2,R-045,False,none
C-00197,2024-07-01,125.36,289.0,R-008,False,none
C-00198,2024-07-01,136.05,4906.07,R-040,False,none
C-00199,2024-07-01,536.83,2751.05,R-046,True,tamper
C-00200,2024-07-01,715.1,1779.78,R-013,False,none
C-00201,2024-07-01,386.21,3438.16,R-029,False,none
C-00202,2024-07-01,802.33,2726.16,R-055,False,none
C-00203,2024-07-01,547.88,397.0,R-025,False,none
C-00204,2024-07-01,70.13,332.84,R-046,False,none
C-00205,2024-07-01,350.06,8505.54,R-032,False,none
C-00206,2024-07-01,1082.31,1205.35,R-040,False,none
C-00207,2024-07-01,267.31,593.19,R-038,False,none
C-00208,2024-07-01,93.24,128.75,R-040,False,none
C-00209,2024-07-01,44.95,371.3,R-047,False,none
C-00210,2024-07-01,244.02,1469.47,R-055,False,none
C-00211,2024-07-01,164.02,491.09,R-018,False,none
C-00212,2024-07-01,361.61,727.63,R-056,False,none
C-00213,2024-07-01,119.46,87.42,R-038,False,none
C-00214,2024-07-01,513.64,1826.18,R-036,False,none
C-00215,2024-07-01,347.48,587.53,R-020,False,none
C-00216,2024-07-01,187.17,979.14,R-026,False,none
C-00217,2024-07-01,1733.53,58.97,R-040,True,tamper
C-00218,2024-07-01,428.82,89.73,R-022,False,none
C-00219,2024-07-01,21.73,2794.83,R-018,False,none
C-00220,2024-07-01,238.08,1717.49,R-050,False,none
C-00221,2024-07-01,448.39,7.43,R-025,False,none
C-00222,2024-07-01,156.37,2418.52,R-039,False,none
C-00223,2024-07-01,292.15,512.94,R-002,False,none
C-00224,2024-07-01,107.37,725.66,R-005,False,none
C-00225,2024-07-01,208.96,1403.41,R-051,False,none
C-00226,2024-07-01,32.71,994.03,R-009,False,none
C-00227,2024-07-01,77.2,220.82,R-048,False,none
C-00228,2024-07-01,183.94,6240.13,R-055,False,none
C-00229,2024-07-01,316.49,144.21,R-029,False,none
C-00230,2024-07-01,560.72,760.56,R-054,False,none
C-00231,2024-07-01,5763.77,66.98,R-026,False,none
C-00232,2024-07-01,802.07,1025.81,R-058,False,none
C-00233,2024-07-01,104.5,781.36,R-015,False,none
C-00234,2024-07-01,24.33,8388.89,R-026,False,none
C-00235,2024-07-01,560.03,1400.99,R-024,False,none
C-00236,2024-07-01,176.57,3038.97,R-048,False,none
C-00237,2024-07-01,413.71,1816.92,R-003,False,none
C-00238,2024-07-01,625.89,591.44,R-050,False,none
C-00239,2024-07-01,238.91,1246.44,R-002,False,none
C-00240,2024-07-01,409.91,272.02,R-019,False,none
C-00241,2024-07-01,731.11,34.38,R-036,False,none
C-00242,2024-07-01,26.32,240.87,R-009,False,none
C-00243,2024-07-01,20.98,1820.66,R-030,False,none
C-00244,2024-07-01,625.31,582.35,R-060,False,none
C-00245,2024-07-01,328.42,1147.53,R-050,False,none
C-00246,2024-07-01,72.63,1224.73,R-002,False,none
C-00247,2024-07-01,321.15,592.79,R-036,False,none
C-00248,2024-07-01,277.34,184.91,R-036,False,none
C-00249,2024-07-01,6188.4,888.31,R-005,False,none
C-00250,2024-07-01,12.54,46.06,R-040,True,kunda
C-00251,2024-07-01,233.6,9.19,R-032,False,none
C-00252,2024-07-01,29.76,368.61,R-041,False,none
C-00253,2024-07-01,561.33,1231.26,R-018,False,none
C-00254,2024-07-01,648.19,1430.65,R-016,False,none
C-00255,2024-07-01,228.63,1045.92,R-045,False,none
C-00256,2024-07-01,97.85,2199.5,R-044,False,none
C-00257,2024-07-01,1730.42,2047.46,R-010,False,none
C-00258,2024-07-01,190.34,2400.69,R-013,False,none
C-00259,2024-07-01,255.1,3771.5,R-036,False,none
C-00260,2024-07-01,195.78,50.05,R-050,False,none
C-00261,2024-07-01,13.44,233.61,R-013,True,kunda
C-00262,2024-07-01,95.17,2378.68,R-014,False,none
C-00263,2024-07-01,21.26,2132.77,R-049,False,none
C-00264,2024-07-01,1913.0,2282.91,R-042,False,none
C-00265,2024-07-01,178.49,737.05,R-055,False,none
C-00266,2024-07-01,283.55,836.68,R-048,False,none
C-00267,2024-07-01,22.93,361.69,R-058,False,none
C-00268,2024-07-01,604.95,1210.92,R-012,False,none
C-00269,2024-07-01,190.1,212.99,R-017,False,none
C-00270,2024-07-01,36.23,480.89,R-015,False,none
C-00271,2024-07-01,515.48,2805.21,R-004,False,none
C-00272,2024-07-01,67.62,3343.22,R-047,False,none
C-00273,2024-07-01,6395.06,1455.5,R-040,False,none
C-00274,2024-07-01,93.26,143.74,R-006,False,none
C-00275,2024-07-01,102.46,211.92,R-012,False,none
C-00276,2024-07-01,215.8,1157.66,R-012,False,none
C-00277,2024-07-01,531.45,167.79,R-025,False,none
C-00278,2024-07-01,353.39,774.93,R-028,False,none
C-00279,2024-07-01,328.44,480.89,R-018,False,none
C-00280,2024-07-01,116.28,2039.32,R-056,False,none
C-00281,2024-07-01,270.18,321.64,R-013,False,none
C-00282,2024-07-01,505.51,2310.92,R-034,False,none
C-00283,2024-07-01,449.78,44.0,R-027,False,none
C-00284,2024-07-01,156.3,550.98,R-024,False,none
C-00285,2024-07-01,694.29,706.93,R-050,False,none
C-00286,2024-07-01,292.22,5721.87,R-059,False,none
C-00287,2024-07-01,399.73,7566.94,R-001,False,none
C-00288,2024-07-01,176.62,156.94,R-028,True,tamper
C-00289,2024-07-01,69.39,133.97,R-008,False,none
C-00290,2024-07-01,142.85,3365.05,R-027,False,none
C-00291,2024-07-01,430.57,1460.31,R-038,False,none
C-00292,2024-07-01,217.42,132.57,R-025,False,none
C-00293,2024-07-01,303.65,149.36,R-019,False,none
C-00294,2024-07-01,331.11,89.23,R-019,False,none
C-00295,2024-07-01,102.89,1108.7,R-018,False,none
C-00296,2024-07-01,403.53,1153.11,R-020,False,none
C-00297,2024-07-01,645.05,587.74,R-023,False,none
C-00298,2024-07-01,267.36,768.68,R-042,False,none
C-00299,2024-07-01,591.88,398.85,R-006,False,none
C-00300,2024-07-01,235.87,7603.47,R-003,False,none
C-00301,2024-07-01,83.7,804.75,R-032,False,none
C-00302,2024-07-01,298.39,2914.3,R-041,False,none
C-00303,2024-07-01,656.43,1188.45,R-016,False,none
C-00304,2024-07-01,132.87,76.08,R-013,False,none
C-00305,2024-07-01,474.44,953.15,R-038,False,none
C-00306,2024-07-01,311.89,1044.46,R-024,False,none
C-00307,2024-07-01,484.15,701.07,R-045,False,none
C-00308,2024-07-01,294.6,1159.85,R-009,False,none
C-00309,2024-07-01,488.01,3064.38,R-008,False,none
C-00310,2024-07-01,28.49,8590.41,R-034,True,tamper
C-00311,2024-07-01,395.08,2856.36,R-024,False,none
C-00312,2024-07-01,715.52,1347.28,R-044,False,none
C-00313,2024-07-01,469.03,1210.12,R-031,False,none
C-00314,2024-07-01,70.48,1340.05,R-022,False,none
C-00315,2024-07-01,389.38,746.15,R-010,False,none
C-00316,2024-07-01,1659.94,3049.55,R-010,False,none
C-00317,2024-07-01,83.34,154.26,R-046,False,none
C-00318,2024-07-01,106.43,820.32,R-014,False,none
C-00319,2024-07-01,547.97,2179.04,R-031,False,none
C-00320,2024-07-01,861.05,492.35,R-050,False,none
C-00321,2024-07-01,133.62,43.72,R-054,False,none
C-00322,2024-07-01,425.27,992.52,R-017,False,none
C-00323,2024-07-01,293.96,2943.52,R-007,False,none
C-00324,2024-07-01,390.36,2379.4,R-047,False,none
C-00325,2024-07-01,1550.18,507.11,R-042,False,none
C-00326,2024-07-01,111.46,173.18,R-020,False,none
C-00327,2024-07-01,451.03,5041.86,R-036,True,tamper
C-00328,2024-07-01,25.92,642.69,R-012,True,kunda
C-00329,2024-07-01,120.17,402.6,R-043,False,none
C-00330,2024-07-01,132.3,2234.83,R-044,False,none
C-00331,2024-07-01,102.54,1385.8,R-018,False,none
C-00332,2024-07-01,1657.04,2439.93,R-029,False,none
C-00333,2024-07-01,435.15,268.03,R-021,False,none
C-00334,2024-07-01,898.94,2692.25,R-002,False,none
C-00335,2024-07-01,1019.07,783.88,R-008,False,none
C-00336,2024-07-01,209.69,84.38,R-058,False,none
C-00337,2024-07-01,170.88,1190.14,R-028,False,none
C-00338,2024-07-01,144.31,310.76,R-009,False,none
C-00339,2024-07-01,69.92,1485.91,R-003,False,none
C-00340,2024-07-01,324.83,1394.31,R-022,False,none
C-00341,2024-07-01,423.57,3293.67,R-059,True,collusion
C-00342,2024-07-01,453.36,6745.55,R-024,False,none
C-00343,2024-07-01,596.8,1254.24,R-060,False,none
C-00344,2024-07-01,81.34,177.87,R-030,True,tamper
C-00345,2024-07-01,341.61,997.71,R-046,False,none
C-00346,2024-07-01,506.3,721.79,R-048,False,none
C-00347,2024-07-01,124.61,987.8,R-002,False,none
C-00348,2024-07-01,859.32,468.62,R-001,False,none
C-00349,2024-07-01,1730.14,1870.06,R-056,False,none
C-00350,2024-07-01,704.15,2606.49,R-056,False,none
C-00351,2024-07-01,266.75,1191.26,R-008,False,none
C-00352,2024-07-01,484.74,128.48,R-039,False,none
C-00353,2024-07-01,225.39,2225.52,R-056,False,none
C-00354,2024-07-01,1885.71,2057.6,R-058,False,none
C-00355,2024-07-01,77.89,599.85,R-018,False,none
C-00356,2024-07-01,204.11,2413.22,R-050,False,none
C-00357,2024-07-01,405.16,1955.3,R-039,False,none
C-00358,2024-07-01,345.06,162.57,R-056,False,none
C-00359,2024-07-01,4011.69,1195.59,R-009,False,none
C-00360,2024-07-01,149.87,573.72,R-037,False,none
C-00361,2024-07-01,408.66,2260.86,R-002,False,none
C-00362,2024-07-01,304.59,7118.51,R-022,False,none
C-00363,2024-07-01,215.68,1506.27,R-001,False,none
C-00364,2024-07-01,486.83,899.74,R-027,False,none
C-00365,2024-07-01,3180.91,502.27,R-049,False,none
C-00366,2024-07-01,303.95,154.95,R-040,False,none
C-00367,2024-07-01,168.01,3264.94,R-020,False,none
C-00368,2024-07-01,146.68,975.84,R-026,False,none
C-00369,2024-07-01,1017.9,879.2,R-023,False,none
C-00370,2024-07-01,1331.06,3909.51,R-044,False,none
C-00371,2024-07-01,372.05,1951.22,R-016,False,none
C-00372,2024-07-01,103.49,313.88,R-006,False,none
C-00373,2024-07-01,622.29,540.75,R-031,False,none
C-00374,2024-07-01,1123.52,4296.03,R-050,False,none
C-00375,2024-07-01,310.83,2636.82,R-029,False,none
C-00376,2024-07-01,59.49,1712.28,R-013,False,none
C-00377,2024-07-01,573.07,545.46,R-003,False,none
C-00378,2024-07-01,19.42,319.27,R-057,True,kunda
C-00379,2024-07-01,172.97,55.75,R-046,False,none
C-00380,2024-07-01,4114.41,1315.42,R-010,False,none
C-00381,2024-07-01,2621.31,856.1,R-005,False,none
C-00382,2024-07-01,209.4,412.32,R-008,False,none
C-00383,2024-07-01,384.44,3232.03,R-023,False,none
C-00384,2024-07-01,174.1,532.49,R-049,False,none
C-00385,2024-07-01,743.7,2007.17,R-010,False,none
C-00386,2024-07-01,292.66,681.23,R-050,False,none
C-00387,2024-07-01,315.9,232.44,R-001,False,none
C-00388,2024-07-01,22.7,140.98,R-045,False,none
C-00389,2024-07-01,355.26,1645.73,R-017,False,none
C-00390,2024-07-01,37.34,714.32,R-058,False,none
C-00391,2024-07-01,58.35,2577.29,R-029,False,none
C-00392,2024-07-01,460.62,1890.8,R-017,False,none
C-00393,2024-07-01,1578.7,522.84,R-015,False,none
C-00394,2024-07-01,847.94,64.11,R-050,False,none
C-00395,2024-07-01,220.48,6.84,R-025,False,none
C-00396,2024-07-01,781.04,679.48,R-022,False,none
C-00397,2024-07-01,16.88,567.21,R-045,True,kunda
C-00398,2024-07-01,246.34,2643.57,R-033,False,none
C-00399,2024-07-01,353.83,104.42,R-040,False,none
C-00400,2024-07-01,1014.67,1628.56,R-027,False,none
C-00401,2024-07-01,156.09,1321.76,R-004,False,none
C-00402,2024-07-01,185.45,4845.8,R-001,False,none
C-00403,2024-07-01,68.21,374.16,R-003,False,none
C-00404,2024-07-01,841.81,646.73,R-035,False,none
C-00405,2024-07-01,95.14,1146.86,R-031,False,none
C-00406,2024-07-01,308.13,254.66,R-045,False,none
C-00407,2024-07-01,423.32,918.39,R-054,False,none
C-00408,2024-07-01,84.45,4061.02,R-011,False,none
C-00409,2024-07-01,174.22,1560.84,R-058,False,none
C-00410,2024-07-01,51.99,1362.45,R-056,False,none
C-00411,2024-07-01,148.25,7776.12,R-037,False,none
C-00412,2024-07-01,354.12,380.37,R-032,False,none
C-00413,2024-07-01,952.44,3.22,R-011,True,collusion
C-00414,2024-07-01,278.62,1564.66,R-011,False,none
C-00415,2024-07-01,322.96,1475.15,R-002,False,none
C-00416,2024-07-01,601.0,3853.01,R-039,False,none
C-00417,2024-07-01,2317.08,411.07,R-026,False,none
C-00418,2024-07-01,15.19,1434.34,R-012,False,none
C-00419,2024-07-01,1297.16,1977.43,R-009,False,none
C-00420,2024-07-01,198.7,88.23,R-004,False,none
C-00421,2024-07-01,461.24,1952.93,R-039,False,none
C-00422,2024-07-01,305.81,935.29,R-042,False,none
C-00423,2024-07-01,272.08,2215.9,R-038,False,none
C-00424,2024-07-01,42.22,791.97,R-007,True,kunda
C-00425,2024-07-01,55.25,635.31,R-003,False,none
C-00426,2024-07-01,128.98,3415.12,R-007,False,none
C-00427,2024-07-01,39.65,502.32,R-046,False,none
C-00428,2024-07-01,500.48,227.12,R-045,False,none
C-00429,2024-07-01,401.92,26.93,R-018,False,none
C-00430,2024-07-01,36.08,253.8,R-004,False,none
C-00431,2024-07-01,491.52,6410.71,R-020,False,none
C-00432,2024-07-01,537.98,833.65,R-049,False,none
C-00433,2024-07-01,33.01,1043.67,R-009,False,none
C-00434,2024-07-01,10.28,1755.79,R-048,True,kunda
C-00435,2024-07-01,112.97,747.28,R-028,False,none
C-00436,2024-07-01,931.42,2664.69,R-009,False,none
C-00437,2024-07-01,400.34,2576.94,R-057,False,none
C-00438,2024-07-01,144.51,319.94,R-032,True,kunda
C-00439,2024-07-01,375.64,103.14,R-041,False,none
C-00440,2024-07-01,275.89,76.29,R-006,False,none
C-00441,2024-07-01,558.52,2231.75,R-023,False,none
C-00442,2024-07-01,365.93,1404.37,R-038,False,none
C-00443,2024-07-01,1174.75,2228.35,R-039,False,none
C-00444,2024-07-01,13651.07,829.11,R-004,False,none
C-00445,2024-07-01,422.16,1154.65,R-037,False,none
C-00446,2024-07-01,64.27,2402.91,R-057,False,none
C-00447,2024-07-01,500.56,1477.3,R-048,False,none
C-00448,2024-07-01,115.77,1748.12,R-013,False,none
C-00449,2024-07-01,488.86,201.88,R-055,False,none
C-00450,2024-07-01,519.04,478.42,R-041,False,none
C-00451,2024-07-01,878.74,77.05,R-004,False,none
C-00452,2024-07-01,267.44,198.73,R-008,False,none
C-00453,2024-07-01,1144.4,589.81,R-056,False,none
C-00454,2024-07-01,17.73,659.55,R-013,True,kunda
C-00455,2024-07-01,280.7,164.47,R-006,False,none
C-00456,2024-07-01,349.64,1998.03,R-028,False,none
C-00457,2024-07-01,568.28,923.51,R-032,False,none
C-00458,2024-07-01,78.09,2836.57,R-035,True,tamper
C-00459,2024-07-01,97.34,614.16,R-040,True,tamper
C-00460,2024-07-01,443.85,1574.41,R-060,False,none
C-00461,2024-07-01,121.84,154.48,R-046,False,none
C-00462,2024-07-01,724.99,163.03,R-002,False,none
C-00463,2024-07-01,209.08,765.27,R-006,False,none
C-00464,2024-07-01,134.67,2046.08,R-001,False,none
C-00465,2024-07-01,568.54,3097.03,R-024,False,none
C-00466,2024-07-01,163.53,3141.58,R-022,False,none
C-00467,2024-07-01,300.12,100.59,R-057,False,none
C-00468,2024-07-01,392.66,795.5,R-022,False,none
C-00469,2024-07-01,66.79,641.0,R-002,False,none
C-00470,2024-07-01,327.43,2907.03,R-054,False,none
C-00471,2024-07-01,721.79,2115.12,R-016,False,none
C-00472,2024-07-01,316.78,1915.99,R-055,False,none
C-00473,2024-07-01,1102.64,3310.91,R-047,False,none
C-00474,2024-07-01,315.57,738.67,R-053,False,none
C-00475,2024-07-01,58.1,1269.14,R-050,False,none
C-00476,2024-07-01,740.47,327.52,R-009,False,none
C-00477,2024-07-01,378.34,3625.99,R-038,True,tamper
C-00478,2024-07-01,132.83,1357.17,R-025,False,none
C-00479,2024-07-01,132.62,500.43,R-038,False,none
C-00480,2024-07-01,273.33,3302.78,R-045,False,none
C-00481,2024-07-01,80.2,326.17,R-031,False,none
C-00482,2024-07-01,175.69,79.25,R-019,False,none
C-00483,2024-07-01,368.69,2727.18,R-055,False,none
C-00484,2024-07-01,142.55,467.43,R-040,False,none
C-00485,2024-07-01,263.28,726.89,R-054,False,none
C-00486,2024-07-01,6.77,368.28,R-015,True,kunda
C-00487,2024-07-01,175.56,2252.32,R-051,False,none
C-00488,2024-07-01,132.05,721.33,R-020,True,tamper
C-00489,2024-07-01,104.73,3297.64,R-028,False,none
C-00490,2024-07-01,556.73,1803.48,R-052,False,none
C-00491,2024-07-01,498.23,634.28,R-022,True,collusion
C-00492,2024-07-01,788.32,1783.95,R-016,False,none
C-00493,2024-07-01,283.52,1668.27,R-055,False,none
C-00494,2024-07-01,42.39,757.97,R-058,False,none
C-00495,2024-07-01,469.42,707.8,R-019,False,none
C-00496,2024-07-01,88.18,1378.12,R-019,False,none
C-00497,2024-07-01,244.63,205.49,R-014,False,none
C-00498,2024-07-01,144.84,8339.29,R-002,False,none
C-00499,2024-07-01,435.65,315.08,R-034,True,tamper
C-00500,2024-07-01,590.32,590.8,R-016,False,none
C-00501,2024-07-01,281.16,1285.7,R-051,False,none
C-00502,2024-07-01,624.61,621.16,R-011,False,none
C-00503,2024-07-01,557.69,522.08,R-039,False,none
C-00504,2024-07-01,124.97,74.51,R-031,False,none
C-00505,2024-07-01,630.81,7420.0,R-037,False,none
C-00506,2024-07-01,200.28,1242.1,R-007,False,none
C-00507,2024-07-01,570.43,2331.08,R-028,False,none
C-00508,2024-07-01,230.19,514.38,R-038,False,none
C-00509,2024-07-01,586.59,340.02,R-021,False,none
C-00510,2024-07-01,1359.25,2157.31,R-053,True,tamper
C-00511,2024-07-01,446.23,1284.84,R-032,False,none
C-00512,2024-07-01,59.97,1574.73,R-022,False,none
C-00513,2024-07-01,42.22,3143.79,R-002,False,none
C-00514,2024-07-01,1588.66,2655.32,R-011,False,none
C-00515,2024-07-01,32.77,325.42,R-029,False,none
C-00516,2024-07-01,1762.78,62.32,R-025,False,none
C-00517,2024-07-01,445.42,190.83,R-053,False,none
C-00518,2024-07-01,2828.02,3474.88,R-048,False,none
C-00519,2024-07-01,116.49,218.14,R-010,False,none
C-00520,2024-07-01,695.73,578.2,R-036,False,none
C-00521,2024-07-01,922.18,940.49,R-028,False,none
C-00522,2024-07-01,351.15,1829.84,R-007,False,none
C-00523,2024-07-01,235.57,432.3,R-040,False,none
C-00524,2024-07-01,24.9,3732.93,R-033,False,none
C-00525,2024-07-01,565.03,905.88,R-006,False,none
C-00526,2024-07-01,362.94,5350.46,R-029,False,none
C-00527,2024-07-01,506.14,1151.3,R-044,False,none
C-00528,2024-07-01,148.61,2131.95,R-020,False,none
C-00529,2024-07-01,656.3,1081.8,R-022,False,none
C-00530,2024-07-01,29.71,307.82,R-007,False,none
C-00531,2024-07-01,124.11,2259.01,R-013,False,none
C-00532,2024-07-01,216.57,338.71,R-059,False,none
C-00533,2024-07-01,694.28,6188.2,R-038,False,none
C-00534,2024-07-01,156.11,14.3,R-011,False,none
C-00535,2024-07-01,658.85,5785.17,R-029,False,none
C-00536,2024-07-01,290.0,84.57,R-012,False,none
C-00537,2024-07-01,131.11,1645.36,R-027,False,none
C-00538,2024-07-01,441.9,1210.69,R-009,False,none
C-00539,2024-07-01,605.44,7913.2,R-038,False,none
C-00540,2024-07-01,220.3,3324.23,R-035,False,none
C-00541,2024-07-01,630.15,157.48,R-039,False,none
C-00542,2024-07-01,14.16,973.22,R-027,False,none
C-00543,2024-07-01,583.99,2770.5,R-018,False,none
C-00544,2024-07-01,1081.7,3535.68,R-015,False,none
C-00545,2024-07-01,959.87,222.97,R-013,False,none
C-00546,2024-07-01,510.99,1077.94,R-026,False,none
C-00547,2024-07-01,67.77,537.9,R-028,False,none
C-00548,2024-07-01,307.82,1785.68,R-041,False,none
C-00549,2024-07-01,879.68,2859.91,R-004,False,none
C-00550,2024-07-01,365.44,960.02,R-017,False,none
C-00551,2024-07-01,23.34,76.46,R-052,True,kunda
C-00552,2024-07-01,201.99,1222.4,R-055,False,none
C-00553,2024-07-01,136.41,931.41,R-056,False,none
C-00554,2024-07-01,251.73,402.69,R-019,False,none
C-00555,2024-07-01,131.64,1321.79,R-009,False,none
C-00556,2024-07-01,532.78,1118.01,R-012,False,none
C-00557,2024-07-01,381.47,2787.78,R-008,False,none
C-00558,2024-07-01,102.91,1982.15,R-058,False,none
C-00559,2024-07-01,155.71,323.36,R-054,False,none
C-00560,2024-07-01,119.14,806.42,R-049,False,none
C-00561,2024-07-01,139.45,685.17,R-044,False,none
C-00562,2024-07-01,2084.58,1798.55,R-021,False,none
C-00563,2024-07-01,131.58,163.35,R-029,False,none
C-00564,2024-07-01,85.64,3067.35,R-051,False,none
C-00565,2024-07-01,147.17,572.06,R-049,False,none
C-00566,2024-07-01,1525.48,2485.79,R-032,False,none
C-00567,2024-07-01,293.85,2392.65,R-051,False,none
C-00568,2024-07-01,38.9,1728.04,R-021,True,kunda
C-00569,2024-07-01,9.91,1262.09,R-025,True,kunda
C-00570,2024-07-01,1555.26,1312.28,R-051,False,none
C-00571,2024-07-01,234.33,1070.75,R-023,False,none
C-00572,2024-07-01,349.37,1218.51,R-046,False,none
C-00573,2024-07-01,98.34,4360.55,R-028,False,none
C-00574,2024-07-01,1120.22,535.47,R-018,False,none
C-00575,2024-07-01,1016.42,527.67,R-014,False,none
C-00576,2024-07-01,1568.61,1362.83,R-037,False,none
C-00577,2024-07-01,212.43,954.77,R-029,False,none
C-00578,2024-07-01,321.92,526.36,R-023,False,none
C-00579,2024-07-01,542.81,3293.24,R-045,False,none
C-00580,2024-07-01,254.18,212.57,R-001,False,none
C-00581,2024-07-01,261.29,1196.31,R-006,False,none
C-00582,2024-07-01,476.04,204.73,R-058,False,none
C-00583,2024-07-01,137.05,4872.24,R-040,False,none
C-00584,2024-07-01,1229.05,744.59,R-033,False,none
C-00585,2024-07-01,5279.26,15.06,R-001,False,none
C-00586,2024-07-01,1654.31,2780.6,R-036,False,none
C-00587,2024-07-01,56.3,3579.14,R-027,False,none
C-00588,2024-07-01,163.53,87.37,R-036,False,none
C-00589,2024-07-01,1247.23,329.82,R-003,False,none
C-00590,2024-07-01,89.17,1213.91,R-034,False,none
C-00591,2024-07-01,623.7,1284.78,R-035,False,none
C-00592,2024-07-01,789.48,572.04,R-018,False,none
C-00593,2024-07-01,189.93,664.1,R-004,False,none
C-00594,2024-07-01,250.11,4239.31,R-059,False,none
C-00595,2024-07-01,3253.85,1933.53,R-043,False,none
C-00596,2024-07-01,585.98,52.72,R-038,False,none
C-00597,2024-07-01,55.07,967.88,R-047,False,none
C-00598,2024-07-01,84.64,1062.85,R-041,False,none
C-00599,2024-07-01,119.42,3829.22,R-009,False,none
C-00600,2024-07-01,165.0,1226.0,R-028,False,none
C-00601,2024-07-01,126.12,823.8,R-054,False,none
C-00602,2024-07-01,415.19,1464.85,R-018,False,none
C-00603,2024-07-01,750.7,8750.45,R-059,False,none
C-00604,2024-07-01,64.56,3564.75,R-004,False,none
C-00605,2024-07-01,1159.75,439.85,R-020,False,none
C-00606,2024-07-01,119.03,710.68,R-022,False,none
C-00607,2024-07-01,275.48,2341.3,R-038,False,none
C-00608,2024-07-01,53.18,92.59,R-011,False,none
C-00609,2024-07-01,95.21,1204.7,R-014,False,none
C-00610,2024-07-01,114.16,1104.89,R-040,False,none
C-00611,2024-07-01,219.36,581.15,R-018,False,none
C-00612,2024-07-01,467.54,203.07,R-053,False,none
C-00613,2024-07-01,287.51,179.48,R-053,False,none
C-00614,2024-07-01,43.88,2397.07,R-019,False,none
C-00615,2024-07-01,320.45,1390.91,R-034,False,none
C-00616,2024-07-01,50.49,3681.4,R-020,False,none
C-00617,2024-07-01,344.37,1178.22,R-021,False,none
C-00618,2024-07-01,555.48,117.56,R-041,False,none
C-00619,2024-07-01,112.01,1605.48,R-018,False,none
C-00620,2024-07-01,92.25,2783.12,R-009,False,none
C-00621,2024-07-01,390.45,455.99,R-016,False,none
C-00622,2024-07-01,1021.79,2438.67,R-056,False,none
C-00623,2024-07-01,20.33,2864.22,R-016,False,none
C-00624,2024-07-01,1029.59,1544.03,R-022,False,none
C-00625,2024-07-01,442.7,2521.81,R-038,False,none
C-00626,2024-07-01,154.72,896.28,R-007,False,none
C-00627,2024-07-01,163.8,238.01,R-017,False,none
C-00628,2024-07-01,1452.76,506.46,R-011,False,none
C-00629,2024-07-01,66.82,2751.59,R-056,False,none
C-00630,2024-07-01,52.49,1459.95,R-056,False,none
C-00631,2024-07-01,148.28,93.43,R-046,False,none
C-00632,2024-07-01,16.24,3442.92,R-015,False,none
C-00633,2024-07-01,362.48,1594.48,R-037,False,none
C-00634,2024-07-01,3381.38,291.11,R-040,False,none
C-00635,2024-07-01,4245.61,1408.86,R-053,False,none
C-00636,2024-07-01,341.28,1643.33,R-010,False,none
C-00637,2024-07-01,10.54,751.99,R-045,False,none
C-00638,2024-07-01,725.51,1553.06,R-012,False,none
C-00639,2024-07-01,1204.32,7100.22,R-035,False,none
C-00640,2024-07-01,208.25,1522.09,R-053,False,none
C-00641,2024-07-01,111.98,1376.51,R-004,False,none
C-00642,2024-07-01,1284.18,2957.4,R-009,False,none
C-00643,2024-07-01,41.61,1959.72,R-049,False,none
C-00644,2024-07-01,329.37,1392.42,R-002,False,none
C-00645,2024-07-01,1574.23,1867.29,R-042,False,none
C-00646,2024-07-01,20.62,3908.82,R-031,False,none
C-00647,2024-07-01,127.99,375.49,R-021,False,none
C-00648,2024-07-01,161.89,1964.47,R-052,False,none
C-00649,2024-07-01,554.28,109.91,R-051,False,none
C-00650,2024-07-01,201.44,845.33,R-020,False,none
C-00651,2024-07-01,223.18,445.44,R-001,False,none
C-00652,2024-07-01,527.58,630.37,R-008,False,none
C-00653,2024-07-01,2151.41,1690.41,R-007,False,none
C-00654,2024-07-01,1198.47,304.15,R-059,False,none
C-00655,2024-07-01,298.51,667.33,R-036,False,none
C-00656,2024-07-01,241.06,44.98,R-041,False,none
C-00657,2024-07-01,8900.09,782.63,R-014,False,none
C-00658,2024-07-01,71.72,1845.94,R-052,True,tamper
C-00659,2024-07-01,1804.82,3957.9,R-044,False,none
C-00660,2024-07-01,240.11,1484.14,R-046,False,none
C-00661,2024-07-01,2816.72,282.37,R-029,False,none
C-00662,2024-07-01,1715.04,1053.04,R-042,False,none
C-00663,2024-07-01,406.18,569.41,R-033,False,none
C-00664,2024-07-01,1601.36,621.0,R-024,False,none
C-00665,2024-07-01,405.12,628.11,R-036,False,none
C-00666,2024-07-01,287.75,707.58,R-020,False,none
C-00667,2024-07-01,276.51,816.06,R-058,False,none
C-00668,2024-07-01,217.34,488.65,R-044,True,tamper
C-00669,2024-07-01,167.87,108.11,R-045,False,none
C-00670,2024-07-01,4678.19,1878.51,R-044,False,none
C-00671,2024-07-01,588.53,975.78,R-027,False,none
C-00672,2024-07-01,49.05,930.46,R-058,False,none
C-00673,2024-07-01,112.48,1828.02,R-013,False,none
C-00674,2024-07-01,221.11,60.33,R-035,True,tamper
C-00675,2024-07-01,126.79,730.91,R-005,False,none
C-00676,2024-07-01,44.83,460.9,R-018,False,none
C-00677,2024-07-01,26.6,700.47,R-035,True,kunda
C-00678,2024-07-01,293.07,1148.28,R-030,False,none
C-00679,2024-07-01,145.86,900.22,R-057,False,none
C-00680,2024-07-01,407.08,1847.62,R-037,False,none
C-00681,2024-07-01,851.73,1163.84,R-025,False,none
C-00682,2024-07-01,202.17,6590.15,R-026,False,none
C-00683,2024-07-01,275.06,312.08,R-037,False,none
C-00684,2024-07-01,832.95,2571.9,R-048,False,none
C-00685,2024-07-01,100.16,2043.85,R-017,False,none
C-00686,2024-07-01,4417.1,1604.11,R-036,False,none
C-00687,2024-07-01,320.37,1014.77,R-035,False,none
C-00688,2024-07-01,84.55,6325.28,R-001,False,none
C-00689,2024-07-01,494.47,4515.61,R-055,False,none
C-00690,2024-07-01,1719.12,1248.75,R-035,False,none
C-00691,2024-07-01,464.26,1229.63,R-015,False,none
C-00692,2024-07-01,44.13,552.93,R-039,False,none
C-00693,2024-07-01,701.08,147.23,R-041,False,none
C-00694,2024-07-01,175.56,1903.99,R-055,False,none
C-00695,2024-07-01,150.25,1781.09,R-003,False,none
C-00696,2024-07-01,234.48,2025.58,R-025,False,none
C-00697,2024-07-01,531.56,1778.89,R-011,True,collusion
C-00698,2024-07-01,224.46,2014.56,R-035,False,none
C-00699,2024-07-01,805.04,802.31,R-031,False,none
C-00700,2024-07-01,475.51,284.97,R-029,False,none
C-00701,2024-07-01,142.97,495.73,R-059,False,none
C-00702,2024-07-01,292.47,927.96,R-032,False,none
C-00703,2024-07-01,13.89,10.07,R-025,True,kunda
C-00704,2024-07-01,573.23,1225.6,R-005,False,none
C-00705,2024-07-01,434.98,507.19,R-018,False,none
C-00706,2024-07-01,264.04,747.88,R-054,False,none
C-00707,2024-07-01,25.91,2027.51,R-028,False,none
C-00708,2024-07-01,90.0,7301.17,R-055,False,none
C-00709,2024-07-01,650.56,1877.96,R-032,False,none
C-00710,2024-07-01,196.67,1809.73,R-033,False,none
C-00711,2024-07-01,119.31,181.76,R-026,False,none
C-00712,2024-07-01,655.31,946.42,R-034,False,none
C-00713,2024-07-01,154.35,484.83,R-005,False,none
C-00714,2024-07-01,438.37,803.28,R-004,False,none
C-00715,2024-07-01,3.63,1441.04,R-029,True,kunda
C-00716,2024-07-01,256.09,2214.14,R-036,False,none
C-00717,2024-07-01,278.29,1331.62,R-034,False,none
C-00718,2024-07-01,390.8,444.07,R-026,False,none
C-00719,2024-07-01,406.67,2804.37,R-018,False,none
C-00720,2024-07-01,163.98,174.28,R-043,False,none
C-00721,2024-07-01,1241.53,1830.86,R-037,False,none
C-00722,2024-07-01,259.35,283.54,R-003,False,none
C-00723,2024-07-01,257.14,2597.09,R-028,False,none
C-00724,2024-07-01,74.18,3040.96,R-043,False,none
C-00725,2024-07-01,275.4,620.1,R-048,False,none
C-00726,2024-07-01,504.88,2299.86,R-018,False,none
C-00727,2024-07-01,76.05,2625.6,R-056,False,none
C-00728,2024-07-01,8682.14,4325.07,R-040,False,none
C-00729,2024-07-01,408.0,1083.07,R-027,False,none
C-00730,2024-07-01,549.49,186.83,R-038,False,none
C-00731,2024-07-01,526.67,1078.82,R-053,False,none
C-00732,2024-07-01,186.01,457.33,R-014,False,none
C-00733,2024-07-01,65.7,1048.44,R-010,True,tamper
C-00734,2024-07-01,451.36,224.99,R-027,False,none
C-00735,2024-07-01,19.29,1134.46,R-006,False,none
C-00736,2024-07-01,214.09,1147.7,R-051,False,none
C-00737,2024-07-01,201.66,117.22,R-059,False,none
C-00738,2024-07-01,357.55,751.17,R-037,False,none
C-00739,2024-07-01,607.03,4270.0,R-059,False,none
C-00740,2024-07-01,478.94,463.51,R-005,False,none
C-00741,2024-07-01,819.68,1460.7,R-038,False,none
C-00742,2024-07-01,1049.0,2416.28,R-027,False,none
C-00743,2024-07-01,36.62,1067.33,R-017,False,none
C-00744,2024-07-01,147.97,414.07,R-019,False,none
C-00745,2024-07-01,88.63,1685.66,R-033,False,none
C-00746,2024-07-01,52.62,8526.57,R-039,False,none
C-00747,2024-07-01,3527.26,1961.43,R-010,False,none
C-00748,2024-07-01,244.5,1917.44,R-037,False,none
C-00749,2024-07-01,986.45,2136.36,R-056,False,none
C-00750,2024-07-01,129.21,33.84,R-001,False,none
C-00751,2024-07-01,44.36,1795.0,R-053,False,none
C-00752,2024-07-01,4621.27,234.47,R-037,False,none
C-00753,2024-07-01,10.47,2533.75,R-021,True,kunda
C-00754,2024-07-01,576.72,1263.25,R-045,False,none
C-00755,2024-07-01,545.22,1044.18,R-038,False,none
C-00756,2024-07-01,119.16,282.69,R-047,False,none
C-00757,2024-07-01,328.96,427.09,R-005,False,none
C-00758,2024-07-01,117.48,911.96,R-004,False,none
C-00759,2024-07-01,144.47,432.75,R-039,False,none
C-00760,2024-07-01,152.88,7986.33,R-019,False,none
C-00761,2024-07-01,44.05,423.1,R-015,False,none
C-00762,2024-07-01,405.74,4538.63,R-026,True,tamper
C-00763,2024-07-01,393.0,1036.36,R-044,False,none
C-00764,2024-07-01,557.04,3803.21,R-011,False,none
C-00765,2024-07-01,737.36,2038.88,R-059,False,none
C-00766,2024-07-01,779.7,1441.77,R-026,False,none
C-00767,2024-07-01,498.34,5104.66,R-010,False,none
C-00768,2024-07-01,2313.79,2541.28,R-005,False,none
C-00769,2024-07-01,336.59,2113.12,R-052,False,none
C-00770,2024-07-01,149.44,265.88,R-007,False,none
C-00771,2024-07-01,275.16,2369.62,R-026,False,none
C-00772,2024-07-01,430.84,1442.42,R-041,False,none
C-00773,2024-07-01,939.09,525.67,R-031,False,none
C-00774,2024-07-01,343.71,78.55,R-016,False,none
C-00775,2024-07-01,361.01,583.71,R-007,False,none
C-00776,2024-07-01,122.54,2054.33,R-043,False,none
C-00777,2024-07-01,286.32,436.5,R-030,False,none
C-00778,2024-07-01,594.16,305.37,R-003,False,none
C-00779,2024-07-01,236.22,4182.28,R-011,False,none
C-00780,2024-07-01,11.19,269.31,R-034,True,kunda
C-00781,2024-07-01,283.12,697.21,R-011,False,none
C-00782,2024-07-01,153.98,5438.31,R-024,False,none
C-00783,2024-07-01,167.84,1754.5,R-008,False,none
C-00784,2024-07-01,72.5,683.11,R-048,False,none
C-00785,2024-07-01,388.49,244.57,R-038,False,none
C-00786,2024-07-01,496.17,1442.26,R-048,False,none
C-00787,2024-07-01,552.36,947.73,R-004,False,none
C-00788,2024-07-01,63.16,1984.92,R-023,False,none
C-00789,2024-07-01,531.11,2408.55,R-017,False,none
C-00790,2024-07-01,461.17,292.36,R-038,False,none
C-00791,2024-07-01,1231.6,1861.32,R-050,False,none
C-00792,2024-07-01,246.25,1205.71,R-014,False,none
C-00793,2024-07-01,971.96,2572.21,R-047,False,none
C-00794,2024-07-01,17.1,1617.08,R-035,True,kunda
C-00795,2024-07-01,666.93,813.05,R-050,False,none
C-00796,2024-07-01,545.21,4872.44,R-005,False,none
C-00797,2024-07-01,181.86,149.19,R-060,False,none
C-00798,2024-07-01,63.89,121.66,R-027,False,none
C-00799,2024-07-01,480.08,1087.63,R-017,False,none
C-00800,2024-07-01,39.05,299.41,R-011,False,none
C-00801,2024-07-01,471.74,92.54,R-060,True,collusion
C-00802,2024-07-01,124.01,34.86,R-054,False,none
C-00803,2024-07-01,166.07,4857.22,R-008,True,tamper
C-00804,2024-07-01,673.37,2647.53,R-027,False,none
C-00805,2024-07-01,261.14,458.48,R-045,False,none
C-00806,2024-07-01,774.87,5023.36,R-036,False,none
C-00807,2024-07-01,2853.6,540.24,R-012,False,none
C-00808,2024-07-01,274.56,1432.76,R-022,False,none
C-00809,2024-07-01,301.94,1113.87,R-023,False,none
C-00810,2024-07-01,738.47,13.49,R-018,False,none
C-00811,2024-07-01,1288.01,1402.89,R-058,False,none
C-00812,2024-07-01,167.57,6869.41,R-013,True,tamper
C-00813,2024-07-01,443.44,534.13,R-043,False,none
C-00814,2024-07-01,677.88,14.31,R-055,False,none
C-00815,2024-07-01,456.28,4213.23,R-048,False,none
C-00816,2024-07-01,43.25,15.99,R-048,False,none
C-00817,2024-07-01,201.56,2092.9,R-010,False,none
C-00818,2024-07-01,29.31,2681.38,R-008,False,none
C-00819,2024-07-01,81.3,606.14,R-047,False,none
C-00820,2024-07-01,482.5,2134.93,R-045,False,none
C-00821,2024-07-01,50.95,335.0,R-045,False,none
C-00822,2024-07-01,308.48,4782.78,R-026,True,tamper
C-00823,2024-07-01,384.79,105.57,R-032,False,none
C-00824,2024-07-01,133.93,726.64,R-001,False,none
C-00825,2024-07-01,600.61,77.66,R-018,False,none
C-00826,2024-07-01,507.78,94.86,R-032,False,none
C-00827,2024-07-01,112.66,773.37,R-008,False,none
C-00828,2024-07-01,948.76,121.31,R-008,False,none
C-00829,2024-07-01,3739.42,791.47,R-003,False,none
C-00830,2024-07-01,324.93,327.79,R-013,False,none
C-00831,2024-07-01,306.51,3131.66,R-060,False,none
C-00832,2024-07-01,246.13,217.15,R-042,False,none
C-00833,2024-07-01,952.2,723.27,R-057,False,none
C-00834,2024-07-01,542.15,4292.04,R-016,False,none
C-00835,2024-07-01,12.89,1762.26,R-036,True,kunda
C-00836,2024-07-01,268.08,1518.11,R-054,False,none
C-00837,2024-07-01,59.09,614.56,R-022,False,none
C-00838,2024-07-01,252.43,321.48,R-040,False,none
C-00839,2024-07-01,458.74,276.98,R-042,False,none
C-00840,2024-07-01,596.44,2745.45,R-050,False,none
C-00841,2024-07-01,465.7,2706.99,R-059,False,none
C-00842,2024-07-01,234.46,2497.52,R-037,True,tamper
C-00843,2024-07-01,1895.92,4403.45,R-035,False,none
C-00844,2024-07-01,411.69,3426.7,R-053,False,none
C-00845,2024-07-01,1280.11,232.64,R-042,False,none
C-00846,2024-07-01,28.21,4699.17,R-022,False,none
C-00847,2024-07-01,35.28,114.11,R-038,False,none
C-00848,2024-07-01,445.78,308.8,R-033,False,none
C-00849,2024-07-01,156.64,2153.4,R-014,False,none
C-00850,2024-07-01,233.2,768.93,R-031,False,none
C-00851,2024-07-01,979.84,2479.99,R-038,False,none
C-00852,2024-07-01,147.63,875.52,R-055,False,none
C-00853,2024-07-01,568.85,457.93,R-035,False,none
C-00854,2024-07-01,2964.49,951.7,R-010,False,none
C-00855,2024-07-01,51.13,1299.51,R-060,False,none
C-00856,2024-07-01,440.16,3019.5,R-035,False,none
C-00857,2024-07-01,817.61,962.42,R-018,False,none
C-00858,2024-07-01,339.91,154.14,R-046,False,none
C-00859,2024-07-01,39.4,107.71,R-024,False,none
C-00860,2024-07-01,222.54,1032.0,R-023,False,none
C-00861,2024-07-01,65.13,42.2,R-051,False,none
C-00862,2024-07-01,394.16,729.21,R-053,False,none
C-00863,2024-07-01,109.59,2703.94,R-032,False,none
C-00864,2024-07-01,21.6,53.34,R-023,True,kunda
C-00865,2024-07-01,955.53,2335.88,R-052,False,none
C-00866,2024-07-01,305.39,4489.1,R-011,False,none
C-00867,2024-07-01,154.37,287.09,R-045,False,none
C-00868,2024-07-01,75.99,900.47,R-036,False,none
C-00869,2024-07-01,3777.58,1679.59,R-052,False,none
C-00870,2024-07-01,201.95,54.62,R-026,False,none
C-00871,2024-07-01,134.42,2952.65,R-050,False,none
C-00872,2024-07-01,329.03,4331.49,R-001,False,none
C-00873,2024-07-01,536.07,2110.8,R-046,False,none
C-00874,2024-07-01,397.63,518.98,R-005,False,none
C-00875,2024-07-01,60.81,1135.66,R-039,False,none
C-00876,2024-07-01,278.77,1922.3,R-012,False,none
C-00877,2024-07-01,38.58,70.84,R-058,False,none
C-00878,2024-07-01,181.73,2544.12,R-047,False,none
C-00879,2024-07-01,461.54,1890.4,R-007,False,none
C-00880,2024-07-01,127.32,2878.97,R-054,False,none
C-00881,2024-07-01,43.32,292.43,R-016,False,none
C-00882,2024-07-01,865.19,2687.39,R-033,True,collusion
C-00883,2024-07-01,177.87,2242.25,R-006,False,none
C-00884,2024-07-01,96.31,644.44,R-007,False,none
C-00885,2024-07-01,8783.15,3078.0,R-015,False,none
C-00886,2024-07-01,621.89,214.25,R-033,False,none
C-00887,2024-07-01,408.87,249.65,R-033,False,none
C-00888,2024-07-01,340.91,1016.77,R-052,False,none
C-00889,2024-07-01,633.25,6369.06,R-010,False,none
C-00890,2024-07-01,242.63,1607.63,R-045,False,none
C-00891,2024-07-01,360.37,2605.87,R-001,False,none
C-00892,2024-07-01,159.98,636.58,R-018,False,none
C-00893,2024-07-01,282.99,2607.76,R-011,False,none
C-00894,2024-07-01,30.92,1019.66,R-008,False,none
C-00895,2024-07-01,77.08,3588.54,R-036,False,none
C-00896,2024-07-01,94.08,2417.93,R-055,False,none
C-00897,2024-07-01,544.75,682.18,R-041,False,none
C-00898,2024-07-01,164.86,14.0,R-052,False,none
C-00899,2024-07-01,1741.48,7661.58,R-036,False,none
C-00900,2024-07-01,812.95,2119.82,R-004,False,none
C-00901,2024-07-01,82.2,2274.17,R-021,False,none
C-00902,2024-07-01,365.09,632.33,R-050,False,none
C-00903,2024-07-01,518.47,654.79,R-003,False,none
C-00904,2024-07-01,221.02,213.84,R-006,False,none
C-00905,2024-07-01,658.52,7559.11,R-051,False,none
C-00906,2024-07-01,270.63,3538.7,R-004,False,none
C-00907,2024-07-01,94.95,3486.02,R-058,False,none
C-00908,2024-07-01,466.67,2265.48,R-046,False,none
C-00909,2024-07-01,656.08,877.27,R-040,False,none
C-00910,2024-07-01,345.31,1221.57,R-033,False,none
C-00911,2024-07-01,798.58,569.55,R-006,False,none
C-00912,2024-07-01,411.87,1447.16,R-025,False,none
C-00913,2024-07-01,221.68,627.82,R-049,False,none
C-00914,2024-07-01,442.69,571.08,R-055,False,none
C-00915,2024-07-01,977.54,1399.46,R-027,False,none
C-00916,2024-07-01,1158.05,183.5,R-051,True,tamper
C-00917,2024-07-01,946.5,1915.7,R-047,False,none
C-00918,2024-07-01,201.43,517.04,R-004,False,none
C-00919,2024-07-01,81.35,949.97,R-038,True,tamper
C-00920,2024-07-01,1639.66,548.23,R-037,False,none
C-00921,2024-07-01,1013.15,1045.47,R-033,False,none
C-00922,2024-07-01,588.23,521.69,R-047,False,none
C-00923,2024-07-01,301.05,4416.13,R-054,False,none
C-00924,2024-07-01,84.82,685.59,R-034,True,kunda
C-00925,2024-07-01,685.01,502.19,R-020,False,none
C-00926,2024-07-01,39.55,1.2,R-059,False,none
C-00927,2024-07-01,373.23,1229.66,R-058,False,none
C-00928,2024-07-01,297.11,1155.0,R-042,False,none
C-00929,2024-07-01,193.14,1074.29,R-039,True,tamper
C-00930,2024-07-01,410.51,1933.03,R-007,False,none
C-00931,2024-07-01,247.92,1304.61,R-025,False,none
C-00932,2024-07-01,696.47,2106.42,R-012,False,none
C-00933,2024-07-01,220.15,1647.63,R-031,False,none
C-00934,2024-07-01,19.52,1306.53,R-050,True,kunda
C-00935,2024-07-01,87.66,915.66,R-014,False,none
C-00936,2024-07-01,123.76,2188.65,R-060,False,none
C-00937,2024-07-01,317.64,760.29,R-008,False,none
C-00938,2024-07-01,560.41,2390.83,R-006,False,none
C-00939,2024-07-01,54.49,2583.87,R-059,False,none
C-00940,2024-07-01,306.47,637.42,R-007,False,none
C-00941,2024-07-01,136.39,1931.62,R-045,False,none
C-00942,2024-07-01,279.4,1720.13,R-046,False,none
C-00943,2024-07-01,376.35,1608.86,R-020,False,none
C-00944,2024-07-01,550.76,427.8,R-004,False,none
C-00945,2024-07-01,413.34,3786.33,R-019,False,none
C-00946,2024-07-01,264.62,28.19,R-005,False,none
C-00947,2024-07-01,338.09,2112.89,R-041,True,collusion
C-00948,2024-07-01,4.56,1477.8,R-054,True,kunda
C-00949,2024-07-01,2591.54,3999.75,R-060,False,none
C-00950,2024-07-01,320.15,709.48,R-049,False,none
C-00951,2024-07-01,890.08,78.26,R-047,True,tamper
C-00952,2024-07-01,14890.57,52.83,R-053,False,none
C-00953,2024-07-01,36.11,1039.15,R-047,False,none
C-00954,2024-07-01,448.32,547.29,R-040,False,none
C-00955,2024-07-01,543.06,2211.74,R-060,False,none
C-00956,2024-07-01,4454.23,1713.2,R-020,False,none
C-00957,2024-07-01,80.81,1955.42,R-025,False,none
C-00958,2024-07-01,156.46,2481.24,R-055,False,none
C-00959,2024-07-01,314.43,1708.86,R-019,True,tamper
C-00960,2024-07-01,198.64,2537.67,R-018,False,none
C-00961,2024-07-01,249.05,761.73,R-010,False,none
C-00962,2024-07-01,134.85,4658.43,R-017,False,none
C-00963,2024-07-01,5174.44,6420.16,R-036,False,none
C-00964,2024-07-01,669.17,264.54,R-054,False,none
C-00965,2024-07-01,24.18,300.67,R-009,False,none
C-00966,2024-07-01,958.69,7445.64,R-041,False,none
C-00967,2024-07-01,319.11,1690.39,R-046,False,none
C-00968,2024-07-01,11.56,1711.14,R-054,False,none
C-00969,2024-07-01,181.88,1466.76,R-046,False,none
C-00970,2024-07-01,780.21,2269.99,R-010,False,none
C-00971,2024-07-01,164.13,90.21,R-030,True,tamper
C-00972,2024-07-01,1083.73,373.56,R-058,False,none
C-00973,2024-07-01,153.72,412.04,R-055,False,none
C-00974,2024-07-01,324.62,1778.34,R-037,True,tamper
C-00975,2024-07-01,167.66,891.3,R-058,False,none
C-00976,2024-07-01,72.39,5200.44,R-041,False,none
C-00977,2024-07-01,307.91,2057.08,R-004,True,collusion
C-00978,2024-07-01,100.76,709.98,R-055,False,none
C-00979,2024-07-01,249.53,1631.12,R-011,True,collusion
C-00980,2024-07-01,25.68,272.61,R-023,True,kunda
C-00981,2024-07-01,1018.26,193.28,R-015,False,none
C-00982,2024-07-01,87.3,4769.53,R-044,False,none
C-00983,2024-07-01,371.51,69.44,R-002,False,none
C-00984,2024-07-01,129.2,89.15,R-039,False,none
C-00985,2024-07-01,438.15,2488.61,R-052,False,none
C-00986,2024-07-01,152.71,645.08,R-048,False,none
C-00987,2024-07-01,130.66,1234.62,R-019,True,kunda
C-00988,2024-07-01,34.41,253.87,R-054,False,none
C-00989,2024-07-01,52.46,4111.9,R-022,False,none
C-00990,2024-07-01,41.75,75.85,R-041,False,none
C-00991,2024-07-01,48.34,2217.49,R-031,False,none
C-00992,2024-07-01,361.3,369.69,R-005,False,none
C-00993,2024-07-01,638.61,371.32,R-001,False,none
C-00994,2024-07-01,3871.23,68.87,R-011,False,none
C-00995,2024-07-01,113.27,371.16,R-057,False,none
C-00996,2024-07-01,262.97,569.75,R-058,False,none
C-00997,2024-07-01,129.43,1641.48,R-025,True,tamper
C-00998,2024-07-01,447.89,116.49,R-059,False,none
C-00999,2024-07-01,450.5,1353.45,R-003,True,tamper
C-01000,2024-07-01,293.78,625.92,R-059,False,none
C-01001,2024-07-01,608.09,813.83,R-014,False,none
C-01002,2024-07-01,859.88,605.6,R-003,False,none
C-01003,2024-07-01,820.58,106.74,R-046,False,none
C-01004,2024-07-01,1320.27,778.97,R-023,False,none
C-01005,2024-07-01,114.56,749.14,R-018,False,none
C-01006,2024-07-01,683.1,1845.45,R-046,False,none
C-01007,2024-07-01,147.2,2671.63,R-020,False,none
C-01008,2024-07-01,777.39,241.22,R-046,False,none
C-01009,2024-07-01,215.66,6014.64,R-012,False,none
C-01010,2024-07-01,373.04,171.03,R-006,False,none
C-01011,2024-07-01,46.86,952.23,R-020,False,none
C-01012,2024-07-01,870.48,1741.76,R-037,False,none
C-01013,2024-07-01,27.2,1414.87,R-014,False,none
C-01014,2024-07-01,354.48,1440.66,R-009,False,none
C-01015,2024-07-01,53.2,874.73,R-045,False,none
C-01016,2024-07-01,161.4,2867.25,R-030,False,none
C-01017,2024-07-01,2493.49,239.11,R-026,False,none
C-01018,2024-07-01,207.69,666.72,R-015,False,none
C-01019,2024-07-01,139.74,3681.25,R-002,False,none
C-01020,2024-07-01,462.32,1352.39,R-004,False,none
C-01021,2024-07-01,454.59,1165.25,R-041,False,none
C-01022,2024-07-01,782.05,350.53,R-005,False,none
C-01023,2024-07-01,429.4,1034.01,R-015,False,none
C-01024,2024-07-01,2877.23,2729.07,R-055,False,none
C-01025,2024-07-01,159.74,223.61,R-021,False,none
C-01026,2024-07-01,562.09,748.72,R-045,False,none
C-01027,2024-07-01,307.52,2195.55,R-021,False,none
C-01028,2024-07-01,496.92,1525.91,R-056,False,none
C-01029,2024-07-01,405.75,162.2,R-050,False,none
C-01030,2024-07-01,96.19,1101.67,R-029,False,none
C-01031,2024-07-01,98.36,208.65,R-042,False,none
C-01032,2024-07-01,43.26,748.63,R-025,False,none
C-01033,2024-07-01,25.15,3031.81,R-057,False,none
C-01034,2024-07-01,36.0,81.89,R-022,False,none
C-01035,2024-07-01,41.72,4941.62,R-051,False,none
C-01036,2024-07-01,122.78,21.31,R-037,True,kunda
C-01037,2024-07-01,41.0,3715.11,R-039,False,none
C-01038,2024-07-01,316.92,983.94,R-022,False,none
C-01039,2024-07-01,321.59,881.81,R-050,False,none
C-01040,2024-07-01,220.85,319.32,R-045,False,none
C-01041,2024-07-01,295.11,1011.77,R-049,False,none
C-01042,2024-07-01,145.14,1765.17,R-049,False,none
C-01043,2024-07-01,38.14,1113.97,R-010,False,none
C-01044,2024-07-01,49.62,2198.98,R-053,False,none
C-01045,2024-07-01,775.89,330.11,R-051,False,none
C-01046,2024-07-01,692.71,1067.89,R-015,False,none
C-01047,2024-07-01,236.63,181.44,R-059,False,none
C-01048,2024-07-01,244.67,1572.43,R-032,False,none
C-01049,2024-07-01,185.91,3928.39,R-020,False,none
C-01050,2024-07-01,108.99,2648.91,R-014,False,none
C-01051,2024-07-01,302.93,4238.64,R-022,False,none
C-01052,2024-07-01,64.96,1986.58,R-003,False,none
C-01053,2024-07-01,390.02,663.3,R-042,False,none
C-01054,2024-07-01,1019.81,2466.07,R-043,False,none
C-01055,2024-07-01,28.92,24.55,R-041,False,none
C-01056,2024-07-01,103.76,1596.76,R-033,False,none
C-01057,2024-07-01,83.48,5061.33,R-022,False,none
C-01058,2024-07-01,9.85,194.17,R-044,False,none
C-01059,2024-07-01,384.78,1278.01,R-053,False,none
C-01060,2024-07-01,170.01,450.47,R-006,False,none
C-01061,2024-07-01,169.93,760.85,R-023,False,none
C-01062,2024-07-01,100.31,2054.94,R-060,False,none
C-01063,2024-07-01,456.13,405.66,R-052,False,none
C-01064,2024-07-01,45.07,860.87,R-060,False,none
C-01065,2024-07-01,624.42,3827.46,R-011,False,none
C-01066,2024-07-01,40.65,1630.18,R-028,True,tamper
C-01067,2024-07-01,495.02,1458.6,R-008,False,none
C-01068,2024-07-01,120.46,2632.64,R-052,False,none
C-01069,2024-07-01,111.66,796.5,R-032,False,none
C-01070,2024-07-01,226.75,177.29,R-015,False,none
C-01071,2024-07-01,380.62,692.7,R-006,False,none
C-01072,2024-07-01,96.6,208.11,R-045,False,none
C-01073,2024-07-01,499.46,1176.16,R-049,False,none
C-01074,2024-07-01,455.58,6660.33,R-053,False,none
C-01075,2024-07-01,529.73,579.38,R-059,False,none
C-01076,2024-07-01,790.83,800.91,R-049,False,none
C-01077,2024-07-01,45.46,3980.85,R-048,False,none
C-01078,2024-07-01,596.43,128.98,R-049,False,none
C-01079,2024-07-01,374.02,2846.08,R-060,False,none
C-01080,2024-07-01,64.62,397.62,R-028,True,tamper
C-01081,2024-07-01,987.69,92.86,R-046,False,none
C-01082,2024-07-01,2123.93,31.6,R-050,False,none
C-01083,2024-07-01,82.22,1104.26,R-007,False,none
C-01084,2024-07-01,25.99,938.19,R-042,False,none
C-01085,2024-07-01,567.1,3615.81,R-021,False,none
C-01086,2024-07-01,215.49,580.02,R-008,False,none
C-01087,2024-07-01,290.65,3901.56,R-011,False,none
C-01088,2024-07-01,487.49,1638.53,R-007,False,none
C-01089,2024-07-01,44.79,574.1,R-054,False,none
C-01090,2024-07-01,144.03,320.75,R-047,True,tamper
C-01091,2024-07-01,231.06,2826.28,R-007,False,none
C-01092,2024-07-01,148.9,31.39,R-038,False,none
C-01093,2024-07-01,151.17,1211.88,R-040,False,none
C-01094,2024-07-01,577.52,35.91,R-032,False,none
C-01095,2024-07-01,468.56,1371.4,R-037,False,none
C-01096,2024-07-01,702.66,3194.02,R-055,False,none
C-01097,2024-07-01,542.58,693.71,R-032,False,none
C-01098,2024-07-01,526.42,784.36,R-040,False,none
C-01099,2024-07-01,37.64,689.89,R-035,False,none
C-01100,2024-07-01,96.73,499.52,R-024,False,none
C-01101,2024-07-01,69.54,1285.03,R-054,False,none
C-01102,2024-07-01,397.44,259.91,R-025,False,none
C-01103,2024-07-01,93.01,1191.81,R-048,False,none
C-01104,2024-07-01,61.9,2902.97,R-037,False,none
C-01105,2024-07-01,1025.57,837.05,R-042,False,none
C-01106,2024-07-01,1763.92,217.83,R-046,False,none
C-01107,2024-07-01,268.42,600.15,R-045,False,none
C-01108,2024-07-01,510.14,1433.29,R-034,False,none
C-01109,2024-07-01,362.54,8592.69,R-037,False,none
C-01110,2024-07-01,54.06,1468.08,R-031,False,none
C-01111,2024-07-01,260.93,4662.48,R-021,False,none
C-01112,2024-07-01,4873.08,2112.04,R-044,False,none
C-01113,2024-07-01,5510.86,1578.93,R-053,False,none
C-01114,2024-07-01,329.94,3094.63,R-043,False,none
C-01115,2024-07-01,340.83,1356.25,R-047,False,none
C-01116,2024-07-01,1729.1,548.71,R-050,False,none
C-01117,2024-07-01,1130.32,115.48,R-023,False,none
C-01118,2024-07-01,233.68,1510.28,R-004,False,none
C-01119,2024-07-01,21.51,386.25,R-021,False,none
C-01120,2024-07-01,985.46,2305.23,R-046,False,none
C-01121,2024-07-01,541.46,2123.21,R-049,False,none
C-01122,2024-07-01,20.28,15.23,R-031,False,none
C-01123,2024-07-01,6019.64,197.11,R-047,False,none
C-01124,2024-07-01,2540.55,87.66,R-005,False,none
C-01125,2024-07-01,1211.32,3501.84,R-039,False,none
C-01126,2024-07-01,500.37,106.14,R-041,False,none
C-01127,2024-07-01,77.75,1702.46,R-031,False,none
C-01128,2024-07-01,394.33,1717.57,R-043,False,none
C-01129,2024-07-01,198.64,1479.71,R-030,False,none
C-01130,2024-07-01,615.33,2267.24,R-032,False,none
C-01131,2024-07-01,157.93,3477.22,R-037,False,none
C-01132,2024-07-01,294.9,113.91,R-048,False,none
C-01133,2024-07-01,155.55,324.45,R-015,False,none
C-01134,2024-07-01,525.63,243.7,R-019,False,none
C-01135,2024-07-01,155.7,7135.3,R-026,False,none
C-01136,2024-07-01,517.37,2790.08,R-013,False,none
C-01137,2024-07-01,123.52,2076.6,R-021,False,none
C-01138,2024-07-01,209.25,1183.91,R-022,False,none
C-01139,2024-07-01,1276.96,2922.26,R-019,False,none
C-01140,2024-07-01,31.43,1791.94,R-025,False,none
C-01141,2024-07-01,139.32,1938.88,R-031,False,none
C-01142,2024-07-01,599.57,6346.47,R-042,False,none
C-01143,2024-07-01,539.92,714.92,R-019,False,none
C-01144,2024-07-01,15.38,2288.77,R-051,False,none
C-01145,2024-07-01,583.5,620.05,R-029,False,none
C-01146,2024-07-01,585.95,8466.3,R-044,False,none
C-01147,2024-07-01,190.81,1925.84,R-007,False,none
C-01148,2024-07-01,159.92,1369.28,R-011,False,none
C-01149,2024-07-01,421.8,2287.85,R-028,False,none
C-01150,2024-07-01,395.59,184.38,R-022,False,none
C-01151,2024-07-01,40.01,62.48,R-030,False,none
C-01152,2024-07-01,434.16,256.35,R-010,False,none
C-01153,2024-07-01,738.83,2317.98,R-029,False,none
C-01154,2024-07-01,619.73,2492.61,R-042,False,none
C-01155,2024-07-01,552.68,1761.8,R-044,False,none
C-01156,2024-07-01,701.51,853.35,R-015,False,none
C-01157,2024-07-01,580.62,1448.24,R-021,False,none
C-01158,2024-07-01,208.32,276.32,R-032,False,none
C-01159,2024-07-01,284.62,3.87,R-032,False,none
C-01160,2024-07-01,185.74,3616.35,R-048,False,none
C-01161,2024-07-01,292.71,644.2,R-024,False,none
C-01162,2024-07-01,113.59,42.28,R-041,False,none
C-01163,2024-07-01,1057.69,196.26,R-054,False,none
C-01164,2024-07-01,126.9,2408.35,R-018,False,none
C-01165,2024-07-01,188.6,1256.67,R-050,False,none
C-01166,2024-07-01,14.18,1424.78,R-020,True,kunda
C-01167,2024-07-01,370.82,149.88,R-021,False,none
C-01168,2024-07-01,127.52,1713.22,R-040,False,none
C-01169,2024-07-01,153.01,1815.27,R-038,False,none
C-01170,2024-07-01,988.07,158.24,R-033,False,none
C-01171,2024-07-01,766.65,1245.41,R-014,False,none
C-01172,2024-07-01,245.41,609.78,R-006,False,none
C-01173,2024-07-01,664.17,2140.83,R-055,False,none
C-01174,2024-07-01,167.44,764.44,R-053,False,none
C-01175,2024-07-01,97.87,1343.96,R-054,False,none
C-01176,2024-07-01,28.11,704.94,R-031,False,none
C-01177,2024-07-01,25.42,188.57,R-054,False,none
C-01178,2024-07-01,805.44,4133.99,R-029,False,none
C-01179,2024-07-01,506.24,641.16,R-005,False,none
C-01180,2024-07-01,479.23,2124.02,R-012,False,none
C-01181,2024-07-01,364.82,38.52,R-017,False,none
C-01182,2024-07-01,467.17,22.04,R-023,False,none
C-01183,2024-07-01,521.42,1112.67,R-057,False,none
C-01184,2024-07-01,340.36,8829.86,R-020,True,tamper
C-01185,2024-07-01,13.08,206.37,R-037,False,none
C-01186,2024-07-01,295.81,36.2,R-017,False,none
C-01187,2024-07-01,381.88,272.92,R-039,False,none
C-01188,2024-07-01,270.21,1961.92,R-035,False,none
C-01189,2024-07-01,16.63,438.28,R-010,False,none
C-01190,2024-07-01,571.96,155.29,R-028,False,none
C-01191,2024-07-01,181.8,1252.21,R-007,False,none
C-01192,2024-07-01,283.91,634.24,R-054,False,none
C-01193,2024-07-01,155.11,1120.95,R-043,False,none
C-01194,2024-07-01,268.92,2749.19,R-057,False,none
C-01195,2024-07-01,1115.37,3245.31,R-053,False,none
C-01196,2024-07-01,2080.43,4723.79,R-014,False,none
C-01197,2024-07-01,80.55,818.53,R-043,False,none
C-01198,2024-07-01,1438.67,527.33,R-007,False,none
C-01199,2024-07-01,338.38,1116.87,R-058,False,none
C-01200,2024-07-01,2163.56,355.52,R-048,False,none
C-01201,2024-07-01,9718.34,1228.78,R-041,False,none
C-01202,2024-07-01,321.84,769.22,R-060,False,none
C-01203,2024-07-01,28.28,716.12,R-051,False,none
C-01204,2024-07-01,1046.78,862.54,R-052,False,none
C-01205,2024-07-01,2385.28,3248.25,R-007,False,none
C-01206,2024-07-01,6636.15,167.55,R-002,False,none
C-01207,2024-07-01,676.52,2053.77,R-058,False,none
C-01208,2024-07-01,128.21,1887.49,R-016,False,none
C-01209,2024-07-01,103.87,216.96,R-026,False,none
C-01210,2024-07-01,363.84,65.82,R-003,False,none
C-01211,2024-07-01,23.17,391.68,R-038,True,kunda
C-01212,2024-07-01,867.63,2570.41,R-050,False,none
C-01213,2024-07-01,58.33,2279.24,R-051,False,none
C-01214,2024-07-01,291.89,1238.15,R-035,False,none
C-01215,2024-07-01,624.98,1379.34,R-040,False,none
C-01216,2024-07-01,67.98,2315.53,R-031,False,none
C-01217,2024-07-01,220.1,3709.15,R-027,False,none
C-01218,2024-07-01,550.13,3202.5,R-034,False,none
C-01219,2024-07-01,196.82,6138.24,R-057,False,none
C-01220,2024-07-01,74.79,49.34,R-016,False,none
C-01221,2024-07-01,174.52,3592.55,R-029,False,none
C-01222,2024-07-01,511.72,2360.78,R-037,False,none
C-01223,2024-07-01,364.07,1511.38,R-035,False,none
C-01224,2024-07-01,32.92,171.33,R-002,False,none
C-01225,2024-07-01,172.66,1794.57,R-018,False,none
C-01226,2024-07-01,56.67,304.35,R-039,False,none
C-01227,2024-07-01,233.98,909.16,R-042,False,none
C-01228,2024-07-01,1500.6,654.52,R-045,False,none
C-01229,2024-07-01,236.26,3068.5,R-060,False,none
C-01230,2024-07-01,290.34,285.52,R-041,False,none
C-01231,2024-07-01,1137.96,5970.84,R-035,False,none
C-01232,2024-07-01,182.74,1557.49,R-020,False,none
C-01233,2024-07-01,442.84,620.92,R-023,False,none
C-01234,2024-07-01,312.5,208.73,R-050,False,none
C-01235,2024-07-01,743.1,507.79,R-029,False,none
C-01236,2024-07-01,1476.83,6233.12,R-043,False,none
C-01237,2024-07-01,646.09,501.8,R-008,False,none
C-01238,2024-07-01,352.71,1351.09,R-008,False,none
C-01239,2024-07-01,4737.19,1332.16,R-013,False,none
C-01240,2024-07-01,378.78,1237.48,R-012,False,none
C-01241,2024-07-01,459.91,2429.34,R-037,False,none
C-01242,2024-07-01,77.82,4067.82,R-039,False,none
C-01243,2024-07-01,510.5,2099.63,R-034,False,none
C-01244,2024-07-01,36.25,1828.4,R-018,True,kunda
C-01245,2024-07-01,117.71,2326.42,R-035,False,none
C-01246,2024-07-01,709.07,1224.69,R-008,False,none
C-01247,2024-07-01,427.27,1125.99,R-029,False,none
C-01248,2024-07-01,47.14,419.4,R-010,False,none
C-01249,2024-07-01,570.22,5022.39,R-005,False,none
C-01250,2024-07-01,297.65,832.19,R-010,False,none
C-01251,2024-07-01,1293.96,3112.49,R-007,False,none
C-01252,2024-07-01,265.87,562.55,R-029,False,none
C-01253,2024-07-01,1850.99,1238.26,R-033,False,none
C-01254,2024-07-01,232.67,225.17,R-037,True,tamper
C-01255,2024-07-01,437.63,629.14,R-027,False,none
C-01256,2024-07-01,463.5,1176.7,R-011,False,none
C-01257,2024-07-01,307.78,50.01,R-002,False,none
C-01258,2024-07-01,93.53,1493.49,R-043,True,tamper
C-01259,2024-07-01,431.58,108.19,R-059,False,none
C-01260,2024-07-01,69.89,295.67,R-017,False,none
C-01261,2024-07-01,1062.51,2191.22,R-013,False,none
C-01262,2024-07-01,860.83,825.87,R-019,False,none
C-01263,2024-07-01,399.11,864.05,R-013,False,none
C-01264,2024-07-01,67.82,2216.94,R-014,False,none
C-01265,2024-07-01,326.78,119.34,R-030,False,none
C-01266,2024-07-01,260.1,1114.8,R-048,False,none
C-01267,2024-07-01,495.72,1022.81,R-043,False,none
C-01268,2024-07-01,198.45,1070.45,R-058,False,none
C-01269,2024-07-01,406.88,185.17,R-022,False,none
C-01270,2024-07-01,808.22,132.99,R-030,False,none
C-01271,2024-07-01,516.66,260.37,R-023,False,none
C-01272,2024-07-01,856.53,3947.68,R-003,False,none
C-01273,2024-07-01,18.26,386.15,R-024,False,none
C-01274,2024-07-01,27.17,433.67,R-016,False,none
C-01275,2024-07-01,451.74,1259.98,R-029,False,none
C-01276,2024-07-01,424.31,1334.39,R-010,False,none
C-01277,2024-07-01,481.16,2284.86,R-045,False,none
C-01278,2024-07-01,149.02,1413.57,R-051,False,none
C-01279,2024-07-01,755.73,4044.9,R-058,False,none
C-01280,2024-07-01,581.51,2004.24,R-006,False,none
C-01281,2024-07-01,2.75,1725.36,R-008,True,kunda
C-01282,2024-07-01,23.41,1251.02,R-058,False,none
C-01283,2024-07-01,41.08,570.76,R-051,False,none
C-01284,2024-07-01,24.46,518.62,R-036,False,none
C-01285,2024-07-01,169.0,1546.09,R-020,True,tamper
C-01286,2024-07-01,1060.05,481.85,R-032,False,none
C-01287,2024-07-01,884.92,1716.06,R-033,False,none
C-01288,2024-07-01,51.55,1165.16,R-051,False,none
C-01289,2024-07-01,310.02,201.64,R-032,False,none
C-01290,2024-07-01,71.95,614.67,R-002,False,none
C-01291,2024-07-01,32.0,311.99,R-042,True,kunda
C-01292,2024-07-01,239.42,1471.4,R-047,False,none
C-01293,2024-07-01,516.05,1429.71,R-018,False,none
C-01294,2024-07-01,48.2,682.67,R-007,False,none
C-01295,2024-07-01,4222.44,1665.19,R-009,False,none
C-01296,2024-07-01,394.13,3202.84,R-051,False,none
C-01297,2024-07-01,329.32,354.88,R-027,False,none
C-01298,2024-07-01,119.76,268.36,R-032,False,none
C-01299,2024-07-01,168.72,2582.31,R-058,False,none
C-01300,2024-07-01,319.14,749.43,R-004,True,collusion
C-01301,2024-07-01,6999.82,2708.36,R-013,False,none
C-01302,2024-07-01,433.33,617.31,R-050,False,none
C-01303,2024-07-01,128.12,1788.71,R-033,True,collusion
C-01304,2024-07-01,1440.76,4367.46,R-002,False,none
C-01305,2024-07-01,145.14,438.03,R-043,False,none
C-01306,2024-07-01,521.82,804.6,R-009,False,none
C-01307,2024-07-01,474.98,636.42,R-047,False,none
C-01308,2024-07-01,955.0,1183.95,R-048,False,none
C-01309,2024-07-01,58.11,2840.24,R-050,False,none
C-01310,2024-07-01,212.23,2793.27,R-028,False,none
C-01311,2024-07-01,1567.88,1526.74,R-017,False,none
C-01312,2024-07-01,347.28,1548.86,R-053,False,none
C-01313,2024-07-01,331.95,491.2,R-034,False,none
C-01314,2024-07-01,222.67,994.22,R-039,False,none
C-01315,2024-07-01,279.38,3855.19,R-009,False,none
C-01316,2024-07-01,182.79,3079.46,R-038,False,none
C-01317,2024-07-01,427.15,37.07,R-035,False,none
C-01318,2024-07-01,3108.38,215.08,R-018,True,tamper
C-01319,2024-07-01,829.31,2178.25,R-047,False,none
C-01320,2024-07-01,338.35,1051.28,R-009,False,none
C-01321,2024-07-01,498.85,5778.91,R-044,False,none
C-01322,2024-07-01,18.54,97.96,R-058,False,none
C-01323,2024-07-01,291.27,5026.61,R-035,False,none
C-01324,2024-07-01,1845.43,948.44,R-007,False,none
C-01325,2024-07-01,369.42,91.26,R-034,False,none
C-01326,2024-07-01,309.07,912.53,R-032,False,none
C-01327,2024-07-01,4744.72,1179.52,R-034,False,none
C-01328,2024-07-01,187.77,324.73,R-017,False,none
C-01329,2024-07-01,963.37,1759.32,R-038,False,none
C-01330,2024-07-01,77.66,690.07,R-016,False,none
C-01331,2024-07-01,107.34,2077.85,R-034,False,none
C-01332,2024-07-01,695.41,819.17,R-036,False,none
C-01333,2024-07-01,238.25,176.77,R-039,False,none
C-01334,2024-07-01,314.09,1739.08,R-048,False,none
C-01335,2024-07-01,1007.16,38.32,R-053,False,none
C-01336,2024-07-01,648.24,204.95,R-047,False,none
C-01337,2024-07-01,252.54,5723.61,R-048,False,none
C-01338,2024-07-01,247.32,1260.68,R-053,False,none
C-01339,2024-07-01,286.47,956.98,R-015,False,none
C-01340,2024-07-01,221.72,1254.21,R-018,False,none
C-01341,2024-07-01,788.8,3865.08,R-032,False,none
C-01342,2024-07-01,1194.66,1275.9,R-028,False,none
C-01343,2024-07-01,29.27,95.14,R-043,True,kunda
C-01344,2024-07-01,21.14,205.99,R-001,False,none
C-01345,2024-07-01,72.37,2244.96,R-009,True,kunda
C-01346,2024-07-01,1056.63,2922.05,R-045,False,none
C-01347,2024-07-01,18.41,2643.39,R-050,True,kunda
C-01348,2024-07-01,607.82,1357.02,R-019,False,none
C-01349,2024-07-01,565.46,687.42,R-019,False,none
C-01350,2024-07-01,35.71,2273.07,R-034,False,none
C-01351,2024-07-01,59.52,293.27,R-029,False,none
C-01352,2024-07-01,19.77,349.02,R-011,False,none
C-01353,2024-07-01,1001.68,223.16,R-031,False,none
C-01354,2024-07-01,599.09,211.52,R-050,False,none
C-01355,2024-07-01,51.89,139.66,R-044,True,kunda
C-01356,2024-07-01,78.99,821.98,R-050,False,none
C-01357,2024-07-01,106.53,1072.36,R-039,False,none
C-01358,2024-07-01,1396.86,662.18,R-053,False,none
C-01359,2024-07-01,207.66,840.42,R-015,False,none
C-01360,2024-07-01,375.92,2291.34,R-003,False,none
C-01361,2024-07-01,408.53,122.74,R-007,False,none
C-01362,2024-07-01,223.33,1839.47,R-060,False,none
C-01363,2024-07-01,796.88,777.36,R-039,False,none
C-01364,2024-07-01,509.0,6124.62,R-015,False,none
C-01365,2024-07-01,37.53,1290.13,R-052,False,none
C-01366,2024-07-01,496.56,750.05,R-019,False,none
C-01367,2024-07-01,31.0,8569.09,R-036,False,none
C-01368,2024-07-01,221.17,69.92,R-015,False,none
C-01369,2024-07-01,155.06,1006.28,R-006,True,tamper
C-01370,2024-07-01,872.47,1723.48,R-017,False,none
C-01371,2024-07-01,536.71,1832.94,R-014,False,none
C-01372,2024-07-01,340.75,1482.25,R-034,False,none
C-01373,2024-07-01,152.06,2644.26,R-002,True,tamper
C-01374,2024-07-01,428.14,1265.82,R-015,False,none
C-01375,2024-07-01,907.95,6336.7,R-035,False,none
C-01376,2024-07-01,49.02,2850.12,R-024,False,none
C-01377,2024-07-01,117.22,1507.83,R-039,False,none
C-01378,2024-07-01,516.3,60.64,R-040,False,none
C-01379,2024-07-01,727.73,823.81,R-058,False,none
C-01380,2024-07-01,191.77,387.82,R-051,False,none
C-01381,2024-07-01,196.64,1745.4,R-014,False,none
C-01382,2024-07-01,317.55,1308.45,R-042,False,none
C-01383,2024-07-01,4645.0,1229.82,R-038,False,none
C-01384,2024-07-01,78.05,1223.08,R-036,False,none
C-01385,2024-07-01,71.44,1019.56,R-048,False,none
C-01386,2024-07-01,65.83,5623.42,R-009,False,none
C-01387,2024-07-01,315.89,178.49,R-023,False,none
C-01388,2024-07-01,36.29,1881.61,R-049,False,none
C-01389,2024-07-01,145.27,4389.29,R-054,False,none
C-01390,2024-07-01,272.23,1457.39,R-003,False,none
C-01391,2024-07-01,979.47,1459.73,R-029,False,none
C-01392,2024-07-01,37.7,548.63,R-016,False,none
C-01393,2024-07-01,169.85,937.08,R-011,False,none
C-01394,2024-07-01,402.15,595.9,R-004,False,none
C-01395,2024-07-01,134.26,2120.67,R-033,False,none
C-01396,2024-07-01,1930.9,3412.71,R-041,False,none
C-01397,2024-07-01,381.63,2054.63,R-032,False,none
C-01398,2024-07-01,4280.33,2616.91,R-023,False,none
C-01399,2024-07-01,10.88,709.84,R-047,True,kunda
C-01400,2024-07-01,676.58,1648.02,R-040,False,none
C-01401,2024-07-01,215.11,721.71,R-055,False,none
C-01402,2024-07-01,151.11,2324.9,R-021,False,none
C-01403,2024-07-01,219.2,1748.74,R-015,False,none
C-01404,2024-07-01,68.22,156.68,R-028,True,tamper
C-01405,2024-07-01,359.48,251.07,R-031,False,none
C-01406,2024-07-01,92.99,11264.16,R-028,False,none
C-01407,2024-07-01,128.09,1123.27,R-050,False,none
C-01408,2024-07-01,301.7,111.41,R-003,False,none
C-01409,2024-07-01,927.29,3337.17,R-032,False,none
C-01410,2024-07-01,42.42,1896.48,R-026,False,none
C-01411,2024-07-01,91.74,1119.01,R-013,False,none
C-01412,2024-07-01,899.52,357.4,R-039,False,none
C-01413,2024-07-01,168.65,2205.02,R-049,False,none
C-01414,2024-07-01,290.99,3.52,R-033,False,none
C-01415,2024-07-01,318.84,993.05,R-006,False,none
C-01416,2024-07-01,296.47,4671.13,R-005,False,none
C-01417,2024-07-01,361.14,3658.02,R-026,False,none
C-01418,2024-07-01,270.65,30.87,R-041,False,none
C-01419,2024-07-01,198.45,93.01,R-019,False,none
C-01420,2024-07-01,159.06,3025.8,R-019,False,none
C-01421,2024-07-01,19.07,67.29,R-052,False,none
C-01422,2024-07-01,127.01,137.28,R-001,False,none
C-01423,2024-07-01,199.72,2228.65,R-005,False,none
C-01424,2024-07-01,415.31,500.19,R-010,False,none
C-01425,2024-07-01,748.84,1155.95,R-060,False,none
C-01426,2024-07-01,185.17,1717.06,R-030,False,none
C-01427,2024-07-01,156.1,650.98,R-010,False,none
C-01428,2024-07-01,248.6,994.81,R-019,False,none
C-01429,2024-07-01,244.18,356.57,R-059,False,none
C-01430,2024-07-01,1036.64,113.93,R-042,False,none
C-01431,2024-07-01,18.42,416.04,R-014,True,kunda
C-01432,2024-07-01,2017.54,4898.94,R-015,True,tamper
C-01433,2024-07-01,482.47,407.6,R-005,True,tamper
C-01434,2024-07-01,66.22,1066.07,R-047,False,none
C-01435,2024-07-01,25.11,796.2,R-009,False,none
C-01436,2024-07-01,154.64,3322.56,R-018,False,none
C-01437,2024-07-01,126.83,13.76,R-021,False,none
C-01438,2024-07-01,340.24,534.19,R-038,False,none
C-01439,2024-07-01,138.45,6368.28,R-037,False,none
C-01440,2024-07-01,1304.65,721.45,R-048,False,none
C-01441,2024-07-01,92.05,1895.47,R-018,False,none
C-01442,2024-07-01,351.99,314.19,R-024,False,none
C-01443,2024-07-01,136.74,4501.39,R-024,False,none
C-01444,2024-07-01,64.0,946.23,R-003,False,none
C-01445,2024-07-01,90.91,286.06,R-045,False,none
C-01446,2024-07-01,616.72,31.16,R-033,False,none
C-01447,2024-07-01,250.28,335.36,R-029,False,none
C-01448,2024-07-01,70.47,317.61,R-060,False,none
C-01449,2024-07-01,57.54,1829.9,R-011,False,none
C-01450,2024-07-01,581.76,1694.39,R-059,False,none
C-01451,2024-07-01,61.88,1491.28,R-041,False,none
C-01452,2024-07-01,777.64,2900.5,R-014,False,none
C-01453,2024-07-01,537.37,3267.21,R-041,False,none
C-01454,2024-07-01,380.31,2435.3,R-046,False,none
C-01455,2024-07-01,124.69,376.95,R-022,False,none
C-01456,2024-07-01,13.88,2014.42,R-021,True,kunda
C-01457,2024-07-01,128.09,1529.0,R-051,False,none
C-01458,2024-07-01,473.26,156.14,R-010,False,none
C-01459,2024-07-01,68.42,1840.18,R-001,False,none
C-01460,2024-07-01,800.82,1143.55,R-040,False,none
C-01461,2024-07-01,6134.15,688.12,R-055,False,none
C-01462,2024-07-01,184.04,169.7,R-031,True,collusion
C-01463,2024-07-01,230.24,1300.6,R-009,False,none
C-01464,2024-07-01,323.25,448.54,R-033,False,none
C-01465,2024-07-01,1115.0,637.64,R-016,True,tamper
C-01466,2024-07-01,46.89,84.02,R-050,False,none
C-01467,2024-07-01,89.68,1292.58,R-037,False,none
C-01468,2024-07-01,303.49,390.17,R-021,False,none
C-01469,2024-07-01,1761.06,1073.77,R-038,False,none
C-01470,2024-07-01,410.82,1280.8,R-041,False,none
C-01471,2024-07-01,39.3,989.56,R-041,False,none
C-01472,2024-07-01,155.32,6318.42,R-022,True,collusion
C-01473,2024-07-01,863.8,1961.03,R-035,False,none
C-01474,2024-07-01,332.77,1839.23,R-003,False,none
C-01475,2024-07-01,1650.09,328.12,R-025,False,none
C-01476,2024-07-01,333.7,2436.44,R-023,False,none
C-01477,2024-07-01,568.56,1781.97,R-033,True,collusion
C-01478,2024-07-01,150.87,3501.19,R-058,False,none
C-01479,2024-07-01,662.6,510.28,R-058,False,none
C-01480,2024-07-01,1307.48,84.43,R-029,False,none
C-01481,2024-07-01,679.18,1470.38,R-039,False,none
C-01482,2024-07-01,35.86,317.6,R-007,True,kunda
C-01483,2024-07-01,10.05,441.55,R-029,True,kunda
C-01484,2024-07-01,736.01,230.61,R-042,False,none
C-01485,2024-07-01,244.1,2162.69,R-041,True,collusion
C-01486,2024-07-01,1311.69,468.86,R-058,False,none
C-01487,2024-07-01,184.77,1324.61,R-028,False,none
C-01488,2024-07-01,103.68,533.82,R-055,False,none
C-01489,2024-07-01,196.14,2234.08,R-059,False,none
C-01490,2024-07-01,94.26,112.93,R-035,False,none
C-01491,2024-07-01,163.42,796.97,R-006,False,none
C-01492,2024-07-01,196.38,691.62,R-023,False,none
C-01493,2024-07-01,33.58,2529.67,R-046,True,kunda
C-01494,2024-07-01,44.33,7477.85,R-035,False,none
C-01495,2024-07-01,3.32,643.88,R-057,True,kunda
C-01496,2024-07-01,447.37,1280.87,R-049,False,none
C-01497,2024-07-01,450.3,989.91,R-004,False,none
C-01498,2024-07-01,634.38,428.39,R-052,False,none
C-01499,2024-07-01,332.11,2475.78,R-022,False,none
C-01500,2024-07-01,17.64,755.1,R-050,False,none
C-00001,2024-08-01,259.44,927.98,R-006,False,none
C-00002,2024-08-01,57.76,379.09,R-029,False,none
C-00003,2024-08-01,313.41,451.98,R-040,False,none
C-00004,2024-08-01,166.47,229.56,R-004,False,none
C-00005,2024-08-01,89.85,1704.85,R-024,False,none
C-00006,2024-08-01,259.86,1002.69,R-016,False,none
C-00007,2024-08-01,317.77,1546.7,R-003,False,none
C-00008,2024-08-01,2267.44,872.01,R-049,False,none
C-00009,2024-08-01,121.9,228.55,R-027,False,none
C-00010,2024-08-01,336.19,540.09,R-046,False,none
C-00011,2024-08-01,600.17,300.86,R-036,True,tamper
C-00012,2024-08-01,607.83,1025.17,R-053,False,none
C-00013,2024-08-01,42.53,118.38,R-060,False,none
C-00014,2024-08-01,100.99,1912.87,R-037,False,none
C-00015,2024-08-01,227.59,1012.94,R-022,False,none
C-00016,2024-08-01,13.67,1.9,R-026,False,none
C-00017,2024-08-01,81.29,194.7,R-050,False,none
C-00018,2024-08-01,265.24,102.85,R-026,False,none
C-00019,2024-08-01,283.21,6329.2,R-032,False,none
C-00020,2024-08-01,898.13,3459.36,R-012,False,none
C-00021,2024-08-01,422.33,1291.44,R-060,False,none
C-00022,2024-08-01,387.9,697.89,R-040,False,none
C-00023,2024-08-01,186.57,1590.84,R-020,False,none
C-00024,2024-08-01,1677.99,1412.37,R-036,False,none
C-00025,2024-08-01,531.74,2741.66,R-025,False,none
C-00026,2024-08-01,478.61,3594.4,R-010,False,none
C-00027,2024-08-01,59.87,216.31,R-053,False,none
C-00028,2024-08-01,54.07,1836.48,R-054,False,none
C-00029,2024-08-01,639.01,421.31,R-051,False,none
C-00030,2024-08-01,314.3,143.67,R-023,False,none
C-00031,2024-08-01,260.07,544.85,R-016,False,none
C-00032,2024-08-01,448.56,363.87,R-003,True,tamper
C-00033,2024-08-01,30.68,589.09,R-044,False,none
C-00034,2024-08-01,138.62,637.55,R-020,False,none
C-00035,2024-08-01,2890.41,72.58,R-054,False,none
C-00036,2024-08-01,89.9,2585.67,R-053,False,none
C-00037,2024-08-01,1254.42,868.5,R-008,False,none
C-00038,2024-08-01,398.75,2405.54,R-056,False,none
C-00039,2024-08-01,13.42,1281.46,R-009,False,none
C-00040,2024-08-01,125.23,227.69,R-030,False,none
C-00041,2024-08-01,258.69,24.4,R-029,True,tamper
C-00042,2024-08-01,77.81,540.76,R-058,False,none
C-00043,2024-08-01,596.0,68.36,R-040,False,none
C-00044,2024-08-01,237.94,184.45,R-053,False,none
C-00045,2024-08-01,89.0,450.22,R-036,False,none
C-00046,2024-08-01,113.14,1267.25,R-050,False,none
C-00047,2024-08-01,189.98,796.35,R-052,True,tamper
C-00048,2024-08-01,25.89,2392.3,R-052,False,none
C-00049,2024-08-01,69.24,2417.68,R-025,False,none
C-00050,2024-08-01,377.13,7060.25,R-023,False,none
C-00051,2024-08-01,476.34,548.15,R-060,False,none
C-00052,2024-08-01,464.89,1124.02,R-046,False,none
C-00053,2024-08-01,796.43,588.86,R-056,True,tamper
C-00054,2024-08-01,100.01,2049.67,R-035,False,none
C-00055,2024-08-01,43.5,190.25,R-056,False,none
C-00056,2024-08-01,81.72,101.2,R-044,False,none
C-00057,2024-08-01,46.64,352.09,R-045,False,none
C-00058,2024-08-01,152.15,69.68,R-011,False,none
C-00059,2024-08-01,555.35,2037.29,R-035,False,none
C-00060,2024-08-01,5269.3,1312.36,R-044,False,none
C-00061,2024-08-01,691.15,1317.17,R-046,False,none
C-00062,2024-08-01,7.87,1517.04,R-058,True,kunda
C-00063,2024-08-01,624.22,849.35,R-020,False,none
C-00064,2024-08-01,310.26,2420.86,R-019,False,none
C-00065,2024-08-01,178.77,771.76,R-059,False,none
C-00066,2024-08-01,1125.99,4202.88,R-060,False,none
C-00067,2024-08-01,557.46,2334.22,R-011,False,none
C-00068,2024-08-01,74.8,712.24,R-023,False,none
C-00069,2024-08-01,304.4,248.37,R-057,False,none
C-00070,2024-08-01,62.63,282.62,R-012,False,none
C-00071,2024-08-01,77.36,346.24,R-047,False,none
C-00072,2024-08-01,23.93,621.86,R-007,False,none
C-00073,2024-08-01,65.01,59.5,R-011,False,none
C-00074,2024-08-01,23.28,486.0,R-048,False,none
C-00075,2024-08-01,73.18,584.1,R-037,True,kunda
C-00076,2024-08-01,323.1,426.96,R-034,False,none
C-00077,2024-08-01,232.82,99.86,R-052,False,none
C-00078,2024-08-01,149.83,831.01,R-019,False,none
C-00079,2024-08-01,329.06,5040.47,R-031,False,none
C-00080,2024-08-01,430.59,234.75,R-037,False,none
C-00081,2024-08-01,57.31,280.67,R-045,False,none
C-00082,2024-08-01,46.94,1559.8,R-020,False,none
C-00083,2024-08-01,938.12,18.25,R-039,False,none
C-00084,2024-08-01,39.66,87.0,R-027,False,none
C-00085,2024-08-01,85.95,764.48,R-033,False,none
C-00086,2024-08-01,371.69,523.21,R-052,False,none
C-00087,2024-08-01,735.37,869.28,R-024,False,none
C-00088,2024-08-01,578.69,2931.71,R-041,False,none
C-00089,2024-08-01,194.84,3586.43,R-057,False,none
C-00090,2024-08-01,85.44,1632.0,R-046,False,none
C-00091,2024-08-01,63.89,719.89,R-060,False,none
C-00092,2024-08-01,35.23,8269.2,R-036,False,none
C-00093,2024-08-01,358.59,56.83,R-017,False,none
C-00094,2024-08-01,281.77,6126.47,R-060,True,collusion
C-00095,2024-08-01,269.19,1287.68,R-039,True,tamper
C-00096,2024-08-01,412.29,617.79,R-015,False,none
C-00097,2024-08-01,101.91,2522.75,R-020,False,none
C-00098,2024-08-01,539.29,862.8,R-016,False,none
C-00099,2024-08-01,89.3,2609.76,R-051,False,none
C-00100,2024-08-01,524.37,2656.75,R-006,False,none
C-00101,2024-08-01,109.06,1453.53,R-045,False,none
C-00102,2024-08-01,42.98,1109.07,R-034,False,none
C-00103,2024-08-01,642.58,2993.24,R-005,False,none
C-00104,2024-08-01,987.74,393.25,R-037,False,none
C-00105,2024-08-01,387.07,7728.93,R-046,False,none
C-00106,2024-08-01,219.41,3282.4,R-044,False,none
C-00107,2024-08-01,251.41,2563.1,R-032,False,none
C-00108,2024-08-01,141.13,2092.52,R-021,False,none
C-00109,2024-08-01,830.95,3108.0,R-010,False,none
C-00110,2024-08-01,137.73,1798.7,R-001,False,none
C-00111,2024-08-01,263.95,316.65,R-022,False,none
C-00112,2024-08-01,114.47,1584.86,R-038,False,none
C-00113,2024-08-01,262.98,3477.64,R-003,False,none
C-00114,2024-08-01,563.66,967.24,R-060,False,none
C-00115,2024-08-01,360.25,2179.03,R-036,False,none
C-00116,2024-08-01,1818.48,4165.75,R-018,False,none
C-00117,2024-08-01,474.93,873.96,R-058,False,none
C-00118,2024-08-01,30.73,956.24,R-012,False,none
C-00119,2024-08-01,309.66,570.11,R-058,False,none
C-00120,2024-08-01,164.74,1045.78,R-017,False,none
C-00121,2024-08-01,24.49,2851.79,R-023,False,none
C-00122,2024-08-01,388.56,93.23,R-026,False,none
C-00123,2024-08-01,2684.55,4016.5,R-060,False,none
C-00124,2024-08-01,7.69,1575.28,R-016,True,kunda
C-00125,2024-08-01,18.22,1984.4,R-059,False,none
C-00126,2024-08-01,355.4,547.83,R-021,False,none
C-00127,2024-08-01,133.77,1429.53,R-018,False,none
C-00128,2024-08-01,104.61,626.41,R-039,False,none
C-00129,2024-08-01,184.03,785.38,R-042,False,none
C-00130,2024-08-01,93.49,525.36,R-021,False,none
C-00131,2024-08-01,314.51,1058.21,R-009,False,none
C-00132,2024-08-01,166.65,2171.67,R-024,False,none
C-00133,2024-08-01,621.73,1812.15,R-033,False,none
C-00134,2024-08-01,80.88,1675.92,R-003,False,none
C-00135,2024-08-01,70.83,1055.31,R-005,False,none
C-00136,2024-08-01,76.61,572.74,R-056,False,none
C-00137,2024-08-01,413.21,82.5,R-003,False,none
C-00138,2024-08-01,12.13,3710.87,R-025,False,none
C-00139,2024-08-01,113.93,165.59,R-046,False,none
C-00140,2024-08-01,153.23,2087.07,R-020,False,none
C-00141,2024-08-01,108.36,266.93,R-030,False,none
C-00142,2024-08-01,1124.14,177.96,R-006,False,none
C-00143,2024-08-01,89.79,1005.31,R-048,False,none
C-00144,2024-08-01,3.7,984.32,R-039,True,kunda
C-00145,2024-08-01,388.88,785.02,R-052,False,none
C-00146,2024-08-01,2888.76,1230.46,R-052,False,none
C-00147,2024-08-01,311.43,6119.83,R-022,False,none
C-00148,2024-08-01,138.83,1622.23,R-003,False,none
C-00149,2024-08-01,135.57,106.02,R-021,False,none
C-00150,2024-08-01,10.22,2627.72,R-009,True,kunda
C-00151,2024-08-01,337.14,1002.74,R-032,False,none
C-00152,2024-08-01,391.45,842.51,R-009,False,none
C-00153,2024-08-01,414.79,6704.91,R-056,False,none
C-00154,2024-08-01,362.39,64.35,R-037,False,none
C-00155,2024-08-01,5355.43,1748.64,R-016,False,none
C-00156,2024-08-01,45.99,2194.73,R-056,False,none
C-00157,2024-08-01,320.22,156.83,R-047,False,none
C-00158,2024-08-01,24.84,400.6,R-027,False,none
C-00159,2024-08-01,37.83,1372.0,R-009,False,none
C-00160,2024-08-01,309.37,227.49,R-021,False,none
C-00161,2024-08-01,465.45,1442.77,R-036,False,none
C-00162,2024-08-01,2049.22,2321.4,R-046,False,none
C-00163,2024-08-01,1003.55,370.16,R-016,False,none
C-00164,2024-08-01,3204.21,1504.31,R-045,False,none
C-00165,2024-08-01,4269.26,3356.21,R-017,False,none
C-00166,2024-08-01,1734.8,472.94,R-015,False,none
C-00167,2024-08-01,120.74,1887.58,R-027,False,none
C-00168,2024-08-01,445.11,1264.78,R-010,False,none
C-00169,2024-08-01,138.63,1129.93,R-025,False,none
C-00170,2024-08-01,639.18,2127.09,R-022,True,collusion
C-00171,2024-08-01,100.62,643.15,R-017,False,none
C-00172,2024-08-01,491.0,1018.47,R-047,True,tamper
C-00173,2024-08-01,394.05,719.06,R-020,False,none
C-00174,2024-08-01,150.39,1292.78,R-042,False,none
C-00175,2024-08-01,425.77,1657.46,R-044,False,none
C-00176,2024-08-01,410.84,1439.18,R-040,False,none
C-00177,2024-08-01,1.86,1560.05,R-017,True,kunda
C-00178,2024-08-01,1080.41,343.31,R-050,False,none
C-00179,2024-08-01,423.73,1529.46,R-015,False,none
C-00180,2024-08-01,366.88,41.39,R-017,False,none
C-00181,2024-08-01,109.44,2982.68,R-053,False,none
C-00182,2024-08-01,255.25,21.67,R-021,False,none
C-00183,2024-08-01,287.43,448.31,R-042,False,none
C-00184,2024-08-01,167.24,2736.43,R-003,False,none
C-00185,2024-08-01,32.35,549.65,R-037,False,none
C-00186,2024-08-01,799.36,56.39,R-053,False,none
C-00187,2024-08-01,72.62,1364.93,R-043,True,kunda
C-00188,2024-08-01,22.66,90.15,R-035,True,kunda
C-00189,2024-08-01,800.68,719.7,R-051,False,none
C-00190,2024-08-01,284.85,1010.01,R-018,False,none
C-00191,2024-08-01,396.21,857.31,R-023,True,tamper
C-00192,2024-08-01,226.67,443.06,R-005,False,none
C-00193,2024-08-01,36.93,204.88,R-042,False,none
C-00194,2024-08-01,204.61,1245.56,R-044,False,none
C-00195,2024-08-01,33.44,2566.57,R-046,False,none
C-00196,2024-08-01,348.46,2150.19,R-045,False,none
C-00197,2024-08-01,111.33,3897.74,R-008,False,none
C-00198,2024-08-01,150.99,3083.4,R-040,False,none
C-00199,2024-08-01,534.65,1400.22,R-046,True,tamper
C-00200,2024-08-01,657.97,1196.15,R-013,False,none
C-00201,2024-08-01,360.76,875.97,R-029,False,none
C-00202,2024-08-01,742.48,170.65,R-055,False,none
C-00203,2024-08-01,490.19,1035.43,R-025,False,none
C-00204,2024-08-01,47.4,330.36,R-046,False,none
C-00205,2024-08-01,299.05,88.73,R-032,False,none
C-00206,2024-08-01,1014.59,5111.29,R-040,False,none
C-00207,2024-08-01,267.08,138.69,R-038,False,none
C-00208,2024-08-01,77.88,2657.62,R-040,False,none
C-00209,2024-08-01,97.06,3574.62,R-047,False,none
C-00210,2024-08-01,250.28,76.43,R-055,False,none
C-00211,2024-08-01,218.36,1477.46,R-018,False,none
C-00212,2024-08-01,349.93,60.6,R-056,False,none
C-00213,2024-08-01,114.34,2600.52,R-038,False,none
C-00214,2024-08-01,432.45,3667.3,R-036,False,none
C-00215,2024-08-01,716.48,5527.75,R-020,False,none
C-00216,2024-08-01,156.98,1340.43,R-026,False,none
C-00217,2024-08-01,1393.15,1112.37,R-040,True,tamper
C-00218,2024-08-01,418.22,893.47,R-022,False,none
C-00219,2024-08-01,31.93,1638.95,R-018,False,none
C-00220,2024-08-01,211.35,5022.72,R-050,False,none
C-00221,2024-08-01,381.51,1080.66,R-025,False,none
C-00222,2024-08-01,171.34,595.51,R-039,False,none
C-00223,2024-08-01,272.98,5537.08,R-002,False,none
C-00224,2024-08-01,222.78,64.58,R-005,False,none
C-00225,2024-08-01,203.71,1283.1,R-051,False,none
C-00226,2024-08-01,19.18,1205.02,R-009,False,none
C-00227,2024-08-01,70.92,23.32,R-048,False,none
C-00228,2024-08-01,174.8,162.82,R-055,False,none
C-00229,2024-08-01,306.45,1120.71,R-029,False,none
C-00230,2024-08-01,504.57,1167.42,R-054,False,none
C-00231,2024-08-01,5306.34,1814.91,R-026,False,none
C-00232,2024-08-01,785.56,246.91,R-058,False,none
C-00233,2024-08-01,95.24,3742.31,R-015,False,none
C-00234,2024-08-01,31.66,2826.3,R-026,False,none
C-00235,2024-08-01,487.17,3897.66,R-024,False,none
C-00236,2024-08-01,95.63,1882.43,R-048,False,none
C-00237,2024-08-01,350.53,2192.44,R-003,False,none
C-00238,2024-08-01,530.37,19.62,R-050,False,none
C-00239,2024-08-01,209.68,2336.08,R-002,False,none
C-00240,2024-08-01,368.46,1189.51,R-019,False,none
C-00241,2024-08-01,645.83,305.73,R-036,False,none
C-00242,2024-08-01,40.38,1959.08,R-009,False,none
C-00243,2024-08-01,15.1,3470.59,R-030,False,none
C-00244,2024-08-01,524.27,141.55,R-060,False,none
C-00245,2024-08-01,662.91,208.7,R-050,False,none
C-00246,2024-08-01,52.45,3231.94,R-002,False,none
C-00247,2024-08-01,332.35,2976.91,R-036,False,none
C-00248,2024-08-01,241.39,486.14,R-036,False,none
C-00249,2024-08-01,5942.87,373.93,R-005,False,none
C-00250,2024-08-01,21.24,343.22,R-040,True,kunda
C-00251,2024-08-01,217.78,330.43,R-032,False,none
C-00252,2024-08-01,41.66,1156.42,R-041,False,none
C-00253,2024-08-01,478.21,467.85,R-018,False,none
C-00254,2024-08-01,507.0,3598.71,R-016,False,none
C-00255,2024-08-01,224.09,1242.76,R-045,False,none
C-00256,2024-08-01,93.75,2204.36,R-044,False,none
C-00257,2024-08-01,1749.64,674.62,R-010,False,none
C-00258,2024-08-01,95.39,1167.64,R-013,False,none
C-00259,2024-08-01,221.7,104.81,R-036,False,none
C-00260,2024-08-01,213.77,81.85,R-050,False,none
C-00261,2024-08-01,21.85,4908.28,R-013,True,kunda
C-00262,2024-08-01,111.9,326.58,R-014,False,none
C-00263,2024-08-01,10.97,2743.05,R-049,False,none
C-00264,2024-08-01,1737.88,1638.87,R-042,False,none
C-00265,2024-08-01,150.01,4331.8,R-055,False,none
C-00266,2024-08-01,262.59,216.3,R-048,False,none
C-00267,2024-08-01,19.12,2859.08,R-058,False,none
C-00268,2024-08-01,564.52,460.85,R-012,False,none
C-00269,2024-08-01,138.67,4287.39,R-017,False,none
C-00270,2024-08-01,27.14,280.98,R-015,False,none
C-00271,2024-08-01,449.59,820.91,R-004,False,none
C-00272,2024-08-01,43.42,1952.92,R-047,False,none
C-00273,2024-08-01,5533.62,1507.1,R-040,False,none
C-00274,2024-08-01,70.27,423.12,R-006,False,none
C-00275,2024-08-01,206.84,3019.17,R-012,False,none
C-00276,2024-08-01,208.48,1369.08,R-012,False,none
C-00277,2024-08-01,271.72,1472.39,R-025,False,none
C-00278,2024-08-01,336.35,354.6,R-028,False,none
C-00279,2024-08-01,298.83,1227.01,R-018,False,none
C-00280,2024-08-01,116.88,2785.2,R-056,False,none
C-00281,2024-08-01,253.61,1361.13,R-013,False,none
C-00282,2024-08-01,446.5,1044.35,R-034,False,none
C-00283,2024-08-01,420.04,361.43,R-027,False,none
C-00284,2024-08-01,45.04,1326.14,R-024,False,none
C-00285,2024-08-01,618.58,4709.59,R-050,False,none
C-00286,2024-08-01,273.5,980.73,R-059,False,none
C-00287,2024-08-01,327.61,1505.83,R-001,False,none
C-00288,2024-08-01,173.61,831.04,R-028,True,tamper
C-00289,2024-08-01,62.21,833.71,R-008,False,none
C-00290,2024-08-01,120.28,246.35,R-027,False,none
C-00291,2024-08-01,425.91,1376.09,R-038,False,none
C-00292,2024-08-01,173.38,237.01,R-025,False,none
C-00293,2024-08-01,293.34,4394.89,R-019,False,none
C-00294,2024-08-01,291.28,310.41,R-019,False,none
C-00295,2024-08-01,114.69,227.78,R-018,False,none
C-00296,2024-08-01,357.52,2314.7,R-020,False,none
C-00297,2024-08-01,621.25,151.94,R-023,False,none
C-00298,2024-08-01,264.25,5720.94,R-042,False,none
C-00299,2024-08-01,490.94,315.8,R-006,False,none
C-00300,2024-08-01,204.61,523.88,R-003,False,none
C-00301,2024-08-01,127.26,615.44,R-032,False,none
C-00302,2024-08-01,260.34,512.64,R-041,False,none
C-00303,2024-08-01,575.19,1371.05,R-016,False,none
C-00304,2024-08-01,99.27,859.83,R-013,False,none
C-00305,2024-08-01,453.62,1058.84,R-038,False,none
C-00306,2024-08-01,297.94,1069.39,R-024,False,none
C-00307,2024-08-01,466.57,940.79,R-045,False,none
C-00308,2024-08-01,229.74,823.1,R-009,False,none
C-00309,2024-08-01,455.91,2899.23,R-008,False,none
C-00310,2024-08-01,25.53,2530.55,R-034,True,tamper
C-00311,2024-08-01,440.46,277.0,R-024,False,none
C-00312,2024-08-01,604.57,356.63,R-044,False,none
C-00313,2024-08-01,495.47,1694.64,R-031,False,none
C-00314,2024-08-01,88.64,2387.08,R-022,False,none
C-00315,2024-08-01,358.48,681.79,R-010,False,none
C-00316,2024-08-01,1394.77,1014.48,R-010,False,none
C-00317,2024-08-01,84.7,191.75,R-046,False,none
C-00318,2024-08-01,93.66,642.37,R-014,False,none
C-00319,2024-08-01,558.62,639.84,R-031,False,none
C-00320,2024-08-01,748.73,206.22,R-050,False,none
C-00321,2024-08-01,122.88,317.21,R-054,False,none
C-00322,2024-08-01,403.99,280.74,R-017,False,none
C-00323,2024-08-01,257.34,190.55,R-007,False,none
C-00324,2024-08-01,614.58,9165.08,R-047,False,none
C-00325,2024-08-01,1343.95,467.86,R-042,False,none
C-00326,2024-08-01,157.55,938.9,R-020,False,none
C-00327,2024-08-01,447.43,3663.47,R-036,True,tamper
C-00328,2024-08-01,13.55,1138.65,R-012,True,kunda
C-00329,2024-08-01,105.24,309.54,R-043,False,none
C-00330,2024-08-01,59.75,1347.89,R-044,False,none
C-00331,2024-08-01,82.07,266.61,R-018,False,none
C-00332,2024-08-01,1527.8,1043.39,R-029,False,none
C-00333,2024-08-01,446.35,288.4,R-021,False,none
C-00334,2024-08-01,960.07,932.76,R-002,False,none
C-00335,2024-08-01,976.93,575.79,R-008,False,none
C-00336,2024-08-01,218.08,4749.0,R-058,False,none
C-00337,2024-08-01,160.65,4917.54,R-028,False,none
C-00338,2024-08-01,146.18,258.77,R-009,False,none
C-00339,2024-08-01,22.89,783.49,R-003,False,none
C-00340,2024-08-01,288.62,528.35,R-022,False,none
C-00341,2024-08-01,395.09,3514.91,R-059,True,collusion
C-00342,2024-08-01,344.84,4573.15,R-024,False,none
C-00343,2024-08-01,547.05,794.64,R-060,False,none
C-00344,2024-08-01,59.68,682.57,R-030,True,tamper
C-00345,2024-08-01,306.72,4551.75,R-046,False,none
C-00346,2024-08-01,474.83,574.04,R-048,False,none
C-00347,2024-08-01,108.7,455.15,R-002,False,none
C-00348,2024-08-01,784.22,2834.41,R-001,False,none
C-00349,2024-08-01,1589.89,137.22,R-056,False,none
C-00350,2024-08-01,692.12,1283.04,R-056,False,none
C-00351,2024-08-01,255.0,80.77,R-008,False,none
C-00352,2024-08-01,466.0,941.61,R-039,False,none
C-00353,2024-08-01,219.12,161.05,R-056,False,none
C-00354,2024-08-01,1824.63,1669.74,R-058,False,none
C-00355,2024-08-01,62.1,3449.54,R-018,False,none
C-00356,2024-08-01,177.76,752.34,R-050,False,none
C-00357,2024-08-01,363.38,83.97,R-039,False,none
C-00358,2024-08-01,316.18,199.44,R-056,False,none
C-00359,2024-08-01,3518.61,511.66,R-009,False,none
C-00360,2024-08-01,147.77,255.63,R-037,False,none
C-00361,2024-08-01,415.02,825.33,R-002,False,none
C-00362,2024-08-01,281.66,213.83,R-022,False,none
C-00363,2024-08-01,209.37,839.36,R-001,False,none
C-00364,2024-08-01,251.06,2314.06,R-027,False,none
C-00365,2024-08-01,3035.82,6973.01,R-049,False,none
C-00366,2024-08-01,266.05,879.98,R-040,False,none
C-00367,2024-08-01,144.37,659.51,R-020,False,none
C-00368,2024-08-01,122.67,2551.18,R-026,False,none
C-00369,2024-08-01,860.78,2767.12,R-023,False,none
C-00370,2024-08-01,1312.84,7.55,R-044,False,none
C-00371,2024-08-01,323.71,3718.61,R-016,False,none
C-00372,2024-08-01,145.32,2229.06,R-006,False,none
C-00373,2024-08-01,619.33,1578.16,R-031,False,none
C-00374,2024-08-01,1218.47,2771.07,R-050,False,none
C-00375,2024-08-01,281.82,910.69,R-029,False,none
C-00376,2024-08-01,92.71,4687.31,R-013,False,none
C-00377,2024-08-01,503.22,505.04,R-003,False,none
C-00378,2024-08-01,19.42,57.3,R-057,True,kunda
C-00379,2024-08-01,167.91,2652.4,R-046,False,none
C-00380,2024-08-01,3343.27,3697.11,R-010,False,none
C-00381,2024-08-01,2297.32,3272.46,R-005,False,none
C-00382,2024-08-01,198.39,31.75,R-008,False,none
C-00383,2024-08-01,381.11,3738.45,R-023,False,none
C-00384,2024-08-01,165.6,190.91,R-049,False,none
C-00385,2024-08-01,584.26,2325.97,R-010,False,none
C-00386,2024-08-01,258.16,1761.53,R-050,False,none
C-00387,2024-08-01,311.62,48.0,R-001,False,none
C-00388,2024-08-01,20.34,426.82,R-045,False,none
C-00389,2024-08-01,319.67,738.87,R-017,False,none
C-00390,2024-08-01,26.09,179.62,R-058,False,none
C-00391,2024-08-01,80.56,24.34,R-029,False,none
C-00392,2024-08-01,487.32,2759.43,R-017,False,none
C-00393,2024-08-01,1338.9,155.72,R-015,False,none
C-00394,2024-08-01,721.43,1988.85,R-050,False,none
C-00395,2024-08-01,204.07,575.62,R-025,False,none
C-00396,2024-08-01,724.56,1584.57,R-022,False,none
C-00397,2024-08-01,28.85,1954.8,R-045,True,kunda
C-00398,2024-08-01,105.57,74.6,R-033,False,none
C-00399,2024-08-01,333.54,855.91,R-040,False,none
C-00400,2024-08-01,895.12,1450.89,R-027,False,none
C-00401,2024-08-01,64.95,264.87,R-004,False,none
C-00402,2024-08-01,249.48,1034.8,R-001,False,none
C-00403,2024-08-01,61.62,3039.12,R-003,False,none
C-00404,2024-08-01,799.77,999.36,R-035,False,none
C-00405,2024-08-01,61.77,224.51,R-031,False,none
C-00406,2024-08-01,324.03,599.1,R-045,False,none
C-00407,2024-08-01,351.91,1696.51,R-054,False,none
C-00408,2024-08-01,88.02,5419.59,R-011,False,none
C-00409,2024-08-01,182.34,547.83,R-058,False,none
C-00410,2024-08-01,32.39,2479.29,R-056,False,none
C-00411,2024-08-01,103.54,668.29,R-037,False,none
C-00412,2024-08-01,288.38,3607.92,R-032,False,none
C-00413,2024-08-01,966.73,1004.62,R-011,True,collusion
C-00414,2024-08-01,277.93,1426.35,R-011,False,none
C-00415,2024-08-01,301.91,119.13,R-002,False,none
C-00416,2024-08-01,424.17,2070.96,R-039,False,none
C-00417,2024-08-01,2138.09,2979.26,R-026,False,none
C-00418,2024-08-01,15.94,1767.32,R-012,False,none
C-00419,2024-08-01,1093.51,1024.1,R-009,False,none
C-00420,2024-08-01,184.44,9.77,R-004,False,none
C-00421,2024-08-01,421.72,7.96,R-039,False,none
C-00422,2024-08-01,291.91,5532.59,R-042,False,none
C-00423,2024-08-01,230.11,824.84,R-038,False,none
C-00424,2024-08-01,36.03,360.25,R-007,True,kunda
C-00425,2024-08-01,38.42,1479.03,R-003,False,none
C-00426,2024-08-01,178.23,2905.59,R-007,False,none
C-00427,2024-08-01,66.39,3214.38,R-046,False,none
C-00428,2024-08-01,523.86,4606.53,R-045,False,none
C-00429,2024-08-01,415.75,1483.8,R-018,False,none
C-00430,2024-08-01,20.64,636.16,R-004,False,none
C-00431,2024-08-01,430.34,877.66,R-020,False,none
C-00432,2024-08-01,542.23,700.69,R-049,False,none
C-00433,2024-08-01,51.15,1842.35,R-009,False,none
C-00434,2024-08-01,19.13,672.27,R-048,True,kunda
C-00435,2024-08-01,99.12,2491.13,R-028,False,none
C-00436,2024-08-01,864.28,332.18,R-009,False,none
C-00437,2024-08-01,353.08,3223.52,R-057,False,none
C-00438,2024-08-01,250.05,752.55,R-032,True,kunda
C-00439,2024-08-01,314.09,833.8,R-041,False,none
C-00440,2024-08-01,239.87,6515.89,R-006,False,none
C-00441,2024-08-01,489.36,623.29,R-023,False,none
C-00442,2024-08-01,320.99,664.39,R-038,False,none
C-00443,2024-08-01,1135.39,1602.6,R-039,False,none
C-00444,2024-08-01,11431.32,1974.04,R-004,False,none
C-00445,2024-08-01,201.25,1691.52,R-037,False,none
C-00446,2024-08-01,43.52,1000.86,R-057,False,none
C-00447,2024-08-01,408.45,3437.56,R-048,False,none
C-00448,2024-08-01,108.67,1994.02,R-013,False,none
C-00449,2024-08-01,458.98,266.86,R-055,False,none
C-00450,2024-08-01,516.73,202.3,R-041,False,none
C-00451,2024-08-01,794.63,3503.64,R-004,False,none
C-00452,2024-08-01,276.5,2132.55,R-008,False,none
C-00453,2024-08-01,1162.84,3554.05,R-056,False,none
C-00454,2024-08-01,30.0,412.2,R-013,True,kunda
C-00455,2024-08-01,330.57,895.06,R-006,False,none
C-00456,2024-08-01,289.12,2971.0,R-028,False,none
C-00457,2024-08-01,490.21,2027.21,R-032,False,none
C-00458,2024-08-01,66.18,2109.42,R-035,True,tamper
C-00459,2024-08-01,99.08,439.59,R-040,True,tamper
C-00460,2024-08-01,374.04,2058.77,R-060,False,none
C-00461,2024-08-01,153.07,1123.46,R-046,False,none
C-00462,2024-08-01,673.6,11489.76,R-002,False,none
C-00463,2024-08-01,199.05,301.21,R-006,False,none
C-00464,2024-08-01,122.72,454.64,R-001,False,none
C-00465,2024-08-01,548.65,3375.86,R-024,False,none
C-00466,2024-08-01,140.19,1538.2,R-022,False,none
C-00467,2024-08-01,145.85,1462.82,R-057,False,none
C-00468,2024-08-01,324.08,378.28,R-022,False,none
C-00469,2024-08-01,59.27,4885.79,R-002,False,none
C-00470,2024-08-01,313.74,3497.36,R-054,False,none
C-00471,2024-08-01,627.78,1766.73,R-016,False,none
C-00472,2024-08-01,300.48,1722.0,R-055,False,none
C-00473,2024-08-01,975.84,2158.65,R-047,False,none
C-00474,2024-08-01,308.22,817.17,R-053,False,none
C-00475,2024-08-01,22.45,264.92,R-050,False,none
C-00476,2024-08-01,477.13,794.37,R-009,False,none
C-00477,2024-08-01,331.83,26.62,R-038,True,tamper
C-00478,2024-08-01,116.0,4285.03,R-025,False,none
C-00479,2024-08-01,276.89,1477.07,R-038,False,none
C-00480,2024-08-01,282.06,139.76,R-045,False,none
C-00481,2024-08-01,73.66,111.41,R-031,False,none
C-00482,2024-08-01,165.38,775.28,R-019,False,none
C-00483,2024-08-01,307.0,5853.02,R-055,False,none
C-00484,2024-08-01,124.33,4660.44,R-040,False,none
C-00485,2024-08-01,246.16,4766.5,R-054,False,none
C-00486,2024-08-01,4.99,503.96,R-015,True,kunda
C-00487,2024-08-01,170.72,413.62,R-051,False,none
C-00488,2024-08-01,125.88,3535.23,R-020,True,tamper
C-00489,2024-08-01,102.53,1736.87,R-028,False,none
C-00490,2024-08-01,525.52,3216.74,R-052,False,none
C-00491,2024-08-01,466.14,3503.84,R-022,True,collusion
C-00492,2024-08-01,667.85,171.46,R-016,False,none
C-00493,2024-08-01,285.91,1308.5,R-055,False,none
C-00494,2024-08-01,102.32,691.35,R-058,False,none
C-00495,2024-08-01,438.94,260.73,R-019,False,none
C-00496,2024-08-01,35.09,4205.79,R-019,False,none
C-00497,2024-08-01,262.48,325.8,R-014,False,none
C-00498,2024-08-01,130.49,232.52,R-002,False,none
C-00499,2024-08-01,364.57,311.48,R-034,True,tamper
C-00500,2024-08-01,458.42,263.19,R-016,False,none
C-00501,2024-08-01,272.47,4245.6,R-051,False,none
C-00502,2024-08-01,590.51,495.78,R-011,False,none
C-00503,2024-08-01,493.59,346.01,R-039,False,none
C-00504,2024-08-01,110.88,55.26,R-031,False,none
C-00505,2024-08-01,664.12,26.28,R-037,False,none
C-00506,2024-08-01,273.04,1772.44,R-007,False,none
C-00507,2024-08-01,546.41,968.41,R-028,False,none
C-00508,2024-08-01,358.51,1068.82,R-038,False,none
C-00509,2024-08-01,601.95,2263.3,R-021,False,none
C-00510,2024-08-01,1259.67,936.79,R-053,True,tamper
C-00511,2024-08-01,369.12,424.32,R-032,False,none
C-00512,2024-08-01,94.59,3166.82,R-022,False,none
C-00513,2024-08-01,12.66,280.62,R-002,False,none
C-00514,2024-08-01,1380.39,273.58,R-011,False,none
C-00515,2024-08-01,12.1,1261.4,R-029,False,none
C-00516,2024-08-01,1831.03,4194.48,R-025,False,none
C-00517,2024-08-01,404.11,269.8,R-053,False,none
C-00518,2024-08-01,2613.66,288.25,R-048,False,none
C-00519,2024-08-01,49.87,1346.65,R-010,False,none
C-00520,2024-08-01,646.66,1277.53,R-036,False,none
C-00521,2024-08-01,815.64,1750.48,R-028,False,none
C-00522,2024-08-01,342.88,3051.38,R-007,False,none
C-00523,2024-08-01,145.45,383.03,R-040,False,none
C-00524,2024-08-01,39.52,748.42,R-033,False,none
C-00525,2024-08-01,504.16,1603.53,R-006,False,none
C-00526,2024-08-01,321.44,854.68,R-029,False,none
C-00527,2024-08-01,434.12,1692.91,R-044,False,none
C-00528,2024-08-01,142.0,1213.62,R-020,False,none
C-00529,2024-08-01,634.04,1306.75,R-022,False,none
C-00530,2024-08-01,16.64,128.34,R-007,False,none
C-00531,2024-08-01,108.91,1307.14,R-013,False,none
C-00532,2024-08-01,173.76,483.41,R-059,False,none
C-00533,2024-08-01,593.49,540.0,R-038,False,none
C-00534,2024-08-01,88.81,1848.71,R-011,False,none
C-00535,2024-08-01,558.53,343.78,R-029,False,none
C-00536,2024-08-01,173.97,595.35,R-012,False,none
C-00537,2024-08-01,129.23,416.38,R-027,False,none
C-00538,2024-08-01,402.64,2331.84,R-009,False,none
C-00539,2024-08-01,554.2,105.49,R-038,False,none
C-00540,2024-08-01,233.91,136.66,R-035,False,none
C-00541,2024-08-01,558.62,3233.65,R-039,False,none
C-00542,2024-08-01,9.12,77.36,R-027,False,none
C-00543,2024-08-01,496.18,111.88,R-018,False,none
C-00544,2024-08-01,817.49,540.96,R-015,False,none
C-00545,2024-08-01,862.32,268.23,R-013,False,none
C-00546,2024-08-01,498.52,3222.2,R-026,False,none
C-00547,2024-08-01,38.28,1115.05,R-028,False,none
C-00548,2024-08-01,263.2,2524.21,R-041,False,none
C-00549,2024-08-01,811.1,847.83,R-004,False,none
C-00550,2024-08-01,306.04,2006.51,R-017,False,none
C-00551,2024-08-01,38.72,630.56,R-052,True,kunda
C-00552,2024-08-01,81.86,1402.38,R-055,False,none
C-00553,2024-08-01,118.26,1957.27,R-056,False,none
C-00554,2024-08-01,226.64,999.24,R-019,False,none
C-00555,2024-08-01,94.97,1767.22,R-009,False,none
C-00556,2024-08-01,513.94,2217.26,R-012,False,none
C-00557,2024-08-01,374.83,818.5,R-008,False,none
C-00558,2024-08-01,75.73,951.28,R-058,False,none
C-00559,2024-08-01,137.95,721.97,R-054,False,none
C-00560,2024-08-01,138.36,51.95,R-049,False,none
C-00561,2024-08-01,135.22,1786.36,R-044,False,none
C-00562,2024-08-01,1994.84,1800.66,R-021,False,none
C-00563,2024-08-01,89.08,2003.4,R-029,False,none
C-00564,2024-08-01,76.08,627.62,R-051,False,none
C-00565,2024-08-01,124.7,1914.71,R-049,False,none
C-00566,2024-08-01,1547.73,359.28,R-032,False,none
C-00567,2024-08-01,285.28,338.06,R-051,False,none
C-00568,2024-08-01,28.31,9218.4,R-021,True,kunda
C-00569,2024-08-01,8.9,104.83,R-025,True,kunda
C-00570,2024-08-01,1256.61,3619.0,R-051,False,none
C-00571,2024-08-01,199.78,1435.73,R-023,False,none
C-00572,2024-08-01,320.38,552.67,R-046,False,none
C-00573,2024-08-01,100.09,1631.95,R-028,False,none
C-00574,2024-08-01,1134.3,166.69,R-018,False,none
C-00575,2024-08-01,838.1,1047.43,R-014,False,none
C-00576,2024-08-01,1465.18,101.92,R-037,False,none
C-00577,2024-08-01,194.1,2103.69,R-029,False,none
C-00578,2024-08-01,278.03,327.48,R-023,False,none
C-00579,2024-08-01,433.49,560.84,R-045,False,none
C-00580,2024-08-01,252.76,1205.04,R-001,False,none
C-00581,2024-08-01,238.33,1880.84,R-006,False,none
C-00582,2024-08-01,410.48,1491.76,R-058,False,none
C-00583,2024-08-01,127.36,130.47,R-040,False,none
C-00584,2024-08-01,747.91,106.59,R-033,False,none
C-00585,2024-08-01,4932.72,2255.29,R-001,False,none
C-00586,2024-08-01,1643.53,754.94,R-036,False,none
C-00587,2024-08-01,36.57,715.89,R-027,False,none
C-00588,2024-08-01,136.63,2176.21,R-036,False,none
C-00589,2024-08-01,1108.58,280.53,R-003,False,none
C-00590,2024-08-01,76.2,5640.64,R-034,False,none
C-00591,2024-08-01,533.83,1421.91,R-035,False,none
C-00592,2024-08-01,682.16,263.24,R-018,False,none
C-00593,2024-08-01,158.94,1141.05,R-004,False,none
C-00594,2024-08-01,222.59,250.14,R-059,False,none
C-00595,2024-08-01,2911.2,3785.32,R-043,False,none
C-00596,2024-08-01,473.52,574.09,R-038,False,none
C-00597,2024-08-01,19.65,4648.18,R-047,False,none
C-00598,2024-08-01,71.32,167.28,R-041,False,none
C-00599,2024-08-01,122.87,196.24,R-009,False,none
C-00600,2024-08-01,153.0,93.46,R-028,False,none
C-00601,2024-08-01,137.64,48.4,R-054,False,none
C-00602,2024-08-01,580.02,4211.92,R-018,False,none
C-00603,2024-08-01,661.92,5278.33,R-059,False,none
C-00604,2024-08-01,57.23,2323.17,R-004,False,none
C-00605,2024-08-01,989.13,1334.7,R-020,False,none
C-00606,2024-08-01,117.78,798.57,R-022,False,none
C-00607,2024-08-01,260.69,766.64,R-038,False,none
C-00608,2024-08-01,55.21,2518.8,R-011,False,none
C-00609,2024-08-01,146.28,2258.26,R-014,False,none
C-00610,2024-08-01,89.55,138.92,R-040,False,none
C-00611,2024-08-01,190.15,1195.14,R-018,False,none
C-00612,2024-08-01,435.47,352.35,R-053,False,none
C-00613,2024-08-01,269.76,2123.24,R-053,False,none
C-00614,2024-08-01,31.38,132.44,R-019,False,none
C-00615,2024-08-01,329.1,783.98,R-034,False,none
C-00616,2024-08-01,63.17,1034.54,R-020,False,none
C-00617,2024-08-01,314.1,1435.38,R-021,False,none
C-00618,2024-08-01,447.01,190.41,R-041,False,none
C-00619,2024-08-01,93.87,90.44,R-018,False,none
C-00620,2024-08-01,83.6,800.87,R-009,False,none
C-00621,2024-08-01,361.31,110.76,R-016,False,none
C-00622,2024-08-01,851.02,269.7,R-056,False,none
C-00623,2024-08-01,13.92,3351.62,R-016,False,none
C-00624,2024-08-01,975.57,1474.11,R-022,False,none
C-00625,2024-08-01,530.95,329.96,R-038,False,none
C-00626,2024-08-01,165.38,1281.67,R-007,False,none
C-00627,2024-08-01,145.08,17.55,R-017,False,none
C-00628,2024-08-01,1395.17,1355.16,R-011,False,none
C-00629,2024-08-01,112.27,167.36,R-056,False,none
C-00630,2024-08-01,46.98,1436.49,R-056,False,none
C-00631,2024-08-01,138.67,1437.5,R-046,False,none
C-00632,2024-08-01,21.62,3805.92,R-015,False,none
C-00633,2024-08-01,299.29,683.32,R-037,False,none
C-00634,2024-08-01,2847.52,531.29,R-040,False,none
C-00635,2024-08-01,3558.44,1263.37,R-053,False,none
C-00636,2024-08-01,310.74,2210.98,R-010,False,none
C-00637,2024-08-01,12.14,477.83,R-045,False,none
C-00638,2024-08-01,650.65,1217.3,R-012,False,none
C-00639,2024-08-01,1152.43,3288.94,R-035,False,none
C-00640,2024-08-01,201.4,2156.52,R-053,False,none
C-00641,2024-08-01,126.26,2068.28,R-004,False,none
C-00642,2024-08-01,1083.02,461.69,R-009,False,none
C-00643,2024-08-01,38.67,155.04,R-049,False,none
C-00644,2024-08-01,319.82,423.32,R-002,False,none
C-00645,2024-08-01,1442.42,1125.27,R-042,False,none
C-00646,2024-08-01,17.71,1298.28,R-031,False,none
C-00647,2024-08-01,81.94,404.33,R-021,False,none
C-00648,2024-08-01,74.99,884.19,R-052,False,none
C-00649,2024-08-01,471.53,400.72,R-051,False,none
C-00650,2024-08-01,169.31,448.05,R-020,False,none
C-00651,2024-08-01,196.68,3208.33,R-001,False,none
C-00652,2024-08-01,511.87,3181.57,R-008,False,none
C-00653,2024-08-01,2014.79,162.44,R-007,False,none
C-00654,2024-08-01,1142.82,174.08,R-059,False,none
C-00655,2024-08-01,275.83,805.51,R-036,False,none
C-00656,2024-08-01,216.27,957.93,R-041,False,none
C-00657,2024-08-01,7837.45,3371.38,R-014,False,none
C-00658,2024-08-01,57.67,886.55,R-052,True,tamper
C-00659,2024-08-01,1590.69,791.02,R-044,False,none
C-00660,2024-08-01,214.68,1157.09,R-046,False,none
C-00661,2024-08-01,2407.6,232.92,R-029,False,none
C-00662,2024-08-01,1413.18,3193.16,R-042,False,none
C-00663,2024-08-01,278.34,1786.28,R-033,False,none
C-00664,2024-08-01,1285.2,3638.95,R-024,False,none
C-00665,2024-08-01,388.46,1388.09,R-036,False,none
C-00666,2024-08-01,266.87,789.39,R-020,False,none
C-00667,2024-08-01,232.95,1616.15,R-058,False,none
C-00668,2024-08-01,196.4,1619.16,R-044,True,tamper
C-00669,2024-08-01,127.95,400.22,R-045,False,none
C-00670,2024-08-01,3992.18,1270.07,R-044,False,none
C-00671,2024-08-01,586.83,2027.89,R-027,False,none
C-00672,2024-08-01,48.15,949.03,R-058,False,none
C-00673,2024-08-01,109.8,366.16,R-013,False,none
C-00674,2024-08-01,221.52,447.19,R-035,True,tamper
C-00675,2024-08-01,116.08,978.16,R-005,False,none
C-00676,2024-08-01,59.56,259.96,R-018,False,none
C-00677,2024-08-01,45.3,663.49,R-035,True,kunda
C-00678,2024-08-01,282.9,53.31,R-030,False,none
C-00679,2024-08-01,94.7,411.51,R-057,False,none
C-00680,2024-08-01,361.27,1762.61,R-037,False,none
C-00681,2024-08-01,779.6,1623.22,R-025,False,none
C-00682,2024-08-01,166.46,1318.23,R-026,False,none
C-00683,2024-08-01,231.75,3258.98,R-037,False,none
C-00684,2024-08-01,782.78,1786.1,R-048,False,none
C-00685,2024-08-01,67.91,289.73,R-017,False,none
C-00686,2024-08-01,3852.36,1370.22,R-036,False,none
C-00687,2024-08-01,252.86,855.0,R-035,False,none
C-00688,2024-08-01,75.65,1770.45,R-001,False,none
C-00689,2024-08-01,434.34,867.85,R-055,False,none
C-00690,2024-08-01,1806.86,2643.47,R-035,False,none
C-00691,2024-08-01,360.1,1439.57,R-015,False,none
C-00692,2024-08-01,25.08,280.13,R-039,False,none
C-00693,2024-08-01,624.13,1900.84,R-041,False,none
C-00694,2024-08-01,180.55,2471.67,R-055,False,none
C-00695,2024-08-01,138.03,6904.09,R-003,False,none
C-00696,2024-08-01,210.43,2168.47,R-025,False,none
C-00697,2024-08-01,457.37,2121.69,R-011,True,collusion
C-00698,2024-08-01,290.65,1634.36,R-035,False,none
C-00699,2024-08-01,731.2,683.79,R-031,False,none
C-00700,2024-08-01,443.39,3245.2,R-029,False,none
C-00701,2024-08-01,140.57,2443.06,R-059,False,none
C-00702,2024-08-01,256.95,1227.09,R-032,False,none
C-00703,2024-08-01,40.08,961.43,R-025,True,kunda
C-00704,2024-08-01,399.69,1917.98,R-005,False,none
C-00705,2024-08-01,377.24,646.36,R-018,False,none
C-00706,2024-08-01,234.29,2584.5,R-054,False,none
C-00707,2024-08-01,21.61,3498.04,R-028,False,none
C-00708,2024-08-01,81.48,1091.28,R-055,False,none
C-00709,2024-08-01,593.53,973.5,R-032,False,none
C-00710,2024-08-01,46.1,1201.5,R-033,False,none
C-00711,2024-08-01,134.36,1676.16,R-026,False,none
C-00712,2024-08-01,652.57,1279.98,R-034,False,none
C-00713,2024-08-01,131.62,338.56,R-005,False,none
C-00714,2024-08-01,385.79,244.93,R-004,False,none
C-00715,2024-08-01,8.77,454.67,R-029,True,kunda
C-00716,2024-08-01,247.52,959.15,R-036,False,none
C-00717,2024-08-01,275.89,660.94,R-034,False,none
C-00718,2024-08-01,336.32,1897.13,R-026,False,none
C-00719,2024-08-01,380.72,223.53,R-018,False,none
C-00720,2024-08-01,145.72,2695.69,R-043,False,none
C-00721,2024-08-01,1174.43,570.29,R-037,False,none
C-00722,2024-08-01,269.87,949.71,R-003,False,none
C-00723,2024-08-01,209.85,237.68,R-028,False,none
C-00724,2024-08-01,92.14,605.97,R-043,False,none
C-00725,2024-08-01,223.31,613.52,R-048,False,none
C-00726,2024-08-01,441.08,1572.31,R-018,False,none
C-00727,2024-08-01,61.48,6210.48,R-056,False,none
C-00728,2024-08-01,8137.47,390.02,R-040,False,none
C-00729,2024-08-01,410.31,162.11,R-027,False,none
C-00730,2024-08-01,491.96,1479.37,R-038,False,none
C-00731,2024-08-01,448.9,1425.43,R-053,False,none
C-00732,2024-08-01,173.27,803.23,R-014,False,none
C-00733,2024-08-01,72.45,223.8,R-010,True,tamper
C-00734,2024-08-01,403.28,1072.22,R-027,False,none
C-00735,2024-08-01,7.84,2097.95,R-006,False,none
C-00736,2024-08-01,202.55,2990.02,R-051,False,none
C-00737,2024-08-01,359.15,80.47,R-059,False,none
C-00738,2024-08-01,349.8,494.63,R-037,False,none
C-00739,2024-08-01,510.37,1456.88,R-059,False,none
C-00740,2024-08-01,385.32,2818.71,R-005,False,none
C-00741,2024-08-01,730.1,270.88,R-038,False,none
C-00742,2024-08-01,939.37,1665.44,R-027,False,none
C-00743,2024-08-01,62.48,70.35,R-017,False,none
C-00744,2024-08-01,127.66,549.12,R-019,False,none
C-00745,2024-08-01,136.04,52.43,R-033,False,none
C-00746,2024-08-01,58.42,2606.49,R-039,False,none
C-00747,2024-08-01,3507.48,72.68,R-010,False,none
C-00748,2024-08-01,218.78,1827.58,R-037,False,none
C-00749,2024-08-01,783.2,224.85,R-056,False,none
C-00750,2024-08-01,103.61,1357.84,R-001,False,none
C-00751,2024-08-01,63.41,1137.19,R-053,False,none
C-00752,2024-08-01,4074.47,1557.03,R-037,False,none
C-00753,2024-08-01,6.13,39.02,R-021,True,kunda
C-00754,2024-08-01,516.66,129.15,R-045,False,none
C-00755,2024-08-01,507.32,946.74,R-038,False,none
C-00756,2024-08-01,141.41,1546.0,R-047,False,none
C-00757,2024-08-01,298.57,1179.4,R-005,False,none
C-00758,2024-08-01,118.7,2476.44,R-004,False,none
C-00759,2024-08-01,129.7,769.51,R-039,False,none
C-00760,2024-08-01,128.7,2454.95,R-019,False,none
C-00761,2024-08-01,43.42,102.09,R-015,False,none
C-00762,2024-08-01,340.22,1497.51,R-026,True,tamper
C-00763,2024-08-01,321.14,945.95,R-044,False,none
C-00764,2024-08-01,490.95,625.43,R-011,False,none
C-00765,2024-08-01,672.16,441.36,R-059,False,none
C-00766,2024-08-01,710.94,2481.62,R-026,False,none
C-00767,2024-08-01,408.97,686.56,R-010,False,none
C-00768,2024-08-01,2043.5,998.23,R-005,False,none
C-00769,2024-08-01,269.11,7861.39,R-052,False,none
C-00770,2024-08-01,141.49,3788.7,R-007,False,none
C-00771,2024-08-01,249.01,2004.91,R-026,False,none
C-00772,2024-08-01,398.79,113.2,R-041,False,none
C-00773,2024-08-01,831.47,2002.31,R-031,False,none
C-00774,2024-08-01,322.14,831.13,R-016,False,none
C-00775,2024-08-01,317.51,2844.63,R-007,False,none
C-00776,2024-08-01,113.21,146.05,R-043,False,none
C-00777,2024-08-01,235.89,1364.84,R-030,False,none
C-00778,2024-08-01,539.84,702.13,R-003,False,none
C-00779,2024-08-01,216.2,1224.38,R-011,False,none
C-00780,2024-08-01,6.0,763.36,R-034,True,kunda
C-00781,2024-08-01,273.44,293.8,R-011,False,none
C-00782,2024-08-01,120.9,1121.4,R-024,False,none
C-00783,2024-08-01,177.57,1809.81,R-008,False,none
C-00784,2024-08-01,51.95,384.06,R-048,False,none
C-00785,2024-08-01,342.67,501.08,R-038,False,none
C-00786,2024-08-01,409.42,602.64,R-048,False,none
C-00787,2024-08-01,513.43,2925.41,R-004,False,none
C-00788,2024-08-01,51.85,145.94,R-023,False,none
C-00789,2024-08-01,464.48,515.48,R-017,False,none
C-00790,2024-08-01,437.9,1842.46,R-038,False,none
C-00791,2024-08-01,1029.0,30.02,R-050,False,none
C-00792,2024-08-01,212.33,652.79,R-014,False,none
C-00793,2024-08-01,851.55,1138.57,R-047,False,none
C-00794,2024-08-01,24.07,134.8,R-035,True,kunda
C-00795,2024-08-01,596.12,712.99,R-050,False,none
C-00796,2024-08-01,499.83,3137.13,R-005,False,none
C-00797,2024-08-01,153.64,3051.69,R-060,False,none
C-00798,2024-08-01,63.35,1929.76,R-027,False,none
C-00799,2024-08-01,433.73,1182.7,R-017,False,none
C-00800,2024-08-01,76.58,1003.55,R-011,False,none
C-00801,2024-08-01,437.09,1150.59,R-060,True,collusion
C-00802,2024-08-01,124.39,1165.51,R-054,False,none
C-00803,2024-08-01,137.22,251.41,R-008,True,tamper
C-00804,2024-08-01,569.91,7005.83,R-027,False,none
C-00805,2024-08-01,265.26,2228.47,R-045,False,none
C-00806,2024-08-01,715.8,91.99,R-036,False,none
C-00807,2024-08-01,2653.71,2384.66,R-012,False,none
C-00808,2024-08-01,268.1,1209.35,R-022,False,none
C-00809,2024-08-01,277.59,539.69,R-023,False,none
C-00810,2024-08-01,741.65,234.46,R-018,False,none
C-00811,2024-08-01,1271.43,276.45,R-058,False,none
C-00812,2024-08-01,133.82,2303.89,R-013,True,tamper
C-00813,2024-08-01,396.59,1218.29,R-043,False,none
C-00814,2024-08-01,686.4,1484.16,R-055,False,none
C-00815,2024-08-01,363.86,1287.85,R-048,False,none
C-00816,2024-08-01,44.03,556.51,R-048,False,none
C-00817,2024-08-01,179.47,370.92,R-010,False,none
C-00818,2024-08-01,31.3,4554.2,R-008,False,none
C-00819,2024-08-01,48.33,985.52,R-047,False,none
C-00820,2024-08-01,396.68,247.45,R-045,False,none
C-00821,2024-08-01,43.56,1625.27,R-045,False,none
C-00822,2024-08-01,286.48,2520.75,R-026,True,tamper
C-00823,2024-08-01,356.28,257.22,R-032,False,none
C-00824,2024-08-01,147.64,205.17,R-001,False,none
C-00825,2024-08-01,538.56,23.14,R-018,False,none
C-00826,2024-08-01,449.93,70.42,R-032,False,none
C-00827,2024-08-01,109.96,997.54,R-008,False,none
C-00828,2024-08-01,756.9,3213.12,R-008,False,none
C-00829,2024-08-01,3825.93,2362.69,R-003,False,none
C-00830,2024-08-01,304.16,990.09,R-013,False,none
C-00831,2024-08-01,287.76,1498.91,R-060,False,none
C-00832,2024-08-01,232.9,5856.41,R-042,False,none
C-00833,2024-08-01,821.42,3753.49,R-057,False,none
C-00834,2024-08-01,429.12,1979.53,R-016,False,none
C-00835,2024-08-01,28.92,1068.16,R-036,True,kunda
C-00836,2024-08-01,89.58,1442.2,R-054,False,none
C-00837,2024-08-01,51.94,140.17,R-022,False,none
C-00838,2024-08-01,241.43,389.12,R-040,False,none
C-00839,2024-08-01,382.45,1832.84,R-042,False,none
C-00840,2024-08-01,469.55,697.6,R-050,False,none
C-00841,2024-08-01,413.93,20.64,R-059,False,none
C-00842,2024-08-01,237.46,8.23,R-037,True,tamper
C-00843,2024-08-01,1714.95,1676.37,R-035,False,none
C-00844,2024-08-01,386.72,2640.76,R-053,False,none
C-00845,2024-08-01,1094.97,88.85,R-042,False,none
C-00846,2024-08-01,8.0,948.04,R-022,False,none
C-00847,2024-08-01,30.34,748.3,R-038,False,none
C-00848,2024-08-01,385.27,485.53,R-033,False,none
C-00849,2024-08-01,157.01,3431.8,R-014,False,none
C-00850,2024-08-01,191.71,5827.53,R-031,False,none
C-00851,2024-08-01,919.32,10.72,R-038,False,none
C-00852,2024-08-01,146.99,128.25,R-055,False,none
C-00853,2024-08-01,540.76,420.58,R-035,False,none
C-00854,2024-08-01,2720.12,1200.93,R-010,False,none
C-00855,2024-08-01,49.0,39.47,R-060,False,none
C-00856,2024-08-01,371.04,159.63,R-035,False,none
C-00857,2024-08-01,1506.23,1619.8,R-018,False,none
C-00858,2024-08-01,284.62,766.21,R-046,False,none
C-00859,2024-08-01,46.85,1064.22,R-024,False,none
C-00860,2024-08-01,225.86,2391.09,R-023,False,none
C-00861,2024-08-01,69.49,2464.23,R-051,False,none
C-00862,2024-08-01,290.47,5797.48,R-053,False,none
C-00863,2024-08-01,91.79,1422.8,R-032,False,none
C-00864,2024-08-01,39.74,976.01,R-023,True,kunda
C-00865,2024-08-01,955.14,1567.75,R-052,False,none
C-00866,2024-08-01,293.66,1162.53,R-011,False,none
C-00867,2024-08-01,141.2,720.46,R-045,False,none
C-00868,2024-08-01,81.89,568.1,R-036,False,none
C-00869,2024-08-01,3733.73,2698.04,R-052,False,none
C-00870,2024-08-01,187.87,2005.46,R-026,False,none
C-00871,2024-08-01,107.47,968.43,R-050,False,none
C-00872,2024-08-01,280.47,431.53,R-001,False,none
C-00873,2024-08-01,541.41,185.69,R-046,False,none
C-00874,2024-08-01,373.07,510.1,R-005,False,none
C-00875,2024-08-01,16.5,43.57,R-039,False,none
C-00876,2024-08-01,256.94,693.32,R-012,False,none
C-00877,2024-08-01,37.96,16.74,R-058,False,none
C-00878,2024-08-01,167.85,1903.23,R-047,False,none
C-00879,2024-08-01,422.85,380.43,R-007,False,none
C-00880,2024-08-01,143.17,205.99,R-054,False,none
C-00881,2024-08-01,59.44,1433.11,R-016,False,none
C-00882,2024-08-01,692.14,1612.72,R-033,True,collusion
C-00883,2024-08-01,173.2,1488.53,R-006,False,none
C-00884,2024-08-01,89.45,1141.66,R-007,False,none
C-00885,2024-08-01,6601.32,2222.14,R-015,False,none
C-00886,2024-08-01,498.37,1816.54,R-033,False,none
C-00887,2024-08-01,369.36,2881.08,R-033,False,none
C-00888,2024-08-01,304.53,1766.01,R-052,False,none
C-00889,2024-08-01,554.93,3635.27,R-010,False,none
C-00890,2024-08-01,209.33,2953.48,R-045,False,none
C-00891,2024-08-01,299.51,10.27,R-001,False,none
C-00892,2024-08-01,147.92,566.53,R-018,False,none
C-00893,2024-08-01,179.03,1384.64,R-011,False,none
C-00894,2024-08-01,24.4,162.31,R-008,False,none
C-00895,2024-08-01,137.44,226.1,R-036,False,none
C-00896,2024-08-01,120.76,2251.8,R-055,False,none
C-00897,2024-08-01,475.36,236.09,R-041,False,none
C-00898,2024-08-01,91.95,1459.22,R-052,False,none
C-00899,2024-08-01,1465.5,1970.56,R-036,False,none
C-00900,2024-08-01,674.0,2944.64,R-004,False,none
C-00901,2024-08-01,66.21,274.71,R-021,False,none
C-00902,2024-08-01,348.39,3828.89,R-050,False,none
C-00903,2024-08-01,469.35,95.79,R-003,False,none
C-00904,2024-08-01,203.66,2336.12,R-006,False,none
C-00905,2024-08-01,609.05,177.21,R-051,False,none
C-00906,2024-08-01,243.99,1917.06,R-004,False,none
C-00907,2024-08-01,82.7,347.32,R-058,False,none
C-00908,2024-08-01,375.08,2053.93,R-046,False,none
C-00909,2024-08-01,581.32,1037.21,R-040,False,none
C-00910,2024-08-01,296.61,1075.32,R-033,False,none
C-00911,2024-08-01,782.38,2900.61,R-006,False,none
C-00912,2024-08-01,386.31,1662.08,R-025,False,none
C-00913,2024-08-01,191.99,1516.84,R-049,False,none
C-00914,2024-08-01,444.87,5534.08,R-055,False,none
C-00915,2024-08-01,894.19,2300.72,R-027,False,none
C-00916,2024-08-01,923.71,2749.04,R-051,True,tamper
C-00917,2024-08-01,782.76,2084.85,R-047,False,none
C-00918,2024-08-01,178.81,178.4,R-004,False,none
C-00919,2024-08-01,76.0,1625.24,R-038,True,tamper
C-00920,2024-08-01,1479.94,525.73,R-037,False,none
C-00921,2024-08-01,877.45,741.72,R-033,False,none
C-00922,2024-08-01,489.5,2665.06,R-047,False,none
C-00923,2024-08-01,271.61,3947.53,R-054,False,none
C-00924,2024-08-01,22.82,70.76,R-034,True,kunda
C-00925,2024-08-01,550.69,3.79,R-020,False,none
C-00926,2024-08-01,58.81,387.1,R-059,False,none
C-00927,2024-08-01,335.58,1547.39,R-058,False,none
C-00928,2024-08-01,298.15,250.67,R-042,False,none
C-00929,2024-08-01,180.89,6112.76,R-039,True,tamper
C-00930,2024-08-01,357.94,401.18,R-007,False,none
C-00931,2024-08-01,86.58,622.65,R-025,False,none
C-00932,2024-08-01,597.9,6432.34,R-012,False,none
C-00933,2024-08-01,212.99,812.1,R-031,False,none
C-00934,2024-08-01,5.73,1108.85,R-050,True,kunda
C-00935,2024-08-01,79.7,6068.0,R-014,False,none
C-00936,2024-08-01,119.08,613.34,R-060,False,none
C-00937,2024-08-01,253.91,4609.86,R-008,False,none
C-00938,2024-08-01,489.36,818.68,R-006,False,none
C-00939,2024-08-01,28.71,3146.79,R-059,False,none
C-00940,2024-08-01,246.04,184.72,R-007,False,none
C-00941,2024-08-01,123.38,281.22,R-045,False,none
C-00942,2024-08-01,254.03,4234.28,R-046,False,none
C-00943,2024-08-01,323.75,907.41,R-020,False,none
C-00944,2024-08-01,529.75,27.56,R-004,False,none
C-00945,2024-08-01,447.16,344.96,R-019,False,none
C-00946,2024-08-01,232.63,997.54,R-005,False,none
C-00947,2024-08-01,333.64,141.81,R-041,True,collusion
C-00948,2024-08-01,8.19,1017.2,R-054,True,kunda
C-00949,2024-08-01,2535.26,538.37,R-060,False,none
C-00950,2024-08-01,282.42,1021.41,R-049,False,none
C-00951,2024-08-01,786.02,3324.48,R-047,True,tamper
C-00952,2024-08-01,14021.99,290.94,R-053,False,none
C-00953,2024-08-01,117.81,539.76,R-047,False,none
C-00954,2024-08-01,390.54,1014.86,R-040,False,none
C-00955,2024-08-01,451.92,588.16,R-060,False,none
C-00956,2024-08-01,3448.09,218.34,R-020,False,none
C-00957,2024-08-01,73.81,1318.5,R-025,False,none
C-00958,2024-08-01,164.5,1617.09,R-055,False,none
C-00959,2024-08-01,254.71,4322.14,R-019,True,tamper
C-00960,2024-08-01,199.85,1138.41,R-018,False,none
C-00961,2024-08-01,250.8,408.65,R-010,False,none
C-00962,2024-08-01,40.55,1804.2,R-017,False,none
C-00963,2024-08-01,4877.99,1592.91,R-036,False,none
C-00964,2024-08-01,653.75,1575.18,R-054,False,none
C-00965,2024-08-01,24.08,30.13,R-009,False,none
C-00966,2024-08-01,885.04,2245.99,R-041,False,none
C-00967,2024-08-01,289.35,545.55,R-046,False,none
C-00968,2024-08-01,17.76,2477.73,R-054,False,none
C-00969,2024-08-01,181.63,693.55,R-046,False,none
C-00970,2024-08-01,746.49,3656.78,R-010,False,none
C-00971,2024-08-01,147.04,914.64,R-030,True,tamper
C-00972,2024-08-01,974.36,1382.82,R-058,False,none
C-00973,2024-08-01,129.6,494.8,R-055,False,none
C-00974,2024-08-01,243.46,935.76,R-037,True,tamper
C-00975,2024-08-01,147.85,112.71,R-058,False,none
C-00976,2024-08-01,117.03,3061.78,R-041,False,none
C-00977,2024-08-01,258.53,394.7,R-004,True,collusion
C-00978,2024-08-01,140.31,1306.27,R-055,False,none
C-00979,2024-08-01,240.9,856.52,R-011,True,collusion
C-00980,2024-08-01,22.37,1825.48,R-023,True,kunda
C-00981,2024-08-01,891.25,2488.91,R-015,False,none
C-00982,2024-08-01,69.89,921.94,R-044,False,none
C-00983,2024-08-01,326.79,253.95,R-002,False,none
C-00984,2024-08-01,110.94,880.68,R-039,False,none
C-00985,2024-08-01,356.92,661.97,R-052,False,none
C-00986,2024-08-01,115.62,1854.41,R-048,False,none
C-00987,2024-08-01,89.69,1487.64,R-019,True,kunda
C-00988,2024-08-01,47.12,475.41,R-054,False,none
C-00989,2024-08-01,70.78,194.73,R-022,False,none
C-00990,2024-08-01,29.67,141.0,R-041,False,none
C-00991,2024-08-01,71.18,1453.68,R-031,False,none
C-00992,2024-08-01,370.94,1693.01,R-005,False,none
C-00993,2024-08-01,493.9,1209.16,R-001,False,none
C-00994,2024-08-01,3491.47,1436.83,R-011,False,none
C-00995,2024-08-01,94.96,1546.91,R-057,False,none
C-00996,2024-08-01,249.9,804.24,R-058,False,none
C-00997,2024-08-01,120.54,1841.48,R-025,True,tamper
C-00998,2024-08-01,406.61,1565.96,R-059,False,none
C-00999,2024-08-01,415.99,1437.12,R-003,True,tamper
C-01000,2024-08-01,234.21,1129.76,R-059,False,none
C-01001,2024-08-01,517.23,1024.38,R-014,False,none
C-01002,2024-08-01,759.38,1318.07,R-003,False,none
C-01003,2024-08-01,659.45,659.55,R-046,False,none
C-01004,2024-08-01,1257.68,806.14,R-023,False,none
C-01005,2024-08-01,107.39,1546.48,R-018,False,none
C-01006,2024-08-01,636.06,65.27,R-046,False,none
C-01007,2024-08-01,118.39,2324.09,R-020,False,none
C-01008,2024-08-01,530.1,3261.41,R-046,False,none
C-01009,2024-08-01,344.38,60.13,R-012,False,none
C-01010,2024-08-01,307.78,1178.13,R-006,False,none
C-01011,2024-08-01,30.94,1229.37,R-020,False,none
C-01012,2024-08-01,873.84,338.15,R-037,False,none
C-01013,2024-08-01,45.82,48.22,R-014,False,none
C-01014,2024-08-01,356.92,1435.78,R-009,False,none
C-01015,2024-08-01,38.98,1213.78,R-045,False,none
C-01016,2024-08-01,133.36,206.99,R-030,False,none
C-01017,2024-08-01,2152.64,645.44,R-026,False,none
C-01018,2024-08-01,178.58,533.38,R-015,False,none
C-01019,2024-08-01,271.27,1518.01,R-002,False,none
C-01020,2024-08-01,379.54,2162.29,R-004,False,none
C-01021,2024-08-01,466.18,67.45,R-041,False,none
C-01022,2024-08-01,839.2,1912.94,R-005,False,none
C-01023,2024-08-01,391.93,3128.21,R-015,False,none
C-01024,2024-08-01,2409.15,2232.02,R-055,False,none
C-01025,2024-08-01,117.5,2595.64,R-021,False,none
C-01026,2024-08-01,461.51,151.92,R-045,False,none
C-01027,2024-08-01,304.98,2704.42,R-021,False,none
C-01028,2024-08-01,432.62,699.23,R-056,False,none
C-01029,2024-08-01,356.52,746.15,R-050,False,none
C-01030,2024-08-01,77.96,395.46,R-029,False,none
C-01031,2024-08-01,51.55,1673.55,R-042,False,none
C-01032,2024-08-01,16.31,780.78,R-025,False,none
C-01033,2024-08-01,60.22,485.9,R-057,False,none
C-01034,2024-08-01,24.18,5081.32,R-022,False,none
C-01035,2024-08-01,75.0,326.84,R-051,False,none
C-01036,2024-08-01,53.37,1393.99,R-037,True,kunda
C-01037,2024-08-01,69.13,3771.79,R-039,False,none
C-01038,2024-08-01,292.62,867.32,R-022,False,none
C-01039,2024-08-01,311.05,1275.1,R-050,False,none
C-01040,2024-08-01,209.39,1704.34,R-045,False,none
C-01041,2024-08-01,259.22,704.91,R-049,False,none
C-01042,2024-08-01,62.97,1463.69,R-049,False,none
C-01043,2024-08-01,68.03,208.37,R-010,False,none
C-01044,2024-08-01,67.51,557.56,R-053,False,none
C-01045,2024-08-01,668.78,7315.05,R-051,False,none
C-01046,2024-08-01,660.93,805.46,R-015,False,none
C-01047,2024-08-01,198.26,956.82,R-059,False,none
C-01048,2024-08-01,210.22,889.91,R-032,False,none
C-01049,2024-08-01,159.77,8361.65,R-020,False,none
C-01050,2024-08-01,92.36,1284.49,R-014,False,none
C-01051,2024-08-01,281.96,1286.63,R-022,False,none
C-01052,2024-08-01,52.25,2079.76,R-003,False,none
C-01053,2024-08-01,336.93,475.09,R-042,False,none
C-01054,2024-08-01,1036.55,4785.69,R-043,False,none
C-01055,2024-08-01,63.7,388.19,R-041,False,none
C-01056,2024-08-01,112.85,3461.36,R-033,False,none
C-01057,2024-08-01,69.02,2142.38,R-022,False,none
C-01058,2024-08-01,9.73,1751.17,R-044,False,none
C-01059,2024-08-01,338.41,396.82,R-053,False,none
C-01060,2024-08-01,160.48,3761.91,R-006,False,none
C-01061,2024-08-01,98.68,1080.53,R-023,False,none
C-01062,2024-08-01,54.84,679.35,R-060,False,none
C-01063,2024-08-01,454.09,921.23,R-052,False,none
C-01064,2024-08-01,31.07,857.84,R-060,False,none
C-01065,2024-08-01,617.59,771.22,R-011,False,none
C-01066,2024-08-01,38.52,162.34,R-028,True,tamper
C-01067,2024-08-01,402.24,1607.27,R-008,False,none
C-01068,2024-08-01,114.62,589.7,R-052,False,none
C-01069,2024-08-01,107.07,547.33,R-032,False,none
C-01070,2024-08-01,199.21,932.14,R-015,False,none
C-01071,2024-08-01,357.82,700.9,R-006,False,none
C-01072,2024-08-01,97.04,1496.64,R-045,False,none
C-01073,2024-08-01,445.62,1222.16,R-049,False,none
C-01074,2024-08-01,437.83,1041.38,R-053,False,none
C-01075,2024-08-01,410.8,345.2,R-059,False,none
C-01076,2024-08-01,615.16,3047.4,R-049,False,none
C-01077,2024-08-01,38.52,6.05,R-048,False,none
C-01078,2024-08-01,466.96,5036.35,R-049,False,none
C-01079,2024-08-01,498.29,43.22,R-060,False,none
C-01080,2024-08-01,60.67,74.86,R-028,True,tamper
C-01081,2024-08-01,998.7,337.78,R-046,False,none
C-01082,2024-08-01,1837.74,1367.28,R-050,False,none
C-01083,2024-08-01,67.59,508.31,R-007,False,none
C-01084,2024-08-01,22.87,1120.71,R-042,False,none
C-01085,2024-08-01,507.72,2086.29,R-021,False,none
C-01086,2024-08-01,204.47,1365.87,R-008,False,none
C-01087,2024-08-01,262.42,116.77,R-011,False,none
C-01088,2024-08-01,419.56,2420.93,R-007,False,none
C-01089,2024-08-01,59.41,1401.65,R-054,False,none
C-01090,2024-08-01,132.98,517.4,R-047,True,tamper
C-01091,2024-08-01,216.18,1035.94,R-007,False,none
C-01092,2024-08-01,147.08,142.21,R-038,False,none
C-01093,2024-08-01,143.74,2518.4,R-040,False,none
C-01094,2024-08-01,501.77,998.9,R-032,False,none
C-01095,2024-08-01,431.84,129.56,R-037,False,none
C-01096,2024-08-01,631.41,254.18,R-055,False,none
C-01097,2024-08-01,425.46,726.7,R-032,False,none
C-01098,2024-08-01,501.4,4017.44,R-040,False,none
C-01099,2024-08-01,68.69,4166.46,R-035,False,none
C-01100,2024-08-01,46.93,2129.3,R-024,False,none
C-01101,2024-08-01,71.29,14.33,R-054,False,none
C-01102,2024-08-01,333.46,171.09,R-025,False,none
C-01103,2024-08-01,81.9,3679.86,R-048,False,none
C-01104,2024-08-01,94.93,1565.65,R-037,False,none
C-01105,2024-08-01,930.55,135.21,R-042,False,none
C-01106,2024-08-01,2109.75,362.51,R-046,False,none
C-01107,2024-08-01,282.99,5084.6,R-045,False,none
C-01108,2024-08-01,425.15,1965.71,R-034,False,none
C-01109,2024-08-01,316.87,1597.98,R-037,False,none
C-01110,2024-08-01,149.02,1464.19,R-031,False,none
C-01111,2024-08-01,248.29,8719.22,R-021,False,none
C-01112,2024-08-01,4080.64,1126.02,R-044,False,none
C-01113,2024-08-01,4603.15,241.6,R-053,False,none
C-01114,2024-08-01,305.41,2819.65,R-043,False,none
C-01115,2024-08-01,313.81,468.16,R-047,False,none
C-01116,2024-08-01,1515.06,30.67,R-050,False,none
C-01117,2024-08-01,1055.23,2162.08,R-023,False,none
C-01118,2024-08-01,214.67,1716.97,R-004,False,none
C-01119,2024-08-01,29.36,1088.66,R-021,False,none
C-01120,2024-08-01,783.42,462.12,R-046,False,none
C-01121,2024-08-01,484.59,4040.78,R-049,False,none
C-01122,2024-08-01,24.5,565.58,R-031,False,none
C-01123,2024-08-01,5343.51,3073.92,R-047,False,none
C-01124,2024-08-01,2159.61,55.09,R-005,False,none
C-01125,2024-08-01,950.04,510.98,R-039,False,none
C-01126,2024-08-01,428.31,2884.93,R-041,False,none
C-01127,2024-08-01,70.48,2458.8,R-031,False,none
C-01128,2024-08-01,325.71,927.23,R-043,False,none
C-01129,2024-08-01,192.77,2337.48,R-030,False,none
C-01130,2024-08-01,592.2,162.7,R-032,False,none
C-01131,2024-08-01,137.37,1658.54,R-037,False,none
C-01132,2024-08-01,305.61,5442.01,R-048,False,none
C-01133,2024-08-01,93.68,1272.1,R-015,False,none
C-01134,2024-08-01,435.92,4441.38,R-019,False,none
C-01135,2024-08-01,151.89,5982.5,R-026,False,none
C-01136,2024-08-01,447.1,2564.63,R-013,False,none
C-01137,2024-08-01,74.96,4010.18,R-021,False,none
C-01138,2024-08-01,112.73,756.49,R-022,False,none
C-01139,2024-08-01,1234.78,3383.73,R-019,False,none
C-01140,2024-08-01,27.04,1326.92,R-025,False,none
C-01141,2024-08-01,125.64,467.7,R-031,False,none
C-01142,2024-08-01,523.63,2167.23,R-042,False,none
C-01143,2024-08-01,453.08,567.82,R-019,False,none
C-01144,2024-08-01,21.11,1260.61,R-051,False,none
C-01145,2024-08-01,549.85,1323.72,R-029,False,none
C-01146,2024-08-01,550.8,312.54,R-044,False,none
C-01147,2024-08-01,167.17,1758.29,R-007,False,none
C-01148,2024-08-01,183.56,831.07,R-011,False,none
C-01149,2024-08-01,387.46,443.81,R-028,False,none
C-01150,2024-08-01,357.22,2587.26,R-022,False,none
C-01151,2024-08-01,36.72,2123.38,R-030,False,none
C-01152,2024-08-01,401.82,2710.93,R-010,False,none
C-01153,2024-08-01,656.73,2403.62,R-029,False,none
C-01154,2024-08-01,519.89,171.71,R-042,False,none
C-01155,2024-08-01,544.26,2135.18,R-044,False,none
C-01156,2024-08-01,609.26,278.42,R-015,False,none
C-01157,2024-08-01,511.87,305.84,R-021,False,none
C-01158,2024-08-01,194.7,783.88,R-032,False,none
C-01159,2024-08-01,328.4,6837.52,R-032,False,none
C-01160,2024-08-01,179.89,3160.29,R-048,False,none
C-01161,2024-08-01,230.49,3885.16,R-024,False,none
C-01162,2024-08-01,116.18,403.9,R-041,False,none
C-01163,2024-08-01,1045.33,1895.66,R-054,False,none
C-01164,2024-08-01,104.3,393.14,R-018,False,none
C-01165,2024-08-01,145.26,778.93,R-050,False,none
C-01166,2024-08-01,10.04,1430.38,R-020,True,kunda
C-01167,2024-08-01,336.08,1403.88,R-021,False,none
C-01168,2024-08-01,107.15,6624.91,R-040,False,none
C-01169,2024-08-01,130.1,387.41,R-038,False,none
C-01170,2024-08-01,1059.36,5797.11,R-033,False,none
C-01171,2024-08-01,713.87,3805.32,R-014,False,none
C-01172,2024-08-01,214.26,1561.45,R-006,False,none
C-01173,2024-08-01,542.88,1673.39,R-055,False,none
C-01174,2024-08-01,160.42,2185.77,R-053,False,none
C-01175,2024-08-01,81.1,284.27,R-054,False,none
C-01176,2024-08-01,63.66,1166.19,R-031,False,none
C-01177,2024-08-01,26.31,69.6,R-054,False,none
C-01178,2024-08-01,784.03,2407.9,R-029,False,none
C-01179,2024-08-01,416.52,52.68,R-005,False,none
C-01180,2024-08-01,398.64,48.44,R-012,False,none
C-01181,2024-08-01,318.93,819.48,R-017,False,none
C-01182,2024-08-01,375.0,1087.88,R-023,False,none
C-01183,2024-08-01,408.67,292.92,R-057,False,none
C-01184,2024-08-01,258.25,101.56,R-020,True,tamper
C-01185,2024-08-01,13.66,1132.58,R-037,False,none
C-01186,2024-08-01,284.88,882.63,R-017,False,none
C-01187,2024-08-01,338.8,80.01,R-039,False,none
C-01188,2024-08-01,235.6,1627.65,R-035,False,none
C-01189,2024-08-01,8.38,967.38,R-010,False,none
C-01190,2024-08-01,587.42,783.33,R-028,False,none
C-01191,2024-08-01,167.39,452.08,R-007,False,none
C-01192,2024-08-01,265.78,2217.55,R-054,False,none
C-01193,2024-08-01,143.53,50.08,R-043,False,none
C-01194,2024-08-01,253.42,7146.99,R-057,False,none
C-01195,2024-08-01,969.04,34.34,R-053,False,none
C-01196,2024-08-01,2016.77,686.52,R-014,False,none
C-01197,2024-08-01,78.57,360.49,R-043,False,none
C-01198,2024-08-01,1316.21,3519.27,R-007,False,none
C-01199,2024-08-01,309.12,2.15,R-058,False,none
C-01200,2024-08-01,1859.6,46.47,R-048,False,none
C-01201,2024-08-01,7335.98,2291.81,R-041,False,none
C-01202,2024-08-01,280.31,2244.84,R-060,False,none
C-01203,2024-08-01,11.65,5057.33,R-051,False,none
C-01204,2024-08-01,912.48,2930.78,R-052,False,none
C-01205,2024-08-01,2251.26,3025.14,R-007,False,none
C-01206,2024-08-01,5990.67,1224.2,R-002,False,none
C-01207,2024-08-01,578.03,1103.82,R-058,False,none
C-01208,2024-08-01,138.68,1258.81,R-016,False,none
C-01209,2024-08-01,61.04,1946.57,R-026,False,none
C-01210,2024-08-01,344.14,824.76,R-003,False,none
C-01211,2024-08-01,35.66,1664.13,R-038,True,kunda
C-01212,2024-08-01,740.78,556.12,R-050,False,none
C-01213,2024-08-01,62.51,415.58,R-051,False,none
C-01214,2024-08-01,273.55,4011.02,R-035,False,none
C-01215,2024-08-01,508.98,813.66,R-040,False,none
C-01216,2024-08-01,102.15,716.34,R-031,False,none
C-01217,2024-08-01,237.82,570.73,R-027,False,none
C-01218,2024-08-01,485.9,672.51,R-034,False,none
C-01219,2024-08-01,156.25,1504.54,R-057,False,none
C-01220,2024-08-01,91.6,913.79,R-016,False,none
C-01221,2024-08-01,175.5,1911.41,R-029,False,none
C-01222,2024-08-01,1417.59,1470.85,R-037,False,none
C-01223,2024-08-01,348.92,606.71,R-035,False,none
C-01224,2024-08-01,33.54,290.05,R-002,False,none
C-01225,2024-08-01,175.35,1007.93,R-018,False,none
C-01226,2024-08-01,92.65,1026.31,R-039,False,none
C-01227,2024-08-01,286.1,305.56,R-042,False,none
C-01228,2024-08-01,1353.75,5246.85,R-045,False,none
C-01229,2024-08-01,144.35,582.5,R-060,False,none
C-01230,2024-08-01,317.53,239.01,R-041,False,none
C-01231,2024-08-01,960.41,2074.3,R-035,False,none
C-01232,2024-08-01,70.9,622.62,R-020,False,none
C-01233,2024-08-01,215.55,2226.54,R-023,False,none
C-01234,2024-08-01,289.87,1476.84,R-050,False,none
C-01235,2024-08-01,701.33,281.07,R-029,False,none
C-01236,2024-08-01,1394.49,544.04,R-043,False,none
C-01237,2024-08-01,596.55,715.01,R-008,False,none
C-01238,2024-08-01,332.5,1039.83,R-008,False,none
C-01239,2024-08-01,4085.38,323.64,R-013,False,none
C-01240,2024-08-01,337.98,1372.64,R-012,False,none
C-01241,2024-08-01,395.55,1929.99,R-037,False,none
C-01242,2024-08-01,80.84,3240.67,R-039,False,none
C-01243,2024-08-01,407.67,4921.23,R-034,False,none
C-01244,2024-08-01,20.24,79.53,R-018,True,kunda
C-01245,2024-08-01,107.34,3667.79,R-035,False,none
C-01246,2024-08-01,702.01,1533.84,R-008,False,none
C-01247,2024-08-01,387.36,324.82,R-029,False,none
C-01248,2024-08-01,58.81,4802.2,R-010,False,none
C-01249,2024-08-01,512.61,875.71,R-005,False,none
C-01250,2024-08-01,259.28,1505.69,R-010,False,none
C-01251,2024-08-01,1167.52,2961.02,R-007,False,none
C-01252,2024-08-01,219.29,240.33,R-029,False,none
C-01253,2024-08-01,1623.22,3497.98,R-033,False,none
C-01254,2024-08-01,212.36,1131.78,R-037,True,tamper
C-01255,2024-08-01,392.59,1931.68,R-027,False,none
C-01256,2024-08-01,223.93,522.25,R-011,False,none
C-01257,2024-08-01,302.36,306.07,R-002,False,none
C-01258,2024-08-01,81.94,359.71,R-043,True,tamper
C-01259,2024-08-01,366.12,646.54,R-059,False,none
C-01260,2024-08-01,44.3,1149.57,R-017,False,none
C-01261,2024-08-01,1012.85,1754.46,R-013,False,none
C-01262,2024-08-01,717.63,1026.03,R-019,False,none
C-01263,2024-08-01,332.67,1796.81,R-013,False,none
C-01264,2024-08-01,52.7,2292.59,R-014,False,none
C-01265,2024-08-01,287.32,5093.86,R-030,False,none
C-01266,2024-08-01,197.34,810.68,R-048,False,none
C-01267,2024-08-01,512.12,5250.53,R-043,False,none
C-01268,2024-08-01,172.54,1018.5,R-058,False,none
C-01269,2024-08-01,328.93,1009.27,R-022,False,none
C-01270,2024-08-01,646.29,1590.3,R-030,False,none
C-01271,2024-08-01,457.69,7049.71,R-023,False,none
C-01272,2024-08-01,765.51,261.42,R-003,False,none
C-01273,2024-08-01,26.92,376.08,R-024,False,none
C-01274,2024-08-01,35.91,2320.61,R-016,False,none
C-01275,2024-08-01,388.4,2506.8,R-029,False,none
C-01276,2024-08-01,386.25,2276.0,R-010,False,none
C-01277,2024-08-01,471.24,123.76,R-045,False,none
C-01278,2024-08-01,119.16,783.11,R-051,False,none
C-01279,2024-08-01,682.53,15408.91,R-058,False,none
C-01280,2024-08-01,601.31,239.74,R-006,False,none
C-01281,2024-08-01,2.47,443.02,R-008,True,kunda
C-01282,2024-08-01,19.52,6348.06,R-058,False,none
C-01283,2024-08-01,53.04,191.74,R-051,False,none
C-01284,2024-08-01,39.07,1831.59,R-036,False,none
C-01285,2024-08-01,181.62,44.16,R-020,True,tamper
C-01286,2024-08-01,930.48,142.34,R-032,False,none
C-01287,2024-08-01,788.69,2823.45,R-033,False,none
C-01288,2024-08-01,71.82,451.15,R-051,False,none
C-01289,2024-08-01,260.1,17.32,R-032,False,none
C-01290,2024-08-01,49.25,848.13,R-002,False,none
C-01291,2024-08-01,33.7,174.56,R-042,True,kunda
C-01292,2024-08-01,230.36,915.46,R-047,False,none
C-01293,2024-08-01,459.81,1174.35,R-018,False,none
C-01294,2024-08-01,125.51,132.75,R-007,False,none
C-01295,2024-08-01,4146.88,204.4,R-009,False,none
C-01296,2024-08-01,357.26,136.97,R-051,False,none
C-01297,2024-08-01,293.43,1179.25,R-027,False,none
C-01298,2024-08-01,67.47,1425.08,R-032,False,none
C-01299,2024-08-01,160.42,1843.73,R-058,False,none
C-01300,2024-08-01,263.55,2749.85,R-004,True,collusion
C-01301,2024-08-01,6682.6,1061.59,R-013,False,none
C-01302,2024-08-01,421.97,1717.78,R-050,False,none
C-01303,2024-08-01,95.38,4354.29,R-033,True,collusion
C-01304,2024-08-01,1384.77,12949.38,R-002,False,none
C-01305,2024-08-01,115.05,797.27,R-043,False,none
C-01306,2024-08-01,458.64,21.13,R-009,False,none
C-01307,2024-08-01,854.31,1807.01,R-047,False,none
C-01308,2024-08-01,920.05,2150.32,R-048,False,none
C-01309,2024-08-01,81.38,3360.99,R-050,False,none
C-01310,2024-08-01,187.36,959.93,R-028,False,none
C-01311,2024-08-01,1366.76,63.31,R-017,False,none
C-01312,2024-08-01,281.08,1141.55,R-053,False,none
C-01313,2024-08-01,304.01,2995.23,R-034,False,none
C-01314,2024-08-01,176.72,511.96,R-039,False,none
C-01315,2024-08-01,283.75,3500.03,R-009,False,none
C-01316,2024-08-01,395.82,1369.03,R-038,False,none
C-01317,2024-08-01,421.84,2613.58,R-035,False,none
C-01318,2024-08-01,2863.68,2642.3,R-018,True,tamper
C-01319,2024-08-01,773.63,922.17,R-047,False,none
C-01320,2024-08-01,324.21,177.28,R-009,False,none
C-01321,2024-08-01,412.84,707.58,R-044,False,none
C-01322,2024-08-01,14.9,695.85,R-058,False,none
C-01323,2024-08-01,243.65,8.67,R-035,False,none
C-01324,2024-08-01,1523.11,3311.57,R-007,False,none
C-01325,2024-08-01,345.58,2649.51,R-034,False,none
C-01326,2024-08-01,308.52,3965.83,R-032,False,none
C-01327,2024-08-01,3720.86,873.48,R-034,False,none
C-01328,2024-08-01,155.16,269.04,R-017,False,none
C-01329,2024-08-01,821.37,234.26,R-038,False,none
C-01330,2024-08-01,62.42,403.28,R-016,False,none
C-01331,2024-08-01,30.97,2775.9,R-034,False,none
C-01332,2024-08-01,619.32,635.92,R-036,False,none
C-01333,2024-08-01,230.31,5150.65,R-039,False,none
C-01334,2024-08-01,277.5,95.76,R-048,False,none
C-01335,2024-08-01,873.79,1541.32,R-053,False,none
C-01336,2024-08-01,537.07,1789.65,R-047,False,none
C-01337,2024-08-01,225.43,1556.15,R-048,False,none
C-01338,2024-08-01,194.76,247.85,R-053,False,none
C-01339,2024-08-01,112.68,111.91,R-015,False,none
C-01340,2024-08-01,213.39,306.79,R-018,False,none
C-01341,2024-08-01,777.22,51.73,R-032,False,none
C-01342,2024-08-01,1125.46,1855.93,R-028,False,none
C-01343,2024-08-01,39.17,1017.44,R-043,True,kunda
C-01344,2024-08-01,13.82,2412.4,R-001,False,none
C-01345,2024-08-01,21.24,249.26,R-009,True,kunda
C-01346,2024-08-01,1031.2,2624.45,R-045,False,none
C-01347,2024-08-01,8.45,783.8,R-050,True,kunda
C-01348,2024-08-01,599.67,2007.21,R-019,False,none
C-01349,2024-08-01,492.39,177.66,R-019,False,none
C-01350,2024-08-01,44.22,2346.67,R-034,False,none
C-01351,2024-08-01,83.26,4411.77,R-029,False,none
C-01352,2024-08-01,11.78,820.19,R-011,False,none
C-01353,2024-08-01,931.3,369.47,R-031,False,none
C-01354,2024-08-01,483.53,575.81,R-050,False,none
C-01355,2024-08-01,29.77,1608.46,R-044,True,kunda
C-01356,2024-08-01,70.31,275.01,R-050,False,none
C-01357,2024-08-01,100.02,663.69,R-039,False,none
C-01358,2024-08-01,1131.9,1204.38,R-053,False,none
C-01359,2024-08-01,212.34,780.8,R-015,False,none
C-01360,2024-08-01,366.34,3152.29,R-003,False,none
C-01361,2024-08-01,346.96,835.8,R-007,False,none
C-01362,2024-08-01,192.02,1316.87,R-060,False,none
C-01363,2024-08-01,634.97,630.12,R-039,False,none
C-01364,2024-08-01,433.38,1464.77,R-015,False,none
C-01365,2024-08-01,128.24,487.84,R-052,False,none
C-01366,2024-08-01,174.97,1900.16,R-019,False,none
C-01367,2024-08-01,18.31,410.57,R-036,False,none
C-01368,2024-08-01,180.7,2176.87,R-015,False,none
C-01369,2024-08-01,149.21,2420.58,R-006,True,tamper
C-01370,2024-08-01,877.45,767.4,R-017,False,none
C-01371,2024-08-01,498.56,15.24,R-014,False,none
C-01372,2024-08-01,320.44,4819.7,R-034,False,none
C-01373,2024-08-01,142.02,164.89,R-002,True,tamper
C-01374,2024-08-01,350.93,1021.5,R-015,False,none
C-01375,2024-08-01,819.91,1957.8,R-035,False,none
C-01376,2024-08-01,33.31,725.05,R-024,False,none
C-01377,2024-08-01,48.24,21.0,R-039,False,none
C-01378,2024-08-01,472.7,1908.4,R-040,False,none
C-01379,2024-08-01,731.2,854.28,R-058,False,none
C-01380,2024-08-01,172.22,686.93,R-051,False,none
C-01381,2024-08-01,182.41,170.27,R-014,False,none
C-01382,2024-08-01,257.12,48.81,R-042,False,none
C-01383,2024-08-01,4242.62,1173.61,R-038,False,none
C-01384,2024-08-01,115.08,52.26,R-036,False,none
C-01385,2024-08-01,102.57,888.95,R-048,False,none
C-01386,2024-08-01,63.77,2915.73,R-009,False,none
C-01387,2024-08-01,293.68,1122.3,R-023,False,none
C-01388,2024-08-01,55.54,3645.54,R-049,False,none
C-01389,2024-08-01,100.23,389.04,R-054,False,none
C-01390,2024-08-01,268.09,82.0,R-003,False,none
C-01391,2024-08-01,849.76,94.86,R-029,False,none
C-01392,2024-08-01,14.64,516.79,R-016,False,none
C-01393,2024-08-01,98.4,697.77,R-011,False,none
C-01394,2024-08-01,381.31,1427.81,R-004,False,none
C-01395,2024-08-01,106.08,2689.85,R-033,False,none
C-01396,2024-08-01,1604.35,582.43,R-041,False,none
C-01397,2024-08-01,305.11,1428.43,R-032,False,none
C-01398,2024-08-01,3963.48,2209.16,R-023,False,none
C-01399,2024-08-01,5.71,2171.48,R-047,True,kunda
C-01400,2024-08-01,571.57,715.28,R-040,False,none
C-01401,2024-08-01,219.92,956.98,R-055,False,none
C-01402,2024-08-01,142.3,814.92,R-021,False,none
C-01403,2024-08-01,173.76,639.27,R-015,False,none
C-01404,2024-08-01,69.7,3772.15,R-028,True,tamper
C-01405,2024-08-01,307.52,2977.54,R-031,False,none
C-01406,2024-08-01,30.41,786.57,R-028,False,none
C-01407,2024-08-01,103.44,2837.13,R-050,False,none
C-01408,2024-08-01,253.51,447.72,R-003,False,none
C-01409,2024-08-01,966.35,413.54,R-032,False,none
C-01410,2024-08-01,42.08,1353.45,R-026,False,none
C-01411,2024-08-01,90.94,1431.09,R-013,False,none
C-01412,2024-08-01,828.77,3301.51,R-039,False,none
C-01413,2024-08-01,211.93,464.11,R-049,False,none
C-01414,2024-08-01,268.14,59.23,R-033,False,none
C-01415,2024-08-01,285.77,463.81,R-006,False,none
C-01416,2024-08-01,291.5,334.54,R-005,False,none
C-01417,2024-08-01,133.98,4682.26,R-026,False,none
C-01418,2024-08-01,221.65,264.31,R-041,False,none
C-01419,2024-08-01,196.75,3372.52,R-019,False,none
C-01420,2024-08-01,159.69,1003.01,R-019,False,none
C-01421,2024-08-01,24.75,821.93,R-052,False,none
C-01422,2024-08-01,103.49,1154.66,R-001,False,none
C-01423,2024-08-01,190.53,2203.89,R-005,False,none
C-01424,2024-08-01,398.27,946.32,R-010,False,none
C-01425,2024-08-01,743.32,486.59,R-060,False,none
C-01426,2024-08-01,222.26,418.06,R-030,False,none
C-01427,2024-08-01,133.44,661.52,R-010,False,none
C-01428,2024-08-01,227.88,1343.36,R-019,False,none
C-01429,2024-08-01,233.16,975.01,R-059,False,none
C-01430,2024-08-01,967.16,527.77,R-042,False,none
C-01431,2024-08-01,16.91,1040.26,R-014,True,kunda
C-01432,2024-08-01,1669.58,1050.79,R-015,True,tamper
C-01433,2024-08-01,474.12,3273.53,R-005,True,tamper
C-01434,2024-08-01,44.2,1294.16,R-047,False,none
C-01435,2024-08-01,24.23,1242.92,R-009,False,none
C-01436,2024-08-01,127.5,1404.85,R-018,False,none
C-01437,2024-08-01,211.92,555.26,R-021,False,none
C-01438,2024-08-01,328.78,1056.5,R-038,False,none
C-01439,2024-08-01,77.55,2096.85,R-037,False,none
C-01440,2024-08-01,1135.91,409.23,R-048,False,none
C-01441,2024-08-01,79.45,2103.7,R-018,False,none
C-01442,2024-08-01,330.57,1004.04,R-024,False,none
C-01443,2024-08-01,132.32,864.91,R-024,False,none
C-01444,2024-08-01,54.13,4.26,R-003,False,none
C-01445,2024-08-01,155.58,223.67,R-045,False,none
C-01446,2024-08-01,558.29,112.18,R-033,False,none
C-01447,2024-08-01,212.47,3375.65,R-029,False,none
C-01448,2024-08-01,62.21,460.29,R-060,False,none
C-01449,2024-08-01,57.24,2727.14,R-011,False,none
C-01450,2024-08-01,509.51,1280.78,R-059,False,none
C-01451,2024-08-01,98.53,136.51,R-041,False,none
C-01452,2024-08-01,774.76,643.61,R-014,False,none
C-01453,2024-08-01,570.43,941.37,R-041,False,none
C-01454,2024-08-01,310.82,2161.99,R-046,False,none
C-01455,2024-08-01,110.02,99.56,R-022,False,none
C-01456,2024-08-01,12.44,312.54,R-021,True,kunda
C-01457,2024-08-01,114.43,482.58,R-051,False,none
C-01458,2024-08-01,380.1,1363.4,R-010,False,none
C-01459,2024-08-01,109.23,199.94,R-001,False,none
C-01460,2024-08-01,709.37,108.91,R-040,False,none
C-01461,2024-08-01,4950.79,1420.88,R-055,False,none
C-01462,2024-08-01,177.21,1868.49,R-031,True,collusion
C-01463,2024-08-01,172.21,816.51,R-009,False,none
C-01464,2024-08-01,297.35,728.99,R-033,False,none
C-01465,2024-08-01,931.34,2368.94,R-016,True,tamper
C-01466,2024-08-01,56.8,612.68,R-050,False,none
C-01467,2024-08-01,100.12,781.74,R-037,False,none
C-01468,2024-08-01,539.55,519.36,R-021,False,none
C-01469,2024-08-01,1659.88,130.69,R-038,False,none
C-01470,2024-08-01,403.06,3020.08,R-041,False,none
C-01471,2024-08-01,28.75,2958.28,R-041,False,none
C-01472,2024-08-01,156.64,2169.43,R-022,True,collusion
C-01473,2024-08-01,804.32,348.39,R-035,False,none
C-01474,2024-08-01,281.32,297.84,R-003,False,none
C-01475,2024-08-01,1561.45,1787.24,R-025,False,none
C-01476,2024-08-01,296.23,290.96,R-023,False,none
C-01477,2024-08-01,510.14,116.87,R-033,True,collusion
C-01478,2024-08-01,124.6,2150.29,R-058,False,none
C-01479,2024-08-01,662.13,145.34,R-058,False,none
C-01480,2024-08-01,1176.28,1752.8,R-029,False,none
C-01481,2024-08-01,631.29,1302.26,R-039,False,none
C-01482,2024-08-01,13.07,150.39,R-007,True,kunda
C-01483,2024-08-01,14.01,817.87,R-029,True,kunda
C-01484,2024-08-01,604.94,2356.15,R-042,False,none
C-01485,2024-08-01,214.65,275.71,R-041,True,collusion
C-01486,2024-08-01,1216.36,812.11,R-058,False,none
C-01487,2024-08-01,163.2,223.25,R-028,False,none
C-01488,2024-08-01,117.18,3767.39,R-055,False,none
C-01489,2024-08-01,217.46,1082.86,R-059,False,none
C-01490,2024-08-01,35.3,843.29,R-035,False,none
C-01491,2024-08-01,138.73,2988.02,R-006,False,none
C-01492,2024-08-01,184.96,1071.39,R-023,False,none
C-01493,2024-08-01,26.0,1019.25,R-046,True,kunda
C-01494,2024-08-01,87.65,2281.56,R-035,False,none
C-01495,2024-08-01,7.15,572.02,R-057,True,kunda
C-01496,2024-08-01,437.01,1398.53,R-049,False,none
C-01497,2024-08-01,389.5,995.93,R-004,False,none
C-01498,2024-08-01,590.96,628.11,R-052,False,none
C-01499,2024-08-01,330.39,621.39,R-022,False,none
C-01500,2024-08-01,36.09,193.62,R-050,False,none
C-00001,2024-09-01,228.64,588.59,R-006,False,none
C-00002,2024-09-01,138.29,112.63,R-029,False,none
C-00003,2024-09-01,265.89,1147.62,R-040,False,none
C-00004,2024-09-01,96.58,215.97,R-004,False,none
C-00005,2024-09-01,78.92,95.92,R-024,False,none
C-00006,2024-09-01,207.6,4226.91,R-016,False,none
C-00007,2024-09-01,252.59,1547.09,R-003,False,none
C-00008,2024-09-01,2361.3,2591.67,R-049,False,none
C-00009,2024-09-01,98.17,585.68,R-027,False,none
C-00010,2024-09-01,271.87,987.13,R-046,False,none
C-00011,2024-09-01,562.9,102.38,R-036,True,tamper
C-00012,2024-09-01,465.33,394.74,R-053,False,none
C-00013,2024-09-01,24.9,533.85,R-060,False,none
C-00014,2024-09-01,93.58,2513.43,R-037,False,none
C-00015,2024-09-01,117.65,654.13,R-022,False,none
C-00016,2024-09-01,13.1,1361.77,R-026,False,none
C-00017,2024-09-01,42.76,1608.09,R-050,False,none
C-00018,2024-09-01,220.55,29.93,R-026,False,none
C-00019,2024-09-01,213.53,66.64,R-032,False,none
C-00020,2024-09-01,769.34,4707.97,R-012,False,none
C-00021,2024-09-01,348.09,705.61,R-060,False,none
C-00022,2024-09-01,286.68,1972.52,R-040,False,none
C-00023,2024-09-01,142.76,4150.41,R-020,False,none
C-00024,2024-09-01,1629.11,660.62,R-036,False,none
C-00025,2024-09-01,514.11,176.85,R-025,False,none
C-00026,2024-09-01,417.79,1044.88,R-010,False,none
C-00027,2024-09-01,39.4,1063.08,R-053,False,none
C-00028,2024-09-01,25.22,2055.27,R-054,False,none
C-00029,2024-09-01,515.63,1091.96,R-051,False,none
C-00030,2024-09-01,286.14,1011.28,R-023,False,none
C-00031,2024-09-01,201.12,958.4,R-016,False,none
C-00032,2024-09-01,455.49,939.99,R-003,True,tamper
C-00033,2024-09-01,48.17,2326.67,R-044,False,none
C-00034,2024-09-01,120.77,542.03,R-020,False,none
C-00035,2024-09-01,2434.98,3044.24,R-054,False,none
C-00036,2024-09-01,81.95,1114.5,R-053,False,none
C-00037,2024-09-01,1092.22,116.21,R-008,False,none
C-00038,2024-09-01,353.33,2357.14,R-056,False,none
C-00039,2024-09-01,29.75,2160.45,R-009,False,none
C-00040,2024-09-01,103.21,577.68,R-030,False,none
C-00041,2024-09-01,198.76,2044.58,R-029,True,tamper
C-00042,2024-09-01,55.85,1871.82,R-058,False,none
C-00043,2024-09-01,518.18,442.6,R-040,False,none
C-00044,2024-09-01,245.13,739.97,R-053,False,none
C-00045,2024-09-01,78.15,1799.57,R-036,False,none
C-00046,2024-09-01,99.36,4821.33,R-050,False,none
C-00047,2024-09-01,136.2,2502.47,R-052,True,tamper
C-00048,2024-09-01,21.08,966.77,R-052,False,none
C-00049,2024-09-01,62.41,427.09,R-025,False,none
C-00050,2024-09-01,318.18,1207.95,R-023,False,none
C-00051,2024-09-01,440.53,2627.93,R-060,False,none
C-00052,2024-09-01,389.52,2421.92,R-046,False,none
C-00053,2024-09-01,650.33,4449.04,R-056,True,tamper
C-00054,2024-09-01,63.14,96.69,R-035,False,none
C-00055,2024-09-01,61.05,112.41,R-056,False,none
C-00056,2024-09-01,38.07,486.55,R-044,False,none
C-00057,2024-09-01,115.33,2254.52,R-045,False,none
C-00058,2024-09-01,132.43,1196.06,R-011,False,none
C-00059,2024-09-01,442.17,928.48,R-035,False,none
C-00060,2024-09-01,4815.7,466.2,R-044,False,none
C-00061,2024-09-01,592.02,2132.63,R-046,False,none
C-00062,2024-09-01,2.86,38.21,R-058,True,kunda
C-00063,2024-09-01,226.09,1672.31,R-020,False,none
C-00064,2024-09-01,272.17,2029.89,R-019,False,none
C-00065,2024-09-01,140.99,577.49,R-059,False,none
C-00066,2024-09-01,929.46,693.61,R-060,False,none
C-00067,2024-09-01,550.77,6221.6,R-011,False,none
C-00068,2024-09-01,58.16,365.81,R-023,False,none
C-00069,2024-09-01,233.18,190.53,R-057,False,none
C-00070,2024-09-01,46.23,1204.17,R-012,False,none
C-00071,2024-09-01,76.73,280.85,R-047,False,none
C-00072,2024-09-01,18.8,324.88,R-007,False,none
C-00073,2024-09-01,43.12,794.48,R-011,False,none
C-00074,2024-09-01,40.39,2166.07,R-048,False,none
C-00075,2024-09-01,47.57,904.55,R-037,True,kunda
C-00076,2024-09-01,276.98,1120.35,R-034,False,none
C-00077,2024-09-01,202.04,482.63,R-052,False,none
C-00078,2024-09-01,147.7,2685.43,R-019,False,none
C-00079,2024-09-01,237.68,1200.3,R-031,False,none
C-00080,2024-09-01,347.8,2119.42,R-037,False,none
C-00081,2024-09-01,81.62,624.28,R-045,False,none
C-00082,2024-09-01,19.96,704.42,R-020,False,none
C-00083,2024-09-01,709.28,798.34,R-039,False,none
C-00084,2024-09-01,22.55,480.34,R-027,False,none
C-00085,2024-09-01,72.75,719.26,R-033,False,none
C-00086,2024-09-01,304.75,1376.83,R-052,False,none
C-00087,2024-09-01,616.68,5425.13,R-024,False,none
C-00088,2024-09-01,863.41,593.85,R-041,False,none
C-00089,2024-09-01,162.4,1062.95,R-057,False,none
C-00090,2024-09-01,66.17,4466.8,R-046,False,none
C-00091,2024-09-01,66.9,2314.47,R-060,False,none
C-00092,2024-09-01,40.58,3233.99,R-036,False,none
C-00093,2024-09-01,297.46,194.37,R-017,False,none
C-00094,2024-09-01,232.96,6277.96,R-060,True,collusion
C-00095,2024-09-01,227.83,9892.39,R-039,True,tamper
C-00096,2024-09-01,368.33,129.63,R-015,False,none
C-00097,2024-09-01,99.59,311.69,R-020,False,none
C-00098,2024-09-01,457.87,601.22,R-016,False,none
C-00099,2024-09-01,74.11,482.33,R-051,False,none
C-00100,2024-09-01,286.84,1279.99,R-006,False,none
C-00101,2024-09-01,89.51,3133.7,R-045,False,none
C-00102,2024-09-01,49.5,421.69,R-034,False,none
C-00103,2024-09-01,519.04,1107.91,R-005,False,none
C-00104,2024-09-01,937.88,151.87,R-037,False,none
C-00105,2024-09-01,367.3,182.8,R-046,False,none
C-00106,2024-09-01,206.37,129.59,R-044,False,none
C-00107,2024-09-01,244.74,14.19,R-032,False,none
C-00108,2024-09-01,148.39,1421.79,R-021,False,none
C-00109,2024-09-01,602.43,3856.8,R-010,False,none
C-00110,2024-09-01,116.37,1340.56,R-001,False,none
C-00111,2024-09-01,119.11,973.76,R-022,False,none
C-00112,2024-09-01,97.89,718.53,R-038,False,none
C-00113,2024-09-01,226.4,2572.68,R-003,False,none
C-00114,2024-09-01,456.14,464.33,R-060,False,none
C-00115,2024-09-01,303.28,344.44,R-036,False,none
C-00116,2024-09-01,1516.88,1461.12,R-018,False,none
C-00117,2024-09-01,352.63,2969.22,R-058,False,none
C-00118,2024-09-01,26.97,7.36,R-012,False,none
C-00119,2024-09-01,264.96,629.59,R-058,False,none
C-00120,2024-09-01,50.91,1171.28,R-017,False,none
C-00121,2024-09-01,13.03,1546.85,R-023,False,none
C-00122,2024-09-01,321.39,19.04,R-026,False,none
C-00123,2024-09-01,2642.53,65.46,R-060,False,none
C-00124,2024-09-01,8.17,6025.64,R-016,True,kunda
C-00125,2024-09-01,14.04,4533.59,R-059,False,none
C-00126,2024-09-01,269.97,3617.6,R-021,False,none
C-00127,2024-09-01,107.83,643.4,R-018,False,none
C-00128,2024-09-01,76.18,696.39,R-039,False,none
C-00129,2024-09-01,153.7,92.0,R-042,False,none
C-00130,2024-09-01,62.27,284.66,R-021,False,none
C-00131,2024-09-01,286.13,276.56,R-009,False,none
C-00132,2024-09-01,143.98,5683.22,R-024,False,none
C-00133,2024-09-01,485.08,2289.89,R-033,False,none
C-00134,2024-09-01,72.11,732.44,R-003,False,none
C-00135,2024-09-01,63.97,2159.33,R-005,False,none
C-00136,2024-09-01,129.22,479.66,R-056,False,none
C-00137,2024-09-01,400.16,227.92,R-003,False,none
C-00138,2024-09-01,12.12,4165.88,R-025,False,none
C-00139,2024-09-01,69.54,1152.78,R-046,False,none
C-00140,2024-09-01,119.56,1163.27,R-020,False,none
C-00141,2024-09-01,61.64,4098.15,R-030,False,none
C-00142,2024-09-01,481.23,2485.34,R-006,False,none
C-00143,2024-09-01,68.16,1802.09,R-048,False,none
C-00144,2024-09-01,3.12,687.89,R-039,True,kunda
C-00145,2024-09-01,338.07,2300.84,R-052,False,none
C-00146,2024-09-01,2310.23,2216.2,R-052,False,none
C-00147,2024-09-01,259.02,889.66,R-022,False,none
C-00148,2024-09-01,110.19,972.08,R-003,False,none
C-00149,2024-09-01,103.07,824.78,R-021,False,none
C-00150,2024-09-01,9.7,468.76,R-009,True,kunda
C-00151,2024-09-01,285.66,441.49,R-032,False,none
C-00152,2024-09-01,283.76,13.8,R-009,False,none
C-00153,2024-09-01,350.54,597.08,R-056,False,none
C-00154,2024-09-01,290.35,1420.82,R-037,False,none
C-00155,2024-09-01,4649.45,973.57,R-016,False,none
C-00156,2024-09-01,54.95,531.32,R-056,False,none
C-00157,2024-09-01,295.57,653.58,R-047,False,none
C-00158,2024-09-01,16.37,1843.11,R-027,False,none
C-00159,2024-09-01,47.89,3222.63,R-009,False,none
C-00160,2024-09-01,264.73,1795.13,R-021,False,none
C-00161,2024-09-01,360.37,957.06,R-036,False,none
C-00162,2024-09-01,1748.53,575.18,R-046,False,none
C-00163,2024-09-01,952.5,446.14,R-016,False,none
C-00164,2024-09-01,2645.21,1977.41,R-045,False,none
C-00165,2024-09-01,3216.97,1545.89,R-017,False,none
C-00166,2024-09-01,1360.49,1195.96,R-015,False,none
C-00167,2024-09-01,105.68,2610.92,R-027,False,none
C-00168,2024-09-01,348.48,304.27,R-010,False,none
C-00169,2024-09-01,108.43,934.98,R-025,False,none
C-00170,2024-09-01,542.73,325.91,R-022,True,collusion
C-00171,2024-09-01,84.26,540.04,R-017,False,none
C-00172,2024-09-01,384.1,2475.4,R-047,True,tamper
C-00173,2024-09-01,328.97,865.04,R-020,False,none
C-00174,2024-09-01,131.22,2895.62,R-042,False,none
C-00175,2024-09-01,367.22,3194.48,R-044,False,none
C-00176,2024-09-01,340.17,1756.72,R-040,False,none
C-00177,2024-09-01,3.62,3268.28,R-017,True,kunda
C-00178,2024-09-01,1017.51,335.62,R-050,False,none
C-00179,2024-09-01,338.31,175.0,R-015,False,none
C-00180,2024-09-01,336.05,3624.35,R-017,False,none
C-00181,2024-09-01,131.24,1226.13,R-053,False,none
C-00182,2024-09-01,209.88,921.63,R-021,False,none
C-00183,2024-09-01,242.32,4585.84,R-042,False,none
C-00184,2024-09-01,137.49,485.37,R-003,False,none
C-00185,2024-09-01,67.98,361.5,R-037,False,none
C-00186,2024-09-01,698.97,15.19,R-053,False,none
C-00187,2024-09-01,84.19,652.78,R-043,True,kunda
C-00188,2024-09-01,5.85,300.46,R-035,True,kunda
C-00189,2024-09-01,671.64,198.53,R-051,False,none
C-00190,2024-09-01,251.96,286.67,R-018,False,none
C-00191,2024-09-01,397.83,2032.54,R-023,True,tamper
C-00192,2024-09-01,252.96,885.51,R-005,False,none
C-00193,2024-09-01,41.8,1136.3,R-042,False,none
C-00194,2024-09-01,175.32,1510.8,R-044,False,none
C-00195,2024-09-01,44.2,1565.88,R-046,False,none
C-00196,2024-09-01,319.09,3045.03,R-045,False,none
C-00197,2024-09-01,90.85,917.71,R-008,False,none
C-00198,2024-09-01,94.15,4813.03,R-040,False,none
C-00199,2024-09-01,428.08,2766.38,R-046,True,tamper
C-00200,2024-09-01,541.96,252.03,R-013,False,none
C-00201,2024-09-01,319.36,1466.93,R-029,False,none
C-00202,2024-09-01,566.98,1006.4,R-055,False,none
C-00203,2024-09-01,394.75,660.63,R-025,False,none
C-00204,2024-09-01,34.47,3488.44,R-046,False,none
C-00205,2024-09-01,268.86,459.05,R-032,False,none
C-00206,2024-09-01,873.89,6723.7,R-040,False,none
C-00207,2024-09-01,229.55,2621.52,R-038,False,none
C-00208,2024-09-01,69.79,4375.91,R-040,False,none
C-00209,2024-09-01,71.43,206.91,R-047,False,none
C-00210,2024-09-01,195.21,4556.38,R-055,False,none
C-00211,2024-09-01,77.3,2449.88,R-018,False,none
C-00212,2024-09-01,285.73,1679.64,R-056,False,none
C-00213,2024-09-01,94.02,1718.65,R-038,False,none
C-00214,2024-09-01,371.05,532.65,R-036,False,none
C-00215,2024-09-01,258.91,1424.73,R-020,False,none
C-00216,2024-09-01,158.23,31.19,R-026,False,none
C-00217,2024-09-01,1342.87,578.16,R-040,True,tamper
C-00218,2024-09-01,340.9,764.12,R-022,False,none
C-00219,2024-09-01,18.12,1437.2,R-018,False,none
C-00220,2024-09-01,189.84,374.94,R-050,False,none
C-00221,2024-09-01,336.91,3495.22,R-025,False,none
C-00222,2024-09-01,175.19,8203.9,R-039,False,none
C-00223,2024-09-01,233.7,647.4,R-002,False,none
C-00224,2024-09-01,101.75,7711.88,R-005,False,none
C-00225,2024-09-01,164.43,100.6,R-051,False,none
C-00226,2024-09-01,18.97,989.73,R-009,False,none
C-00227,2024-09-01,56.36,1250.44,R-048,False,none
C-00228,2024-09-01,127.36,1660.6,R-055,False,none
C-00229,2024-09-01,214.57,141.53,R-029,False,none
C-00230,2024-09-01,406.57,2924.45,R-054,False,none
C-00231,2024-09-01,4410.37,836.3,R-026,False,none
C-00232,2024-09-01,620.56,965.56,R-058,False,none
C-00233,2024-09-01,90.73,1047.45,R-015,False,none
C-00234,2024-09-01,24.52,545.5,R-026,False,none
C-00235,2024-09-01,442.73,669.91,R-024,False,none
C-00236,2024-09-01,134.37,1478.01,R-048,False,none
C-00237,2024-09-01,288.25,534.64,R-003,False,none
C-00238,2024-09-01,463.09,474.45,R-050,False,none
C-00239,2024-09-01,175.67,1547.78,R-002,False,none
C-00240,2024-09-01,309.51,4721.59,R-019,False,none
C-00241,2024-09-01,543.53,3539.24,R-036,False,none
C-00242,2024-09-01,31.86,2562.46,R-009,False,none
C-00243,2024-09-01,15.46,368.54,R-030,False,none
C-00244,2024-09-01,421.43,1703.61,R-060,False,none
C-00245,2024-09-01,457.71,402.29,R-050,False,none
C-00246,2024-09-01,62.05,649.58,R-002,False,none
C-00247,2024-09-01,276.72,237.99,R-036,False,none
C-00248,2024-09-01,209.44,2460.24,R-036,False,none
C-00249,2024-09-01,4492.29,3718.74,R-005,False,none
C-00250,2024-09-01,5.08,1346.64,R-040,True,kunda
C-00251,2024-09-01,172.65,930.79,R-032,False,none
C-00252,2024-09-01,48.52,1385.45,R-041,False,none
C-00253,2024-09-01,465.09,426.97,R-018,False,none
C-00254,2024-09-01,401.26,330.86,R-016,False,none
C-00255,2024-09-01,182.12,121.89,R-045,False,none
C-00256,2024-09-01,74.64,3719.07,R-044,False,none
C-00257,2024-09-01,1199.56,270.89,R-010,False,none
C-00258,2024-09-01,102.59,3252.86,R-013,False,none
C-00259,2024-09-01,199.9,303.21,R-036,False,none
C-00260,2024-09-01,135.33,524.33,R-050,False,none
C-00261,2024-09-01,17.04,2620.49,R-013,True,kunda
C-00262,2024-09-01,47.02,319.2,R-014,False,none
C-00263,2024-09-01,17.85,237.93,R-049,False,none
C-00264,2024-09-01,1637.71,555.86,R-042,False,none
C-00265,2024-09-01,145.58,3781.78,R-055,False,none
C-00266,2024-09-01,231.51,925.08,R-048,False,none
C-00267,2024-09-01,16.9,187.84,R-058,False,none
C-00268,2024-09-01,520.9,948.92,R-012,False,none
C-00269,2024-09-01,126.18,3016.36,R-017,False,none
C-00270,2024-09-01,35.09,3558.64,R-015,False,none
C-00271,2024-09-01,403.44,2461.47,R-004,False,none
C-00272,2024-09-01,23.32,1771.99,R-047,False,none
C-00273,2024-09-01,5004.11,2067.77,R-040,False,none
C-00274,2024-09-01,37.37,500.36,R-006,False,none
C-00275,2024-09-01,179.31,2670.75,R-012,False,none
C-00276,2024-09-01,158.21,135.33,R-012,False,none
C-00277,2024-09-01,215.27,1268.4,R-025,False,none
C-00278,2024-09-01,268.7,86.16,R-028,False,none
C-00279,2024-09-01,237.62,2303.97,R-018,False,none
C-00280,2024-09-01,88.48,1955.39,R-056,False,none
C-00281,2024-09-01,200.75,253.21,R-013,False,none
C-00282,2024-09-01,372.35,2477.12,R-034,False,none
C-00283,2024-09-01,375.97,6736.85,R-027,False,none
C-00284,2024-09-01,98.9,1879.46,R-024,False,none
C-00285,2024-09-01,528.62,1332.37,R-050,False,none
C-00286,2024-09-01,237.69,563.2,R-059,False,none
C-00287,2024-09-01,274.6,3479.08,R-001,False,none
C-00288,2024-09-01,138.08,1755.18,R-028,True,tamper
C-00289,2024-09-01,49.99,861.9,R-008,False,none
C-00290,2024-09-01,107.5,2486.91,R-027,False,none
C-00291,2024-09-01,330.44,1314.41,R-038,False,none
C-00292,2024-09-01,161.2,581.48,R-025,False,none
C-00293,2024-09-01,237.81,158.54,R-019,False,none
C-00294,2024-09-01,278.71,687.89,R-019,False,none
C-00295,2024-09-01,56.41,3997.93,R-018,False,none
C-00296,2024-09-01,326.37,927.95,R-020,False,none
C-00297,2024-09-01,543.0,790.72,R-023,False,none
C-00298,2024-09-01,241.28,1440.39,R-042,False,none
C-00299,2024-09-01,482.85,749.41,R-006,False,none
C-00300,2024-09-01,177.51,549.77,R-003,False,none
C-00301,2024-09-01,73.91,46.1,R-032,False,none
C-00302,2024-09-01,243.99,1316.05,R-041,False,none
C-00303,2024-09-01,485.77,369.29,R-016,False,none
C-00304,2024-09-01,128.59,26.68,R-013,False,none
C-00305,2024-09-01,341.29,896.53,R-038,False,none
C-00306,2024-09-01,175.38,573.49,R-024,False,none
C-00307,2024-09-01,367.81,486.46,R-045,False,none
C-00308,2024-09-01,191.58,345.12,R-009,False,none
C-00309,2024-09-01,375.59,637.5,R-008,False,none
C-00310,2024-09-01,26.7,262.47,R-034,True,tamper
C-00311,2024-09-01,741.01,962.37,R-024,False,none
C-00312,2024-09-01,572.94,1243.53,R-044,False,none
C-00313,2024-09-01,392.5,808.19,R-031,False,none
C-00314,2024-09-01,39.87,2798.56,R-022,False,none
C-00315,2024-09-01,306.19,350.62,R-010,False,none
C-00316,2024-09-01,1392.9,316.06,R-010,False,none
C-00317,2024-09-01,75.31,161.58,R-046,False,none
C-00318,2024-09-01,81.82,2274.63,R-014,False,none
C-00319,2024-09-01,395.65,1141.96,R-031,False,none
C-00320,2024-09-01,675.07,2.72,R-050,False,none
C-00321,2024-09-01,66.16,1248.74,R-054,False,none
C-00322,2024-09-01,338.59,3527.76,R-017,False,none
C-00323,2024-09-01,195.42,2258.5,R-007,False,none
C-00324,2024-09-01,511.57,1573.95,R-047,False,none
C-00325,2024-09-01,1102.83,1189.5,R-042,False,none
C-00326,2024-09-01,176.88,1484.18,R-020,False,none
C-00327,2024-09-01,412.48,1935.48,R-036,True,tamper
C-00328,2024-09-01,16.98,131.61,R-012,True,kunda
C-00329,2024-09-01,86.91,182.79,R-043,False,none
C-00330,2024-09-01,107.52,2835.09,R-044,False,none
C-00331,2024-09-01,76.12,1765.02,R-018,False,none
C-00332,2024-09-01,1232.02,374.46,R-029,False,none
C-00333,2024-09-01,378.53,986.75,R-021,False,none
C-00334,2024-09-01,719.46,2589.84,R-002,False,none
C-00335,2024-09-01,854.63,3333.35,R-008,False,none
C-00336,2024-09-01,179.52,49.63,R-058,False,none
C-00337,2024-09-01,127.4,2654.26,R-028,False,none
C-00338,2024-09-01,100.99,990.01,R-009,False,none
C-00339,2024-09-01,23.34,1242.69,R-003,False,none
C-00340,2024-09-01,234.08,1527.13,R-022,False,none
C-00341,2024-09-01,293.86,893.24,R-059,True,collusion
C-00342,2024-09-01,304.66,2572.95,R-024,False,none
C-00343,2024-09-01,462.8,995.28,R-060,False,none
C-00344,2024-09-01,47.13,2067.12,R-030,True,tamper
C-00345,2024-09-01,253.19,1179.94,R-046,False,none
C-00346,2024-09-01,393.57,669.51,R-048,False,none
C-00347,2024-09-01,97.49,136.9,R-002,False,none
C-00348,2024-09-01,682.29,1.95,R-001,False,none
C-00349,2024-09-01,1530.14,376.68,R-056,False,none
C-00350,2024-09-01,575.27,728.23,R-056,False,none
C-00351,2024-09-01,182.77,756.1,R-008,False,none
C-00352,2024-09-01,422.92,2080.09,R-039,False,none
C-00353,2024-09-01,204.21,5307.91,R-056,False,none
C-00354,2024-09-01,1556.5,624.32,R-058,False,none
C-00355,2024-09-01,61.61,820.25,R-018,False,none
C-00356,2024-09-01,156.62,2128.68,R-050,False,none
C-00357,2024-09-01,316.4,1925.32,R-039,False,none
C-00358,2024-09-01,242.81,2183.41,R-056,False,none
C-00359,2024-09-01,2863.2,260.87,R-009,False,none
C-00360,2024-09-01,124.69,937.42,R-037,False,none
C-00361,2024-09-01,358.87,108.68,R-002,False,none
C-00362,2024-09-01,265.93,1190.24,R-022,False,none
C-00363,2024-09-01,155.95,29.76,R-001,False,none
C-00364,2024-09-01,418.37,1197.67,R-027,False,none
C-00365,2024-09-01,2452.39,1027.19,R-049,False,none
C-00366,2024-09-01,227.68,422.66,R-040,False,none
C-00367,2024-09-01,124.35,12.01,R-020,False,none
C-00368,2024-09-01,35.59,3883.25,R-026,False,none
C-00369,2024-09-01,777.74,630.9,R-023,False,none
C-00370,2024-09-01,1040.42,1749.76,R-044,False,none
C-00371,2024-09-01,264.47,1294.12,R-016,False,none
C-00372,2024-09-01,146.55,470.42,R-006,False,none
C-00373,2024-09-01,472.13,1917.37,R-031,False,none
C-00374,2024-09-01,902.85,1111.83,R-050,False,none
C-00375,2024-09-01,245.85,141.17,R-029,False,none
C-00376,2024-09-01,81.33,678.16,R-013,False,none
C-00377,2024-09-01,432.85,559.17,R-003,False,none
C-00378,2024-09-01,4.93,362.57,R-057,True,kunda
C-00379,2024-09-01,129.66,4857.57,R-046,False,none
C-00380,2024-09-01,2845.89,211.96,R-010,False,none
C-00381,2024-09-01,1965.25,168.9,R-005,False,none
C-00382,2024-09-01,158.65,1952.84,R-008,False,none
C-00383,2024-09-01,285.08,4305.33,R-023,False,none
C-00384,2024-09-01,128.42,77.34,R-049,False,none
C-00385,2024-09-01,935.61,97.47,R-010,False,none
C-00386,2024-09-01,228.52,2220.09,R-050,False,none
C-00387,2024-09-01,236.06,2712.29,R-001,False,none
C-00388,2024-09-01,17.74,585.43,R-045,False,none
C-00389,2024-09-01,266.83,592.68,R-017,False,none
C-00390,2024-09-01,36.99,666.91,R-058,False,none
C-00391,2024-09-01,94.68,1467.52,R-029,False,none
C-00392,2024-09-01,389.09,1805.19,R-017,False,none
C-00393,2024-09-01,1243.12,525.05,R-015,False,none
C-00394,2024-09-01,432.04,125.67,R-050,False,none
C-00395,2024-09-01,174.95,2423.29,R-025,False,none
C-00396,2024-09-01,624.85,1634.11,R-022,False,none
C-00397,2024-09-01,9.49,2034.84,R-045,True,kunda
C-00398,2024-09-01,95.86,1182.74,R-033,False,none
C-00399,2024-09-01,310.68,1154.84,R-040,False,none
C-00400,2024-09-01,742.58,709.29,R-027,False,none
C-00401,2024-09-01,129.85,949.58,R-004,False,none
C-00402,2024-09-01,93.0,2678.85,R-001,False,none
C-00403,2024-09-01,27.47,934.64,R-003,False,none
C-00404,2024-09-01,646.41,143.65,R-035,False,none
C-00405,2024-09-01,28.86,229.1,R-031,False,none
C-00406,2024-09-01,259.12,615.44,R-045,False,none
C-00407,2024-09-01,288.12,1442.07,R-054,False,none
C-00408,2024-09-01,36.1,1866.15,R-011,False,none
C-00409,2024-09-01,162.96,429.32,R-058,False,none
C-00410,2024-09-01,25.05,1101.7,R-056,False,none
C-00411,2024-09-01,111.81,359.89,R-037,False,none
C-00412,2024-09-01,256.34,853.67,R-032,False,none
C-00413,2024-09-01,764.78,1004.91,R-011,True,collusion
C-00414,2024-09-01,191.75,1528.35,R-011,False,none
C-00415,2024-09-01,249.06,2216.9,R-002,False,none
C-00416,2024-09-01,416.69,138.59,R-039,False,none
C-00417,2024-09-01,1724.64,308.38,R-026,False,none
C-00418,2024-09-01,23.85,615.53,R-012,False,none
C-00419,2024-09-01,1051.79,1182.49,R-009,False,none
C-00420,2024-09-01,146.1,272.54,R-004,False,none
C-00421,2024-09-01,360.51,3268.63,R-039,False,none
C-00422,2024-09-01,234.59,93.66,R-042,False,none
C-00423,2024-09-01,190.09,606.59,R-038,False,none
C-00424,2024-09-01,25.39,179.34,R-007,True,kunda
C-00425,2024-09-01,21.17,878.87,R-003,False,none
C-00426,2024-09-01,126.29,1603.7,R-007,False,none
C-00427,2024-09-01,55.68,671.13,R-046,False,none
C-00428,2024-09-01,452.43,559.06,R-045,False,none
C-00429,2024-09-01,296.53,1328.37,R-018,False,none
C-00430,2024-09-01,32.31,557.36,R-004,False,none
C-00431,2024-09-01,367.0,506.56,R-020,False,none
C-00432,2024-09-01,426.85,804.71,R-049,False,none
C-00433,2024-09-01,33.93,1918.37,R-009,False,none
C-00434,2024-09-01,21.99,1636.44,R-048,True,kunda
C-00435,2024-09-01,82.62,1884.87,R-028,False,none
C-00436,2024-09-01,642.88,2089.48,R-009,False,none
C-00437,2024-09-01,338.48,898.99,R-057,False,none
C-00438,2024-09-01,100.24,4097.3,R-032,True,kunda
C-00439,2024-09-01,261.34,1474.43,R-041,False,none
C-00440,2024-09-01,193.56,2789.2,R-006,False,none
C-00441,2024-09-01,409.57,175.47,R-023,False,none
C-00442,2024-09-01,272.57,252.52,R-038,False,none
C-00443,2024-09-01,1011.31,3221.36,R-039,False,none
C-00444,2024-09-01,10435.26,96.11,R-004,False,none
C-00445,2024-09-01,366.72,7092.58,R-037,False,none
C-00446,2024-09-01,21.15,14.51,R-057,False,none
C-00447,2024-09-01,378.05,447.64,R-048,False,none
C-00448,2024-09-01,91.41,674.73,R-013,False,none
C-00449,2024-09-01,367.02,1477.77,R-055,False,none
C-00450,2024-09-01,394.82,2487.95,R-041,False,none
C-00451,2024-09-01,653.13,5282.05,R-004,False,none
C-00452,2024-09-01,233.68,67.41,R-008,False,none
C-00453,2024-09-01,1089.34,271.86,R-056,False,none
C-00454,2024-09-01,30.85,1758.08,R-013,True,kunda
C-00455,2024-09-01,240.18,117.12,R-006,False,none
C-00456,2024-09-01,260.45,326.77,R-028,False,none
C-00457,2024-09-01,410.59,903.34,R-032,False,none
C-00458,2024-09-01,52.66,728.43,R-035,True,tamper
C-00459,2024-09-01,75.94,181.67,R-040,True,tamper
C-00460,2024-09-01,346.53,358.8,R-060,False,none
C-00461,2024-09-01,146.82,2447.16,R-046,False,none
C-00462,2024-09-01,617.49,3406.67,R-002,False,none
C-00463,2024-09-01,152.87,172.12,R-006,False,none
C-00464,2024-09-01,99.92,533.21,R-001,False,none
C-00465,2024-09-01,473.82,72.24,R-024,False,none
C-00466,2024-09-01,118.19,1168.72,R-022,False,none
C-00467,2024-09-01,195.96,1183.87,R-057,False,none
C-00468,2024-09-01,277.71,1476.04,R-022,False,none
C-00469,2024-09-01,52.2,724.83,R-002,False,none
C-00470,2024-09-01,265.96,2308.1,R-054,False,none
C-00471,2024-09-01,582.58,1114.21,R-016,False,none
C-00472,2024-09-01,245.34,1612.76,R-055,False,none
C-00473,2024-09-01,883.08,955.08,R-047,False,none
C-00474,2024-09-01,273.66,1109.99,R-053,False,none
C-00475,2024-09-01,28.92,1099.17,R-050,False,none
C-00476,2024-09-01,711.66,578.24,R-009,False,none
C-00477,2024-09-01,314.96,236.84,R-038,True,tamper
C-00478,2024-09-01,103.67,10017.7,R-025,False,none
C-00479,2024-09-01,113.51,191.38,R-038,False,none
C-00480,2024-09-01,227.87,3278.06,R-045,False,none
C-00481,2024-09-01,62.26,1809.33,R-031,False,none
C-00482,2024-09-01,139.47,442.54,R-019,False,none
C-00483,2024-09-01,306.18,788.38,R-055,False,none
C-00484,2024-09-01,115.38,1383.11,R-040,False,none
C-00485,2024-09-01,204.53,675.59,R-054,False,none
C-00486,2024-09-01,8.73,1136.58,R-015,True,kunda
C-00487,2024-09-01,147.64,567.67,R-051,False,none
C-00488,2024-09-01,87.24,1138.25,R-020,True,tamper
C-00489,2024-09-01,29.08,647.57,R-028,False,none
C-00490,2024-09-01,457.17,656.89,R-052,False,none
C-00491,2024-09-01,434.68,1119.8,R-022,True,collusion
C-00492,2024-09-01,683.73,3243.77,R-016,False,none
C-00493,2024-09-01,248.29,629.82,R-055,False,none
C-00494,2024-09-01,85.16,194.94,R-058,False,none
C-00495,2024-09-01,370.61,995.72,R-019,False,none
C-00496,2024-09-01,56.52,68.08,R-019,False,none
C-00497,2024-09-01,188.66,908.04,R-014,False,none
C-00498,2024-09-01,105.0,330.64,R-002,False,none
C-00499,2024-09-01,289.24,7849.74,R-034,True,tamper
C-00500,2024-09-01,412.71,7931.65,R-016,False,none
C-00501,2024-09-01,189.17,185.38,R-051,False,none
C-00502,2024-09-01,514.72,462.84,R-011,False,none
C-00503,2024-09-01,445.05,1948.09,R-039,False,none
C-00504,2024-09-01,93.91,4714.84,R-031,False,none
C-00505,2024-09-01,453.58,1473.91,R-037,False,none
C-00506,2024-09-01,176.31,1544.84,R-007,False,none
C-00507,2024-09-01,485.11,666.72,R-028,False,none
C-00508,2024-09-01,165.78,706.21,R-038,False,none
C-00509,2024-09-01,491.28,2929.23,R-021,False,none
C-00510,2024-09-01,871.74,228.25,R-053,True,tamper
C-00511,2024-09-01,300.71,0.5,R-032,False,none
C-00512,2024-09-01,37.96,2827.94,R-022,False,none
C-00513,2024-09-01,15.37,526.51,R-002,False,none
C-00514,2024-09-01,1168.94,4185.85,R-011,False,none
C-00515,2024-09-01,18.21,648.79,R-029,False,none
C-00516,2024-09-01,1554.4,2888.49,R-025,False,none
C-00517,2024-09-01,321.6,2901.59,R-053,False,none
C-00518,2024-09-01,2112.97,1591.8,R-048,False,none
C-00519,2024-09-01,39.14,897.44,R-010,False,none
C-00520,2024-09-01,583.12,399.04,R-036,False,none
C-00521,2024-09-01,751.51,1523.03,R-028,False,none
C-00522,2024-09-01,257.65,606.63,R-007,False,none
C-00523,2024-09-01,145.91,377.25,R-040,False,none
C-00524,2024-09-01,28.64,654.77,R-033,False,none
C-00525,2024-09-01,415.59,1117.85,R-006,False,none
C-00526,2024-09-01,294.26,1036.62,R-029,False,none
C-00527,2024-09-01,347.33,3407.0,R-044,False,none
C-00528,2024-09-01,103.58,2021.93,R-020,False,none
C-00529,2024-09-01,578.15,229.41,R-022,False,none
C-00530,2024-09-01,43.8,221.66,R-007,False,none
C-00531,2024-09-01,81.62,392.9,R-013,False,none
C-00532,2024-09-01,156.44,751.32,R-059,False,none
C-00533,2024-09-01,529.02,366.31,R-038,False,none
C-00534,2024-09-01,43.27,1883.19,R-011,False,none
C-00535,2024-09-01,468.22,2032.48,R-029,False,none
C-00536,2024-09-01,83.94,73.49,R-012,False,none
C-00537,2024-09-01,69.34,1535.5,R-027,False,none
C-00538,2024-09-01,379.25,288.99,R-009,False,none
C-00539,2024-09-01,485.92,1247.59,R-038,False,none
C-00540,2024-09-01,185.55,442.96,R-035,False,none
C-00541,2024-09-01,430.46,751.01,R-039,False,none
C-00542,2024-09-01,12.13,2024.42,R-027,False,none
C-00543,2024-09-01,407.77,72.18,R-018,False,none
C-00544,2024-09-01,702.91,764.52,R-015,False,none
C-00545,2024-09-01,708.75,991.74,R-013,False,none
C-00546,2024-09-01,395.12,5494.61,R-026,False,none
C-00547,2024-09-01,44.29,12339.32,R-028,False,none
C-00548,2024-09-01,243.23,2466.77,R-041,False,none
C-00549,2024-09-01,719.45,1025.57,R-004,False,none
C-00550,2024-09-01,265.63,2908.93,R-017,False,none
C-00551,2024-09-01,11.82,4682.6,R-052,True,kunda
C-00552,2024-09-01,43.39,391.56,R-055,False,none
C-00553,2024-09-01,100.47,699.52,R-056,False,none
C-00554,2024-09-01,210.85,801.11,R-019,False,none
C-00555,2024-09-01,101.97,2356.49,R-009,False,none
C-00556,2024-09-01,443.42,1111.82,R-012,False,none
C-00557,2024-09-01,290.37,1278.71,R-008,False,none
C-00558,2024-09-01,37.85,874.46,R-058,False,none
C-00559,2024-09-01,137.1,211.03,R-054,False,none
C-00560,2024-09-01,48.53,1090.75,R-049,False,none
C-00561,2024-09-01,114.91,2119.39,R-044,False,none
C-00562,2024-09-01,1647.28,2718.38,R-021,False,none
C-00563,2024-09-01,121.03,289.48,R-029,False,none
C-00564,2024-09-01,65.86,436.99,R-051,False,none
C-00565,2024-09-01,107.24,752.3,R-049,False,none
C-00566,2024-09-01,1289.37,14.76,R-032,False,none
C-00567,2024-09-01,234.27,304.24,R-051,False,none
C-00568,2024-09-01,11.89,2972.19,R-021,True,kunda
C-00569,2024-09-01,13.64,1359.41,R-025,True,kunda
C-00570,2024-09-01,1040.99,1306.58,R-051,False,none
C-00571,2024-09-01,175.47,664.19,R-023,False,none
C-00572,2024-09-01,303.2,89.5,R-046,False,none
C-00573,2024-09-01,81.46,1651.86,R-028,False,none
C-00574,2024-09-01,786.6,644.61,R-018,False,none
C-00575,2024-09-01,766.83,79.03,R-014,False,none
C-00576,2024-09-01,1186.46,1207.36,R-037,False,none
C-00577,2024-09-01,168.37,1347.28,R-029,False,none
C-00578,2024-09-01,267.21,3096.05,R-023,False,none
C-00579,2024-09-01,358.45,1452.96,R-045,False,none
C-00580,2024-09-01,200.38,2084.15,R-001,False,none
C-00581,2024-09-01,183.16,1698.84,R-006,False,none
C-00582,2024-09-01,363.6,1309.21,R-058,False,none
C-00583,2024-09-01,111.96,451.97,R-040,False,none
C-00584,2024-09-01,1234.43,981.26,R-033,False,none
C-00585,2024-09-01,4420.56,1116.32,R-001,False,none
C-00586,2024-09-01,1290.63,724.89,R-036,False,none
C-00587,2024-09-01,30.07,791.82,R-027,False,none
C-00588,2024-09-01,130.11,1277.06,R-036,False,none
C-00589,2024-09-01,951.22,1525.31,R-003,False,none
C-00590,2024-09-01,68.83,237.83,R-034,False,none
C-00591,2024-09-01,494.0,312.25,R-035,False,none
C-00592,2024-09-01,495.71,738.25,R-018,False,none
C-00593,2024-09-01,155.08,2491.11,R-004,False,none
C-00594,2024-09-01,211.03,913.0,R-059,False,none
C-00595,2024-09-01,2312.37,1442.96,R-043,False,none
C-00596,2024-09-01,440.7,346.21,R-038,False,none
C-00597,2024-09-01,35.74,463.9,R-047,False,none
C-00598,2024-09-01,68.6,3921.44,R-041,False,none
C-00599,2024-09-01,105.55,3159.21,R-009,False,none
C-00600,2024-09-01,124.91,905.61,R-028,False,none
C-00601,2024-09-01,88.03,929.32,R-054,False,none
C-00602,2024-09-01,351.59,234.01,R-018,False,none
C-00603,2024-09-01,532.27,143.51,R-059,False,none
C-00604,2024-09-01,24.26,4519.51,R-004,False,none
C-00605,2024-09-01,920.21,888.17,R-020,False,none
C-00606,2024-09-01,74.39,2517.11,R-022,False,none
C-00607,2024-09-01,217.84,85.17,R-038,False,none
C-00608,2024-09-01,41.69,719.29,R-011,False,none
C-00609,2024-09-01,107.25,1914.44,R-014,False,none
C-00610,2024-09-01,104.6,1826.86,R-040,False,none
C-00611,2024-09-01,176.26,5.4,R-018,False,none
C-00612,2024-09-01,338.54,4818.02,R-053,False,none
C-00613,2024-09-01,205.2,2917.27,R-053,False,none
C-00614,2024-09-01,44.25,483.11,R-019,False,none
C-00615,2024-09-01,294.83,152.4,R-034,False,none
C-00616,2024-09-01,49.16,204.53,R-020,False,none
C-00617,2024-09-01,248.66,1680.27,R-021,False,none
C-00618,2024-09-01,411.76,632.84,R-041,False,none
C-00619,2024-09-01,84.06,412.53,R-018,False,none
C-00620,2024-09-01,70.36,676.56,R-009,False,none
C-00621,2024-09-01,290.81,639.39,R-016,False,none
C-00622,2024-09-01,755.83,3847.24,R-056,False,none
C-00623,2024-09-01,20.63,1361.9,R-016,False,none
C-00624,2024-09-01,815.88,811.78,R-022,False,none
C-00625,2024-09-01,313.62,1466.73,R-038,False,none
C-00626,2024-09-01,131.87,2299.48,R-007,False,none
C-00627,2024-09-01,124.39,1579.41,R-017,False,none
C-00628,2024-09-01,1164.93,206.53,R-011,False,none
C-00629,2024-09-01,52.56,1041.37,R-056,False,none
C-00630,2024-09-01,40.54,1386.92,R-056,False,none
C-00631,2024-09-01,110.79,407.19,R-046,False,none
C-00632,2024-09-01,12.34,1373.42,R-015,False,none
C-00633,2024-09-01,292.57,2949.28,R-037,False,none
C-00634,2024-09-01,2593.42,26.32,R-040,False,none
C-00635,2024-09-01,3565.32,446.63,R-053,False,none
C-00636,2024-09-01,261.83,3867.7,R-010,False,none
C-00637,2024-09-01,5.14,528.83,R-045,False,none
C-00638,2024-09-01,537.53,952.21,R-012,False,none
C-00639,2024-09-01,931.92,284.4,R-035,False,none
C-00640,2024-09-01,157.97,6290.14,R-053,False,none
C-00641,2024-09-01,55.84,3005.19,R-004,False,none
C-00642,2024-09-01,992.01,339.48,R-009,False,none
C-00643,2024-09-01,20.08,1022.24,R-049,False,none
C-00644,2024-09-01,262.84,247.14,R-002,False,none
C-00645,2024-09-01,1131.92,1075.52,R-042,False,none
C-00646,2024-09-01,25.51,421.5,R-031,False,none
C-00647,2024-09-01,107.94,793.02,R-021,False,none
C-00648,2024-09-01,163.77,87.02,R-052,False,none
C-00649,2024-09-01,352.02,352.77,R-051,False,none
C-00650,2024-09-01,147.55,811.08,R-020,False,none
C-00651,2024-09-01,176.41,162.4,R-001,False,none
C-00652,2024-09-01,450.92,44.44,R-008,False,none
C-00653,2024-09-01,1777.73,175.56,R-007,False,none
C-00654,2024-09-01,887.38,59.67,R-059,False,none
C-00655,2024-09-01,260.25,32.59,R-036,False,none
C-00656,2024-09-01,190.35,273.54,R-041,False,none
C-00657,2024-09-01,7041.04,446.19,R-014,False,none
C-00658,2024-09-01,50.99,1277.67,R-052,True,tamper
C-00659,2024-09-01,1342.47,2169.76,R-044,False,none
C-00660,2024-09-01,182.03,1627.67,R-046,False,none
C-00661,2024-09-01,2188.53,2283.61,R-029,False,none
C-00662,2024-09-01,1345.56,4338.95,R-042,False,none
C-00663,2024-09-01,393.87,85.94,R-033,False,none
C-00664,2024-09-01,1114.35,6842.33,R-024,False,none
C-00665,2024-09-01,302.43,1233.51,R-036,False,none
C-00666,2024-09-01,219.3,3694.81,R-020,False,none
C-00667,2024-09-01,177.96,2652.4,R-058,False,none
C-00668,2024-09-01,160.52,849.57,R-044,True,tamper
C-00669,2024-09-01,137.64,1411.32,R-045,False,none
C-00670,2024-09-01,3679.96,738.41,R-044,False,none
C-00671,2024-09-01,518.35,642.45,R-027,False,none
C-00672,2024-09-01,40.14,926.51,R-058,False,none
C-00673,2024-09-01,89.14,479.38,R-013,False,none
C-00674,2024-09-01,160.92,121.25,R-035,True,tamper
C-00675,2024-09-01,94.68,589.58,R-005,False,none
C-00676,2024-09-01,39.95,255.78,R-018,False,none
C-00677,2024-09-01,37.63,1313.35,R-035,True,kunda
C-00678,2024-09-01,215.75,365.71,R-030,False,none
C-00679,2024-09-01,70.58,137.49,R-057,False,none
C-00680,2024-09-01,308.21,671.56,R-037,False,none
C-00681,2024-09-01,670.93,899.88,R-025,False,none
C-00682,2024-09-01,151.36,329.12,R-026,False,none
C-00683,2024-09-01,218.53,614.6,R-037,False,none
C-00684,2024-09-01,670.53,369.08,R-048,False,none
C-00685,2024-09-01,102.12,1994.7,R-017,False,none
C-00686,2024-09-01,3183.27,626.72,R-036,False,none
C-00687,2024-09-01,238.94,828.1,R-035,False,none
C-00688,2024-09-01,58.38,876.73,R-001,False,none
C-00689,2024-09-01,350.35,2305.07,R-055,False,none
C-00690,2024-09-01,1346.46,1277.7,R-035,False,none
C-00691,2024-09-01,307.73,82.0,R-015,False,none
C-00692,2024-09-01,33.32,900.99,R-039,False,none
C-00693,2024-09-01,544.84,412.15,R-041,False,none
C-00694,2024-09-01,160.52,952.35,R-055,False,none
C-00695,2024-09-01,110.35,1687.56,R-003,False,none
C-00696,2024-09-01,198.97,371.41,R-025,False,none
C-00697,2024-09-01,477.69,1800.23,R-011,True,collusion
C-00698,2024-09-01,222.34,1276.25,R-035,False,none
C-00699,2024-09-01,588.54,64.79,R-031,False,none
C-00700,2024-09-01,351.37,2140.65,R-029,False,none
C-00701,2024-09-01,132.81,3408.71,R-059,False,none
C-00702,2024-09-01,235.93,1328.13,R-032,False,none
C-00703,2024-09-01,15.79,492.45,R-025,True,kunda
C-00704,2024-09-01,393.98,53.23,R-005,False,none
C-00705,2024-09-01,339.81,1307.19,R-018,False,none
C-00706,2024-09-01,210.63,483.01,R-054,False,none
C-00707,2024-09-01,32.53,417.66,R-028,False,none
C-00708,2024-09-01,66.8,1981.97,R-055,False,none
C-00709,2024-09-01,545.61,1742.19,R-032,False,none
C-00710,2024-09-01,76.78,3840.67,R-033,False,none
C-00711,2024-09-01,54.89,437.35,R-026,False,none
C-00712,2024-09-01,447.98,1594.96,R-034,False,none
C-00713,2024-09-01,114.34,838.26,R-005,False,none
C-00714,2024-09-01,331.62,1906.61,R-004,False,none
C-00715,2024-09-01,10.92,500.9,R-029,True,kunda
C-00716,2024-09-01,203.98,404.03,R-036,False,none
C-00717,2024-09-01,198.67,1096.17,R-034,False,none
C-00718,2024-09-01,287.83,824.61,R-026,False,none
C-00719,2024-09-01,319.15,1968.4,R-018,False,none
C-00720,2024-09-01,114.94,2028.26,R-043,False,none
C-00721,2024-09-01,927.97,784.67,R-037,False,none
C-00722,2024-09-01,201.11,790.25,R-003,False,none
C-00723,2024-09-01,181.95,1818.14,R-028,False,none
C-00724,2024-09-01,56.44,2309.5,R-043,False,none
C-00725,2024-09-01,234.21,70.28,R-048,False,none
C-00726,2024-09-01,388.13,108.66,R-018,False,none
C-00727,2024-09-01,44.02,2629.89,R-056,False,none
C-00728,2024-09-01,6832.44,530.93,R-040,False,none
C-00729,2024-09-01,326.62,415.61,R-027,False,none
C-00730,2024-09-01,471.63,703.23,R-038,False,none
C-00731,2024-09-01,366.87,967.0,R-053,False,none
C-00732,2024-09-01,134.27,952.2,R-014,False,none
C-00733,2024-09-01,61.94,205.63,R-010,True,tamper
C-00734,2024-09-01,344.55,486.87,R-027,False,none
C-00735,2024-09-01,14.16,195.04,R-006,False,none
C-00736,2024-09-01,170.33,2278.71,R-051,False,none
C-00737,2024-09-01,211.03,285.73,R-059,False,none
C-00738,2024-09-01,304.96,1760.92,R-037,False,none
C-00739,2024-09-01,523.48,2071.14,R-059,False,none
C-00740,2024-09-01,344.46,2077.65,R-005,False,none
C-00741,2024-09-01,634.36,144.16,R-038,False,none
C-00742,2024-09-01,868.43,983.41,R-027,False,none
C-00743,2024-09-01,57.25,951.05,R-017,False,none
C-00744,2024-09-01,41.62,1513.22,R-019,False,none
C-00745,2024-09-01,43.0,936.27,R-033,False,none
C-00746,2024-09-01,67.64,172.79,R-039,False,none
C-00747,2024-09-01,2358.63,3321.15,R-010,False,none
C-00748,2024-09-01,199.34,2026.04,R-037,False,none
C-00749,2024-09-01,699.87,596.01,R-056,False,none
C-00750,2024-09-01,84.85,1200.99,R-001,False,none
C-00751,2024-09-01,43.51,1496.59,R-053,False,none
C-00752,2024-09-01,3725.17,2973.16,R-037,False,none
C-00753,2024-09-01,14.07,1721.99,R-021,True,kunda
C-00754,2024-09-01,408.93,1241.97,R-045,False,none
C-00755,2024-09-01,442.93,6913.79,R-038,False,none
C-00756,2024-09-01,44.28,1705.87,R-047,False,none
C-00757,2024-09-01,267.71,3820.32,R-005,False,none
C-00758,2024-09-01,106.06,833.59,R-004,False,none
C-00759,2024-09-01,119.41,1784.71,R-039,False,none
C-00760,2024-09-01,59.09,836.65,R-019,False,none
C-00761,2024-09-01,30.74,2807.26,R-015,False,none
C-00762,2024-09-01,255.37,2237.5,R-026,True,tamper
C-00763,2024-09-01,286.92,2665.51,R-044,False,none
C-00764,2024-09-01,447.62,379.08,R-011,False,none
C-00765,2024-09-01,625.18,2894.73,R-059,False,none
C-00766,2024-09-01,650.01,214.52,R-026,False,none
C-00767,2024-09-01,409.39,1198.0,R-010,False,none
C-00768,2024-09-01,1632.95,304.0,R-005,False,none
C-00769,2024-09-01,217.97,2734.59,R-052,False,none
C-00770,2024-09-01,110.92,107.96,R-007,False,none
C-00771,2024-09-01,219.37,96.7,R-026,False,none
C-00772,2024-09-01,334.04,1535.21,R-041,False,none
C-00773,2024-09-01,693.86,267.52,R-031,False,none
C-00774,2024-09-01,216.31,2446.16,R-016,False,none
C-00775,2024-09-01,269.9,2143.59,R-007,False,none
C-00776,2024-09-01,92.29,2352.36,R-043,False,none
C-00777,2024-09-01,196.33,350.68,R-030,False,none
C-00778,2024-09-01,483.39,2574.2,R-003,False,none
C-00779,2024-09-01,184.6,307.83,R-011,False,none
C-00780,2024-09-01,24.67,4703.5,R-034,True,kunda
C-00781,2024-09-01,229.39,2752.91,R-011,False,none
C-00782,2024-09-01,111.8,344.41,R-024,False,none
C-00783,2024-09-01,139.17,145.45,R-008,False,none
C-00784,2024-09-01,27.79,682.79,R-048,False,none
C-00785,2024-09-01,283.94,1228.22,R-038,False,none
C-00786,2024-09-01,333.0,1048.04,R-048,False,none
C-00787,2024-09-01,392.9,802.87,R-004,False,none
C-00788,2024-09-01,42.89,3348.12,R-023,False,none
C-00789,2024-09-01,409.63,740.32,R-017,False,none
C-00790,2024-09-01,361.72,23.16,R-038,False,none
C-00791,2024-09-01,802.56,1210.02,R-050,False,none
C-00792,2024-09-01,196.53,1830.15,R-014,False,none
C-00793,2024-09-01,784.34,472.66,R-047,False,none
C-00794,2024-09-01,30.53,6703.07,R-035,True,kunda
C-00795,2024-09-01,489.07,4281.39,R-050,False,none
C-00796,2024-09-01,428.66,993.65,R-005,False,none
C-00797,2024-09-01,128.52,3696.49,R-060,False,none
C-00798,2024-09-01,102.33,2380.03,R-027,False,none
C-00799,2024-09-01,354.27,2100.47,R-017,False,none
C-00800,2024-09-01,27.49,1218.9,R-011,False,none
C-00801,2024-09-01,314.25,545.12,R-060,True,collusion
C-00802,2024-09-01,107.96,2002.53,R-054,False,none
C-00803,2024-09-01,134.14,326.18,R-008,True,tamper
C-00804,2024-09-01,563.29,541.46,R-027,False,none
C-00805,2024-09-01,212.05,2674.22,R-045,False,none
C-00806,2024-09-01,616.28,1731.64,R-036,False,none
C-00807,2024-09-01,2193.73,2156.85,R-012,False,none
C-00808,2024-09-01,212.78,801.46,R-022,False,none
C-00809,2024-09-01,210.17,1426.38,R-023,False,none
C-00810,2024-09-01,580.8,1728.64,R-018,False,none
C-00811,2024-09-01,623.41,1329.91,R-058,False,none
C-00812,2024-09-01,126.33,5325.05,R-013,True,tamper
C-00813,2024-09-01,349.44,400.65,R-043,False,none
C-00814,2024-09-01,254.82,832.93,R-055,False,none
C-00815,2024-09-01,330.67,545.25,R-048,False,none
C-00816,2024-09-01,31.45,1384.4,R-048,False,none
C-00817,2024-09-01,140.77,2118.84,R-010,False,none
C-00818,2024-09-01,33.09,2027.36,R-008,False,none
C-00819,2024-09-01,39.69,1650.84,R-047,False,none
C-00820,2024-09-01,346.45,1143.66,R-045,False,none
C-00821,2024-09-01,37.5,3380.14,R-045,False,none
C-00822,2024-09-01,246.62,738.22,R-026,True,tamper
C-00823,2024-09-01,305.98,660.54,R-032,False,none
C-00824,2024-09-01,174.76,3827.88,R-001,False,none
C-00825,2024-09-01,478.65,1472.2,R-018,False,none
C-00826,2024-09-01,351.78,1255.07,R-032,False,none
C-00827,2024-09-01,87.49,2604.83,R-008,False,none
C-00828,2024-09-01,669.18,815.33,R-008,False,none
C-00829,2024-09-01,3208.82,1482.93,R-003,False,none
C-00830,2024-09-01,244.84,1114.82,R-013,False,none
C-00831,2024-09-01,235.46,15.81,R-060,False,none
C-00832,2024-09-01,213.87,860.97,R-042,False,none
C-00833,2024-09-01,680.39,106.96,R-057,False,none
C-00834,2024-09-01,380.93,297.85,R-016,False,none
C-00835,2024-09-01,19.09,1871.28,R-036,True,kunda
C-00836,2024-09-01,98.07,595.54,R-054,False,none
C-00837,2024-09-01,64.12,738.2,R-022,False,none
C-00838,2024-09-01,204.26,106.61,R-040,False,none
C-00839,2024-09-01,291.66,2729.35,R-042,False,none
C-00840,2024-09-01,438.18,1334.61,R-050,False,none
C-00841,2024-09-01,330.17,704.12,R-059,False,none
C-00842,2024-09-01,164.97,288.12,R-037,True,tamper
C-00843,2024-09-01,1324.69,822.85,R-035,False,none
C-00844,2024-09-01,319.39,527.44,R-053,False,none
C-00845,2024-09-01,1064.56,1968.06,R-042,False,none
C-00846,2024-09-01,19.6,3583.22,R-022,False,none
C-00847,2024-09-01,27.36,117.06,R-038,False,none
C-00848,2024-09-01,360.39,1034.23,R-033,False,none
C-00849,2024-09-01,183.35,2720.32,R-014,False,none
C-00850,2024-09-01,174.25,428.76,R-031,False,none
C-00851,2024-09-01,759.19,1531.4,R-038,False,none
C-00852,2024-09-01,115.8,250.23,R-055,False,none
C-00853,2024-09-01,474.54,424.59,R-035,False,none
C-00854,2024-09-01,2176.58,2107.07,R-010,False,none
C-00855,2024-09-01,22.44,2104.84,R-060,False,none
C-00856,2024-09-01,316.93,516.96,R-035,False,none
C-00857,2024-09-01,1157.07,160.13,R-018,False,none
C-00858,2024-09-01,211.24,1784.84,R-046,False,none
C-00859,2024-09-01,30.8,204.72,R-024,False,none
C-00860,2024-09-01,124.41,1503.94,R-023,False,none
C-00861,2024-09-01,29.84,1549.56,R-051,False,none
C-00862,2024-09-01,281.72,2429.74,R-053,False,none
C-00863,2024-09-01,57.05,1677.33,R-032,False,none
C-00864,2024-09-01,30.28,2182.32,R-023,True,kunda
C-00865,2024-09-01,737.51,4235.43,R-052,False,none
C-00866,2024-09-01,231.44,1066.22,R-011,False,none
C-00867,2024-09-01,116.07,920.56,R-045,False,none
C-00868,2024-09-01,77.22,2824.15,R-036,False,none
C-00869,2024-09-01,2743.76,2021.69,R-052,False,none
C-00870,2024-09-01,135.39,101.96,R-026,False,none
C-00871,2024-09-01,98.06,156.75,R-050,False,none
C-00872,2024-09-01,238.49,2032.07,R-001,False,none
C-00873,2024-09-01,495.87,2507.58,R-046,False,none
C-00874,2024-09-01,308.43,535.38,R-005,False,none
C-00875,2024-09-01,24.77,1403.4,R-039,False,none
C-00876,2024-09-01,219.0,1760.22,R-012,False,none
C-00877,2024-09-01,40.16,3831.81,R-058,False,none
C-00878,2024-09-01,148.29,2525.16,R-047,False,none
C-00879,2024-09-01,385.11,487.23,R-007,False,none
C-00880,2024-09-01,80.09,42.03,R-054,False,none
C-00881,2024-09-01,67.43,1828.23,R-016,False,none
C-00882,2024-09-01,626.49,2020.39,R-033,True,collusion
C-00883,2024-09-01,136.43,2204.56,R-006,False,none
C-00884,2024-09-01,77.5,131.28,R-007,False,none
C-00885,2024-09-01,5814.75,87.39,R-015,False,none
C-00886,2024-09-01,481.66,1483.24,R-033,False,none
C-00887,2024-09-01,326.73,434.58,R-033,False,none
C-00888,2024-09-01,249.33,3325.98,R-052,False,none
C-00889,2024-09-01,459.42,2435.85,R-010,False,none
C-00890,2024-09-01,194.74,1027.88,R-045,False,none
C-00891,2024-09-01,257.43,767.49,R-001,False,none
C-00892,2024-09-01,129.05,5886.72,R-018,False,none
C-00893,2024-09-01,89.07,562.43,R-011,False,none
C-00894,2024-09-01,13.98,1238.16,R-008,False,none
C-00895,2024-09-01,166.84,928.64,R-036,False,none
C-00896,2024-09-01,28.58,2638.15,R-055,False,none
C-00897,2024-09-01,406.83,2388.09,R-041,False,none
C-00898,2024-09-01,87.31,2905.83,R-052,False,none
C-00899,2024-09-01,1294.49,248.91,R-036,False,none
C-00900,2024-09-01,649.72,4146.79,R-004,False,none
C-00901,2024-09-01,63.03,1727.29,R-021,False,none
C-00902,2024-09-01,312.44,2276.77,R-050,False,none
C-00903,2024-09-01,372.12,68.53,R-003,False,none
C-00904,2024-09-01,149.86,1492.28,R-006,False,none
C-00905,2024-09-01,524.26,4339.99,R-051,False,none
C-00906,2024-09-01,212.25,1379.08,R-004,False,none
C-00907,2024-09-01,69.45,1305.13,R-058,False,none
C-00908,2024-09-01,393.93,2605.7,R-046,False,none
C-00909,2024-09-01,483.63,64.2,R-040,False,none
C-00910,2024-09-01,268.93,4941.04,R-033,False,none
C-00911,2024-09-01,642.35,3122.5,R-006,False,none
C-00912,2024-09-01,321.97,2418.42,R-025,False,none
C-00913,2024-09-01,161.01,873.25,R-049,False,none
C-00914,2024-09-01,333.73,1261.49,R-055,False,none
C-00915,2024-09-01,711.15,493.25,R-027,False,none
C-00916,2024-09-01,847.62,880.34,R-051,True,tamper
C-00917,2024-09-01,695.98,358.12,R-047,False,none
C-00918,2024-09-01,155.28,512.69,R-004,False,none
C-00919,2024-09-01,61.5,688.26,R-038,True,tamper
C-00920,2024-09-01,1298.74,696.16,R-037,False,none
C-00921,2024-09-01,838.4,789.86,R-033,False,none
C-00922,2024-09-01,442.51,111.74,R-047,False,none
C-00923,2024-09-01,245.46,144.67,R-054,False,none
C-00924,2024-09-01,30.27,1326.76,R-034,True,kunda
C-00925,2024-09-01,480.96,1526.66,R-020,False,none
C-00926,2024-09-01,78.43,437.01,R-059,False,none
C-00927,2024-09-01,285.09,135.19,R-058,False,none
C-00928,2024-09-01,232.61,1415.19,R-042,False,none
C-00929,2024-09-01,149.74,632.49,R-039,True,tamper
C-00930,2024-09-01,327.58,2432.6,R-007,False,none
C-00931,2024-09-01,92.93,2000.84,R-025,False,none
C-00932,2024-09-01,493.48,898.57,R-012,False,none
C-00933,2024-09-01,178.45,5058.86,R-031,False,none
C-00934,2024-09-01,10.07,158.82,R-050,True,kunda
C-00935,2024-09-01,68.72,654.95,R-014,False,none
C-00936,2024-09-01,96.27,1895.92,R-060,False,none
C-00937,2024-09-01,209.03,129.99,R-008,False,none
C-00938,2024-09-01,382.88,211.73,R-006,False,none
C-00939,2024-09-01,22.83,1655.41,R-059,False,none
C-00940,2024-09-01,236.48,2022.97,R-007,False,none
C-00941,2024-09-01,107.36,687.96,R-045,False,none
C-00942,2024-09-01,205.72,373.7,R-046,False,none
C-00943,2024-09-01,270.44,322.15,R-020,False,none
C-00944,2024-09-01,429.51,1899.07,R-004,False,none
C-00945,2024-09-01,352.72,4592.72,R-019,False,none
C-00946,2024-09-01,198.42,631.36,R-005,False,none
C-00947,2024-09-01,253.76,773.78,R-041,True,collusion
C-00948,2024-09-01,8.7,689.87,R-054,True,kunda
C-00949,2024-09-01,1981.44,1795.82,R-060,False,none
C-00950,2024-09-01,251.2,1056.13,R-049,False,none
C-00951,2024-09-01,602.71,752.47,R-047,True,tamper
C-00952,2024-09-01,10348.27,1770.24,R-053,False,none
C-00953,2024-09-01,68.42,6862.52,R-047,False,none
C-00954,2024-09-01,346.39,3509.04,R-040,False,none
C-00955,2024-09-01,422.99,1205.38,R-060,False,none
C-00956,2024-09-01,3255.48,2212.74,R-020,False,none
C-00957,2024-09-01,68.96,3208.46,R-025,False,none
C-00958,2024-09-01,132.71,580.31,R-055,False,none
C-00959,2024-09-01,252.69,1869.29,R-019,True,tamper
C-00960,2024-09-01,156.68,1308.6,R-018,False,none
C-00961,2024-09-01,173.31,2183.99,R-010,False,none
C-00962,2024-09-01,85.66,367.84,R-017,False,none
C-00963,2024-09-01,4018.95,553.08,R-036,False,none
C-00964,2024-09-01,541.67,200.3,R-054,False,none
C-00965,2024-09-01,25.72,1716.44,R-009,False,none
C-00966,2024-09-01,741.35,2088.86,R-041,False,none
C-00967,2024-09-01,243.41,1052.9,R-046,False,none
C-00968,2024-09-01,24.43,461.51,R-054,False,none
C-00969,2024-09-01,150.04,240.37,R-046,False,none
C-00970,2024-09-01,673.42,4016.91,R-010,False,none
C-00971,2024-09-01,107.74,1512.68,R-030,True,tamper
C-00972,2024-09-01,849.46,33.71,R-058,False,none
C-00973,2024-09-01,203.83,7304.25,R-055,False,none
C-00974,2024-09-01,213.58,2531.25,R-037,True,tamper
C-00975,2024-09-01,115.08,1663.45,R-058,False,none
C-00976,2024-09-01,109.63,3657.06,R-041,False,none
C-00977,2024-09-01,236.87,310.75,R-004,True,collusion
C-00978,2024-09-01,76.3,1862.55,R-055,False,none
C-00979,2024-09-01,169.65,456.92,R-011,True,collusion
C-00980,2024-09-01,18.82,495.89,R-023,True,kunda
C-00981,2024-09-01,733.59,2487.15,R-015,False,none
C-00982,2024-09-01,60.11,1241.91,R-044,False,none
C-00983,2024-09-01,241.53,1299.68,R-002,False,none
C-00984,2024-09-01,91.24,849.04,R-039,False,none
C-00985,2024-09-01,314.06,1959.63,R-052,False,none
C-00986,2024-09-01,93.54,957.42,R-048,False,none
C-00987,2024-09-01,34.46,4690.73,R-019,True,kunda
C-00988,2024-09-01,43.12,391.83,R-054,False,none
C-00989,2024-09-01,31.97,1241.72,R-022,False,none
C-00990,2024-09-01,22.19,30.86,R-041,False,none
C-00991,2024-09-01,29.82,2069.57,R-031,False,none
C-00992,2024-09-01,313.09,4011.85,R-005,False,none
C-00993,2024-09-01,447.71,284.62,R-001,False,none
C-00994,2024-09-01,2976.01,299.63,R-011,False,none
C-00995,2024-09-01,97.69,2858.59,R-057,False,none
C-00996,2024-09-01,217.98,855.88,R-058,False,none
C-00997,2024-09-01,97.94,1356.91,R-025,True,tamper
C-00998,2024-09-01,325.87,86.48,R-059,False,none
C-00999,2024-09-01,402.51,841.01,R-003,True,tamper
C-01000,2024-09-01,234.48,2141.86,R-059,False,none
C-01001,2024-09-01,400.9,3964.85,R-014,False,none
C-01002,2024-09-01,688.9,1637.57,R-003,False,none
C-01003,2024-09-01,542.21,1568.57,R-046,False,none
C-01004,2024-09-01,1039.74,1731.03,R-023,False,none
C-01005,2024-09-01,89.88,717.36,R-018,False,none
C-01006,2024-09-01,504.67,1112.27,R-046,False,none
C-01007,2024-09-01,115.17,139.23,R-020,False,none
C-01008,2024-09-01,418.18,1900.25,R-046,False,none
C-01009,2024-09-01,333.41,3941.37,R-012,False,none
C-01010,2024-09-01,298.43,438.49,R-006,False,none
C-01011,2024-09-01,11.19,3405.51,R-020,False,none
C-01012,2024-09-01,681.19,705.88,R-037,False,none
C-01013,2024-09-01,22.97,1380.18,R-014,False,none
C-01014,2024-09-01,307.17,39.51,R-009,False,none
C-01015,2024-09-01,37.79,1728.59,R-045,False,none
C-01016,2024-09-01,117.62,1695.03,R-030,False,none
C-01017,2024-09-01,1869.4,643.9,R-026,False,none
C-01018,2024-09-01,129.98,3814.29,R-015,False,none
C-01019,2024-09-01,261.23,2014.49,R-002,False,none
C-01020,2024-09-01,361.9,1236.93,R-004,False,none
C-01021,2024-09-01,401.84,245.28,R-041,False,none
C-01022,2024-09-01,654.57,445.93,R-005,False,none
C-01023,2024-09-01,314.7,285.46,R-015,False,none
C-01024,2024-09-01,2126.19,2630.64,R-055,False,none
C-01025,2024-09-01,71.4,2623.53,R-021,False,none
C-01026,2024-09-01,432.94,713.84,R-045,False,none
C-01027,2024-09-01,242.25,6234.21,R-021,False,none
C-01028,2024-09-01,383.97,1192.67,R-056,False,none
C-01029,2024-09-01,303.9,1415.56,R-050,False,none
C-01030,2024-09-01,69.36,1886.48,R-029,False,none
C-01031,2024-09-01,94.33,1548.37,R-042,False,none
C-01032,2024-09-01,20.2,2381.08,R-025,False,none
C-01033,2024-09-01,51.86,74.85,R-057,False,none
C-01034,2024-09-01,27.3,1925.64,R-022,False,none
C-01035,2024-09-01,28.53,686.58,R-051,False,none
C-01036,2024-09-01,134.14,2774.41,R-037,True,kunda
C-01037,2024-09-01,88.18,1520.76,R-039,False,none
C-01038,2024-09-01,266.73,2693.23,R-022,False,none
C-01039,2024-09-01,273.46,2901.04,R-050,False,none
C-01040,2024-09-01,162.62,1599.99,R-045,False,none
C-01041,2024-09-01,199.96,3157.57,R-049,False,none
C-01042,2024-09-01,53.75,1567.3,R-049,False,none
C-01043,2024-09-01,48.81,1110.32,R-010,False,none
C-01044,2024-09-01,30.84,1676.99,R-053,False,none
C-01045,2024-09-01,590.51,2124.22,R-051,False,none
C-01046,2024-09-01,550.92,1913.41,R-015,False,none
C-01047,2024-09-01,191.76,247.02,R-059,False,none
C-01048,2024-09-01,174.37,1111.82,R-032,False,none
C-01049,2024-09-01,139.2,3088.63,R-020,False,none
C-01050,2024-09-01,81.74,2415.34,R-014,False,none
C-01051,2024-09-01,241.83,3962.31,R-022,False,none
C-01052,2024-09-01,34.56,657.83,R-003,False,none
C-01053,2024-09-01,287.64,258.13,R-042,False,none
C-01054,2024-09-01,787.95,2297.88,R-043,False,none
C-01055,2024-09-01,63.35,3238.53,R-041,False,none
C-01056,2024-09-01,95.13,1859.36,R-033,False,none
C-01057,2024-09-01,58.85,1988.62,R-022,False,none
C-01058,2024-09-01,14.42,3881.89,R-044,False,none
C-01059,2024-09-01,311.8,1644.96,R-053,False,none
C-01060,2024-09-01,145.2,772.84,R-006,False,none
C-01061,2024-09-01,131.61,3938.14,R-023,False,none
C-01062,2024-09-01,127.38,1946.87,R-060,False,none
C-01063,2024-09-01,376.39,274.67,R-052,False,none
C-01064,2024-09-01,27.7,3129.42,R-060,False,none
C-01065,2024-09-01,502.47,1597.45,R-011,False,none
C-01066,2024-09-01,31.79,3578.45,R-028,True,tamper
C-01067,2024-09-01,365.98,2709.36,R-008,False,none
C-01068,2024-09-01,90.73,1936.8,R-052,False,none
C-01069,2024-09-01,89.1,367.83,R-032,False,none
C-01070,2024-09-01,186.79,1575.91,R-015,False,none
C-01071,2024-09-01,304.0,274.37,R-006,False,none
C-01072,2024-09-01,44.36,2172.61,R-045,False,none
C-01073,2024-09-01,356.87,502.22,R-049,False,none
C-01074,2024-09-01,366.32,858.84,R-053,False,none
C-01075,2024-09-01,357.17,280.99,R-059,False,none
C-01076,2024-09-01,552.88,349.81,R-049,False,none
C-01077,2024-09-01,57.96,3201.47,R-048,False,none
C-01078,2024-09-01,359.29,1216.99,R-049,False,none
C-01079,2024-09-01,152.7,92.03,R-060,False,none
C-01080,2024-09-01,51.17,1347.19,R-028,True,tamper
C-01081,2024-09-01,832.52,270.84,R-046,False,none
C-01082,2024-09-01,1433.9,813.03,R-050,False,none
C-01083,2024-09-01,55.95,400.02,R-007,False,none
C-01084,2024-09-01,34.63,3058.37,R-042,False,none
C-01085,2024-09-01,445.93,1011.91,R-021,False,none
C-01086,2024-09-01,160.75,2745.4,R-008,False,none
C-01087,2024-09-01,225.43,1433.0,R-011,False,none
C-01088,2024-09-01,352.25,794.78,R-007,False,none
C-01089,2024-09-01,20.08,392.43,R-054,False,none
C-01090,2024-09-01,116.95,3917.3,R-047,True,tamper
C-01091,2024-09-01,161.32,1943.95,R-007,False,none
C-01092,2024-09-01,112.4,288.8,R-038,False,none
C-01093,2024-09-01,126.15,1630.72,R-040,False,none
C-01094,2024-09-01,384.73,723.94,R-032,False,none
C-01095,2024-09-01,395.48,1961.86,R-037,False,none
C-01096,2024-09-01,530.85,3906.21,R-055,False,none
C-01097,2024-09-01,334.51,200.82,R-032,False,none
C-01098,2024-09-01,402.58,719.72,R-040,False,none
C-01099,2024-09-01,46.67,236.96,R-035,False,none
C-01100,2024-09-01,53.15,1503.5,R-024,False,none
C-01101,2024-09-01,60.32,956.95,R-054,False,none
C-01102,2024-09-01,301.9,522.42,R-025,False,none
C-01103,2024-09-01,65.31,1513.5,R-048,False,none
C-01104,2024-09-01,59.4,375.65,R-037,False,none
C-01105,2024-09-01,875.81,1805.58,R-042,False,none
C-01106,2024-09-01,784.13,307.01,R-046,False,none
C-01107,2024-09-01,227.86,682.09,R-045,False,none
C-01108,2024-09-01,322.04,1942.68,R-034,False,none
C-01109,2024-09-01,260.21,3081.15,R-037,False,none
C-01110,2024-09-01,47.77,2875.42,R-031,False,none
C-01111,2024-09-01,208.26,1148.43,R-021,False,none
C-01112,2024-09-01,3569.49,45.81,R-044,False,none
C-01113,2024-09-01,4160.8,2366.36,R-053,False,none
C-01114,2024-09-01,238.66,1874.32,R-043,False,none
C-01115,2024-09-01,258.35,2780.84,R-047,False,none
C-01116,2024-09-01,1282.49,1780.77,R-050,False,none
C-01117,2024-09-01,947.69,1612.25,R-023,False,none
C-01118,2024-09-01,169.48,711.89,R-004,False,none
C-01119,2024-09-01,14.8,1486.48,R-021,False,none
C-01120,2024-09-01,714.73,1893.34,R-046,False,none
C-01121,2024-09-01,429.37,850.18,R-049,False,none
C-01122,2024-09-01,28.53,3176.35,R-031,False,none
C-01123,2024-09-01,4758.51,449.23,R-047,False,none
C-01124,2024-09-01,1770.01,975.51,R-005,False,none
C-01125,2024-09-01,982.2,4117.35,R-039,False,none
C-01126,2024-09-01,396.75,136.77,R-041,False,none
C-01127,2024-09-01,62.63,666.06,R-031,False,none
C-01128,2024-09-01,283.34,1987.17,R-043,False,none
C-01129,2024-09-01,148.48,1586.63,R-030,False,none
C-01130,2024-09-01,495.46,107.22,R-032,False,none
C-01131,2024-09-01,116.17,3725.76,R-037,False,none
C-01132,2024-09-01,250.92,708.74,R-048,False,none
C-01133,2024-09-01,126.72,3372.03,R-015,False,none
C-01134,2024-09-01,366.91,1232.97,R-019,False,none
C-01135,2024-09-01,118.25,924.38,R-026,False,none
C-01136,2024-09-01,372.49,4695.21,R-013,False,none
C-01137,2024-09-01,37.74,1301.74,R-021,False,none
C-01138,2024-09-01,67.56,579.67,R-022,False,none
C-01139,2024-09-01,1082.34,2573.16,R-019,False,none
C-01140,2024-09-01,11.63,3783.01,R-025,False,none
C-01141,2024-09-01,103.77,367.12,R-031,False,none
C-01142,2024-09-01,419.03,243.56,R-042,False,none
C-01143,2024-09-01,422.92,641.89,R-019,False,none
C-01144,2024-09-01,13.71,3105.79,R-051,False,none
C-01145,2024-09-01,507.74,215.94,R-029,False,none
C-01146,2024-09-01,427.33,659.38,R-044,False,none
C-01147,2024-09-01,152.57,1957.58,R-007,False,none
C-01148,2024-09-01,156.35,564.2,R-011,False,none
C-01149,2024-09-01,360.91,20.37,R-028,False,none
C-01150,2024-09-01,305.35,18.71,R-022,False,none
C-01151,2024-09-01,36.18,2121.36,R-030,False,none
C-01152,2024-09-01,358.96,1059.21,R-010,False,none
C-01153,2024-09-01,617.55,2400.04,R-029,False,none
C-01154,2024-09-01,466.7,105.79,R-042,False,none
C-01155,2024-09-01,479.13,5936.11,R-044,False,none
C-01156,2024-09-01,468.69,7229.21,R-015,False,none
C-01157,2024-09-01,445.27,721.68,R-021,False,none
C-01158,2024-09-01,156.71,416.75,R-032,False,none
C-01159,2024-09-01,439.58,668.34,R-032,False,none
C-01160,2024-09-01,52.89,798.06,R-048,False,none
C-01161,2024-09-01,215.07,4821.8,R-024,False,none
C-01162,2024-09-01,102.56,681.51,R-041,False,none
C-01163,2024-09-01,813.01,204.63,R-054,False,none
C-01164,2024-09-01,96.62,1078.65,R-018,False,none
C-01165,2024-09-01,116.35,2019.38,R-050,False,none
C-01166,2024-09-01,14.13,2254.99,R-020,True,kunda
C-01167,2024-09-01,330.78,3387.61,R-021,False,none
C-01168,2024-09-01,109.64,1838.39,R-040,False,none
C-01169,2024-09-01,123.67,796.94,R-038,False,none
C-01170,2024-09-01,1104.78,3691.78,R-033,False,none
C-01171,2024-09-01,559.73,2264.78,R-014,False,none
C-01172,2024-09-01,162.0,634.65,R-006,False,none
C-01173,2024-09-01,534.18,1852.57,R-055,False,none
C-01174,2024-09-01,140.27,890.31,R-053,False,none
C-01175,2024-09-01,83.98,1069.93,R-054,False,none
C-01176,2024-09-01,36.46,93.84,R-031,False,none
C-01177,2024-09-01,26.86,30.76,R-054,False,none
C-01178,2024-09-01,660.11,655.77,R-029,False,none
C-01179,2024-09-01,362.36,1482.92,R-005,False,none
C-01180,2024-09-01,327.25,3564.22,R-012,False,none
C-01181,2024-09-01,269.78,192.73,R-017,False,none
C-01182,2024-09-01,363.46,945.22,R-023,False,none
C-01183,2024-09-01,397.91,32.09,R-057,False,none
C-01184,2024-09-01,264.97,474.62,R-020,True,tamper
C-01185,2024-09-01,10.79,885.24,R-037,False,none
C-01186,2024-09-01,217.74,4992.23,R-017,False,none
C-01187,2024-09-01,272.3,66.96,R-039,False,none
C-01188,2024-09-01,205.96,378.33,R-035,False,none
C-01189,2024-09-01,5.59,832.62,R-010,False,none
C-01190,2024-09-01,449.96,3111.43,R-028,False,none
C-01191,2024-09-01,128.72,155.35,R-007,False,none
C-01192,2024-09-01,215.56,140.72,R-054,False,none
C-01193,2024-09-01,114.7,519.34,R-043,False,none
C-01194,2024-09-01,201.05,700.22,R-057,False,none
C-01195,2024-09-01,819.14,2274.29,R-053,False,none
C-01196,2024-09-01,1587.98,1075.53,R-014,False,none
C-01197,2024-09-01,78.63,439.86,R-043,False,none
C-01198,2024-09-01,1043.05,506.14,R-007,False,none
C-01199,2024-09-01,285.34,1130.46,R-058,False,none
C-01200,2024-09-01,1548.24,1325.78,R-048,False,none
C-01201,2024-09-01,6275.87,2829.49,R-041,False,none
C-01202,2024-09-01,235.45,702.54,R-060,False,none
C-01203,2024-09-01,16.76,832.32,R-051,False,none
C-01204,2024-09-01,887.7,1152.14,R-052,False,none
C-01205,2024-09-01,2016.47,1326.96,R-007,False,none
C-01206,2024-09-01,4619.68,1927.35,R-002,False,none
C-01207,2024-09-01,498.05,581.33,R-058,False,none
C-01208,2024-09-01,140.84,1453.08,R-016,False,none
C-01209,2024-09-01,57.18,1218.51,R-026,False,none
C-01210,2024-09-01,286.15,520.43,R-003,False,none
C-01211,2024-09-01,12.03,6399.51,R-038,True,kunda
C-01212,2024-09-01,725.47,1141.93,R-050,False,none
C-01213,2024-09-01,53.79,5.68,R-051,False,none
C-01214,2024-09-01,248.31,257.48,R-035,False,none
C-01215,2024-09-01,428.71,4185.35,R-040,False,none
C-01216,2024-09-01,122.9,1814.81,R-031,False,none
C-01217,2024-09-01,183.86,189.53,R-027,False,none
C-01218,2024-09-01,401.41,2814.32,R-034,False,none
C-01219,2024-09-01,123.58,1944.78,R-057,False,none
C-01220,2024-09-01,50.92,1212.89,R-016,False,none
C-01221,2024-09-01,109.15,283.05,R-029,False,none
C-01222,2024-09-01,414.19,6891.86,R-037,False,none
C-01223,2024-09-01,316.33,1976.89,R-035,False,none
C-01224,2024-09-01,35.04,1700.33,R-002,False,none
C-01225,2024-09-01,133.69,70.59,R-018,False,none
C-01226,2024-09-01,35.36,677.29,R-039,False,none
C-01227,2024-09-01,149.28,420.17,R-042,False,none
C-01228,2024-09-01,1069.2,1016.99,R-045,False,none
C-01229,2024-09-01,152.42,260.67,R-060,False,none
C-01230,2024-09-01,250.2,1530.32,R-041,False,none
C-01231,2024-09-01,847.07,2153.3,R-035,False,none
C-01232,2024-09-01,183.34,965.41,R-020,False,none
C-01233,2024-09-01,227.59,3486.69,R-023,False,none
C-01234,2024-09-01,214.5,3645.03,R-050,False,none
C-01235,2024-09-01,602.84,769.99,R-029,False,none
C-01236,2024-09-01,1169.31,638.71,R-043,False,none
C-01237,2024-09-01,462.31,428.75,R-008,False,none
C-01238,2024-09-01,300.94,201.12,R-008,False,none
C-01239,2024-09-01,3661.7,2568.68,R-013,False,none
C-01240,2024-09-01,293.16,948.61,R-012,False,none
C-01241,2024-09-01,367.92,1329.12,R-037,False,none
C-01242,2024-09-01,59.43,1951.76,R-039,False,none
C-01243,2024-09-01,336.42,180.99,R-034,False,none
C-01244,2024-09-01,22.15,26.87,R-018,True,kunda
C-01245,2024-09-01,97.1,15.57,R-035,False,none
C-01246,2024-09-01,537.94,510.2,R-008,False,none
C-01247,2024-09-01,339.98,789.87,R-029,False,none
C-01248,2024-09-01,33.87,39.0,R-010,False,none
C-01249,2024-09-01,404.38,174.24,R-005,False,none
C-01250,2024-09-01,235.65,558.73,R-010,False,none
C-01251,2024-09-01,909.93,1556.94,R-007,False,none
C-01252,2024-09-01,196.76,317.48,R-029,False,none
C-01253,2024-09-01,1270.19,537.29,R-033,False,none
C-01254,2024-09-01,172.77,517.3,R-037,True,tamper
C-01255,2024-09-01,369.33,1390.69,R-027,False,none
C-01256,2024-09-01,422.03,508.44,R-011,False,none
C-01257,2024-09-01,299.88,427.99,R-002,False,none
C-01258,2024-09-01,77.43,203.03,R-043,True,tamper
C-01259,2024-09-01,291.16,2041.25,R-059,False,none
C-01260,2024-09-01,61.16,255.61,R-017,False,none
C-01261,2024-09-01,831.43,1168.84,R-013,False,none
C-01262,2024-09-01,573.9,4725.59,R-019,False,none
C-01263,2024-09-01,294.88,2426.8,R-013,False,none
C-01264,2024-09-01,114.13,1051.19,R-014,False,none
C-01265,2024-09-01,232.53,4277.73,R-030,False,none
C-01266,2024-09-01,132.79,926.55,R-048,False,none
C-01267,2024-09-01,459.83,1294.48,R-043,False,none
C-01268,2024-09-01,137.08,567.5,R-058,False,none
C-01269,2024-09-01,297.93,414.98,R-022,False,none
C-01270,2024-09-01,570.21,5312.81,R-030,False,none
C-01271,2024-09-01,435.48,4912.41,R-023,False,none
C-01272,2024-09-01,631.6,2588.09,R-003,False,none
C-01273,2024-09-01,26.07,191.49,R-024,False,none
C-01274,2024-09-01,66.04,510.03,R-016,False,none
C-01275,2024-09-01,364.9,805.58,R-029,False,none
C-01276,2024-09-01,293.28,46.92,R-010,False,none
C-01277,2024-09-01,398.38,2399.72,R-045,False,none
C-01278,2024-09-01,102.28,2169.61,R-051,False,none
C-01279,2024-09-01,643.01,280.02,R-058,False,none
C-01280,2024-09-01,467.32,951.38,R-006,False,none
C-01281,2024-09-01,5.38,448.39,R-008,True,kunda
C-01282,2024-09-01,7.8,156.27,R-058,False,none
C-01283,2024-09-01,83.22,482.43,R-051,False,none
C-01284,2024-09-01,37.23,491.62,R-036,False,none
C-01285,2024-09-01,137.32,771.38,R-020,True,tamper
C-01286,2024-09-01,682.84,1995.74,R-032,False,none
C-01287,2024-09-01,606.07,244.89,R-033,False,none
C-01288,2024-09-01,131.27,1242.2,R-051,False,none
C-01289,2024-09-01,212.93,119.41,R-032,False,none
C-01290,2024-09-01,36.39,177.69,R-002,False,none
C-01291,2024-09-01,26.89,1250.07,R-042,True,kunda
C-01292,2024-09-01,180.56,781.73,R-047,False,none
C-01293,2024-09-01,405.85,1677.4,R-018,False,none
C-01294,2024-09-01,57.76,4993.52,R-007,False,none
C-01295,2024-09-01,3307.15,2476.16,R-009,False,none
C-01296,2024-09-01,302.91,1056.57,R-051,False,none
C-01297,2024-09-01,234.42,1042.56,R-027,False,none
C-01298,2024-09-01,126.74,176.01,R-032,False,none
C-01299,2024-09-01,137.83,502.51,R-058,False,none
C-01300,2024-09-01,215.57,172.32,R-004,True,collusion
C-01301,2024-09-01,5275.02,946.62,R-013,False,none
C-01302,2024-09-01,402.81,2152.86,R-050,False,none
C-01303,2024-09-01,93.86,5306.02,R-033,True,collusion
C-01304,2024-09-01,1110.52,100.45,R-002,False,none
C-01305,2024-09-01,100.15,258.15,R-043,False,none
C-01306,2024-09-01,397.58,2372.44,R-009,False,none
C-01307,2024-09-01,798.96,2787.9,R-047,False,none
C-01308,2024-09-01,723.91,1337.33,R-048,False,none
C-01309,2024-09-01,72.41,1031.69,R-050,False,none
C-01310,2024-09-01,141.64,228.66,R-028,False,none
C-01311,2024-09-01,1207.48,271.32,R-017,False,none
C-01312,2024-09-01,213.6,312.85,R-053,False,none
C-01313,2024-09-01,248.26,2499.47,R-034,False,none
C-01314,2024-09-01,150.41,650.85,R-039,False,none
C-01315,2024-09-01,224.07,293.26,R-009,False,none
C-01316,2024-09-01,164.01,542.64,R-038,False,none
C-01317,2024-09-01,359.96,274.08,R-035,False,none
C-01318,2024-09-01,2527.21,1425.07,R-018,True,tamper
C-01319,2024-09-01,610.31,777.45,R-047,False,none
C-01320,2024-09-01,254.09,3008.19,R-009,False,none
C-01321,2024-09-01,218.41,771.06,R-044,False,none
C-01322,2024-09-01,15.19,746.38,R-058,False,none
C-01323,2024-09-01,201.55,841.71,R-035,False,none
C-01324,2024-09-01,1302.3,855.86,R-007,False,none
C-01325,2024-09-01,271.55,72.92,R-034,False,none
C-01326,2024-09-01,269.49,4793.59,R-032,False,none
C-01327,2024-09-01,3356.42,2603.95,R-034,False,none
C-01328,2024-09-01,137.43,539.07,R-017,False,none
C-01329,2024-09-01,748.99,76.68,R-038,False,none
C-01330,2024-09-01,59.23,5343.85,R-016,False,none
C-01331,2024-09-01,60.69,1603.87,R-034,False,none
C-01332,2024-09-01,578.83,252.78,R-036,False,none
C-01333,2024-09-01,186.63,878.39,R-039,False,none
C-01334,2024-09-01,246.43,856.85,R-048,False,none
C-01335,2024-09-01,700.78,598.09,R-053,False,none
C-01336,2024-09-01,461.8,408.76,R-047,False,none
C-01337,2024-09-01,210.02,2704.94,R-048,False,none
C-01338,2024-09-01,181.31,3135.86,R-053,False,none
C-01339,2024-09-01,83.38,689.58,R-015,False,none
C-01340,2024-09-01,174.24,1254.0,R-018,False,none
C-01341,2024-09-01,634.28,2179.18,R-032,False,none
C-01342,2024-09-01,973.98,3466.48,R-028,False,none
C-01343,2024-09-01,32.23,1449.6,R-043,True,kunda
C-01344,2024-09-01,11.42,541.83,R-001,False,none
C-01345,2024-09-01,35.87,1656.65,R-009,True,kunda
C-01346,2024-09-01,752.66,1916.4,R-045,False,none
C-01347,2024-09-01,9.54,1412.98,R-050,True,kunda
C-01348,2024-09-01,512.63,2941.12,R-019,False,none
C-01349,2024-09-01,439.7,1918.75,R-019,False,none
C-01350,2024-09-01,19.18,924.55,R-034,False,none
C-01351,2024-09-01,30.0,176.33,R-029,False,none
C-01352,2024-09-01,12.87,1512.44,R-011,False,none
C-01353,2024-09-01,710.18,1286.65,R-031,False,none
C-01354,2024-09-01,449.98,2174.52,R-050,False,none
C-01355,2024-09-01,22.22,460.76,R-044,True,kunda
C-01356,2024-09-01,59.72,3857.15,R-050,False,none
C-01357,2024-09-01,89.04,361.9,R-039,False,none
C-01358,2024-09-01,1459.97,4775.53,R-053,False,none
C-01359,2024-09-01,174.21,1516.61,R-015,False,none
C-01360,2024-09-01,283.21,2836.69,R-003,False,none
C-01361,2024-09-01,340.44,1347.04,R-007,False,none
C-01362,2024-09-01,158.25,388.38,R-060,False,none
C-01363,2024-09-01,591.44,2035.74,R-039,False,none
C-01364,2024-09-01,348.63,143.85,R-015,False,none
C-01365,2024-09-01,80.99,564.18,R-052,False,none
C-01366,2024-09-01,176.01,3307.02,R-019,False,none
C-01367,2024-09-01,34.34,1278.37,R-036,False,none
C-01368,2024-09-01,170.62,591.82,R-015,False,none
C-01369,2024-09-01,114.91,1627.79,R-006,True,tamper
C-01370,2024-09-01,696.41,721.63,R-017,False,none
C-01371,2024-09-01,472.93,2386.9,R-014,False,none
C-01372,2024-09-01,282.43,1077.8,R-034,False,none
C-01373,2024-09-01,109.2,170.74,R-002,True,tamper
C-01374,2024-09-01,318.75,784.85,R-015,False,none
C-01375,2024-09-01,694.39,539.01,R-035,False,none
C-01376,2024-09-01,36.13,1120.87,R-024,False,none
C-01377,2024-09-01,74.03,923.74,R-039,False,none
C-01378,2024-09-01,433.91,1329.77,R-040,False,none
C-01379,2024-09-01,576.44,3589.99,R-058,False,none
C-01380,2024-09-01,156.33,479.85,R-051,False,none
C-01381,2024-09-01,145.72,154.32,R-014,False,none
C-01382,2024-09-01,219.96,2016.86,R-042,False,none
C-01383,2024-09-01,3741.08,639.07,R-038,False,none
C-01384,2024-09-01,128.08,1527.93,R-036,False,none
C-01385,2024-09-01,43.64,1315.38,R-048,False,none
C-01386,2024-09-01,52.7,129.05,R-009,False,none
C-01387,2024-09-01,232.55,1429.75,R-023,False,none
C-01388,2024-09-01,67.1,4159.76,R-049,False,none
C-01389,2024-09-01,66.37,444.26,R-054,False,none
C-01390,2024-09-01,234.1,557.45,R-003,False,none
C-01391,2024-09-01,714.13,924.39,R-029,False,none
C-01392,2024-09-01,26.22,784.78,R-016,False,none
C-01393,2024-09-01,109.56,359.81,R-011,False,none
C-01394,2024-09-01,323.63,408.9,R-004,False,none
C-01395,2024-09-01,101.56,1959.83,R-033,False,none
C-01396,2024-09-01,1444.77,1030.41,R-041,False,none
C-01397,2024-09-01,273.87,381.73,R-032,False,none
C-01398,2024-09-01,3577.14,1189.93,R-023,False,none
C-01399,2024-09-01,6.62,2420.86,R-047,True,kunda
C-01400,2024-09-01,559.51,3524.7,R-040,False,none
C-01401,2024-09-01,172.35,112.16,R-055,False,none
C-01402,2024-09-01,123.14,298.42,R-021,False,none
C-01403,2024-09-01,159.35,1481.51,R-015,False,none
C-01404,2024-09-01,58.81,2802.07,R-028,True,tamper
C-01405,2024-09-01,252.98,2929.17,R-031,False,none
C-01406,2024-09-01,32.79,1142.59,R-028,False,none
C-01407,2024-09-01,88.69,491.28,R-050,False,none
C-01408,2024-09-01,212.14,3807.11,R-003,False,none
C-01409,2024-09-01,764.47,5324.57,R-032,False,none
C-01410,2024-09-01,18.93,2608.65,R-026,False,none
C-01411,2024-09-01,83.76,327.08,R-013,False,none
C-01412,2024-09-01,674.78,1122.04,R-039,False,none
C-01413,2024-09-01,77.46,2379.48,R-049,False,none
C-01414,2024-09-01,215.95,641.52,R-033,False,none
C-01415,2024-09-01,247.27,2046.69,R-006,False,none
C-01416,2024-09-01,222.09,1454.67,R-005,False,none
C-01417,2024-09-01,109.9,1404.33,R-026,False,none
C-01418,2024-09-01,192.41,1227.94,R-041,False,none
C-01419,2024-09-01,174.72,2555.82,R-019,False,none
C-01420,2024-09-01,65.45,914.38,R-019,False,none
C-01421,2024-09-01,11.02,842.77,R-052,False,none
C-01422,2024-09-01,64.67,1469.95,R-001,False,none
C-01423,2024-09-01,157.83,7736.48,R-005,False,none
C-01424,2024-09-01,292.17,1924.88,R-010,False,none
C-01425,2024-09-01,559.71,160.43,R-060,False,none
C-01426,2024-09-01,70.7,885.72,R-030,False,none
C-01427,2024-09-01,125.05,924.24,R-010,False,none
C-01428,2024-09-01,263.75,1199.03,R-019,False,none
C-01429,2024-09-01,204.27,2709.72,R-059,False,none
C-01430,2024-09-01,812.96,1183.16,R-042,False,none
C-01431,2024-09-01,7.22,4922.59,R-014,True,kunda
C-01432,2024-09-01,1546.7,156.17,R-015,True,tamper
C-01433,2024-09-01,375.74,100.35,R-005,True,tamper
C-01434,2024-09-01,51.57,206.1,R-047,False,none
C-01435,2024-09-01,13.24,113.17,R-009,False,none
C-01436,2024-09-01,114.01,4751.76,R-018,False,none
C-01437,2024-09-01,182.2,1402.22,R-021,False,none
C-01438,2024-09-01,235.83,1601.84,R-038,False,none
C-01439,2024-09-01,168.9,816.49,R-037,False,none
C-01440,2024-09-01,998.24,1909.28,R-048,False,none
C-01441,2024-09-01,68.01,2626.53,R-018,False,none
C-01442,2024-09-01,256.45,2850.0,R-024,False,none
C-01443,2024-09-01,105.11,777.81,R-024,False,none
C-01444,2024-09-01,45.79,2852.66,R-003,False,none
C-01445,2024-09-01,94.22,642.04,R-045,False,none
C-01446,2024-09-01,515.31,186.88,R-033,False,none
C-01447,2024-09-01,164.66,3770.5,R-029,False,none
C-01448,2024-09-01,47.31,6578.63,R-060,False,none
C-01449,2024-09-01,46.39,133.88,R-011,False,none
C-01450,2024-09-01,463.74,223.77,R-059,False,none
C-01451,2024-09-01,122.2,1237.19,R-041,False,none
C-01452,2024-09-01,587.63,4397.96,R-014,False,none
C-01453,2024-09-01,474.2,1724.39,R-041,False,none
C-01454,2024-09-01,287.37,4320.05,R-046,False,none
C-01455,2024-09-01,96.54,510.78,R-022,False,none
C-01456,2024-09-01,11.8,308.16,R-021,True,kunda
C-01457,2024-09-01,94.09,20.33,R-051,False,none
C-01458,2024-09-01,366.98,2952.37,R-010,False,none
C-01459,2024-09-01,58.22,237.96,R-001,False,none
C-01460,2024-09-01,564.76,821.0,R-040,False,none
C-01461,2024-09-01,4200.11,879.37,R-055,False,none
C-01462,2024-09-01,145.5,390.1,R-031,True,collusion
C-01463,2024-09-01,241.3,546.93,R-009,False,none
C-01464,2024-09-01,252.0,579.24,R-033,False,none
C-01465,2024-09-01,751.49,817.53,R-016,True,tamper
C-01466,2024-09-01,49.49,928.47,R-050,False,none
C-01467,2024-09-01,97.03,1098.8,R-037,False,none
C-01468,2024-09-01,406.59,702.72,R-021,False,none
C-01469,2024-09-01,1431.7,730.26,R-038,False,none
C-01470,2024-09-01,333.27,6790.96,R-041,False,none
C-01471,2024-09-01,40.04,1954.21,R-041,False,none
C-01472,2024-09-01,132.62,351.26,R-022,True,collusion
C-01473,2024-09-01,718.44,65.14,R-035,False,none
C-01474,2024-09-01,242.91,2306.67,R-003,False,none
C-01475,2024-09-01,1358.47,1064.09,R-025,False,none
C-01476,2024-09-01,246.29,2167.8,R-023,False,none
C-01477,2024-09-01,454.27,341.34,R-033,True,collusion
C-01478,2024-09-01,99.81,2175.83,R-058,False,none
C-01479,2024-09-01,576.92,142.33,R-058,False,none
C-01480,2024-09-01,947.86,1392.48,R-029,False,none
C-01481,2024-09-01,536.88,3560.43,R-039,False,none
C-01482,2024-09-01,24.46,2606.67,R-007,True,kunda
C-01483,2024-09-01,5.81,252.74,R-029,True,kunda
C-01484,2024-09-01,463.94,154.83,R-042,False,none
C-01485,2024-09-01,192.62,637.58,R-041,True,collusion
C-01486,2024-09-01,985.29,2464.67,R-058,False,none
C-01487,2024-09-01,120.06,1249.44,R-028,False,none
C-01488,2024-09-01,139.59,2664.12,R-055,False,none
C-01489,2024-09-01,161.83,41.5,R-059,False,none
C-01490,2024-09-01,59.95,5062.56,R-035,False,none
C-01491,2024-09-01,126.6,1740.62,R-006,False,none
C-01492,2024-09-01,142.41,921.3,R-023,False,none
C-01493,2024-09-01,19.21,2996.3,R-046,True,kunda
C-01494,2024-09-01,26.84,3923.42,R-035,False,none
C-01495,2024-09-01,6.03,2874.04,R-057,True,kunda
C-01496,2024-09-01,405.04,168.88,R-049,False,none
C-01497,2024-09-01,338.14,1488.33,R-004,False,none
C-01498,2024-09-01,452.43,1749.84,R-052,False,none
C-01499,2024-09-01,282.48,1005.26,R-022,False,none
C-01500,2024-09-01,12.58,1420.45,R-050,False,none
C-00001,2024-10-01,191.06,557.1,R-006,False,none
C-00002,2024-10-01,88.22,4090.42,R-029,False,none
C-00003,2024-10-01,231.32,216.8,R-040,False,none
C-00004,2024-10-01,144.44,184.33,R-004,False,none
C-00005,2024-10-01,60.73,1068.8,R-024,False,none
C-00006,2024-10-01,185.74,4338.55,R-016,False,none
C-00007,2024-10-01,233.24,269.47,R-003,False,none
C-00008,2024-10-01,1588.7,3568.31,R-049,False,none
C-00009,2024-10-01,83.71,2551.61,R-027,False,none
C-00010,2024-10-01,257.13,235.28,R-046,False,none
C-00011,2024-10-01,386.02,1490.29,R-036,True,tamper
C-00012,2024-10-01,440.74,1224.62,R-053,False,none
C-00013,2024-10-01,47.49,2859.62,R-060,False,none
C-00014,2024-10-01,67.94,11482.97,R-037,False,none
C-00015,2024-10-01,171.69,1038.11,R-022,False,none
C-00016,2024-10-01,23.74,721.28,R-026,False,none
C-00017,2024-10-01,82.78,323.8,R-050,False,none
C-00018,2024-10-01,179.82,1694.67,R-026,False,none
C-00019,2024-10-01,197.11,365.14,R-032,False,none
C-00020,2024-10-01,599.85,4118.39,R-012,False,none
C-00021,2024-10-01,294.21,2826.36,R-060,False,none
C-00022,2024-10-01,239.21,3850.59,R-040,False,none
C-00023,2024-10-01,65.18,2076.54,R-020,False,none
C-00024,2024-10-01,1156.93,390.03,R-036,False,none
C-00025,2024-10-01,361.77,460.73,R-025,False,none
C-00026,2024-10-01,346.65,1633.24,R-010,False,none
C-00027,2024-10-01,47.25,5063.64,R-053,False,none
C-00028,2024-10-01,21.59,633.21,R-054,False,none
C-00029,2024-10-01,462.9,2601.77,R-051,False,none
C-00030,2024-10-01,179.35,364.78,R-023,False,none
C-00031,2024-10-01,169.54,9754.85,R-016,False,none
C-00032,2024-10-01,386.45,1257.84,R-003,True,tamper
C-00033,2024-10-01,15.29,71.55,R-044,False,none
C-00034,2024-10-01,96.5,725.18,R-020,False,none
C-00035,2024-10-01,2140.61,1668.91,R-054,False,none
C-00036,2024-10-01,68.18,1940.42,R-053,False,none
C-00037,2024-10-01,861.67,989.82,R-008,False,none
C-00038,2024-10-01,263.99,14.23,R-056,False,none
C-00039,2024-10-01,28.86,49.96,R-009,False,none
C-00040,2024-10-01,84.13,59.48,R-030,False,none
C-00041,2024-10-01,166.65,1793.98,R-029,True,tamper
C-00042,2024-10-01,48.63,675.51,R-058,False,none
C-00043,2024-10-01,384.7,908.44,R-040,False,none
C-00044,2024-10-01,197.04,345.69,R-053,False,none
C-00045,2024-10-01,59.83,3441.53,R-036,False,none
C-00046,2024-10-01,77.27,939.79,R-050,False,none
C-00047,2024-10-01,125.03,585.27,R-052,True,tamper
C-00048,2024-10-01,16.78,1227.45,R-052,False,none
C-00049,2024-10-01,44.16,595.19,R-025,False,none
C-00050,2024-10-01,285.39,242.41,R-023,False,none
C-00051,2024-10-01,371.49,543.09,R-060,False,none
C-00052,2024-10-01,317.18,817.09,R-046,False,none
C-00053,2024-10-01,505.13,423.18,R-056,True,tamper
C-00054,2024-10-01,64.14,338.39,R-035,False,none
C-00055,2024-10-01,78.18,1379.18,R-056,False,none
C-00056,2024-10-01,72.85,474.51,R-044,False,none
C-00057,2024-10-01,45.36,826.5,R-045,False,none
C-00058,2024-10-01,110.49,35.76,R-011,False,none
C-00059,2024-10-01,374.33,3017.27,R-035,False,none
C-00060,2024-10-01,3699.38,1438.99,R-044,False,none
C-00061,2024-10-01,540.04,45.38,R-046,False,none
C-00062,2024-10-01,3.04,461.73,R-058,True,kunda
C-00063,2024-10-01,247.36,787.36,R-020,False,none
C-00064,2024-10-01,238.29,1058.39,R-019,False,none
C-00065,2024-10-01,124.85,371.19,R-059,False,none
C-00066,2024-10-01,823.64,92.78,R-060,False,none
C-00067,2024-10-01,442.05,237.32,R-011,False,none
C-00068,2024-10-01,95.23,3501.99,R-023,False,none
C-00069,2024-10-01,210.83,535.89,R-057,False,none
C-00070,2024-10-01,29.02,7887.28,R-012,False,none
C-00071,2024-10-01,63.89,1502.15,R-047,False,none
C-00072,2024-10-01,14.54,519.72,R-007,False,none
C-00073,2024-10-01,22.83,2421.89,R-011,False,none
C-00074,2024-10-01,19.67,2678.16,R-048,False,none
C-00075,2024-10-01,34.4,19.86,R-037,True,kunda
C-00076,2024-10-01,235.06,1234.04,R-034,False,none
C-00077,2024-10-01,161.86,437.3,R-052,False,none
C-00078,2024-10-01,109.44,1065.8,R-019,False,none
C-00079,2024-10-01,174.86,3607.75,R-031,False,none
C-00080,2024-10-01,285.02,174.97,R-037,False,none
C-00081,2024-10-01,69.66,427.11,R-045,False,none
C-00082,2024-10-01,15.38,1497.1,R-020,False,none
C-00083,2024-10-01,632.76,122.08,R-039,False,none
C-00084,2024-10-01,31.78,639.93,R-027,False,none
C-00085,2024-10-01,60.75,319.5,R-033,False,none
C-00086,2024-10-01,249.87,3102.05,R-052,False,none
C-00087,2024-10-01,522.3,1484.86,R-024,False,none
C-00088,2024-10-01,593.85,1179.34,R-041,False,none
C-00089,2024-10-01,141.96,1117.39,R-057,False,none
C-00090,2024-10-01,54.31,1023.94,R-046,False,none
C-00091,2024-10-01,59.3,1020.61,R-060,False,none
C-00092,2024-10-01,31.34,20.7,R-036,False,none
C-00093,2024-10-01,257.75,183.04,R-017,False,none
C-00094,2024-10-01,194.85,953.28,R-060,True,collusion
C-00095,2024-10-01,166.72,2846.47,R-039,True,tamper
C-00096,2024-10-01,284.17,900.65,R-015,False,none
C-00097,2024-10-01,96.02,1583.6,R-020,False,none
C-00098,2024-10-01,413.3,2624.43,R-016,False,none
C-00099,2024-10-01,61.15,0.31,R-051,False,none
C-00100,2024-10-01,252.09,3067.35,R-006,False,none
C-00101,2024-10-01,74.65,4394.96,R-045,False,none
C-00102,2024-10-01,58.48,714.47,R-034,False,none
C-00103,2024-10-01,444.07,11024.68,R-005,False,none
C-00104,2024-10-01,675.54,57.64,R-037,False,none
C-00105,2024-10-01,263.66,358.73,R-046,False,none
C-00106,2024-10-01,190.13,226.15,R-044,False,none
C-00107,2024-10-01,186.14,1467.6,R-032,False,none
C-00108,2024-10-01,219.51,2744.0,R-021,False,none
C-00109,2024-10-01,469.67,3106.68,R-010,False,none
C-00110,2024-10-01,103.2,800.52,R-001,False,none
C-00111,2024-10-01,173.62,2413.11,R-022,False,none
C-00112,2024-10-01,80.17,1491.96,R-038,False,none
C-00113,2024-10-01,178.56,687.77,R-003,False,none
C-00114,2024-10-01,394.77,3246.89,R-060,False,none
C-00115,2024-10-01,247.66,2384.83,R-036,False,none
C-00116,2024-10-01,1231.73,1252.27,R-018,False,none
C-00117,2024-10-01,307.94,4267.14,R-058,False,none
C-00118,2024-10-01,25.61,153.5,R-012,False,none
C-00119,2024-10-01,194.59,2249.03,R-058,False,none
C-00120,2024-10-01,64.96,1009.92,R-017,False,none
C-00121,2024-10-01,30.84,722.26,R-023,False,none
C-00122,2024-10-01,276.02,3928.27,R-026,False,none
C-00123,2024-10-01,1993.26,867.55,R-060,False,none
C-00124,2024-10-01,3.43,162.59,R-016,True,kunda
C-00125,2024-10-01,22.05,989.91,R-059,False,none
C-00126,2024-10-01,208.68,2018.52,R-021,False,none
C-00127,2024-10-01,49.51,358.28,R-018,False,none
C-00128,2024-10-01,87.86,20.37,R-039,False,none
C-00129,2024-10-01,116.75,2025.67,R-042,False,none
C-00130,2024-10-01,38.95,650.91,R-021,False,none
C-00131,2024-10-01,242.93,3198.2,R-009,False,none
C-00132,2024-10-01,108.84,2011.21,R-024,False,none
C-00133,2024-10-01,381.29,1135.21,R-033,False,none
C-00134,2024-10-01,56.06,352.84,R-003,False,none
C-00135,2024-10-01,50.02,1375.35,R-005,False,none
C-00136,2024-10-01,79.91,19.82,R-056,False,none
C-00137,2024-10-01,303.36,205.33,R-003,False,none
C-00138,2024-10-01,14.29,1046.57,R-025,False,none
C-00139,2024-10-01,85.62,620.07,R-046,False,none
C-00140,2024-10-01,112.96,1330.58,R-020,False,none
C-00141,2024-10-01,60.89,273.83,R-030,False,none
C-00142,2024-10-01,1016.22,185.94,R-006,False,none
C-00143,2024-10-01,76.62,2026.41,R-048,False,none
C-00144,2024-10-01,9.58,3103.41,R-039,True,kunda
C-00145,2024-10-01,294.82,859.12,R-052,False,none
C-00146,2024-10-01,1851.86,2431.7,R-052,False,none
C-00147,2024-10-01,165.94,2234.36,R-022,False,none
C-00148,2024-10-01,96.95,69.89,R-003,False,none
C-00149,2024-10-01,89.51,4035.44,R-021,False,none
C-00150,2024-10-01,14.37,130.77,R-009,True,kunda
C-00151,2024-10-01,240.59,4719.04,R-032,False,none
C-00152,2024-10-01,243.31,1480.2,R-009,False,none
C-00153,2024-10-01,259.33,1311.2,R-056,False,none
C-00154,2024-10-01,283.07,110.84,R-037,False,none
C-00155,2024-10-01,3671.93,2126.92,R-016,False,none
C-00156,2024-10-01,50.0,123.39,R-056,False,none
C-00157,2024-10-01,243.99,1406.43,R-047,False,none
C-00158,2024-10-01,23.92,258.76,R-027,False,none
C-00159,2024-10-01,24.03,2510.83,R-009,False,none
C-00160,2024-10-01,209.54,815.04,R-021,False,none
C-00161,2024-10-01,310.8,503.27,R-036,False,none
C-00162,2024-10-01,1377.78,2940.02,R-046,False,none
C-00163,2024-10-01,745.68,51.78,R-016,False,none
C-00164,2024-10-01,2387.89,4328.94,R-045,False,none
C-00165,2024-10-01,3131.16,2638.78,R-017,False,none
C-00166,2024-10-01,1196.39,1115.6,R-015,False,none
C-00167,2024-10-01,93.47,2513.42,R-027,False,none
C-00168,2024-10-01,291.98,765.44,R-010,False,none
C-00169,2024-10-01,86.09,3309.93,R-025,False,none
C-00170,2024-10-01,483.41,1974.94,R-022,True,collusion
C-00171,2024-10-01,74.29,2975.43,R-017,False,none
C-00172,2024-10-01,344.44,1880.12,R-047,True,tamper
C-00173,2024-10-01,261.3,1538.58,R-020,False,none
C-00174,2024-10-01,92.11,728.29,R-042,False,none
C-00175,2024-10-01,261.74,1214.01,R-044,False,none
C-00176,2024-10-01,267.11,2941.31,R-040,False,none
C-00177,2024-10-01,1.99,2831.68,R-017,True,kunda
C-00178,2024-10-01,882.01,1700.16,R-050,False,none
C-00179,2024-10-01,283.95,125.23,R-015,False,none
C-00180,2024-10-01,244.3,4480.46,R-017,False,none
C-00181,2024-10-01,64.38,3442.23,R-053,False,none
C-00182,2024-10-01,205.89,1513.09,R-021,False,none
C-00183,2024-10-01,191.55,730.34,R-042,False,none
C-00184,2024-10-01,124.53,337.69,R-003,False,none
C-00185,2024-10-01,36.89,611.28,R-037,False,none
C-00186,2024-10-01,595.38,484.38,R-053,False,none
C-00187,2024-10-01,109.01,1675.17,R-043,True,kunda
C-00188,2024-10-01,20.32,371.31,R-035,True,kunda
C-00189,2024-10-01,511.27,182.46,R-051,False,none
C-00190,2024-10-01,213.92,7873.68,R-018,False,none
C-00191,2024-10-01,329.69,1846.71,R-023,True,tamper
C-00192,2024-10-01,67.44,1562.8,R-005,False,none
C-00193,2024-10-01,18.27,2390.49,R-042,False,none
C-00194,2024-10-01,141.56,1309.24,R-044,False,none
C-00195,2024-10-01,16.55,291.49,R-046,False,none
C-00196,2024-10-01,258.8,1087.91,R-045,False,none
C-00197,2024-10-01,78.54,1192.35,R-008,False,none
C-00198,2024-10-01,55.82,294.93,R-040,False,none
C-00199,2024-10-01,361.77,129.81,R-046,True,tamper
C-00200,2024-10-01,427.07,8.57,R-013,False,none
C-00201,2024-10-01,265.44,1229.25,R-029,False,none
C-00202,2024-10-01,473.06,1423.36,R-055,False,none
C-00203,2024-10-01,355.15,770.55,R-025,False,none
C-00204,2024-10-01,58.13,2676.22,R-046,False,none
C-00205,2024-10-01,95.87,1682.49,R-032,False,none
C-00206,2024-10-01,816.7,1000.84,R-040,False,none
C-00207,2024-10-01,175.31,74.77,R-038,False,none
C-00208,2024-10-01,60.79,667.79,R-040,False,none
C-00209,2024-10-01,43.84,890.67,R-047,False,none
C-00210,2024-10-01,165.98,5289.31,R-055,False,none
C-00211,2024-10-01,79.27,1050.3,R-018,False,none
C-00212,2024-10-01,228.56,82.72,R-056,False,none
C-00213,2024-10-01,82.18,54.11,R-038,False,none
C-00214,2024-10-01,309.97,4169.17,R-036,False,none
C-00215,2024-10-01,175.25,228.14,R-020,False,none
C-00216,2024-10-01,94.58,3659.05,R-026,False,none
C-00217,2024-10-01,988.26,535.65,R-040,True,tamper
C-00218,2024-10-01,283.04,522.51,R-022,False,none
C-00219,2024-10-01,35.51,2021.32,R-018,False,none
C-00220,2024-10-01,150.42,1841.71,R-050,False,none
C-00221,2024-10-01,280.61,682.49,R-025,False,none
C-00222,2024-10-01,120.33,4332.21,R-039,False,none
C-00223,2024-10-01,190.49,2472.43,R-002,False,none
C-00224,2024-10-01,137.33,327.26,R-005,False,none
C-00225,2024-10-01,144.7,2112.0,R-051,False,none
C-00226,2024-10-01,22.97,1450.98,R-009,False,none
C-00227,2024-10-01,50.87,156.12,R-048,False,none
C-00228,2024-10-01,121.4,781.67,R-055,False,none
C-00229,2024-10-01,201.95,4263.91,R-029,False,none
C-00230,2024-10-01,362.71,1377.17,R-054,False,none
C-00231,2024-10-01,3542.34,2275.39,R-026,False,none
C-00232,2024-10-01,536.21,213.53,R-058,False,none
C-00233,2024-10-01,68.57,1859.8,R-015,False,none
C-00234,2024-10-01,25.11,4398.9,R-026,False,none
C-00235,2024-10-01,339.79,3256.19,R-024,False,none
C-00236,2024-10-01,50.09,132.5,R-048,False,none
C-00237,2024-10-01,255.25,2529.14,R-003,False,none
C-00238,2024-10-01,391.21,1776.37,R-050,False,none
C-00239,2024-10-01,134.46,912.91,R-002,False,none
C-00240,2024-10-01,270.93,5354.46,R-019,False,none
C-00241,2024-10-01,424.61,1134.26,R-036,False,none
C-00242,2024-10-01,15.69,32.54,R-009,False,none
C-00243,2024-10-01,18.32,1659.39,R-030,False,none
C-00244,2024-10-01,367.97,1886.41,R-060,False,none
C-00245,2024-10-01,447.93,1843.94,R-050,False,none
C-00246,2024-10-01,57.13,1078.67,R-002,False,none
C-00247,2024-10-01,211.58,5066.73,R-036,False,none
C-00248,2024-10-01,170.1,4306.5,R-036,False,none
C-00249,2024-10-01,4189.53,479.04,R-005,False,none
C-00250,2024-10-01,4.9,1136.31,R-040,True,kunda
C-00251,2024-10-01,142.72,1979.21,R-032,False,none
C-00252,2024-10-01,27.57,1482.12,R-041,False,none
C-00253,2024-10-01,349.39,1631.69,R-018,False,none
C-00254,2024-10-01,358.07,2253.95,R-016,False,none
C-00255,2024-10-01,155.89,1663.73,R-045,False,none
C-00256,2024-10-01,62.07,407.68,R-044,False,none
C-00257,2024-10-01,1118.89,574.29,R-010,False,none
C-00258,2024-10-01,115.71,1151.05,R-013,False,none
C-00259,2024-10-01,151.26,6879.7,R-036,False,none
C-00260,2024-10-01,129.75,2301.1,R-050,False,none
C-00261,2024-10-01,6.94,776.88,R-013,True,kunda
C-00262,2024-10-01,84.28,2120.02,R-014,False,none
C-00263,2024-10-01,16.73,4002.2,R-049,False,none
C-00264,2024-10-01,1204.73,581.52,R-042,False,none
C-00265,2024-10-01,107.54,3719.79,R-055,False,none
C-00266,2024-10-01,197.61,1015.2,R-048,False,none
C-00267,2024-10-01,14.69,82.95,R-058,False,none
C-00268,2024-10-01,389.95,1208.74,R-012,False,none
C-00269,2024-10-01,70.98,1814.86,R-017,False,none
C-00270,2024-10-01,11.9,41.43,R-015,False,none
C-00271,2024-10-01,328.85,3467.05,R-004,False,none
C-00272,2024-10-01,29.29,1983.08,R-047,False,none
C-00273,2024-10-01,4094.44,1342.31,R-040,False,none
C-00274,2024-10-01,60.24,693.68,R-006,False,none
C-00275,2024-10-01,88.45,2019.13,R-012,False,none
C-00276,2024-10-01,153.61,982.94,R-012,False,none
C-00277,2024-10-01,151.68,2020.7,R-025,False,none
C-00278,2024-10-01,218.6,366.95,R-028,False,none
C-00279,2024-10-01,212.99,3696.21,R-018,False,none
C-00280,2024-10-01,68.26,2026.09,R-056,False,none
C-00281,2024-10-01,181.71,435.93,R-013,False,none
C-00282,2024-10-01,293.87,750.87,R-034,False,none
C-00283,2024-10-01,285.61,1059.96,R-027,False,none
C-00284,2024-10-01,72.76,1823.94,R-024,False,none
C-00285,2024-10-01,452.88,1626.15,R-050,False,none
C-00286,2024-10-01,178.18,620.51,R-059,False,none
C-00287,2024-10-01,225.17,171.16,R-001,False,none
C-00288,2024-10-01,101.23,299.44,R-028,True,tamper
C-00289,2024-10-01,41.12,2653.43,R-008,False,none
C-00290,2024-10-01,87.44,1046.93,R-027,False,none
C-00291,2024-10-01,287.81,209.34,R-038,False,none
C-00292,2024-10-01,145.01,2466.64,R-025,False,none
C-00293,2024-10-01,211.87,298.94,R-019,False,none
C-00294,2024-10-01,216.81,3112.13,R-019,False,none
C-00295,2024-10-01,35.99,1018.28,R-018,False,none
C-00296,2024-10-01,265.97,3400.6,R-020,False,none
C-00297,2024-10-01,433.26,1799.78,R-023,False,none
C-00298,2024-10-01,206.0,3213.28,R-042,False,none
C-00299,2024-10-01,356.53,3718.01,R-006,False,none
C-00300,2024-10-01,153.76,916.99,R-003,False,none
C-00301,2024-10-01,34.36,406.43,R-032,False,none
C-00302,2024-10-01,205.17,3155.96,R-041,False,none
C-00303,2024-10-01,377.24,739.77,R-016,False,none
C-00304,2024-10-01,95.56,629.04,R-013,False,none
C-00305,2024-10-01,302.43,663.47,R-038,False,none
C-00306,2024-10-01,90.14,633.72,R-024,False,none
C-00307,2024-10-01,293.86,114.96,R-045,False,none
C-00308,2024-10-01,177.67,1416.65,R-009,False,none
C-00309,2024-10-01,296.54,959.01,R-008,False,none
C-00310,2024-10-01,19.31,844.05,R-034,True,tamper
C-00311,2024-10-01,686.41,3735.02,R-024,False,none
C-00312,2024-10-01,448.74,5076.59,R-044,False,none
C-00313,2024-10-01,344.74,3946.26,R-031,False,none
C-00314,2024-10-01,21.94,1028.77,R-022,False,none
C-00315,2024-10-01,242.42,119.75,R-010,False,none
C-00316,2024-10-01,1005.06,1441.18,R-010,False,none
C-00317,2024-10-01,59.43,1678.21,R-046,False,none
C-00318,2024-10-01,62.48,200.77,R-014,False,none
C-00319,2024-10-01,368.2,400.1,R-031,False,none
C-00320,2024-10-01,530.29,2582.26,R-050,False,none
C-00321,2024-10-01,86.02,496.12,R-054,False,none
C-00322,2024-10-01,282.51,692.82,R-017,False,none
C-00323,2024-10-01,176.4,210.32,R-007,False,none
C-00324,2024-10-01,338.06,351.46,R-047,False,none
C-00325,2024-10-01,937.95,4272.56,R-042,False,none
C-00326,2024-10-01,56.28,934.16,R-020,False,none
C-00327,2024-10-01,354.51,1133.93,R-036,True,tamper
C-00328,2024-10-01,4.86,4348.36,R-012,True,kunda
C-00329,2024-10-01,81.43,511.46,R-043,False,none
C-00330,2024-10-01,77.82,1283.01,R-044,False,none
C-00331,2024-10-01,63.9,1445.59,R-018,False,none
C-00332,2024-10-01,1020.47,3212.95,R-029,False,none
C-00333,2024-10-01,322.33,1464.24,R-021,False,none
C-00334,2024-10-01,627.93,1351.14,R-002,False,none
C-00335,2024-10-01,762.26,3901.08,R-008,False,none
C-00336,2024-10-01,142.92,208.89,R-058,False,none
C-00337,2024-10-01,103.49,1864.71,R-028,False,none
C-00338,2024-10-01,91.45,182.57,R-009,False,none
C-00339,2024-10-01,28.14,1098.49,R-003,False,none
C-00340,2024-10-01,181.34,286.24,R-022,False,none
C-00341,2024-10-01,238.61,132.28,R-059,True,collusion
C-00342,2024-10-01,277.58,192.52,R-024,False,none
C-00343,2024-10-01,374.0,1699.92,R-060,False,none
C-00344,2024-10-01,45.45,1091.7,R-030,True,tamper
C-00345,2024-10-01,211.08,1082.04,R-046,False,none
C-00346,2024-10-01,368.49,1355.4,R-048,False,none
C-00347,2024-10-01,74.6,121.4,R-002,False,none
C-00348,2024-10-01,539.28,7382.86,R-001,False,none
C-00349,2024-10-01,1184.15,15.02,R-056,False,none
C-00350,2024-10-01,490.72,1756.25,R-056,False,none
C-00351,2024-10-01,154.82,42.24,R-008,False,none
C-00352,2024-10-01,320.23,237.94,R-039,False,none
C-00353,2024-10-01,152.61,2339.91,R-056,False,none
C-00354,2024-10-01,1229.88,79.07,R-058,False,none
C-00355,2024-10-01,43.11,983.87,R-018,False,none
C-00356,2024-10-01,130.34,2341.9,R-050,False,none
C-00357,2024-10-01,255.09,1189.63,R-039,False,none
C-00358,2024-10-01,232.12,169.54,R-056,False,none
C-00359,2024-10-01,2400.65,1340.14,R-009,False,none
C-00360,2024-10-01,96.41,4097.73,R-037,False,none
C-00361,2024-10-01,275.13,20.9,R-002,False,none
C-00362,2024-10-01,188.51,211.98,R-022,False,none
C-00363,2024-10-01,125.83,1150.5,R-001,False,none
C-00364,2024-10-01,242.84,1297.52,R-027,False,none
C-00365,2024-10-01,1849.35,1028.59,R-049,False,none
C-00366,2024-10-01,184.19,81.49,R-040,False,none
C-00367,2024-10-01,98.69,258.91,R-020,False,none
C-00368,2024-10-01,83.64,731.16,R-026,False,none
C-00369,2024-10-01,556.0,999.18,R-023,False,none
C-00370,2024-10-01,853.87,4923.07,R-044,False,none
C-00371,2024-10-01,219.9,1827.77,R-016,False,none
C-00372,2024-10-01,174.13,1572.49,R-006,False,none
C-00373,2024-10-01,460.7,377.7,R-031,False,none
C-00374,2024-10-01,856.47,1166.77,R-050,False,none
C-00375,2024-10-01,210.37,1109.27,R-029,False,none
C-00376,2024-10-01,34.49,1500.6,R-013,False,none
C-00377,2024-10-01,336.12,481.21,R-003,False,none
C-00378,2024-10-01,7.66,1825.35,R-057,True,kunda
C-00379,2024-10-01,117.45,1241.32,R-046,False,none
C-00380,2024-10-01,2416.29,1459.08,R-010,False,none
C-00381,2024-10-01,1560.58,924.63,R-005,False,none
C-00382,2024-10-01,127.73,192.32,R-008,False,none
C-00383,2024-10-01,229.49,1514.13,R-023,False,none
C-00384,2024-10-01,109.16,226.45,R-049,False,none
C-00385,2024-10-01,1003.25,843.36,R-010,False,none
C-00386,2024-10-01,170.81,411.81,R-050,False,none
C-00387,2024-10-01,198.85,1313.45,R-001,False,none
C-00388,2024-10-01,9.56,1536.86,R-045,False,none
C-00389,2024-10-01,206.16,1653.37,R-017,False,none
C-00390,2024-10-01,10.9,1197.74,R-058,False,none
C-00391,2024-10-01,29.82,409.09,R-029,False,none
C-00392,2024-10-01,344.13,362.74,R-017,False,none
C-00393,2024-10-01,1045.5,555.18,R-015,False,none
C-00394,2024-10-01,628.99,916.06,R-050,False,none
C-00395,2024-10-01,139.95,1069.92,R-025,False,none
C-00396,2024-10-01,503.99,1049.15,R-022,False,none
C-00397,2024-10-01,10.28,293.16,R-045,True,kunda
C-00398,2024-10-01,161.78,923.6,R-033,False,none
C-00399,2024-10-01,261.17,119.16,R-040,False,none
C-00400,2024-10-01,656.91,3259.3,R-027,False,none
C-00401,2024-10-01,94.05,1756.88,R-004,False,none
C-00402,2024-10-01,172.02,763.11,R-001,False,none
C-00403,2024-10-01,45.9,2346.34,R-003,False,none
C-00404,2024-10-01,525.5,2400.04,R-035,False,none
C-00405,2024-10-01,24.08,3017.83,R-031,False,none
C-00406,2024-10-01,199.3,1432.09,R-045,False,none
C-00407,2024-10-01,251.64,984.21,R-054,False,none
C-00408,2024-10-01,30.08,2037.51,R-011,False,none
C-00409,2024-10-01,131.45,2009.26,R-058,False,none
C-00410,2024-10-01,25.22,49.39,R-056,False,none
C-00411,2024-10-01,46.84,2067.16,R-037,False,none
C-00412,2024-10-01,217.84,334.88,R-032,False,none
C-00413,2024-10-01,583.72,1833.69,R-011,True,collusion
C-00414,2024-10-01,172.32,808.91,R-011,False,none
C-00415,2024-10-01,222.92,963.35,R-002,False,none
C-00416,2024-10-01,128.33,156.11,R-039,False,none
C-00417,2024-10-01,1335.42,987.79,R-026,False,none
C-00418,2024-10-01,7.93,642.89,R-012,False,none
C-00419,2024-10-01,795.54,1235.03,R-009,False,none
C-00420,2024-10-01,128.76,5198.63,R-004,False,none
C-00421,2024-10-01,299.35,2838.13,R-039,False,none
C-00422,2024-10-01,210.8,995.52,R-042,False,none
C-00423,2024-10-01,144.61,971.24,R-038,False,none
C-00424,2024-10-01,22.26,909.88,R-007,True,kunda
C-00425,2024-10-01,29.4,336.07,R-003,False,none
C-00426,2024-10-01,92.01,75.0,R-007,False,none
C-00427,2024-10-01,55.5,1908.97,R-046,False,none
C-00428,2024-10-01,391.79,877.1,R-045,False,none
C-00429,2024-10-01,261.16,628.42,R-018,False,none
C-00430,2024-10-01,26.41,372.67,R-004,False,none
C-00431,2024-10-01,316.64,101.58,R-020,False,none
C-00432,2024-10-01,426.95,3128.61,R-049,False,none
C-00433,2024-10-01,46.07,120.71,R-009,False,none
C-00434,2024-10-01,13.12,6232.91,R-048,True,kunda
C-00435,2024-10-01,63.41,1759.32,R-028,False,none
C-00436,2024-10-01,529.46,5920.77,R-009,False,none
C-00437,2024-10-01,278.16,50.67,R-057,False,none
C-00438,2024-10-01,83.78,763.35,R-032,True,kunda
C-00439,2024-10-01,218.16,1872.58,R-041,False,none
C-00440,2024-10-01,174.15,3525.56,R-006,False,none
C-00441,2024-10-01,364.58,1638.64,R-023,False,none
C-00442,2024-10-01,205.05,581.87,R-038,False,none
C-00443,2024-10-01,911.64,1512.14,R-039,False,none
C-00444,2024-10-01,9442.9,59.16,R-004,False,none
C-00445,2024-10-01,363.09,389.15,R-037,False,none
C-00446,2024-10-01,25.26,1429.97,R-057,False,none
C-00447,2024-10-01,304.42,1729.75,R-048,False,none
C-00448,2024-10-01,75.64,1366.71,R-013,False,none
C-00449,2024-10-01,317.81,338.99,R-055,False,none
C-00450,2024-10-01,302.5,2983.7,R-041,False,none
C-00451,2024-10-01,597.52,2140.0,R-004,False,none
C-00452,2024-10-01,171.31,907.12,R-008,False,none
C-00453,2024-10-01,808.86,3422.64,R-056,False,none
C-00454,2024-10-01,20.45,1081.89,R-013,True,kunda
C-00455,2024-10-01,205.0,2063.76,R-006,False,none
C-00456,2024-10-01,218.73,809.06,R-028,False,none
C-00457,2024-10-01,351.1,1104.55,R-032,False,none
C-00458,2024-10-01,44.21,1533.95,R-035,True,tamper
C-00459,2024-10-01,62.31,391.71,R-040,True,tamper
C-00460,2024-10-01,280.12,243.19,R-060,False,none
C-00461,2024-10-01,87.66,1678.64,R-046,False,none
C-00462,2024-10-01,456.9,1646.16,R-002,False,none
C-00463,2024-10-01,143.43,5606.11,R-006,False,none
C-00464,2024-10-01,88.38,1666.29,R-001,False,none
C-00465,2024-10-01,354.81,2105.67,R-024,False,none
C-00466,2024-10-01,100.71,6096.38,R-022,False,none
C-00467,2024-10-01,82.93,1757.6,R-057,False,none
C-00468,2024-10-01,246.52,218.97,R-022,False,none
C-00469,2024-10-01,41.28,129.2,R-002,False,none
C-00470,2024-10-01,207.97,3347.47,R-054,False,none
C-00471,2024-10-01,420.69,878.81,R-016,False,none
C-00472,2024-10-01,216.84,2118.35,R-055,False,none
C-00473,2024-10-01,706.95,2137.65,R-047,False,none
C-00474,2024-10-01,204.27,4282.24,R-053,False,none
C-00475,2024-10-01,42.47,1611.5,R-050,False,none
C-00476,2024-10-01,366.77,3934.56,R-009,False,none
C-00477,2024-10-01,210.08,1119.47,R-038,True,tamper
C-00478,2024-10-01,87.12,116.87,R-025,False,none
C-00479,2024-10-01,113.42,52.13,R-038,False,none
C-00480,2024-10-01,181.13,1387.01,R-045,False,none
C-00481,2024-10-01,47.55,5257.49,R-031,False,none
C-00482,2024-10-01,116.69,1774.64,R-019,False,none
C-00483,2024-10-01,219.38,2261.95,R-055,False,none
C-00484,2024-10-01,91.87,63.93,R-040,False,none
C-00485,2024-10-01,158.65,1987.79,R-054,False,none
C-00486,2024-10-01,2.44,1089.18,R-015,True,kunda
C-00487,2024-10-01,115.51,829.44,R-051,False,none
C-00488,2024-10-01,73.24,2305.66,R-020,True,tamper
C-00489,2024-10-01,61.41,1395.97,R-028,False,none
C-00490,2024-10-01,405.05,134.44,R-052,False,none
C-00491,2024-10-01,349.8,350.33,R-022,True,collusion
C-00492,2024-10-01,545.06,471.12,R-016,False,none
C-00493,2024-10-01,204.88,1887.14,R-055,False,none
C-00494,2024-10-01,54.26,1635.15,R-058,False,none
C-00495,2024-10-01,282.72,1245.57,R-019,False,none
C-00496,2024-10-01,64.78,1962.78,R-019,False,none
C-00497,2024-10-01,151.87,45.6,R-014,False,none
C-00498,2024-10-01,85.06,432.75,R-002,False,none
C-00499,2024-10-01,292.49,499.89,R-034,True,tamper
C-00500,2024-10-01,311.49,237.69,R-016,False,none
C-00501,2024-10-01,188.14,136.98,R-051,False,none
C-00502,2024-10-01,411.88,401.86,R-011,False,none
C-00503,2024-10-01,362.77,79.3,R-039,False,none
C-00504,2024-10-01,80.25,1222.83,R-031,False,none
C-00505,2024-10-01,458.98,18.78,R-037,False,none
C-00506,2024-10-01,145.15,219.75,R-007,False,none
C-00507,2024-10-01,405.29,1666.92,R-028,False,none
C-00508,2024-10-01,177.1,1553.95,R-038,False,none
C-00509,2024-10-01,403.95,927.68,R-021,False,none
C-00510,2024-10-01,786.1,1030.13,R-053,True,tamper
C-00511,2024-10-01,232.63,2548.27,R-032,False,none
C-00512,2024-10-01,77.91,107.78,R-022,False,none
C-00513,2024-10-01,21.18,220.31,R-002,False,none
C-00514,2024-10-01,957.85,1820.3,R-011,False,none
C-00515,2024-10-01,11.5,758.07,R-029,False,none
C-00516,2024-10-01,1171.65,3688.56,R-025,False,none
C-00517,2024-10-01,274.41,1536.89,R-053,False,none
C-00518,2024-10-01,1890.87,1601.56,R-048,False,none
C-00519,2024-10-01,70.43,110.97,R-010,False,none
C-00520,2024-10-01,420.68,351.91,R-036,False,none
C-00521,2024-10-01,529.61,734.06,R-028,False,none
C-00522,2024-10-01,243.95,1359.95,R-007,False,none
C-00523,2024-10-01,131.69,506.72,R-040,False,none
C-00524,2024-10-01,11.82,48.27,R-033,False,none
C-00525,2024-10-01,374.03,251.77,R-006,False,none
C-00526,2024-10-01,219.84,877.85,R-029,False,none
C-00527,2024-10-01,283.76,371.36,R-044,False,none
C-00528,2024-10-01,47.87,65.48,R-020,False,none
C-00529,2024-10-01,427.79,3288.95,R-022,False,none
C-00530,2024-10-01,17.01,3913.48,R-007,False,none
C-00531,2024-10-01,71.48,598.22,R-013,False,none
C-00532,2024-10-01,135.16,212.1,R-059,False,none
C-00533,2024-10-01,474.31,1265.89,R-038,False,none
C-00534,2024-10-01,44.6,555.29,R-011,False,none
C-00535,2024-10-01,382.12,1124.65,R-029,False,none
C-00536,2024-10-01,137.68,636.74,R-012,False,none
C-00537,2024-10-01,75.7,490.27,R-027,False,none
C-00538,2024-10-01,290.84,3154.75,R-009,False,none
C-00539,2024-10-01,405.61,653.28,R-038,False,none
C-00540,2024-10-01,154.78,105.14,R-035,False,none
C-00541,2024-10-01,423.63,1201.23,R-039,False,none
C-00542,2024-10-01,13.96,3521.66,R-027,False,none
C-00543,2024-10-01,366.64,257.58,R-018,False,none
C-00544,2024-10-01,600.77,152.34,R-015,False,none
C-00545,2024-10-01,580.99,615.01,R-013,False,none
C-00546,2024-10-01,331.07,72.57,R-026,False,none
C-00547,2024-10-01,40.39,974.1,R-028,False,none
C-00548,2024-10-01,185.21,787.71,R-041,False,none
C-00549,2024-10-01,636.76,1156.66,R-004,False,none
C-00550,2024-10-01,248.16,503.47,R-017,False,none
C-00551,2024-10-01,24.75,720.56,R-052,True,kunda
C-00552,2024-10-01,75.33,668.23,R-055,False,none
C-00553,2024-10-01,80.16,3361.71,R-056,False,none
C-00554,2024-10-01,98.7,629.44,R-019,False,none
C-00555,2024-10-01,59.43,1580.38,R-009,False,none
C-00556,2024-10-01,342.07,221.24,R-012,False,none
C-00557,2024-10-01,246.18,531.56,R-008,False,none
C-00558,2024-10-01,29.45,4340.87,R-058,False,none
C-00559,2024-10-01,109.54,1304.76,R-054,False,none
C-00560,2024-10-01,142.15,3928.24,R-049,False,none
C-00561,2024-10-01,102.38,9612.38,R-044,False,none
C-00562,2024-10-01,1370.1,3.4,R-021,False,none
C-00563,2024-10-01,53.02,3828.99,R-029,False,none
C-00564,2024-10-01,57.64,205.78,R-051,False,none
C-00565,2024-10-01,87.2,3504.97,R-049,False,none
C-00566,2024-10-01,902.7,796.41,R-032,False,none
C-00567,2024-10-01,188.88,4840.37,R-051,False,none
C-00568,2024-10-01,11.93,166.38,R-021,True,kunda
C-00569,2024-10-01,3.54,5413.98,R-025,True,kunda
C-00570,2024-10-01,936.5,2064.85,R-051,False,none
C-00571,2024-10-01,141.93,56.8,R-023,False,none
C-00572,2024-10-01,251.9,2587.52,R-046,False,none
C-00573,2024-10-01,65.68,542.99,R-028,False,none
C-00574,2024-10-01,685.36,2987.22,R-018,False,none
C-00575,2024-10-01,620.94,351.49,R-014,False,none
C-00576,2024-10-01,879.9,3945.29,R-037,False,none
C-00577,2024-10-01,119.46,609.33,R-029,False,none
C-00578,2024-10-01,223.29,740.75,R-023,False,none
C-00579,2024-10-01,346.59,975.21,R-045,False,none
C-00580,2024-10-01,179.53,414.16,R-001,False,none
C-00581,2024-10-01,164.67,4572.25,R-006,False,none
C-00582,2024-10-01,292.03,651.52,R-058,False,none
C-00583,2024-10-01,87.23,2046.6,R-040,False,none
C-00584,2024-10-01,995.68,15.78,R-033,False,none
C-00585,2024-10-01,3671.77,660.67,R-001,False,none
C-00586,2024-10-01,1087.89,2647.29,R-036,False,none
C-00587,2024-10-01,55.12,951.91,R-027,False,none
C-00588,2024-10-01,104.02,3102.6,R-036,False,none
C-00589,2024-10-01,820.45,3754.25,R-003,False,none
C-00590,2024-10-01,51.68,3494.15,R-034,False,none
C-00591,2024-10-01,367.01,2444.41,R-035,False,none
C-00592,2024-10-01,477.7,1385.01,R-018,False,none
C-00593,2024-10-01,121.02,568.17,R-004,False,none
C-00594,2024-10-01,174.43,2152.64,R-059,False,none
C-00595,2024-10-01,1992.51,260.43,R-043,False,none
C-00596,2024-10-01,360.89,93.87,R-038,False,none
C-00597,2024-10-01,31.67,2176.82,R-047,False,none
C-00598,2024-10-01,58.39,1637.44,R-041,False,none
C-00599,2024-10-01,169.61,750.77,R-009,False,none
C-00600,2024-10-01,103.2,3427.4,R-028,False,none
C-00601,2024-10-01,84.41,193.36,R-054,False,none
C-00602,2024-10-01,269.86,776.23,R-018,False,none
C-00603,2024-10-01,426.13,2951.22,R-059,False,none
C-00604,2024-10-01,19.37,12.96,R-004,False,none
C-00605,2024-10-01,775.76,648.28,R-020,False,none
C-00606,2024-10-01,95.57,896.95,R-022,False,none
C-00607,2024-10-01,157.21,13.98,R-038,False,none
C-00608,2024-10-01,14.75,1787.65,R-011,False,none
C-00609,2024-10-01,81.71,3365.77,R-014,False,none
C-00610,2024-10-01,77.62,331.91,R-040,False,none
C-00611,2024-10-01,133.28,389.39,R-018,False,none
C-00612,2024-10-01,277.75,557.28,R-053,False,none
C-00613,2024-10-01,206.2,691.41,R-053,False,none
C-00614,2024-10-01,37.61,2813.14,R-019,False,none
C-00615,2024-10-01,222.58,2354.04,R-034,False,none
C-00616,2024-10-01,22.52,3081.8,R-020,False,none
C-00617,2024-10-01,250.57,1612.83,R-021,False,none
C-00618,2024-10-01,315.6,49.81,R-041,False,none
C-00619,2024-10-01,76.49,593.07,R-018,False,none
C-00620,2024-10-01,57.83,1176.96,R-009,False,none
C-00621,2024-10-01,242.84,2699.7,R-016,False,none
C-00622,2024-10-01,684.01,2270.21,R-056,False,none
C-00623,2024-10-01,6.68,411.37,R-016,False,none
C-00624,2024-10-01,583.83,526.87,R-022,False,none
C-00625,2024-10-01,522.81,2359.92,R-038,False,none
C-00626,2024-10-01,121.19,2206.69,R-007,False,none
C-00627,2024-10-01,109.41,401.78,R-017,False,none
C-00628,2024-10-01,958.94,480.8,R-011,False,none
C-00629,2024-10-01,78.36,934.6,R-056,False,none
C-00630,2024-10-01,31.47,1168.56,R-056,False,none
C-00631,2024-10-01,95.61,2018.14,R-046,False,none
C-00632,2024-10-01,6.17,4504.32,R-015,False,none
C-00633,2024-10-01,250.32,1378.69,R-037,False,none
C-00634,2024-10-01,2106.94,167.35,R-040,False,none
C-00635,2024-10-01,2574.33,6118.57,R-053,False,none
C-00636,2024-10-01,209.56,684.77,R-010,False,none
C-00637,2024-10-01,4.63,1075.07,R-045,False,none
C-00638,2024-10-01,494.21,1585.92,R-012,False,none
C-00639,2024-10-01,750.78,229.92,R-035,False,none
C-00640,2024-10-01,137.71,1334.59,R-053,False,none
C-00641,2024-10-01,128.44,2314.42,R-004,False,none
C-00642,2024-10-01,802.15,104.66,R-009,False,none
C-00643,2024-10-01,19.54,1384.02,R-049,False,none
C-00644,2024-10-01,247.33,1249.2,R-002,False,none
C-00645,2024-10-01,954.65,2622.61,R-042,False,none
C-00646,2024-10-01,21.26,1807.3,R-031,False,none
C-00647,2024-10-01,68.55,1737.34,R-021,False,none
C-00648,2024-10-01,77.47,1395.26,R-052,False,none
C-00649,2024-10-01,298.42,1585.61,R-051,False,none
C-00650,2024-10-01,130.82,333.93,R-020,False,none
C-00651,2024-10-01,144.35,932.3,R-001,False,none
C-00652,2024-10-01,347.57,3691.58,R-008,False,none
C-00653,2024-10-01,1416.23,3051.97,R-007,False,none
C-00654,2024-10-01,702.98,1392.6,R-059,False,none
C-00655,2024-10-01,182.24,175.38,R-036,False,none
C-00656,2024-10-01,151.66,3199.4,R-041,False,none
C-00657,2024-10-01,5107.01,651.39,R-014,False,none
C-00658,2024-10-01,44.37,1820.74,R-052,True,tamper
C-00659,2024-10-01,1178.39,1070.77,R-044,False,none
C-00660,2024-10-01,145.18,2596.31,R-046,False,none
C-00661,2024-10-01,1749.0,475.38,R-029,False,none
C-00662,2024-10-01,1080.22,659.41,R-042,False,none
C-00663,2024-10-01,259.28,224.95,R-033,False,none
C-00664,2024-10-01,956.97,351.08,R-024,False,none
C-00665,2024-10-01,262.77,204.25,R-036,False,none
C-00666,2024-10-01,188.69,2737.71,R-020,False,none
C-00667,2024-10-01,163.52,2221.76,R-058,False,none
C-00668,2024-10-01,136.84,661.14,R-044,True,tamper
C-00669,2024-10-01,86.49,594.7,R-045,False,none
C-00670,2024-10-01,3029.16,2632.99,R-044,False,none
C-00671,2024-10-01,385.8,2327.6,R-027,False,none
C-00672,2024-10-01,35.22,1531.39,R-058,False,none
C-00673,2024-10-01,62.44,2538.58,R-013,False,none
C-00674,2024-10-01,150.71,173.04,R-035,True,tamper
C-00675,2024-10-01,77.42,2522.5,R-005,False,none
C-00676,2024-10-01,27.18,1362.03,R-018,False,none
C-00677,2024-10-01,8.73,989.62,R-035,True,kunda
C-00678,2024-10-01,194.59,52.78,R-030,False,none
C-00679,2024-10-01,74.01,3084.01,R-057,False,none
C-00680,2024-10-01,259.9,536.12,R-037,False,none
C-00681,2024-10-01,541.47,293.44,R-025,False,none
C-00682,2024-10-01,132.37,1512.13,R-026,False,none
C-00683,2024-10-01,183.94,392.96,R-037,False,none
C-00684,2024-10-01,552.34,578.46,R-048,False,none
C-00685,2024-10-01,52.28,4177.92,R-017,False,none
C-00686,2024-10-01,2540.05,122.54,R-036,False,none
C-00687,2024-10-01,197.86,904.39,R-035,False,none
C-00688,2024-10-01,51.34,215.94,R-001,False,none
C-00689,2024-10-01,299.08,1894.25,R-055,False,none
C-00690,2024-10-01,1035.33,961.03,R-035,False,none
C-00691,2024-10-01,254.41,325.89,R-015,False,none
C-00692,2024-10-01,9.86,3031.98,R-039,False,none
C-00693,2024-10-01,420.86,373.48,R-041,False,none
C-00694,2024-10-01,130.83,543.44,R-055,False,none
C-00695,2024-10-01,95.45,363.76,R-003,False,none
C-00696,2024-10-01,142.06,501.69,R-025,False,none
C-00697,2024-10-01,333.87,1960.16,R-011,True,collusion
C-00698,2024-10-01,194.25,1845.34,R-035,False,none
C-00699,2024-10-01,532.79,3309.29,R-031,False,none
C-00700,2024-10-01,320.96,435.3,R-029,False,none
C-00701,2024-10-01,118.81,176.39,R-059,False,none
C-00702,2024-10-01,201.25,437.26,R-032,False,none
C-00703,2024-10-01,23.17,381.66,R-025,True,kunda
C-00704,2024-10-01,319.04,870.93,R-005,False,none
C-00705,2024-10-01,299.88,378.81,R-018,False,none
C-00706,2024-10-01,157.22,2523.0,R-054,False,none
C-00707,2024-10-01,27.89,2025.45,R-028,False,none
C-00708,2024-10-01,53.06,6337.44,R-055,False,none
C-00709,2024-10-01,467.74,2699.89,R-032,False,none
C-00710,2024-10-01,86.73,388.8,R-033,False,none
C-00711,2024-10-01,43.45,5282.69,R-026,False,none
C-00712,2024-10-01,401.85,2793.11,R-034,False,none
C-00713,2024-10-01,95.16,1151.0,R-005,False,none
C-00714,2024-10-01,277.33,197.77,R-004,False,none
C-00715,2024-10-01,3.77,705.36,R-029,True,kunda
C-00716,2024-10-01,164.97,1850.4,R-036,False,none
C-00717,2024-10-01,184.63,1525.87,R-034,False,none
C-00718,2024-10-01,235.61,615.18,R-026,False,none
C-00719,2024-10-01,256.38,2863.54,R-018,False,none
C-00720,2024-10-01,101.21,3998.88,R-043,False,none
C-00721,2024-10-01,725.33,1939.72,R-037,False,none
C-00722,2024-10-01,188.28,182.11,R-003,False,none
C-00723,2024-10-01,149.1,620.4,R-028,False,none
C-00724,2024-10-01,137.89,3538.76,R-043,False,none
C-00725,2024-10-01,181.34,3953.49,R-048,False,none
C-00726,2024-10-01,316.67,2181.75,R-018,False,none
C-00727,2024-10-01,45.11,2749.5,R-056,False,none
C-00728,2024-10-01,5767.64,291.08,R-040,False,none
C-00729,2024-10-01,273.77,813.97,R-027,False,none
C-00730,2024-10-01,373.09,1800.33,R-038,False,none
C-00731,2024-10-01,333.65,711.36,R-053,False,none
C-00732,2024-10-01,107.73,458.96,R-014,False,none
C-00733,2024-10-01,40.48,1254.77,R-010,True,tamper
C-00734,2024-10-01,253.56,411.76,R-027,False,none
C-00735,2024-10-01,13.66,819.77,R-006,False,none
C-00736,2024-10-01,145.1,341.69,R-051,False,none
C-00737,2024-10-01,379.3,497.68,R-059,False,none
C-00738,2024-10-01,221.68,695.59,R-037,False,none
C-00739,2024-10-01,438.81,765.74,R-059,False,none
C-00740,2024-10-01,272.83,1376.91,R-005,False,none
C-00741,2024-10-01,499.66,1572.26,R-038,False,none
C-00742,2024-10-01,675.67,885.26,R-027,False,none
C-00743,2024-10-01,39.79,1315.81,R-017,False,none
C-00744,2024-10-01,65.36,1417.15,R-019,False,none
C-00745,2024-10-01,31.61,356.18,R-033,False,none
C-00746,2024-10-01,48.93,775.21,R-039,False,none
C-00747,2024-10-01,2330.72,1236.94,R-010,False,none
C-00748,2024-10-01,140.13,216.15,R-037,False,none
C-00749,2024-10-01,585.43,3138.24,R-056,False,none
C-00750,2024-10-01,82.48,129.22,R-001,False,none
C-00751,2024-10-01,65.38,3150.11,R-053,False,none
C-00752,2024-10-01,3052.58,1939.29,R-037,False,none
C-00753,2024-10-01,11.52,353.28,R-021,True,kunda
C-00754,2024-10-01,349.89,1111.57,R-045,False,none
C-00755,2024-10-01,364.39,0.35,R-038,False,none
C-00756,2024-10-01,52.02,652.28,R-047,False,none
C-00757,2024-10-01,216.86,1528.32,R-005,False,none
C-00758,2024-10-01,81.75,1551.34,R-004,False,none
C-00759,2024-10-01,96.67,2953.34,R-039,False,none
C-00760,2024-10-01,52.38,964.1,R-019,False,none
C-00761,2024-10-01,24.15,1750.91,R-015,False,none
C-00762,2024-10-01,244.31,4059.87,R-026,True,tamper
C-00763,2024-10-01,243.25,2166.5,R-044,False,none
C-00764,2024-10-01,349.82,78.08,R-011,False,none
C-00765,2024-10-01,522.16,2385.83,R-059,False,none
C-00766,2024-10-01,504.89,434.67,R-026,False,none
C-00767,2024-10-01,321.88,316.05,R-010,False,none
C-00768,2024-10-01,1257.5,2614.98,R-005,False,none
C-00769,2024-10-01,204.28,654.6,R-052,False,none
C-00770,2024-10-01,92.92,1119.75,R-007,False,none
C-00771,2024-10-01,182.34,1137.12,R-026,False,none
C-00772,2024-10-01,279.34,275.08,R-041,False,none
C-00773,2024-10-01,640.62,1132.92,R-031,False,none
C-00774,2024-10-01,228.45,1301.35,R-016,False,none
C-00775,2024-10-01,223.9,2843.73,R-007,False,none
C-00776,2024-10-01,75.52,2034.53,R-043,False,none
C-00777,2024-10-01,176.0,61.91,R-030,False,none
C-00778,2024-10-01,374.68,1895.56,R-003,False,none
C-00779,2024-10-01,144.05,1713.59,R-011,False,none
C-00780,2024-10-01,18.45,1704.33,R-034,True,kunda
C-00781,2024-10-01,203.99,2437.92,R-011,False,none
C-00782,2024-10-01,79.84,669.9,R-024,False,none
C-00783,2024-10-01,107.99,934.95,R-008,False,none
C-00784,2024-10-01,17.38,1257.55,R-048,False,none
C-00785,2024-10-01,244.17,2051.82,R-038,False,none
C-00786,2024-10-01,319.9,1917.23,R-048,False,none
C-00787,2024-10-01,360.63,405.28,R-004,False,none
C-00788,2024-10-01,36.82,797.39,R-023,False,none
C-00789,2024-10-01,385.93,2935.72,R-017,False,none
C-00790,2024-10-01,302.78,1874.12,R-038,False,none
C-00791,2024-10-01,682.66,512.69,R-050,False,none
C-00792,2024-10-01,160.47,1183.14,R-014,False,none
C-00793,2024-10-01,664.8,394.87,R-047,False,none
C-00794,2024-10-01,15.06,1137.68,R-035,True,kunda
C-00795,2024-10-01,419.34,746.19,R-050,False,none
C-00796,2024-10-01,365.43,1106.9,R-005,False,none
C-00797,2024-10-01,94.35,2689.96,R-060,False,none
C-00798,2024-10-01,61.17,83.64,R-027,False,none
C-00799,2024-10-01,294.39,1110.31,R-017,False,none
C-00800,2024-10-01,39.55,640.64,R-011,False,none
C-00801,2024-10-01,280.94,1221.25,R-060,True,collusion
C-00802,2024-10-01,80.42,3111.23,R-054,False,none
C-00803,2024-10-01,101.13,392.87,R-008,True,tamper
C-00804,2024-10-01,445.58,2635.48,R-027,False,none
C-00805,2024-10-01,167.91,731.28,R-045,False,none
C-00806,2024-10-01,462.43,37.07,R-036,False,none
C-00807,2024-10-01,1970.65,4762.24,R-012,False,none
C-00808,2024-10-01,156.37,3180.97,R-022,False,none
C-00809,2024-10-01,191.79,2459.74,R-023,False,none
C-00810,2024-10-01,513.9,4939.45,R-018,False,none
C-00811,2024-10-01,648.9,1870.88,R-058,False,none
C-00812,2024-10-01,92.83,385.58,R-013,True,tamper
C-00813,2024-10-01,281.2,3643.65,R-043,False,none
C-00814,2024-10-01,233.69,748.81,R-055,False,none
C-00815,2024-10-01,250.25,932.6,R-048,False,none
C-00816,2024-10-01,31.86,790.38,R-048,False,none
C-00817,2024-10-01,115.36,1380.88,R-010,False,none
C-00818,2024-10-01,20.96,58.96,R-008,False,none
C-00819,2024-10-01,53.71,620.23,R-047,False,none
C-00820,2024-10-01,270.87,2287.31,R-045,False,none
C-00821,2024-10-01,28.08,860.79,R-045,False,none
C-00822,2024-10-01,200.94,2457.11,R-026,True,tamper
C-00823,2024-10-01,248.38,766.07,R-032,False,none
C-00824,2024-10-01,93.54,812.01,R-001,False,none
C-00825,2024-10-01,344.76,1011.3,R-018,False,none
C-00826,2024-10-01,318.82,3097.4,R-032,False,none
C-00827,2024-10-01,65.67,68.18,R-008,False,none
C-00828,2024-10-01,598.48,268.64,R-008,False,none
C-00829,2024-10-01,2838.63,2765.87,R-003,False,none
C-00830,2024-10-01,203.3,6848.33,R-013,False,none
C-00831,2024-10-01,227.14,739.99,R-060,False,none
C-00832,2024-10-01,161.39,3320.98,R-042,False,none
C-00833,2024-10-01,529.21,161.42,R-057,False,none
C-00834,2024-10-01,328.17,174.94,R-016,False,none
C-00835,2024-10-01,7.89,735.8,R-036,True,kunda
C-00836,2024-10-01,78.89,1013.98,R-054,False,none
C-00837,2024-10-01,40.3,3169.24,R-022,False,none
C-00838,2024-10-01,165.6,4534.24,R-040,False,none
C-00839,2024-10-01,264.76,51.59,R-042,False,none
C-00840,2024-10-01,321.16,325.13,R-050,False,none
C-00841,2024-10-01,265.93,1386.44,R-059,False,none
C-00842,2024-10-01,160.48,223.31,R-037,True,tamper
C-00843,2024-10-01,1206.95,3586.7,R-035,False,none
C-00844,2024-10-01,247.94,227.47,R-053,False,none
C-00845,2024-10-01,813.21,772.35,R-042,False,none
C-00846,2024-10-01,7.91,2603.4,R-022,False,none
C-00847,2024-10-01,25.18,616.6,R-038,False,none
C-00848,2024-10-01,292.23,3739.65,R-033,False,none
C-00849,2024-10-01,139.17,6966.07,R-014,False,none
C-00850,2024-10-01,152.77,779.03,R-031,False,none
C-00851,2024-10-01,572.35,50.95,R-038,False,none
C-00852,2024-10-01,94.46,1665.18,R-055,False,none
C-00853,2024-10-01,370.26,1594.27,R-035,False,none
C-00854,2024-10-01,1872.19,1831.85,R-010,False,none
C-00855,2024-10-01,39.69,138.55,R-060,False,none
C-00856,2024-10-01,281.5,4111.83,R-035,False,none
C-00857,2024-10-01,375.41,142.69,R-018,False,none
C-00858,2024-10-01,199.41,318.81,R-046,False,none
C-00859,2024-10-01,34.66,667.51,R-024,False,none
C-00860,2024-10-01,56.01,752.59,R-023,False,none
C-00861,2024-10-01,39.95,95.35,R-051,False,none
C-00862,2024-10-01,258.41,5548.43,R-053,False,none
C-00863,2024-10-01,108.07,679.31,R-032,False,none
C-00864,2024-10-01,30.79,1799.56,R-023,True,kunda
C-00865,2024-10-01,651.39,485.53,R-052,False,none
C-00866,2024-10-01,192.86,1032.57,R-011,False,none
C-00867,2024-10-01,103.86,237.16,R-045,False,none
C-00868,2024-10-01,49.17,457.12,R-036,False,none
C-00869,2024-10-01,2582.18,1476.92,R-052,False,none
C-00870,2024-10-01,122.86,201.25,R-026,False,none
C-00871,2024-10-01,87.09,440.05,R-050,False,none
C-00872,2024-10-01,201.05,482.17,R-001,False,none
C-00873,2024-10-01,354.83,1529.27,R-046,False,none
C-00874,2024-10-01,245.83,3897.05,R-005,False,none
C-00875,2024-10-01,29.43,875.06,R-039,False,none
C-00876,2024-10-01,181.83,951.14,R-012,False,none
C-00877,2024-10-01,52.04,92.59,R-058,False,none
C-00878,2024-10-01,113.44,3001.99,R-047,False,none
C-00879,2024-10-01,331.97,834.02,R-007,False,none
C-00880,2024-10-01,132.55,930.52,R-054,False,none
C-00881,2024-10-01,38.1,831.69,R-016,False,none
C-00882,2024-10-01,520.21,1607.14,R-033,True,collusion
C-00883,2024-10-01,113.57,3256.37,R-006,False,none
C-00884,2024-10-01,62.75,1133.86,R-007,False,none
C-00885,2024-10-01,5562.4,1505.49,R-015,False,none
C-00886,2024-10-01,384.74,4327.55,R-033,False,none
C-00887,2024-10-01,235.47,259.96,R-033,False,none
C-00888,2024-10-01,203.26,220.93,R-052,False,none
C-00889,2024-10-01,413.57,266.6,R-010,False,none
C-00890,2024-10-01,152.38,3592.27,R-045,False,none
C-00891,2024-10-01,219.45,983.22,R-001,False,none
C-00892,2024-10-01,104.59,3.02,R-018,False,none
C-00893,2024-10-01,109.76,457.72,R-011,False,none
C-00894,2024-10-01,19.04,1602.0,R-008,False,none
C-00895,2024-10-01,87.98,1857.5,R-036,False,none
C-00896,2024-10-01,65.4,1560.78,R-055,False,none
C-00897,2024-10-01,307.16,4184.75,R-041,False,none
C-00898,2024-10-01,114.6,558.36,R-052,False,none
C-00899,2024-10-01,1001.68,6147.73,R-036,False,none
C-00900,2024-10-01,510.17,1261.13,R-004,False,none
C-00901,2024-10-01,46.71,458.0,R-021,False,none
C-00902,2024-10-01,258.82,1189.64,R-050,False,none
C-00903,2024-10-01,296.83,898.19,R-003,False,none
C-00904,2024-10-01,153.92,456.87,R-006,False,none
C-00905,2024-10-01,429.36,6166.0,R-051,False,none
C-00906,2024-10-01,165.0,162.34,R-004,False,none
C-00907,2024-10-01,57.3,702.43,R-058,False,none
C-00908,2024-10-01,262.1,2355.68,R-046,False,none
C-00909,2024-10-01,396.66,686.77,R-040,False,none
C-00910,2024-10-01,235.97,124.53,R-033,False,none
C-00911,2024-10-01,503.01,2619.85,R-006,False,none
C-00912,2024-10-01,276.59,913.91,R-025,False,none
C-00913,2024-10-01,135.14,2538.21,R-049,False,none
C-00914,2024-10-01,284.5,693.25,R-055,False,none
C-00915,2024-10-01,594.51,1441.64,R-027,False,none
C-00916,2024-10-01,650.5,1006.23,R-051,True,tamper
C-00917,2024-10-01,587.47,789.87,R-047,False,none
C-00918,2024-10-01,126.27,1668.43,R-004,False,none
C-00919,2024-10-01,54.64,2934.52,R-038,True,tamper
C-00920,2024-10-01,1071.01,2326.57,R-037,False,none
C-00921,2024-10-01,649.09,382.11,R-033,False,none
C-00922,2024-10-01,347.81,821.02,R-047,False,none
C-00923,2024-10-01,175.36,1091.98,R-054,False,none
C-00924,2024-10-01,21.77,446.38,R-034,True,kunda
C-00925,2024-10-01,394.14,125.65,R-020,False,none
C-00926,2024-10-01,61.01,1456.89,R-059,False,none
C-00927,2024-10-01,221.83,5018.0,R-058,False,none
C-00928,2024-10-01,209.41,1333.59,R-042,False,none
C-00929,2024-10-01,119.86,1929.17,R-039,True,tamper
C-00930,2024-10-01,238.46,430.28,R-007,False,none
C-00931,2024-10-01,72.9,4489.7,R-025,False,none
C-00932,2024-10-01,403.2,3644.1,R-012,False,none
C-00933,2024-10-01,149.19,44.37,R-031,False,none
C-00934,2024-10-01,10.28,38.88,R-050,True,kunda
C-00935,2024-10-01,63.58,732.25,R-014,False,none
C-00936,2024-10-01,80.37,612.44,R-060,False,none
C-00937,2024-10-01,175.52,923.86,R-008,False,none
C-00938,2024-10-01,360.99,300.68,R-006,False,none
C-00939,2024-10-01,25.76,276.52,R-059,False,none
C-00940,2024-10-01,187.76,673.19,R-007,False,none
C-00941,2024-10-01,94.73,1723.87,R-045,False,none
C-00942,2024-10-01,181.62,3980.93,R-046,False,none
C-00943,2024-10-01,245.74,2701.11,R-020,False,none
C-00944,2024-10-01,361.88,394.55,R-004,False,none
C-00945,2024-10-01,328.67,2230.75,R-019,False,none
C-00946,2024-10-01,150.85,125.32,R-005,False,none
C-00947,2024-10-01,219.6,186.3,R-041,True,collusion
C-00948,2024-10-01,11.32,1777.68,R-054,True,kunda
C-00949,2024-10-01,1606.18,2090.58,R-060,False,none
C-00950,2024-10-01,215.9,1389.06,R-049,False,none
C-00951,2024-10-01,588.41,3885.05,R-047,True,tamper
C-00952,2024-10-01,10048.0,4289.5,R-053,False,none
C-00953,2024-10-01,79.3,324.66,R-047,False,none
C-00954,2024-10-01,309.9,750.42,R-040,False,none
C-00955,2024-10-01,361.02,1825.92,R-060,False,none
C-00956,2024-10-01,2689.56,1561.15,R-020,False,none
C-00957,2024-10-01,53.49,951.31,R-025,False,none
C-00958,2024-10-01,108.73,1775.67,R-055,False,none
C-00959,2024-10-01,164.89,495.28,R-019,True,tamper
C-00960,2024-10-01,137.81,1242.94,R-018,False,none
C-00961,2024-10-01,156.33,1504.57,R-010,False,none
C-00962,2024-10-01,41.71,952.98,R-017,False,none
C-00963,2024-10-01,3306.9,5583.48,R-036,False,none
C-00964,2024-10-01,443.96,10641.66,R-054,False,none
C-00965,2024-10-01,14.06,101.77,R-009,False,none
C-00966,2024-10-01,643.7,108.66,R-041,False,none
C-00967,2024-10-01,184.59,252.51,R-046,False,none
C-00968,2024-10-01,18.22,1141.96,R-054,False,none
C-00969,2024-10-01,130.36,220.88,R-046,False,none
C-00970,2024-10-01,567.39,113.97,R-010,False,none
C-00971,2024-10-01,95.4,93.33,R-030,True,tamper
C-00972,2024-10-01,706.04,1488.38,R-058,False,none
C-00973,2024-10-01,81.38,1852.53,R-055,False,none
C-00974,2024-10-01,200.4,1687.65,R-037,True,tamper
C-00975,2024-10-01,105.82,4310.5,R-058,False,none
C-00976,2024-10-01,75.33,2210.8,R-041,False,none
C-00977,2024-10-01,188.32,1846.5,R-004,True,collusion
C-00978,2024-10-01,69.14,4793.0,R-055,False,none
C-00979,2024-10-01,141.77,2840.42,R-011,True,collusion
C-00980,2024-10-01,12.18,1.53,R-023,True,kunda
C-00981,2024-10-01,640.9,895.27,R-015,False,none
C-00982,2024-10-01,51.6,3708.04,R-044,False,none
C-00983,2024-10-01,246.82,405.09,R-002,False,none
C-00984,2024-10-01,83.8,340.22,R-039,False,none
C-00985,2024-10-01,277.42,1959.33,R-052,False,none
C-00986,2024-10-01,74.84,2928.7,R-048,False,none
C-00987,2024-10-01,43.99,897.83,R-019,True,kunda
C-00988,2024-10-01,25.29,2128.31,R-054,False,none
C-00989,2024-10-01,78.09,614.12,R-022,False,none
C-00990,2024-10-01,25.17,1337.58,R-041,False,none
C-00991,2024-10-01,38.22,949.75,R-031,False,none
C-00992,2024-10-01,211.23,955.02,R-005,False,none
C-00993,2024-10-01,366.41,1787.22,R-001,False,none
C-00994,2024-10-01,2126.28,1244.61,R-011,False,none
C-00995,2024-10-01,71.47,3462.95,R-057,False,none
C-00996,2024-10-01,181.95,3992.48,R-058,False,none
C-00997,2024-10-01,79.41,1859.82,R-025,True,tamper
C-00998,2024-10-01,255.38,4132.57,R-059,False,none
C-00999,2024-10-01,304.39,212.71,R-003,True,tamper
C-01000,2024-10-01,177.53,4660.85,R-059,False,none
C-01001,2024-10-01,372.38,791.9,R-014,False,none
C-01002,2024-10-01,548.51,10.19,R-003,False,none
C-01003,2024-10-01,461.5,917.87,R-046,False,none
C-01004,2024-10-01,831.84,1559.77,R-023,False,none
C-01005,2024-10-01,77.66,1432.95,R-018,False,none
C-01006,2024-10-01,452.57,238.28,R-046,False,none
C-01007,2024-10-01,89.89,1706.94,R-020,False,none
C-01008,2024-10-01,825.93,1207.92,R-046,False,none
C-01009,2024-10-01,140.1,891.97,R-012,False,none
C-01010,2024-10-01,240.6,396.76,R-006,False,none
C-01011,2024-10-01,13.53,868.36,R-020,False,none
C-01012,2024-10-01,579.87,1791.07,R-037,False,none
C-01013,2024-10-01,31.33,294.48,R-014,False,none
C-01014,2024-10-01,230.25,1604.41,R-009,False,none
C-01015,2024-10-01,53.65,1981.12,R-045,False,none
C-01016,2024-10-01,92.35,706.06,R-030,False,none
C-01017,2024-10-01,1474.19,1937.56,R-026,False,none
C-01018,2024-10-01,71.8,1083.29,R-015,False,none
C-01019,2024-10-01,120.78,398.81,R-002,False,none
C-01020,2024-10-01,304.86,1300.83,R-004,False,none
C-01021,2024-10-01,359.43,643.94,R-041,False,none
C-01022,2024-10-01,512.28,2221.82,R-005,False,none
C-01023,2024-10-01,273.27,3132.56,R-015,False,none
C-01024,2024-10-01,1840.93,49.7,R-055,False,none
C-01025,2024-10-01,49.28,1179.16,R-021,False,none
C-01026,2024-10-01,338.61,52.97,R-045,False,none
C-01027,2024-10-01,213.77,647.54,R-021,False,none
C-01028,2024-10-01,334.0,62.97,R-056,False,none
C-01029,2024-10-01,268.47,367.07,R-050,False,none
C-01030,2024-10-01,63.15,5285.66,R-029,False,none
C-01031,2024-10-01,40.88,869.11,R-042,False,none
C-01032,2024-10-01,16.19,810.16,R-025,False,none
C-01033,2024-10-01,43.65,960.36,R-057,False,none
C-01034,2024-10-01,20.82,253.68,R-022,False,none
C-01035,2024-10-01,39.89,2296.35,R-051,False,none
C-01036,2024-10-01,102.74,498.63,R-037,True,kunda
C-01037,2024-10-01,49.65,5083.06,R-039,False,none
C-01038,2024-10-01,225.33,709.14,R-022,False,none
C-01039,2024-10-01,212.6,411.76,R-050,False,none
C-01040,2024-10-01,146.23,1005.68,R-045,False,none
C-01041,2024-10-01,174.48,561.88,R-049,False,none
C-01042,2024-10-01,35.76,345.68,R-049,False,none
C-01043,2024-10-01,39.86,3288.69,R-010,False,none
C-01044,2024-10-01,43.88,818.34,R-053,False,none
C-01045,2024-10-01,475.55,2793.93,R-051,False,none
C-01046,2024-10-01,449.75,150.32,R-015,False,none
C-01047,2024-10-01,146.85,281.61,R-059,False,none
C-01048,2024-10-01,138.07,1518.99,R-032,False,none
C-01049,2024-10-01,114.22,171.81,R-020,False,none
C-01050,2024-10-01,64.25,17.02,R-014,False,none
C-01051,2024-10-01,197.25,344.53,R-022,False,none
C-01052,2024-10-01,47.42,2791.22,R-003,False,none
C-01053,2024-10-01,247.66,3123.77,R-042,False,none
C-01054,2024-10-01,691.13,1954.27,R-043,False,none
C-01055,2024-10-01,32.59,46.94,R-041,False,none
C-01056,2024-10-01,72.97,763.38,R-033,False,none
C-01057,2024-10-01,56.43,3481.04,R-022,False,none
C-01058,2024-10-01,12.41,2391.88,R-044,False,none
C-01059,2024-10-01,258.97,3088.03,R-053,False,none
C-01060,2024-10-01,113.61,271.77,R-006,False,none
C-01061,2024-10-01,138.55,4532.33,R-023,False,none
C-01062,2024-10-01,38.89,121.71,R-060,False,none
C-01063,2024-10-01,279.31,1041.97,R-052,False,none
C-01064,2024-10-01,34.75,1218.05,R-060,False,none
C-01065,2024-10-01,394.45,103.86,R-011,False,none
C-01066,2024-10-01,25.69,3018.61,R-028,True,tamper
C-01067,2024-10-01,289.13,2134.99,R-008,False,none
C-01068,2024-10-01,73.67,1211.27,R-052,False,none
C-01069,2024-10-01,72.21,3964.62,R-032,False,none
C-01070,2024-10-01,133.22,1464.36,R-015,False,none
C-01071,2024-10-01,273.92,994.95,R-006,False,none
C-01072,2024-10-01,34.09,2519.05,R-045,False,none
C-01073,2024-10-01,310.02,481.26,R-049,False,none
C-01074,2024-10-01,279.2,1266.32,R-053,False,none
C-01075,2024-10-01,316.41,1208.09,R-059,False,none
C-01076,2024-10-01,454.17,980.65,R-049,False,none
C-01077,2024-10-01,54.98,62.59,R-048,False,none
C-01078,2024-10-01,335.87,970.5,R-049,False,none
C-01079,2024-10-01,283.08,148.45,R-060,False,none
C-01080,2024-10-01,45.29,3088.04,R-028,True,tamper
C-01081,2024-10-01,742.94,555.13,R-046,False,none
C-01082,2024-10-01,1297.32,124.34,R-050,False,none
C-01083,2024-10-01,52.84,350.6,R-007,False,none
C-01084,2024-10-01,19.68,1352.14,R-042,False,none
C-01085,2024-10-01,375.28,2792.05,R-021,False,none
C-01086,2024-10-01,141.16,982.35,R-008,False,none
C-01087,2024-10-01,205.85,130.79,R-011,False,none
C-01088,2024-10-01,313.53,24.8,R-007,False,none
C-01089,2024-10-01,32.05,970.29,R-054,False,none
C-01090,2024-10-01,107.07,1752.75,R-047,True,tamper
C-01091,2024-10-01,166.06,457.49,R-007,False,none
C-01092,2024-10-01,86.01,238.61,R-038,False,none
C-01093,2024-10-01,101.45,1040.93,R-040,False,none
C-01094,2024-10-01,358.03,124.99,R-032,False,none
C-01095,2024-10-01,302.33,2999.96,R-037,False,none
C-01096,2024-10-01,446.93,4364.65,R-055,False,none
C-01097,2024-10-01,329.25,1549.27,R-032,False,none
C-01098,2024-10-01,335.42,16.89,R-040,False,none
C-01099,2024-10-01,46.2,1402.18,R-035,False,none
C-01100,2024-10-01,70.18,1085.67,R-024,False,none
C-01101,2024-10-01,49.5,596.2,R-054,False,none
C-01102,2024-10-01,233.74,3175.91,R-025,False,none
C-01103,2024-10-01,57.07,742.44,R-048,False,none
C-01104,2024-10-01,81.25,488.94,R-037,False,none
C-01105,2024-10-01,814.69,84.97,R-042,False,none
C-01106,2024-10-01,780.88,2344.2,R-046,False,none
C-01107,2024-10-01,183.14,3052.15,R-045,False,none
C-01108,2024-10-01,304.5,308.67,R-034,False,none
C-01109,2024-10-01,225.36,1132.34,R-037,False,none
C-01110,2024-10-01,95.53,1752.86,R-031,False,none
C-01111,2024-10-01,144.7,307.84,R-021,False,none
C-01112,2024-10-01,2847.86,1247.61,R-044,False,none
C-01113,2024-10-01,3601.3,432.54,R-053,False,none
C-01114,2024-10-01,201.09,35.14,R-043,False,none
C-01115,2024-10-01,223.24,355.44,R-047,False,none
C-01116,2024-10-01,1019.11,4248.45,R-050,False,none
C-01117,2024-10-01,771.41,6629.02,R-023,False,none
C-01118,2024-10-01,153.08,1788.88,R-004,False,none
C-01119,2024-10-01,26.5,2838.27,R-021,False,none
C-01120,2024-10-01,622.24,741.19,R-046,False,none
C-01121,2024-10-01,366.01,1306.56,R-049,False,none
C-01122,2024-10-01,14.88,977.73,R-031,False,none
C-01123,2024-10-01,3469.03,536.32,R-047,False,none
C-01124,2024-10-01,1507.72,1177.05,R-005,False,none
C-01125,2024-10-01,685.52,837.61,R-039,False,none
C-01126,2024-10-01,276.29,2137.38,R-041,False,none
C-01127,2024-10-01,50.44,2045.59,R-031,False,none
C-01128,2024-10-01,246.35,802.56,R-043,False,none
C-01129,2024-10-01,130.46,1019.33,R-030,False,none
C-01130,2024-10-01,367.67,1472.04,R-032,False,none
C-01131,2024-10-01,102.55,366.95,R-037,False,none
C-01132,2024-10-01,198.94,1331.61,R-048,False,none
C-01133,2024-10-01,76.83,1180.1,R-015,False,none
C-01134,2024-10-01,286.52,2171.2,R-019,False,none
C-01135,2024-10-01,108.71,1620.07,R-026,False,none
C-01136,2024-10-01,286.08,1067.42,R-013,False,none
C-01137,2024-10-01,76.58,475.46,R-021,False,none
C-01138,2024-10-01,128.69,565.02,R-022,False,none
C-01139,2024-10-01,784.16,351.17,R-019,False,none
C-01140,2024-10-01,11.51,267.16,R-025,False,none
C-01141,2024-10-01,80.04,604.75,R-031,False,none
C-01142,2024-10-01,331.55,1351.87,R-042,False,none
C-01143,2024-10-01,335.49,23.54,R-019,False,none
C-01144,2024-10-01,16.54,1148.04,R-051,False,none
C-01145,2024-10-01,377.69,4753.53,R-029,False,none
C-01146,2024-10-01,369.92,4712.34,R-044,False,none
C-01147,2024-10-01,121.55,1303.02,R-007,False,none
C-01148,2024-10-01,122.48,1013.11,R-011,False,none
C-01149,2024-10-01,260.19,1957.91,R-028,False,none
C-01150,2024-10-01,269.92,153.51,R-022,False,none
C-01151,2024-10-01,27.17,1261.13,R-030,False,none
C-01152,2024-10-01,298.52,438.81,R-010,False,none
C-01153,2024-10-01,491.35,1043.71,R-029,False,none
C-01154,2024-10-01,410.19,691.75,R-042,False,none
C-01155,2024-10-01,376.47,480.66,R-044,False,none
C-01156,2024-10-01,437.57,5294.41,R-015,False,none
C-01157,2024-10-01,358.05,133.33,R-021,False,none
C-01158,2024-10-01,128.55,4076.56,R-032,False,none
C-01159,2024-10-01,511.88,1991.7,R-032,False,none
C-01160,2024-10-01,58.16,443.11,R-048,False,none
C-01161,2024-10-01,162.17,1446.07,R-024,False,none
C-01162,2024-10-01,85.6,2274.22,R-041,False,none
C-01163,2024-10-01,662.93,879.53,R-054,False,none
C-01164,2024-10-01,90.36,3125.54,R-018,False,none
C-01165,2024-10-01,109.74,220.12,R-050,False,none
C-01166,2024-10-01,7.43,596.9,R-020,True,kunda
C-01167,2024-10-01,261.92,466.5,R-021,False,none
C-01168,2024-10-01,57.39,2702.3,R-040,False,none
C-01169,2024-10-01,87.12,252.66,R-038,False,none
C-01170,2024-10-01,957.57,1759.03,R-033,False,none
C-01171,2024-10-01,471.96,2102.91,R-014,False,none
C-01172,2024-10-01,145.76,975.78,R-006,False,none
C-01173,2024-10-01,434.89,3991.47,R-055,False,none
C-01174,2024-10-01,104.36,484.81,R-053,False,none
C-01175,2024-10-01,61.43,769.51,R-054,False,none
C-01176,2024-10-01,17.79,1903.15,R-031,False,none
C-01177,2024-10-01,15.98,1236.73,R-054,False,none
C-01178,2024-10-01,592.91,1404.83,R-029,False,none
C-01179,2024-10-01,292.41,572.09,R-005,False,none
C-01180,2024-10-01,284.45,162.73,R-012,False,none
C-01181,2024-10-01,229.17,42.13,R-017,False,none
C-01182,2024-10-01,280.86,90.27,R-023,False,none
C-01183,2024-10-01,327.25,745.64,R-057,False,none
C-01184,2024-10-01,178.05,454.9,R-020,True,tamper
C-01185,2024-10-01,13.62,175.92,R-037,False,none
C-01186,2024-10-01,207.84,1010.25,R-017,False,none
C-01187,2024-10-01,248.95,800.05,R-039,False,none
C-01188,2024-10-01,177.69,102.77,R-035,False,none
C-01189,2024-10-01,6.98,3427.0,R-010,False,none
C-01190,2024-10-01,359.27,2003.02,R-028,False,none
C-01191,2024-10-01,99.21,1253.54,R-007,False,none
C-01192,2024-10-01,191.45,806.46,R-054,False,none
C-01193,2024-10-01,105.5,1371.02,R-043,False,none
C-01194,2024-10-01,182.21,275.11,R-057,False,none
C-01195,2024-10-01,654.77,489.73,R-053,False,none
C-01196,2024-10-01,1316.1,4202.54,R-014,False,none
C-01197,2024-10-01,102.99,43.29,R-043,False,none
C-01198,2024-10-01,843.07,3090.01,R-007,False,none
C-01199,2024-10-01,234.5,1897.13,R-058,False,none
C-01200,2024-10-01,1297.45,547.98,R-048,False,none
C-01201,2024-10-01,5823.88,3024.0,R-041,False,none
C-01202,2024-10-01,185.41,2169.16,R-060,False,none
C-01203,2024-10-01,18.12,2557.34,R-051,False,none
C-01204,2024-10-01,705.2,1436.76,R-052,False,none
C-01205,2024-10-01,1651.85,746.18,R-007,False,none
C-01206,2024-10-01,3825.75,1603.43,R-002,False,none
C-01207,2024-10-01,419.21,3183.53,R-058,False,none
C-01208,2024-10-01,55.26,326.55,R-016,False,none
C-01209,2024-10-01,49.51,2075.95,R-026,False,none
C-01210,2024-10-01,244.01,1052.9,R-003,False,none
C-01211,2024-10-01,8.72,610.84,R-038,True,kunda
C-01212,2024-10-01,500.06,90.89,R-050,False,none
C-01213,2024-10-01,43.62,172.99,R-051,False,none
C-01214,2024-10-01,172.78,6528.94,R-035,False,none
C-01215,2024-10-01,382.11,2128.31,R-040,False,none
C-01216,2024-10-01,44.12,1071.53,R-031,False,none
C-01217,2024-10-01,143.58,585.15,R-027,False,none
C-01218,2024-10-01,359.03,1585.85,R-034,False,none
C-01219,2024-10-01,111.3,5438.06,R-057,False,none
C-01220,2024-10-01,50.31,2394.93,R-016,False,none
C-01221,2024-10-01,71.91,51.59,R-029,False,none
C-01222,2024-10-01,744.0,31.16,R-037,False,none
C-01223,2024-10-01,224.41,2147.57,R-035,False,none
C-01224,2024-10-01,29.42,141.0,R-002,False,none
C-01225,2024-10-01,122.35,527.03,R-018,False,none
C-01226,2024-10-01,57.34,1657.37,R-039,False,none
C-01227,2024-10-01,148.76,132.83,R-042,False,none
C-01228,2024-10-01,917.18,1212.79,R-045,False,none
C-01229,2024-10-01,156.3,449.09,R-060,False,none
C-01230,2024-10-01,189.89,276.45,R-041,False,none
C-01231,2024-10-01,698.59,4449.68,R-035,False,none
C-01232,2024-10-01,149.48,628.6,R-020,False,none
C-01233,2024-10-01,240.88,3006.53,R-023,False,none
C-01234,2024-10-01,175.19,8.97,R-050,False,none
C-01235,2024-10-01,456.62,1185.35,R-029,False,none
C-01236,2024-10-01,983.96,4144.86,R-043,False,none
C-01237,2024-10-01,393.94,3606.31,R-008,False,none
C-01238,2024-10-01,233.89,1188.1,R-008,False,none
C-01239,2024-10-01,3319.63,3493.25,R-013,False,none
C-01240,2024-10-01,265.47,406.21,R-012,False,none
C-01241,2024-10-01,316.09,3132.19,R-037,False,none
C-01242,2024-10-01,51.04,1876.44,R-039,False,none
C-01243,2024-10-01,306.66,308.53,R-034,False,none
C-01244,2024-10-01,21.29,2379.05,R-018,True,kunda
C-01245,2024-10-01,83.58,279.48,R-035,False,none
C-01246,2024-10-01,476.15,337.95,R-008,False,none
C-01247,2024-10-01,271.23,2697.02,R-029,False,none
C-01248,2024-10-01,21.01,710.01,R-010,False,none
C-01249,2024-10-01,351.54,1514.5,R-005,False,none
C-01250,2024-10-01,165.85,20.69,R-010,False,none
C-01251,2024-10-01,801.37,1606.05,R-007,False,none
C-01252,2024-10-01,171.61,1220.25,R-029,False,none
C-01253,2024-10-01,1106.74,2364.84,R-033,False,none
C-01254,2024-10-01,149.57,472.55,R-037,True,tamper
C-01255,2024-10-01,269.31,2330.2,R-027,False,none
C-01256,2024-10-01,280.78,2262.64,R-011,False,none
C-01257,2024-10-01,227.4,887.01,R-002,False,none
C-01258,2024-10-01,64.58,1112.54,R-043,True,tamper
C-01259,2024-10-01,246.89,1749.32,R-059,False,none
C-01260,2024-10-01,57.23,955.06,R-017,False,none
C-01261,2024-10-01,661.94,578.12,R-013,False,none
C-01262,2024-10-01,544.32,424.75,R-019,False,none
C-01263,2024-10-01,263.59,1679.32,R-013,False,none
C-01264,2024-10-01,83.64,2670.74,R-014,False,none
C-01265,2024-10-01,226.56,1098.71,R-030,False,none
C-01266,2024-10-01,147.79,1210.45,R-048,False,none
C-01267,2024-10-01,355.74,2843.92,R-043,False,none
C-01268,2024-10-01,114.22,3099.71,R-058,False,none
C-01269,2024-10-01,259.37,38.03,R-022,False,none
C-01270,2024-10-01,437.89,793.51,R-030,False,none
C-01271,2024-10-01,341.22,3891.56,R-023,False,none
C-01272,2024-10-01,543.0,4402.67,R-003,False,none
C-01273,2024-10-01,19.22,3126.3,R-024,False,none
C-01274,2024-10-01,36.09,1121.43,R-016,False,none
C-01275,2024-10-01,269.01,1180.74,R-029,False,none
C-01276,2024-10-01,283.74,312.88,R-010,False,none
C-01277,2024-10-01,313.03,864.93,R-045,False,none
C-01278,2024-10-01,87.06,509.16,R-051,False,none
C-01279,2024-10-01,527.53,1910.49,R-058,False,none
C-01280,2024-10-01,382.14,421.63,R-006,False,none
C-01281,2024-10-01,2.34,326.59,R-008,True,kunda
C-01282,2024-10-01,14.79,619.03,R-058,False,none
C-01283,2024-10-01,76.93,4724.46,R-051,False,none
C-01284,2024-10-01,17.35,1399.87,R-036,False,none
C-01285,2024-10-01,128.01,2383.08,R-020,True,tamper
C-01286,2024-10-01,602.63,1157.37,R-032,False,none
C-01287,2024-10-01,566.26,1552.28,R-033,False,none
C-01288,2024-10-01,32.07,1293.3,R-051,False,none
C-01289,2024-10-01,186.86,555.54,R-032,False,none
C-01290,2024-10-01,25.8,889.38,R-002,False,none
C-01291,2024-10-01,32.64,771.74,R-042,True,kunda
C-01292,2024-10-01,147.28,2307.36,R-047,False,none
C-01293,2024-10-01,314.39,1961.54,R-018,False,none
C-01294,2024-10-01,57.72,4830.31,R-007,False,none
C-01295,2024-10-01,3079.39,976.7,R-009,False,none
C-01296,2024-10-01,236.91,337.53,R-051,False,none
C-01297,2024-10-01,197.51,2804.8,R-027,False,none
C-01298,2024-10-01,109.36,1591.74,R-032,False,none
C-01299,2024-10-01,118.45,4847.27,R-058,False,none
C-01300,2024-10-01,206.49,4455.24,R-004,True,collusion
C-01301,2024-10-01,5409.19,310.33,R-013,False,none
C-01302,2024-10-01,306.14,530.04,R-050,False,none
C-01303,2024-10-01,75.67,82.68,R-033,True,collusion
C-01304,2024-10-01,1029.17,1589.66,R-002,False,none
C-01305,2024-10-01,87.92,2648.23,R-043,False,none
C-01306,2024-10-01,299.32,818.53,R-009,False,none
C-01307,2024-10-01,202.39,1040.29,R-047,False,none
C-01308,2024-10-01,592.38,3755.33,R-048,False,none
C-01309,2024-10-01,54.41,849.41,R-050,False,none
C-01310,2024-10-01,120.55,70.85,R-028,False,none
C-01311,2024-10-01,948.78,5324.63,R-017,False,none
C-01312,2024-10-01,186.48,20.23,R-053,False,none
C-01313,2024-10-01,193.13,5974.27,R-034,False,none
C-01314,2024-10-01,137.6,2959.43,R-039,False,none
C-01315,2024-10-01,194.98,505.07,R-009,False,none
C-01316,2024-10-01,165.81,66.19,R-038,False,none
C-01317,2024-10-01,289.84,1501.19,R-035,False,none
C-01318,2024-10-01,1800.76,6.46,R-018,True,tamper
C-01319,2024-10-01,511.35,440.9,R-047,False,none
C-01320,2024-10-01,219.65,1499.69,R-009,False,none
C-01321,2024-10-01,261.75,1297.11,R-044,False,none
C-01322,2024-10-01,9.57,3450.92,R-058,False,none
C-01323,2024-10-01,169.95,2300.54,R-035,False,none
C-01324,2024-10-01,1148.53,897.9,R-007,False,none
C-01325,2024-10-01,237.6,1186.59,R-034,False,none
C-01326,2024-10-01,219.15,581.14,R-032,False,none
C-01327,2024-10-01,2759.93,825.68,R-034,False,none
C-01328,2024-10-01,128.73,2767.83,R-017,False,none
C-01329,2024-10-01,568.21,3332.24,R-038,False,none
C-01330,2024-10-01,46.91,983.66,R-016,False,none
C-01331,2024-10-01,64.5,55.82,R-034,False,none
C-01332,2024-10-01,448.57,246.11,R-036,False,none
C-01333,2024-10-01,173.71,1205.73,R-039,False,none
C-01334,2024-10-01,202.02,129.31,R-048,False,none
C-01335,2024-10-01,614.12,2011.88,R-053,False,none
C-01336,2024-10-01,417.55,965.56,R-047,False,none
C-01337,2024-10-01,150.66,2566.61,R-048,False,none
C-01338,2024-10-01,142.33,214.13,R-053,False,none
C-01339,2024-10-01,140.86,2467.47,R-015,False,none
C-01340,2024-10-01,149.13,377.88,R-018,False,none
C-01341,2024-10-01,543.32,206.6,R-032,False,none
C-01342,2024-10-01,792.35,1184.34,R-028,False,none
C-01343,2024-10-01,23.36,2897.46,R-043,True,kunda
C-01344,2024-10-01,13.12,4.76,R-001,False,none
C-01345,2024-10-01,20.59,5672.95,R-009,True,kunda
C-01346,2024-10-01,599.23,212.78,R-045,False,none
C-01347,2024-10-01,7.01,2530.21,R-050,True,kunda
C-01348,2024-10-01,448.62,916.2,R-019,False,none
C-01349,2024-10-01,352.09,7002.02,R-019,False,none
C-01350,2024-10-01,36.86,2670.39,R-034,False,none
C-01351,2024-10-01,36.8,730.03,R-029,False,none
C-01352,2024-10-01,10.65,2167.74,R-011,False,none
C-01353,2024-10-01,608.41,1107.22,R-031,False,none
C-01354,2024-10-01,334.45,1006.11,R-050,False,none
C-01355,2024-10-01,17.78,965.44,R-044,True,kunda
C-01356,2024-10-01,48.02,1839.43,R-050,False,none
C-01357,2024-10-01,64.55,3122.54,R-039,False,none
C-01358,2024-10-01,1140.62,420.23,R-053,False,none
C-01359,2024-10-01,138.68,617.24,R-015,False,none
C-01360,2024-10-01,244.94,243.7,R-003,False,none
C-01361,2024-10-01,233.8,1271.35,R-007,False,none
C-01362,2024-10-01,128.31,812.06,R-060,False,none
C-01363,2024-10-01,500.62,1005.79,R-039,False,none
C-01364,2024-10-01,301.02,2038.11,R-015,False,none
C-01365,2024-10-01,66.22,526.13,R-052,False,none
C-01366,2024-10-01,170.35,349.96,R-019,False,none
C-01367,2024-10-01,32.92,91.87,R-036,False,none
C-01368,2024-10-01,124.77,1594.5,R-015,False,none
C-01369,2024-10-01,109.36,5683.44,R-006,True,tamper
C-01370,2024-10-01,592.26,2267.86,R-017,False,none
C-01371,2024-10-01,348.36,1699.48,R-014,False,none
C-01372,2024-10-01,211.32,1139.64,R-034,False,none
C-01373,2024-10-01,102.52,1390.01,R-002,True,tamper
C-01374,2024-10-01,223.39,1017.18,R-015,False,none
C-01375,2024-10-01,597.95,39.34,R-035,False,none
C-01376,2024-10-01,22.34,422.21,R-024,False,none
C-01377,2024-10-01,45.85,2654.75,R-039,False,none
C-01378,2024-10-01,351.32,4960.35,R-040,False,none
C-01379,2024-10-01,507.49,3990.17,R-058,False,none
C-01380,2024-10-01,122.19,316.89,R-051,False,none
C-01381,2024-10-01,129.52,5885.64,R-014,False,none
C-01382,2024-10-01,207.18,1271.86,R-042,False,none
C-01383,2024-10-01,2801.0,271.49,R-038,False,none
C-01384,2024-10-01,53.62,1147.7,R-036,False,none
C-01385,2024-10-01,41.55,1287.48,R-048,False,none
C-01386,2024-10-01,38.68,728.87,R-009,False,none
C-01387,2024-10-01,230.45,670.02,R-023,False,none
C-01388,2024-10-01,30.73,601.84,R-049,False,none
C-01389,2024-10-01,117.53,18.75,R-054,False,none
C-01390,2024-10-01,125.14,2255.85,R-003,False,none
C-01391,2024-10-01,668.09,1634.99,R-029,False,none
C-01392,2024-10-01,8.49,1408.35,R-016,False,none
C-01393,2024-10-01,48.02,784.17,R-011,False,none
C-01394,2024-10-01,279.75,87.8,R-004,False,none
C-01395,2024-10-01,87.63,2051.65,R-033,False,none
C-01396,2024-10-01,1141.24,898.13,R-041,False,none
C-01397,2024-10-01,227.11,141.9,R-032,False,none
C-01398,2024-10-01,3107.23,4982.97,R-023,False,none
C-01399,2024-10-01,7.93,2497.49,R-047,True,kunda
C-01400,2024-10-01,405.41,2521.36,R-040,False,none
C-01401,2024-10-01,139.03,173.85,R-055,False,none
C-01402,2024-10-01,95.7,1384.96,R-021,False,none
C-01403,2024-10-01,138.1,658.75,R-015,False,none
C-01404,2024-10-01,46.12,2893.49,R-028,True,tamper
C-01405,2024-10-01,233.58,365.58,R-031,False,none
C-01406,2024-10-01,29.33,2256.34,R-028,False,none
C-01407,2024-10-01,66.55,6629.63,R-050,False,none
C-01408,2024-10-01,169.23,635.16,R-003,False,none
C-01409,2024-10-01,700.85,993.16,R-032,False,none
C-01410,2024-10-01,25.92,3324.66,R-026,False,none
C-01411,2024-10-01,68.38,1918.33,R-013,False,none
C-01412,2024-10-01,536.28,2021.44,R-039,False,none
C-01413,2024-10-01,87.5,2794.36,R-049,False,none
C-01414,2024-10-01,183.42,499.46,R-033,False,none
C-01415,2024-10-01,191.33,3256.11,R-006,False,none
C-01416,2024-10-01,183.9,2414.66,R-005,False,none
C-01417,2024-10-01,154.81,417.48,R-026,False,none
C-01418,2024-10-01,156.34,1943.73,R-041,False,none
C-01419,2024-10-01,121.49,1144.71,R-019,False,none
C-01420,2024-10-01,106.97,1196.49,R-019,False,none
C-01421,2024-10-01,12.72,105.5,R-052,False,none
C-01422,2024-10-01,64.65,672.99,R-001,False,none
C-01423,2024-10-01,127.79,335.63,R-005,False,none
C-01424,2024-10-01,257.72,2195.43,R-010,False,none
C-01425,2024-10-01,494.93,1508.05,R-060,False,none
C-01426,2024-10-01,138.37,3132.14,R-030,False,none
C-01427,2024-10-01,96.66,2607.66,R-010,False,none
C-01428,2024-10-01,294.65,989.85,R-019,False,none
C-01429,2024-10-01,191.85,3078.55,R-059,False,none
C-01430,2024-10-01,628.43,424.97,R-042,False,none
C-01431,2024-10-01,4.67,888.62,R-014,True,kunda
C-01432,2024-10-01,1159.39,1189.28,R-015,True,tamper
C-01433,2024-10-01,291.65,2721.75,R-005,True,tamper
C-01434,2024-10-01,28.84,1622.2,R-047,False,none
C-01435,2024-10-01,20.89,380.88,R-009,False,none
C-01436,2024-10-01,93.85,741.52,R-018,False,none
C-01437,2024-10-01,143.9,34.3,R-021,False,none
C-01438,2024-10-01,207.45,3139.87,R-038,False,none
C-01439,2024-10-01,174.09,2061.58,R-037,False,none
C-01440,2024-10-01,921.55,1489.44,R-048,False,none
C-01441,2024-10-01,53.74,936.71,R-018,False,none
C-01442,2024-10-01,207.87,2198.22,R-024,False,none
C-01443,2024-10-01,96.09,2865.16,R-024,False,none
C-01444,2024-10-01,31.56,450.26,R-003,False,none
C-01445,2024-10-01,95.82,3603.09,R-045,False,none
C-01446,2024-10-01,418.41,1002.69,R-033,False,none
C-01447,2024-10-01,149.9,1512.59,R-029,False,none
C-01448,2024-10-01,41.39,738.57,R-060,False,none
C-01449,2024-10-01,38.19,1626.34,R-011,False,none
C-01450,2024-10-01,330.47,11767.65,R-059,False,none
C-01451,2024-10-01,70.75,1080.39,R-041,False,none
C-01452,2024-10-01,533.95,168.15,R-014,False,none
C-01453,2024-10-01,369.81,401.87,R-041,False,none
C-01454,2024-10-01,238.46,1409.52,R-046,False,none
C-01455,2024-10-01,81.07,1261.45,R-022,False,none
C-01456,2024-10-01,4.92,389.72,R-021,True,kunda
C-01457,2024-10-01,79.62,126.43,R-051,False,none
C-01458,2024-10-01,312.77,415.14,R-010,False,none
C-01459,2024-10-01,74.78,180.25,R-001,False,none
C-01460,2024-10-01,471.9,224.74,R-040,False,none
C-01461,2024-10-01,3718.57,154.23,R-055,False,none
C-01462,2024-10-01,104.33,5528.39,R-031,True,collusion
C-01463,2024-10-01,146.65,3819.55,R-009,False,none
C-01464,2024-10-01,185.77,185.01,R-033,False,none
C-01465,2024-10-01,594.26,3088.82,R-016,True,tamper
C-01466,2024-10-01,28.83,3908.92,R-050,False,none
C-01467,2024-10-01,56.55,1033.52,R-037,False,none
C-01468,2024-10-01,463.38,6207.88,R-021,False,none
C-01469,2024-10-01,1159.5,346.37,R-038,False,none
C-01470,2024-10-01,288.17,529.32,R-041,False,none
C-01471,2024-10-01,40.61,2370.84,R-041,False,none
C-01472,2024-10-01,96.79,1345.21,R-022,True,collusion
C-01473,2024-10-01,521.66,2539.02,R-035,False,none
C-01474,2024-10-01,213.98,3330.87,R-003,False,none
C-01475,2024-10-01,1046.24,145.94,R-025,False,none
C-01476,2024-10-01,223.15,1077.15,R-023,False,none
C-01477,2024-10-01,347.52,5020.74,R-033,True,collusion
C-01478,2024-10-01,90.6,1401.3,R-058,False,none
C-01479,2024-10-01,428.46,197.26,R-058,False,none
C-01480,2024-10-01,772.61,76.45,R-029,False,none
C-01481,2024-10-01,436.72,739.09,R-039,False,none
C-01482,2024-10-01,20.72,489.78,R-007,True,kunda
C-01483,2024-10-01,2.17,1707.94,R-029,True,kunda
C-01484,2024-10-01,459.84,1443.51,R-042,False,none
C-01485,2024-10-01,170.87,7815.88,R-041,True,collusion
C-01486,2024-10-01,876.41,591.08,R-058,False,none
C-01487,2024-10-01,119.24,868.26,R-028,False,none
C-01488,2024-10-01,103.71,396.52,R-055,False,none
C-01489,2024-10-01,150.46,3332.23,R-059,False,none
C-01490,2024-10-01,40.69,340.75,R-035,False,none
C-01491,2024-10-01,101.87,2475.32,R-006,False,none
C-01492,2024-10-01,111.22,1569.33,R-023,False,none
C-01493,2024-10-01,6.3,263.84,R-046,True,kunda
C-01494,2024-10-01,25.82,860.59,R-035,False,none
C-01495,2024-10-01,6.21,2150.36,R-057,True,kunda
C-01496,2024-10-01,313.15,2773.08,R-049,False,none
C-01497,2024-10-01,278.55,1115.61,R-004,False,none
C-01498,2024-10-01,413.8,629.18,R-052,False,none
C-01499,2024-10-01,238.79,2370.46,R-022,False,none
C-01500,2024-10-01,27.32,1238.74,R-050,False,none
C-00001,2024-11-01,164.8,312.42,R-006,False,none
C-00002,2024-11-01,53.0,1187.06,R-029,False,none
C-00003,2024-11-01,178.31,5393.89,R-040,False,none
C-00004,2024-11-01,50.46,1724.84,R-004,False,none
C-00005,2024-11-01,35.23,673.1,R-024,False,none
C-00006,2024-11-01,166.61,2927.97,R-016,False,none
C-00007,2024-11-01,172.6,1193.26,R-003,False,none
C-00008,2024-11-01,1495.44,234.29,R-049,False,none
C-00009,2024-11-01,59.15,2694.01,R-027,False,none
C-00010,2024-11-01,187.02,784.23,R-046,False,none
C-00011,2024-11-01,341.98,2105.9,R-036,True,tamper
C-00012,2024-11-01,378.92,690.49,R-053,False,none
C-00013,2024-11-01,24.76,1075.31,R-060,False,none
C-00014,2024-11-01,64.04,398.54,R-037,False,none
C-00015,2024-11-01,100.0,1152.46,R-022,False,none
C-00016,2024-11-01,18.72,4464.43,R-026,False,none
C-00017,2024-11-01,56.54,2914.28,R-050,False,none
C-00018,2024-11-01,152.17,1130.39,R-026,False,none
C-00019,2024-11-01,149.87,652.81,R-032,False,none
C-00020,2024-11-01,503.83,1035.74,R-012,False,none
C-00021,2024-11-01,247.54,2091.74,R-060,False,none
C-00022,2024-11-01,235.35,428.68,R-040,False,none
C-00023,2024-11-01,47.08,411.95,R-020,False,none
C-00024,2024-11-01,973.39,3916.08,R-036,False,none
C-00025,2024-11-01,318.19,1528.82,R-025,False,none
C-00026,2024-11-01,293.67,1242.26,R-010,False,none
C-00027,2024-11-01,39.71,4316.66,R-053,False,none
C-00028,2024-11-01,42.32,93.22,R-054,False,none
C-00029,2024-11-01,398.66,1794.08,R-051,False,none
C-00030,2024-11-01,204.89,927.49,R-023,False,none
C-00031,2024-11-01,134.23,394.21,R-016,False,none
C-00032,2024-11-01,339.87,1063.58,R-003,True,tamper
C-00033,2024-11-01,37.96,4156.1,R-044,False,none
C-00034,2024-11-01,28.5,658.63,R-020,False,none
C-00035,2024-11-01,1709.35,1242.27,R-054,False,none
C-00036,2024-11-01,53.68,2945.79,R-053,False,none
C-00037,2024-11-01,698.25,6047.11,R-008,False,none
C-00038,2024-11-01,221.82,6413.33,R-056,False,none
C-00039,2024-11-01,26.62,1324.82,R-009,False,none
C-00040,2024-11-01,74.8,65.53,R-030,False,none
C-00041,2024-11-01,132.97,1256.93,R-029,True,tamper
C-00042,2024-11-01,88.24,2905.13,R-058,False,none
C-00043,2024-11-01,354.39,348.57,R-040,False,none
C-00044,2024-11-01,158.21,5569.83,R-053,False,none
C-00045,2024-11-01,51.51,1566.0,R-036,False,none
C-00046,2024-11-01,64.93,1051.71,R-050,False,none
C-00047,2024-11-01,109.34,586.85,R-052,True,tamper
C-00048,2024-11-01,13.85,1407.06,R-052,False,none
C-00049,2024-11-01,41.69,1327.68,R-025,False,none
C-00050,2024-11-01,226.87,291.01,R-023,False,none
C-00051,2024-11-01,294.9,225.8,R-060,False,none
C-00052,2024-11-01,270.67,189.03,R-046,False,none
C-00053,2024-11-01,555.66,428.27,R-056,True,tamper
C-00054,2024-11-01,47.51,8184.41,R-035,False,none
C-00055,2024-11-01,37.94,93.18,R-056,False,none
C-00056,2024-11-01,48.49,2214.4,R-044,False,none
C-00057,2024-11-01,70.29,1428.82,R-045,False,none
C-00058,2024-11-01,90.88,2523.43,R-011,False,none
C-00059,2024-11-01,319.42,842.04,R-035,False,none
C-00060,2024-11-01,3008.89,1351.38,R-044,False,none
C-00061,2024-11-01,417.22,5093.3,R-046,False,none
C-00062,2024-11-01,2.64,789.34,R-058,True,kunda
C-00063,2024-11-01,311.8,791.26,R-020,False,none
C-00064,2024-11-01,186.65,2228.42,R-019,False,none
C-00065,2024-11-01,104.66,1155.04,R-059,False,none
C-00066,2024-11-01,657.86,484.8,R-060,False,none
C-00067,2024-11-01,382.3,2250.58,R-011,False,none
C-00068,2024-11-01,22.65,2686.85,R-023,False,none
C-00069,2024-11-01,178.29,570.59,R-057,False,none
C-00070,2024-11-01,42.12,1365.98,R-012,False,none
C-00071,2024-11-01,47.32,252.15,R-047,False,none
C-00072,2024-11-01,10.87,3091.57,R-007,False,none
C-00073,2024-11-01,39.93,1661.01,R-011,False,none
C-00074,2024-11-01,19.4,2254.23,R-048,False,none
C-00075,2024-11-01,31.87,827.61,R-037,True,kunda
C-00076,2024-11-01,200.29,271.37,R-034,False,none
C-00077,2024-11-01,132.36,701.04,R-052,False,none
C-00078,2024-11-01,103.11,254.98,R-019,False,none
C-00079,2024-11-01,184.48,11.5,R-031,False,none
C-00080,2024-11-01,253.74,3109.85,R-037,False,none
C-00081,2024-11-01,24.97,3827.86,R-045,False,none
C-00082,2024-11-01,14.24,2569.12,R-020,False,none
C-00083,2024-11-01,556.2,244.41,R-039,False,none
C-00084,2024-11-01,13.19,1347.95,R-027,False,none
C-00085,2024-11-01,47.05,2178.41,R-033,False,none
C-00086,2024-11-01,209.48,1579.79,R-052,False,none
C-00087,2024-11-01,422.43,1085.05,R-024,False,none
C-00088,2024-11-01,550.61,3.75,R-041,False,none
C-00089,2024-11-01,116.28,804.13,R-057,False,none
C-00090,2024-11-01,50.23,771.28,R-046,False,none
C-00091,2024-11-01,44.91,262.44,R-060,False,none
C-00092,2024-11-01,26.97,2214.66,R-036,False,none
C-00093,2024-11-01,225.55,1169.92,R-017,False,none
C-00094,2024-11-01,173.7,2715.79,R-060,True,collusion
C-00095,2024-11-01,170.91,1845.87,R-039,True,tamper
C-00096,2024-11-01,235.72,1175.3,R-015,False,none
C-00097,2024-11-01,53.95,720.87,R-020,False,none
C-00098,2024-11-01,295.23,125.3,R-016,False,none
C-00099,2024-11-01,54.32,2254.54,R-051,False,none
C-00100,2024-11-01,143.06,306.01,R-006,False,none
C-00101,2024-11-01,63.97,2086.38,R-045,False,none
C-00102,2024-11-01,39.97,426.62,R-034,False,none
C-00103,2024-11-01,389.72,2826.34,R-005,False,none
C-00104,2024-11-01,545.05,2241.42,R-037,False,none
C-00105,2024-11-01,231.84,2263.36,R-046,False,none
C-00106,2024-11-01,142.01,1819.59,R-044,False,none
C-00107,2024-11-01,187.49,1781.39,R-032,False,none
C-00108,2024-11-01,108.05,723.92,R-021,False,none
C-00109,2024-11-01,470.76,2927.81,R-010,False,none
C-00110,2024-11-01,74.63,337.12,R-001,False,none
C-00111,2024-11-01,129.6,287.04,R-022,False,none
C-00112,2024-11-01,70.62,436.82,R-038,False,none
C-00113,2024-11-01,162.37,3795.74,R-003,False,none
C-00114,2024-11-01,323.42,523.73,R-060,False,none
C-00115,2024-11-01,226.34,2800.81,R-036,False,none
C-00116,2024-11-01,1080.99,3296.94,R-018,False,none
C-00117,2024-11-01,258.04,311.86,R-058,False,none
C-00118,2024-11-01,16.12,1146.41,R-012,False,none
C-00119,2024-11-01,174.27,1835.88,R-058,False,none
C-00120,2024-11-01,60.78,427.92,R-017,False,none
C-00121,2024-11-01,16.53,1254.95,R-023,False,none
C-00122,2024-11-01,219.24,3742.26,R-026,False,none
C-00123,2024-11-01,1620.15,166.34,R-060,False,none
C-00124,2024-11-01,2.43,2194.41,R-016,True,kunda
C-00125,2024-11-01,6.09,681.8,R-059,False,none
C-00126,2024-11-01,194.2,4983.98,R-021,False,none
C-00127,2024-11-01,99.99,1265.92,R-018,False,none
C-00128,2024-11-01,25.07,1248.97,R-039,False,none
C-00129,2024-11-01,103.91,6471.99,R-042,False,none
C-00130,2024-11-01,70.89,4812.58,R-021,False,none
C-00131,2024-11-01,216.51,160.85,R-009,False,none
C-00132,2024-11-01,94.21,884.13,R-024,False,none
C-00133,2024-11-01,349.69,7622.46,R-033,False,none
C-00134,2024-11-01,45.59,6934.92,R-003,False,none
C-00135,2024-11-01,43.74,2243.05,R-005,False,none
C-00136,2024-11-01,41.87,602.68,R-056,False,none
C-00137,2024-11-01,271.02,1725.68,R-003,False,none
C-00138,2024-11-01,13.06,36.02,R-025,False,none
C-00139,2024-11-01,52.93,1160.21,R-046,False,none
C-00140,2024-11-01,83.6,1642.79,R-020,False,none
C-00141,2024-11-01,29.26,1828.51,R-030,False,none
C-00142,2024-11-01,429.3,933.6,R-006,False,none
C-00143,2024-11-01,37.43,5515.54,R-048,False,none
C-00144,2024-11-01,5.56,2714.82,R-039,True,kunda
C-00145,2024-11-01,221.03,1383.35,R-052,False,none
C-00146,2024-11-01,1567.27,1287.41,R-052,False,none
C-00147,2024-11-01,172.03,2177.87,R-022,False,none
C-00148,2024-11-01,78.95,23.45,R-003,False,none
C-00149,2024-11-01,81.35,430.87,R-021,False,none
C-00150,2024-11-01,7.98,1576.97,R-009,True,kunda
C-00151,2024-11-01,193.35,529.33,R-032,False,none
C-00152,2024-11-01,227.83,425.66,R-009,False,none
C-00153,2024-11-01,218.22,946.62,R-056,False,none
C-00154,2024-11-01,231.12,1860.96,R-037,False,none
C-00155,2024-11-01,2923.48,472.13,R-016,False,none
C-00156,2024-11-01,40.99,505.82,R-056,False,none
C-00157,2024-11-01,194.8,1557.09,R-047,False,none
C-00158,2024-11-01,8.27,6568.42,R-027,False,none
C-00159,2024-11-01,16.2,1453.95,R-009,False,none
C-00160,2024-11-01,172.25,334.27,R-021,False,none
C-00161,2024-11-01,260.44,94.97,R-036,False,none
C-00162,2024-11-01,1070.34,1472.39,R-046,False,none
C-00163,2024-11-01,589.59,2219.77,R-016,False,none
C-00164,2024-11-01,2050.42,652.08,R-045,False,none
C-00165,2024-11-01,2736.27,3697.13,R-017,False,none
C-00166,2024-11-01,980.29,3625.61,R-015,False,none
C-00167,2024-11-01,74.61,4660.44,R-027,False,none
C-00168,2024-11-01,255.29,1515.4,R-010,False,none
C-00169,2024-11-01,82.86,958.44,R-025,False,none
C-00170,2024-11-01,314.71,751.52,R-022,True,collusion
C-00171,2024-11-01,64.86,2228.07,R-017,False,none
C-00172,2024-11-01,286.32,858.39,R-047,True,tamper
C-00173,2024-11-01,214.23,1358.05,R-020,False,none
C-00174,2024-11-01,80.22,1064.04,R-042,False,none
C-00175,2024-11-01,254.55,79.88,R-044,False,none
C-00176,2024-11-01,218.23,2541.75,R-040,False,none
C-00177,2024-11-01,1.32,599.6,R-017,True,kunda
C-00178,2024-11-01,695.77,390.52,R-050,False,none
C-00179,2024-11-01,228.8,7243.22,R-015,False,none
C-00180,2024-11-01,212.04,491.1,R-017,False,none
C-00181,2024-11-01,148.93,1706.82,R-053,False,none
C-00182,2024-11-01,173.24,104.9,R-021,False,none
C-00183,2024-11-01,166.07,925.0,R-042,False,none
C-00184,2024-11-01,94.64,72.63,R-003,False,none
C-00185,2024-11-01,50.0,661.77,R-037,False,none
C-00186,2024-11-01,435.03,707.49,R-053,False,none
C-00187,2024-11-01,117.48,279.41,R-043,True,kunda
C-00188,2024-11-01,4.2,1430.22,R-035,True,kunda
C-00189,2024-11-01,456.24,243.35,R-051,False,none
C-00190,2024-11-01,172.93,1768.71,R-018,False,none
C-00191,2024-11-01,217.02,3215.47,R-023,True,tamper
C-00192,2024-11-01,104.74,206.84,R-005,False,none
C-00193,2024-11-01,11.81,388.55,R-042,False,none
C-00194,2024-11-01,121.55,2414.41,R-044,False,none
C-00195,2024-11-01,27.14,1898.38,R-046,False,none
C-00196,2024-11-01,224.47,2431.02,R-045,False,none
C-00197,2024-11-01,67.56,884.91,R-008,False,none
C-00198,2024-11-01,43.38,1894.11,R-040,False,none
C-00199,2024-11-01,286.92,196.65,R-046,True,tamper
C-00200,2024-11-01,354.45,872.15,R-013,False,none
C-00201,2024-11-01,230.44,51.31,R-029,False,none
C-00202,2024-11-01,412.69,64.98,R-055,False,none
C-00203,2024-11-01,308.15,101.94,R-025,False,none
C-00204,2024-11-01,54.33,519.03,R-046,False,none
C-00205,2024-11-01,108.64,2294.91,R-032,False,none
C-00206,2024-11-01,583.29,800.11,R-040,False,none
C-00207,2024-11-01,151.26,2116.52,R-038,False,none
C-00208,2024-11-01,53.61,243.17,R-040,False,none
C-00209,2024-11-01,75.56,2188.75,R-047,False,none
C-00210,2024-11-01,151.61,394.74,R-055,False,none
C-00211,2024-11-01,107.19,2185.31,R-018,False,none
C-00212,2024-11-01,212.77,1144.81,R-056,False,none
C-00213,2024-11-01,64.61,715.68,R-038,False,none
C-00214,2024-11-01,221.06,1081.98,R-036,False,none
C-00215,2024-11-01,310.15,774.37,R-020,False,none
C-00216,2024-11-01,91.25,2816.76,R-026,False,none
C-00217,2024-11-01,892.63,1889.17,R-040,True,tamper
C-00218,2024-11-01,218.76,322.86,R-022,False,none
C-00219,2024-11-01,30.38,633.29,R-018,False,none
C-00220,2024-11-01,127.67,80.12,R-050,False,none
C-00221,2024-11-01,240.01,1755.3,R-025,False,none
C-00222,2024-11-01,107.79,1073.36,R-039,False,none
C-00223,2024-11-01,177.21,858.69,R-002,False,none
C-00224,2024-11-01,114.59,390.85,R-005,False,none
C-00225,2024-11-01,115.66,78.06,R-051,False,none
C-00226,2024-11-01,20.56,2537.13,R-009,False,none
C-00227,2024-11-01,44.78,2747.78,R-048,False,none
C-00228,2024-11-01,98.56,5360.34,R-055,False,none
C-00229,2024-11-01,164.47,3632.5,R-029,False,none
C-00230,2024-11-01,285.56,3806.09,R-054,False,none
C-00231,2024-11-01,2871.53,731.31,R-026,False,none
C-00232,2024-11-01,431.16,762.71,R-058,False,none
C-00233,2024-11-01,65.43,1040.5,R-015,False,none
C-00234,2024-11-01,10.62,351.79,R-026,False,none
C-00235,2024-11-01,286.46,453.58,R-024,False,none
C-00236,2024-11-01,105.34,645.88,R-048,False,none
C-00237,2024-11-01,211.6,2119.6,R-003,False,none
C-00238,2024-11-01,328.45,0.34,R-050,False,none
C-00239,2024-11-01,122.27,49.25,R-002,False,none
C-00240,2024-11-01,204.32,2228.32,R-019,False,none
C-00241,2024-11-01,409.54,137.94,R-036,False,none
C-00242,2024-11-01,26.2,444.24,R-009,False,none
C-00243,2024-11-01,15.03,12.68,R-030,False,none
C-00244,2024-11-01,318.67,4433.92,R-060,False,none
C-00245,2024-11-01,481.04,1348.16,R-050,False,none
C-00246,2024-11-01,41.51,604.55,R-002,False,none
C-00247,2024-11-01,174.82,2962.44,R-036,False,none
C-00248,2024-11-01,145.08,267.85,R-036,False,none
C-00249,2024-11-01,3403.93,1703.51,R-005,False,none
C-00250,2024-11-01,7.24,1275.67,R-040,True,kunda
C-00251,2024-11-01,128.91,1446.24,R-032,False,none
C-00252,2024-11-01,50.2,591.31,R-041,False,none
C-00253,2024-11-01,302.08,960.29,R-018,False,none
C-00254,2024-11-01,310.18,388.7,R-016,False,none
C-00255,2024-11-01,127.09,473.46,R-045,False,none
C-00256,2024-11-01,49.24,234.51,R-044,False,none
C-00257,2024-11-01,967.85,375.61,R-010,False,none
C-00258,2024-11-01,82.13,1899.22,R-013,False,none
C-00259,2024-11-01,125.09,7.3,R-036,False,none
C-00260,2024-11-01,141.86,2598.64,R-050,False,none
C-00261,2024-11-01,14.32,576.58,R-013,True,kunda
C-00262,2024-11-01,35.05,3084.62,R-014,False,none
C-00263,2024-11-01,11.08,162.52,R-049,False,none
C-00264,2024-11-01,987.88,7080.7,R-042,False,none
C-00265,2024-11-01,94.85,302.89,R-055,False,none
C-00266,2024-11-01,181.42,1025.65,R-048,False,none
C-00267,2024-11-01,18.6,339.19,R-058,False,none
C-00268,2024-11-01,327.78,2762.26,R-012,False,none
C-00269,2024-11-01,50.59,71.88,R-017,False,none
C-00270,2024-11-01,20.1,1667.6,R-015,False,none
C-00271,2024-11-01,282.01,2370.49,R-004,False,none
C-00272,2024-11-01,45.72,2293.15,R-047,False,none
C-00273,2024-11-01,3689.95,58.84,R-040,False,none
C-00274,2024-11-01,28.31,277.46,R-006,False,none
C-00275,2024-11-01,130.91,5624.64,R-012,False,none
C-00276,2024-11-01,120.78,1324.5,R-012,False,none
C-00277,2024-11-01,289.29,1793.31,R-025,False,none
C-00278,2024-11-01,184.47,606.07,R-028,False,none
C-00279,2024-11-01,166.14,1049.47,R-018,False,none
C-00280,2024-11-01,110.8,392.97,R-056,False,none
C-00281,2024-11-01,136.99,1305.12,R-013,False,none
C-00282,2024-11-01,254.19,68.27,R-034,False,none
C-00283,2024-11-01,264.77,3746.66,R-027,False,none
C-00284,2024-11-01,34.67,169.8,R-024,False,none
C-00285,2024-11-01,377.41,598.52,R-050,False,none
C-00286,2024-11-01,166.27,232.11,R-059,False,none
C-00287,2024-11-01,194.63,2063.19,R-001,False,none
C-00288,2024-11-01,84.02,1521.42,R-028,True,tamper
C-00289,2024-11-01,35.41,1840.23,R-008,False,none
C-00290,2024-11-01,70.56,4265.15,R-027,False,none
C-00291,2024-11-01,231.51,197.21,R-038,False,none
C-00292,2024-11-01,115.49,2140.56,R-025,False,none
C-00293,2024-11-01,155.89,1170.24,R-019,False,none
C-00294,2024-11-01,189.72,5153.8,R-019,False,none
C-00295,2024-11-01,45.84,3110.2,R-018,False,none
C-00296,2024-11-01,211.07,2146.23,R-020,False,none
C-00297,2024-11-01,363.53,5450.46,R-023,False,none
C-00298,2024-11-01,170.31,962.2,R-042,False,none
C-00299,2024-11-01,315.29,1673.38,R-006,False,none
C-00300,2024-11-01,124.33,2406.48,R-003,False,none
C-00301,2024-11-01,64.66,303.3,R-032,False,none
C-00302,2024-11-01,160.26,153.0,R-041,False,none
C-00303,2024-11-01,341.19,3282.59,R-016,False,none
C-00304,2024-11-01,75.74,2251.12,R-013,False,none
C-00305,2024-11-01,254.5,678.12,R-038,False,none
C-00306,2024-11-01,155.5,2012.31,R-024,False,none
C-00307,2024-11-01,252.17,2200.4,R-045,False,none
C-00308,2024-11-01,127.42,247.65,R-009,False,none
C-00309,2024-11-01,273.16,606.88,R-008,False,none
C-00310,2024-11-01,17.36,656.11,R-034,True,tamper
C-00311,2024-11-01,577.43,1281.94,R-024,False,none
C-00312,2024-11-01,383.45,3721.94,R-044,False,none
C-00313,2024-11-01,278.72,781.12,R-031,False,none
C-00314,2024-11-01,28.54,73.51,R-022,False,none
C-00315,2024-11-01,213.85,26.14,R-010,False,none
C-00316,2024-11-01,922.42,1591.24,R-010,False,none
C-00317,2024-11-01,51.47,1303.86,R-046,False,none
C-00318,2024-11-01,56.27,505.01,R-014,False,none
C-00319,2024-11-01,316.86,848.01,R-031,False,none
C-00320,2024-11-01,477.67,1023.06,R-050,False,none
C-00321,2024-11-01,53.4,1724.19,R-054,False,none
C-00322,2024-11-01,216.68,250.71,R-017,False,none
C-00323,2024-11-01,154.89,925.96,R-007,False,none
C-00324,2024-11-01,325.84,1883.32,R-047,False,none
C-00325,2024-11-01,759.74,1358.69,R-042,False,none
C-00326,2024-11-01,47.99,493.53,R-020,False,none
C-00327,2024-11-01,254.14,493.29,R-036,True,tamper
C-00328,2024-11-01,5.79,500.83,R-012,True,kunda
C-00329,2024-11-01,69.32,847.13,R-043,False,none
C-00330,2024-11-01,78.68,5909.52,R-044,False,none
C-00331,2024-11-01,56.42,1438.03,R-018,False,none
C-00332,2024-11-01,920.63,55.97,R-029,False,none
C-00333,2024-11-01,249.84,442.57,R-021,False,none
C-00334,2024-11-01,551.48,351.05,R-002,False,none
C-00335,2024-11-01,570.08,1390.85,R-008,False,none
C-00336,2024-11-01,122.75,572.22,R-058,False,none
C-00337,2024-11-01,84.69,2921.32,R-028,False,none
C-00338,2024-11-01,79.29,3706.2,R-009,False,none
C-00339,2024-11-01,33.09,3750.07,R-003,False,none
C-00340,2024-11-01,162.41,2300.39,R-022,False,none
C-00341,2024-11-01,207.33,2193.42,R-059,True,collusion
C-00342,2024-11-01,237.6,2262.83,R-024,False,none
C-00343,2024-11-01,337.29,2899.32,R-060,False,none
C-00344,2024-11-01,37.03,5433.24,R-030,True,tamper
C-00345,2024-11-01,160.33,704.98,R-046,False,none
C-00346,2024-11-01,296.72,116.34,R-048,False,none
C-00347,2024-11-01,62.31,276.76,R-002,False,none
C-00348,2024-11-01,458.22,2873.97,R-001,False,none
C-00349,2024-11-01,980.45,1154.97,R-056,False,none
C-00350,2024-11-01,404.92,587.14,R-056,False,none
C-00351,2024-11-01,126.27,1198.38,R-008,False,none
C-00352,2024-11-01,243.94,366.82,R-039,False,none
C-00353,2024-11-01,122.82,636.11,R-056,False,none
C-00354,2024-11-01,1094.79,1240.8,R-058,False,none
C-00355,2024-11-01,38.84,5022.11,R-018,False,none
C-00356,2024-11-01,110.04,1559.19,R-050,False,none
C-00357,2024-11-01,234.54,1400.19,R-039,False,none
C-00358,2024-11-01,174.55,3891.64,R-056,False,none
C-00359,2024-11-01,1930.78,296.07,R-009,False,none
C-00360,2024-11-01,85.25,2984.25,R-037,False,none
C-00361,2024-11-01,235.9,526.74,R-002,False,none
C-00362,2024-11-01,166.89,1778.7,R-022,False,none
C-00363,2024-11-01,115.14,8590.4,R-001,False,none
C-00364,2024-11-01,333.2,951.67,R-027,False,none
C-00365,2024-11-01,1581.05,1167.15,R-049,False,none
C-00366,2024-11-01,159.86,3831.26,R-040,False,none
C-00367,2024-11-01,81.04,1383.42,R-020,False,none
C-00368,2024-11-01,78.44,757.73,R-026,False,none
C-00369,2024-11-01,523.21,3434.38,R-023,False,none
C-00370,2024-11-01,722.02,2396.07,R-044,False,none
C-00371,2024-11-01,198.59,759.06,R-016,False,none
C-00372,2024-11-01,64.06,711.01,R-006,False,none
C-00373,2024-11-01,395.37,4052.11,R-031,False,none
C-00374,2024-11-01,636.72,1384.79,R-050,False,none
C-00375,2024-11-01,181.38,2614.72,R-029,False,none
C-00376,2024-11-01,46.64,657.48,R-013,False,none
C-00377,2024-11-01,266.22,229.39,R-003,False,none
C-00378,2024-11-01,10.78,470.22,R-057,True,kunda
C-00379,2024-11-01,96.92,98.22,R-046,False,none
C-00380,2024-11-01,2088.33,21.67,R-010,False,none
C-00381,2024-11-01,1410.06,972.77,R-005,False,none
C-00382,2024-11-01,111.05,1895.38,R-008,False,none
C-00383,2024-11-01,216.6,1741.86,R-023,False,none
C-00384,2024-11-01,88.77,1081.87,R-049,False,none
C-00385,2024-11-01,834.86,212.63,R-010,False,none
C-00386,2024-11-01,146.52,862.08,R-050,False,none
C-00387,2024-11-01,155.06,167.91,R-001,False,none
C-00388,2024-11-01,17.28,473.09,R-045,False,none
C-00389,2024-11-01,186.51,3085.68,R-017,False,none
C-00390,2024-11-01,23.95,1705.07,R-058,False,none
C-00391,2024-11-01,28.08,832.05,R-029,False,none
C-00392,2024-11-01,270.41,1743.42,R-017,False,none
C-00393,2024-11-01,832.21,710.7,R-015,False,none
C-00394,2024-11-01,560.42,183.98,R-050,False,none
C-00395,2024-11-01,123.6,663.79,R-025,False,none
C-00396,2024-11-01,441.55,2588.79,R-022,False,none
C-00397,2024-11-01,9.67,827.85,R-045,True,kunda
C-00398,2024-11-01,79.27,686.31,R-033,False,none
C-00399,2024-11-01,201.89,375.57,R-040,False,none
C-00400,2024-11-01,498.88,3393.4,R-027,False,none
C-00401,2024-11-01,64.64,1533.03,R-004,False,none
C-00402,2024-11-01,149.52,1588.82,R-001,False,none
C-00403,2024-11-01,19.89,1793.03,R-003,False,none
C-00404,2024-11-01,460.01,1162.89,R-035,False,none
C-00405,2024-11-01,17.74,1972.49,R-031,False,none
C-00406,2024-11-01,175.39,968.72,R-045,False,none
C-00407,2024-11-01,200.8,3221.86,R-054,False,none
C-00408,2024-11-01,31.53,1292.74,R-011,False,none
C-00409,2024-11-01,111.41,1294.69,R-058,False,none
C-00410,2024-11-01,26.34,225.99,R-056,False,none
C-00411,2024-11-01,32.66,919.37,R-037,False,none
C-00412,2024-11-01,172.7,761.92,R-032,False,none
C-00413,2024-11-01,562.23,2006.75,R-011,True,collusion
C-00414,2024-11-01,141.13,680.51,R-011,False,none
C-00415,2024-11-01,199.29,329.59,R-002,False,none
C-00416,2024-11-01,131.1,2326.32,R-039,False,none
C-00417,2024-11-01,1122.34,983.82,R-026,False,none
C-00418,2024-11-01,14.17,781.37,R-012,False,none
C-00419,2024-11-01,631.77,2877.42,R-009,False,none
C-00420,2024-11-01,103.56,826.54,R-004,False,none
C-00421,2024-11-01,254.71,1590.34,R-039,False,none
C-00422,2024-11-01,196.02,597.96,R-042,False,none
C-00423,2024-11-01,127.93,256.05,R-038,False,none
C-00424,2024-11-01,9.29,700.72,R-007,True,kunda
C-00425,2024-11-01,32.05,805.35,R-003,False,none
C-00426,2024-11-01,48.21,407.04,R-007,False,none
C-00427,2024-11-01,54.64,214.67,R-046,False,none
C-00428,2024-11-01,325.19,178.59,R-045,False,none
C-00429,2024-11-01,237.53,1294.92,R-018,False,none
C-00430,2024-11-01,23.78,680.5,R-004,False,none
C-00431,2024-11-01,292.18,789.09,R-020,False,none
C-00432,2024-11-01,321.89,2899.03,R-049,False,none
C-00433,2024-11-01,24.6,991.4,R-009,False,none
C-00434,2024-11-01,5.5,394.68,R-048,True,kunda
C-00435,2024-11-01,58.73,2345.73,R-028,False,none
C-00436,2024-11-01,496.22,1849.43,R-009,False,none
C-00437,2024-11-01,233.77,552.61,R-057,False,none
C-00438,2024-11-01,101.76,208.21,R-032,True,kunda
C-00439,2024-11-01,197.2,298.54,R-041,False,none
C-00440,2024-11-01,130.36,1207.71,R-006,False,none
C-00441,2024-11-01,326.99,2574.42,R-023,False,none
C-00442,2024-11-01,204.8,585.7,R-038,False,none
C-00443,2024-11-01,702.17,404.65,R-039,False,none
C-00444,2024-11-01,6956.35,2355.84,R-004,False,none
C-00445,2024-11-01,104.26,3339.59,R-037,False,none
C-00446,2024-11-01,23.91,1074.33,R-057,False,none
C-00447,2024-11-01,254.31,943.48,R-048,False,none
C-00448,2024-11-01,58.07,6021.92,R-013,False,none
C-00449,2024-11-01,286.78,2259.98,R-055,False,none
C-00450,2024-11-01,292.14,4423.92,R-041,False,none
C-00451,2024-11-01,405.4,1425.7,R-004,False,none
C-00452,2024-11-01,158.69,67.03,R-008,False,none
C-00453,2024-11-01,689.8,1019.25,R-056,False,none
C-00454,2024-11-01,30.76,2213.08,R-013,True,kunda
C-00455,2024-11-01,172.95,1602.09,R-006,False,none
C-00456,2024-11-01,172.7,662.19,R-028,False,none
C-00457,2024-11-01,288.6,308.13,R-032,False,none
C-00458,2024-11-01,41.99,67.65,R-035,True,tamper
C-00459,2024-11-01,51.56,3167.11,R-040,True,tamper
C-00460,2024-11-01,229.11,132.08,R-060,False,none
C-00461,2024-11-01,49.91,1753.2,R-046,False,none
C-00462,2024-11-01,411.51,2315.13,R-002,False,none
C-00463,2024-11-01,108.9,858.84,R-006,False,none
C-00464,2024-11-01,70.3,542.65,R-001,False,none
C-00465,2024-11-01,351.28,220.24,R-024,False,none
C-00466,2024-11-01,82.42,1713.69,R-022,False,none
C-00467,2024-11-01,105.23,1081.11,R-057,False,none
C-00468,2024-11-01,202.29,1516.06,R-022,False,none
C-00469,2024-11-01,40.04,3231.87,R-002,False,none
C-00470,2024-11-01,171.79,918.94,R-054,False,none
C-00471,2024-11-01,384.31,400.47,R-016,False,none
C-00472,2024-11-01,174.12,5281.99,R-055,False,none
C-00473,2024-11-01,543.98,903.0,R-047,False,none
C-00474,2024-11-01,166.96,281.7,R-053,False,none
C-00475,2024-11-01,29.29,779.17,R-050,False,none
C-00476,2024-11-01,152.07,1096.58,R-009,False,none
C-00477,2024-11-01,202.25,1347.75,R-038,True,tamper
C-00478,2024-11-01,69.0,312.95,R-025,False,none
C-00479,2024-11-01,61.57,4504.38,R-038,False,none
C-00480,2024-11-01,144.94,2524.63,R-045,False,none
C-00481,2024-11-01,40.7,780.96,R-031,False,none
C-00482,2024-11-01,85.39,584.62,R-019,False,none
C-00483,2024-11-01,206.63,608.1,R-055,False,none
C-00484,2024-11-01,74.7,1333.45,R-040,False,none
C-00485,2024-11-01,143.8,486.14,R-054,False,none
C-00486,2024-11-01,9.22,2320.19,R-015,True,kunda
C-00487,2024-11-01,105.14,128.28,R-051,False,none
C-00488,2024-11-01,60.27,191.72,R-020,True,tamper
C-00489,2024-11-01,25.15,3503.82,R-028,False,none
C-00490,2024-11-01,315.89,2453.46,R-052,False,none
C-00491,2024-11-01,291.69,49.65,R-022,True,collusion
C-00492,2024-11-01,474.25,198.44,R-016,False,none
C-00493,2024-11-01,145.69,195.81,R-055,False,none
C-00494,2024-11-01,22.48,2024.36,R-058,False,none
C-00495,2024-11-01,254.84,604.01,R-019,False,none
C-00496,2024-11-01,26.85,2559.67,R-019,False,none
C-00497,2024-11-01,124.69,793.75,R-014,False,none
C-00498,2024-11-01,79.59,3505.89,R-002,False,none
C-00499,2024-11-01,221.39,1206.16,R-034,True,tamper
C-00500,2024-11-01,282.16,3718.49,R-016,False,none
C-00501,2024-11-01,160.63,151.8,R-051,False,none
C-00502,2024-11-01,343.74,2850.79,R-011,False,none
C-00503,2024-11-01,301.91,2139.42,R-039,False,none
C-00504,2024-11-01,68.56,3403.34,R-031,False,none
C-00505,2024-11-01,348.01,599.69,R-037,False,none
C-00506,2024-11-01,209.04,2645.2,R-007,False,none
C-00507,2024-11-01,335.37,1863.4,R-028,False,none
C-00508,2024-11-01,228.62,2109.01,R-038,False,none
C-00509,2024-11-01,321.85,514.07,R-021,False,none
C-00510,2024-11-01,764.62,2.29,R-053,True,tamper
C-00511,2024-11-01,220.35,3300.76,R-032,False,none
C-00512,2024-11-01,21.28,839.26,R-022,False,none
C-00513,2024-11-01,15.09,503.3,R-002,False,none
C-00514,2024-11-01,768.92,8310.87,R-011,False,none
C-00515,2024-11-01,18.03,409.51,R-029,False,none
C-00516,2024-11-01,1125.12,1614.85,R-025,False,none
C-00517,2024-11-01,226.59,579.8,R-053,False,none
C-00518,2024-11-01,1381.31,4267.91,R-048,False,none
C-00519,2024-11-01,57.6,185.22,R-010,False,none
C-00520,2024-11-01,390.61,2801.1,R-036,False,none
C-00521,2024-11-01,550.19,2776.07,R-028,False,none
C-00522,2024-11-01,172.69,1546.51,R-007,False,none
C-00523,2024-11-01,138.38,1852.17,R-040,False,none
C-00524,2024-11-01,16.76,1171.75,R-033,False,none
C-00525,2024-11-01,294.82,310.89,R-006,False,none
C-00526,2024-11-01,195.42,663.46,R-029,False,none
C-00527,2024-11-01,245.54,1444.94,R-044,False,none
C-00528,2024-11-01,29.96,165.83,R-020,False,none
C-00529,2024-11-01,409.52,53.57,R-022,False,none
C-00530,2024-11-01,12.36,5.82,R-007,False,none
C-00531,2024-11-01,54.22,1437.33,R-013,False,none
C-00532,2024-11-01,118.07,234.74,R-059,False,none
C-00533,2024-11-01,390.23,285.61,R-038,False,none
C-00534,2024-11-01,69.81,1847.14,R-011,False,none
C-00535,2024-11-01,322.33,2603.9,R-029,False,none
C-00536,2024-11-01,187.08,1197.22,R-012,False,none
C-00537,2024-11-01,90.79,1684.83,R-027,False,none
C-00538,2024-11-01,242.2,649.33,R-009,False,none
C-00539,2024-11-01,357.18,7459.19,R-038,False,none
C-00540,2024-11-01,119.45,1583.3,R-035,False,none
C-00541,2024-11-01,315.32,3273.36,R-039,False,none
C-00542,2024-11-01,9.24,7007.47,R-027,False,none
C-00543,2024-11-01,323.57,158.68,R-018,False,none
C-00544,2024-11-01,534.24,230.7,R-015,False,none
C-00545,2024-11-01,521.78,431.33,R-013,False,none
C-00546,2024-11-01,263.56,678.55,R-026,False,none
C-00547,2024-11-01,29.28,130.07,R-028,False,none
C-00548,2024-11-01,143.2,220.71,R-041,False,none
C-00549,2024-11-01,493.23,655.72,R-004,False,none
C-00550,2024-11-01,173.89,1152.15,R-017,False,none
C-00551,2024-11-01,21.45,2938.54,R-052,True,kunda
C-00552,2024-11-01,31.47,476.06,R-055,False,none
C-00553,2024-11-01,75.6,159.24,R-056,False,none
C-00554,2024-11-01,58.53,572.09,R-019,False,none
C-00555,2024-11-01,85.8,379.89,R-009,False,none
C-00556,2024-11-01,275.03,375.38,R-012,False,none
C-00557,2024-11-01,215.52,2653.24,R-008,False,none
C-00558,2024-11-01,16.87,3732.0,R-058,False,none
C-00559,2024-11-01,82.36,688.42,R-054,False,none
C-00560,2024-11-01,62.42,540.12,R-049,False,none
C-00561,2024-11-01,83.99,452.83,R-044,False,none
C-00562,2024-11-01,1197.7,147.1,R-021,False,none
C-00563,2024-11-01,78.78,993.95,R-029,False,none
C-00564,2024-11-01,43.44,2234.53,R-051,False,none
C-00565,2024-11-01,69.64,924.23,R-049,False,none
C-00566,2024-11-01,845.93,163.91,R-032,False,none
C-00567,2024-11-01,167.06,374.76,R-051,False,none
C-00568,2024-11-01,6.68,372.36,R-021,True,kunda
C-00569,2024-11-01,6.58,356.16,R-025,True,kunda
C-00570,2024-11-01,721.76,2914.14,R-051,False,none
C-00571,2024-11-01,113.82,183.66,R-023,False,none
C-00572,2024-11-01,184.56,428.54,R-046,False,none
C-00573,2024-11-01,55.37,7541.56,R-028,False,none
C-00574,2024-11-01,611.43,2771.22,R-018,False,none
C-00575,2024-11-01,488.18,324.92,R-014,False,none
C-00576,2024-11-01,818.36,4539.9,R-037,False,none
C-00577,2024-11-01,121.07,1566.67,R-029,False,none
C-00578,2024-11-01,166.64,823.6,R-023,False,none
C-00579,2024-11-01,281.35,1755.15,R-045,False,none
C-00580,2024-11-01,145.31,5749.52,R-001,False,none
C-00581,2024-11-01,135.94,826.01,R-006,False,none
C-00582,2024-11-01,261.6,5742.61,R-058,False,none
C-00583,2024-11-01,68.89,251.04,R-040,False,none
C-00584,2024-11-01,572.95,333.25,R-033,False,none
C-00585,2024-11-01,3055.42,2028.42,R-001,False,none
C-00586,2024-11-01,882.91,795.66,R-036,False,none
C-00587,2024-11-01,63.74,439.08,R-027,False,none
C-00588,2024-11-01,90.0,976.07,R-036,False,none
C-00589,2024-11-01,655.58,2278.88,R-003,False,none
C-00590,2024-11-01,47.51,174.6,R-034,False,none
C-00591,2024-11-01,336.42,700.33,R-035,False,none
C-00592,2024-11-01,374.47,40.85,R-018,False,none
C-00593,2024-11-01,100.74,346.0,R-004,False,none
C-00594,2024-11-01,143.56,289.02,R-059,False,none
C-00595,2024-11-01,1758.33,2937.08,R-043,False,none
C-00596,2024-11-01,297.74,1553.18,R-038,False,none
C-00597,2024-11-01,9.66,2475.22,R-047,False,none
C-00598,2024-11-01,47.67,2934.16,R-041,False,none
C-00599,2024-11-01,141.14,2488.92,R-009,False,none
C-00600,2024-11-01,89.8,2602.27,R-028,False,none
C-00601,2024-11-01,31.85,1508.75,R-054,False,none
C-00602,2024-11-01,140.22,4170.52,R-018,False,none
C-00603,2024-11-01,341.34,2219.27,R-059,False,none
C-00604,2024-11-01,25.09,412.64,R-004,False,none
C-00605,2024-11-01,693.35,2095.79,R-020,False,none
C-00606,2024-11-01,94.63,1885.4,R-022,False,none
C-00607,2024-11-01,146.34,449.15,R-038,False,none
C-00608,2024-11-01,23.7,262.37,R-011,False,none
C-00609,2024-11-01,58.0,2358.91,R-014,False,none
C-00610,2024-11-01,43.85,2406.51,R-040,False,none
C-00611,2024-11-01,115.89,1718.29,R-018,False,none
C-00612,2024-11-01,239.8,3469.42,R-053,False,none
C-00613,2024-11-01,151.75,36.48,R-053,False,none
C-00614,2024-11-01,14.71,2622.28,R-019,False,none
C-00615,2024-11-01,215.22,1222.68,R-034,False,none
C-00616,2024-11-01,34.73,1629.49,R-020,False,none
C-00617,2024-11-01,178.74,122.0,R-021,False,none
C-00618,2024-11-01,261.21,636.39,R-041,False,none
C-00619,2024-11-01,62.8,3259.68,R-018,False,none
C-00620,2024-11-01,52.21,613.45,R-009,False,none
C-00621,2024-11-01,222.22,399.69,R-016,False,none
C-00622,2024-11-01,500.05,2358.61,R-056,False,none
C-00623,2024-11-01,14.53,1241.6,R-016,False,none
C-00624,2024-11-01,542.64,61.66,R-022,False,none
C-00625,2024-11-01,338.86,526.45,R-038,False,none
C-00626,2024-11-01,101.72,1629.15,R-007,False,none
C-00627,2024-11-01,100.15,966.19,R-017,False,none
C-00628,2024-11-01,853.59,496.72,R-011,False,none
C-00629,2024-11-01,62.55,2774.57,R-056,False,none
C-00630,2024-11-01,28.82,1851.94,R-056,False,none
C-00631,2024-11-01,77.03,2247.65,R-046,False,none
C-00632,2024-11-01,9.74,1666.57,R-015,False,none
C-00633,2024-11-01,188.52,623.42,R-037,False,none
C-00634,2024-11-01,1745.51,2156.57,R-040,False,none
C-00635,2024-11-01,2011.4,562.04,R-053,False,none
C-00636,2024-11-01,187.44,4248.28,R-010,False,none
C-00637,2024-11-01,3.32,3615.23,R-045,False,none
C-00638,2024-11-01,373.49,234.5,R-012,False,none
C-00639,2024-11-01,596.28,521.68,R-035,False,none
C-00640,2024-11-01,107.43,961.08,R-053,False,none
C-00641,2024-11-01,68.59,1899.41,R-004,False,none
C-00642,2024-11-01,705.85,594.73,R-009,False,none
C-00643,2024-11-01,37.54,986.06,R-049,False,none
C-00644,2024-11-01,196.97,431.96,R-002,False,none
C-00645,2024-11-01,781.5,331.23,R-042,False,none
C-00646,2024-11-01,17.24,2618.6,R-031,False,none
C-00647,2024-11-01,56.6,341.47,R-021,False,none
C-00648,2024-11-01,109.88,233.96,R-052,False,none
C-00649,2024-11-01,232.71,896.91,R-051,False,none
C-00650,2024-11-01,107.66,829.58,R-020,False,none
C-00651,2024-11-01,108.95,1778.02,R-001,False,none
C-00652,2024-11-01,294.16,91.61,R-008,False,none
C-00653,2024-11-01,1269.99,2249.96,R-007,False,none
C-00654,2024-11-01,588.87,1924.89,R-059,False,none
C-00655,2024-11-01,168.49,1108.44,R-036,False,none
C-00656,2024-11-01,131.33,880.88,R-041,False,none
C-00657,2024-11-01,4579.91,2092.59,R-014,False,none
C-00658,2024-11-01,34.8,613.65,R-052,True,tamper
C-00659,2024-11-01,872.43,5015.3,R-044,False,none
C-00660,2024-11-01,140.43,1791.75,R-046,False,none
C-00661,2024-11-01,1397.67,1960.15,R-029,False,none
C-00662,2024-11-01,855.74,669.0,R-042,False,none
C-00663,2024-11-01,246.87,36.11,R-033,False,none
C-00664,2024-11-01,834.59,3951.99,R-024,False,none
C-00665,2024-11-01,217.25,936.92,R-036,False,none
C-00666,2024-11-01,150.05,550.82,R-020,False,none
C-00667,2024-11-01,120.11,1864.73,R-058,False,none
C-00668,2024-11-01,117.05,60.14,R-044,True,tamper
C-00669,2024-11-01,105.06,2861.54,R-045,False,none
C-00670,2024-11-01,2679.53,2461.31,R-044,False,none
C-00671,2024-11-01,391.66,3666.32,R-027,False,none
C-00672,2024-11-01,28.4,301.58,R-058,False,none
C-00673,2024-11-01,63.64,521.4,R-013,False,none
C-00674,2024-11-01,131.82,326.73,R-035,True,tamper
C-00675,2024-11-01,67.61,557.37,R-005,False,none
C-00676,2024-11-01,45.89,1570.13,R-018,False,none
C-00677,2024-11-01,14.74,1075.09,R-035,True,kunda
C-00678,2024-11-01,148.53,437.31,R-030,False,none
C-00679,2024-11-01,25.31,1059.49,R-057,False,none
C-00680,2024-11-01,232.62,3708.35,R-037,False,none
C-00681,2024-11-01,440.32,289.84,R-025,False,none
C-00682,2024-11-01,108.24,215.23,R-026,False,none
C-00683,2024-11-01,158.89,3625.2,R-037,False,none
C-00684,2024-11-01,478.64,2244.87,R-048,False,none
C-00685,2024-11-01,52.17,442.18,R-017,False,none
C-00686,2024-11-01,2394.01,3140.98,R-036,False,none
C-00687,2024-11-01,163.31,3281.02,R-035,False,none
C-00688,2024-11-01,43.93,293.35,R-001,False,none
C-00689,2024-11-01,258.07,8.59,R-055,False,none
C-00690,2024-11-01,1006.08,4447.97,R-035,False,none
C-00691,2024-11-01,242.01,2166.38,R-015,False,none
C-00692,2024-11-01,20.8,987.83,R-039,False,none
C-00693,2024-11-01,390.87,1589.95,R-041,False,none
C-00694,2024-11-01,100.01,572.54,R-055,False,none
C-00695,2024-11-01,79.59,7233.59,R-003,False,none
C-00696,2024-11-01,125.01,1476.17,R-025,False,none
C-00697,2024-11-01,310.1,196.02,R-011,True,collusion
C-00698,2024-11-01,162.41,29.34,R-035,False,none
C-00699,2024-11-01,452.12,107.32,R-031,False,none
C-00700,2024-11-01,271.24,614.03,R-029,False,none
C-00701,2024-11-01,49.67,1840.31,R-059,False,none
C-00702,2024-11-01,158.31,1026.09,R-032,False,none
C-00703,2024-11-01,9.7,321.96,R-025,True,kunda
C-00704,2024-11-01,257.85,905.34,R-005,False,none
C-00705,2024-11-01,224.1,4842.16,R-018,False,none
C-00706,2024-11-01,133.03,3481.29,R-054,False,none
C-00707,2024-11-01,30.26,471.49,R-028,False,none
C-00708,2024-11-01,47.31,269.21,R-055,False,none
C-00709,2024-11-01,352.91,5457.88,R-032,False,none
C-00710,2024-11-01,42.44,268.97,R-033,False,none
C-00711,2024-11-01,41.9,1179.73,R-026,False,none
C-00712,2024-11-01,349.59,5484.65,R-034,False,none
C-00713,2024-11-01,87.04,430.92,R-005,False,none
C-00714,2024-11-01,218.64,79.57,R-004,False,none
C-00715,2024-11-01,2.03,1740.06,R-029,True,kunda
C-00716,2024-11-01,147.0,1413.05,R-036,False,none
C-00717,2024-11-01,147.1,611.84,R-034,False,none
C-00718,2024-11-01,213.76,5244.49,R-026,False,none
C-00719,2024-11-01,221.02,224.68,R-018,False,none
C-00720,2024-11-01,77.89,986.8,R-043,False,none
C-00721,2024-11-01,607.22,534.72,R-037,False,none
C-00722,2024-11-01,159.23,512.54,R-003,False,none
C-00723,2024-11-01,133.73,96.5,R-028,False,none
C-00724,2024-11-01,70.88,1750.17,R-043,False,none
C-00725,2024-11-01,159.65,52.65,R-048,False,none
C-00726,2024-11-01,261.3,365.46,R-018,False,none
C-00727,2024-11-01,37.74,2563.8,R-056,False,none
C-00728,2024-11-01,5078.19,1633.45,R-040,False,none
C-00729,2024-11-01,227.94,1692.21,R-027,False,none
C-00730,2024-11-01,306.93,52.14,R-038,False,none
C-00731,2024-11-01,262.45,1169.66,R-053,False,none
C-00732,2024-11-01,93.61,1463.65,R-014,False,none
C-00733,2024-11-01,38.01,3225.71,R-010,True,tamper
C-00734,2024-11-01,254.88,1137.05,R-027,False,none
C-00735,2024-11-01,7.74,4323.49,R-006,False,none
C-00736,2024-11-01,117.13,1589.12,R-051,False,none
C-00737,2024-11-01,124.62,1210.43,R-059,False,none
C-00738,2024-11-01,208.54,0.6,R-037,False,none
C-00739,2024-11-01,328.51,2638.96,R-059,False,none
C-00740,2024-11-01,267.22,78.49,R-005,False,none
C-00741,2024-11-01,416.09,124.79,R-038,False,none
C-00742,2024-11-01,527.0,474.19,R-027,False,none
C-00743,2024-11-01,35.45,1389.53,R-017,False,none
C-00744,2024-11-01,30.44,1154.67,R-019,False,none
C-00745,2024-11-01,71.06,677.48,R-033,False,none
C-00746,2024-11-01,22.76,547.62,R-039,False,none
C-00747,2024-11-01,1919.75,1035.75,R-010,False,none
C-00748,2024-11-01,128.61,460.93,R-037,False,none
C-00749,2024-11-01,439.44,1409.68,R-056,False,none
C-00750,2024-11-01,64.07,1607.65,R-001,False,none
C-00751,2024-11-01,54.57,1561.85,R-053,False,none
C-00752,2024-11-01,2591.25,2094.7,R-037,False,none
C-00753,2024-11-01,7.17,1050.06,R-021,True,kunda
C-00754,2024-11-01,327.25,2221.09,R-045,False,none
C-00755,2024-11-01,309.15,3182.81,R-038,False,none
C-00756,2024-11-01,51.55,783.76,R-047,False,none
C-00757,2024-11-01,180.55,10.91,R-005,False,none
C-00758,2024-11-01,64.05,412.25,R-004,False,none
C-00759,2024-11-01,80.04,324.24,R-039,False,none
C-00760,2024-11-01,98.45,1822.96,R-019,False,none
C-00761,2024-11-01,13.5,1004.35,R-015,False,none
C-00762,2024-11-01,208.44,1732.87,R-026,True,tamper
C-00763,2024-11-01,219.84,154.9,R-044,False,none
C-00764,2024-11-01,273.78,1050.02,R-011,False,none
C-00765,2024-11-01,430.9,218.97,R-059,False,none
C-00766,2024-11-01,440.53,1116.37,R-026,False,none
C-00767,2024-11-01,259.53,2379.5,R-010,False,none
C-00768,2024-11-01,1217.54,486.66,R-005,False,none
C-00769,2024-11-01,164.26,296.86,R-052,False,none
C-00770,2024-11-01,88.15,922.45,R-007,False,none
C-00771,2024-11-01,144.12,1905.95,R-026,False,none
C-00772,2024-11-01,223.69,1742.16,R-041,False,none
C-00773,2024-11-01,494.07,335.41,R-031,False,none
C-00774,2024-11-01,187.82,762.89,R-016,False,none
C-00775,2024-11-01,188.18,440.38,R-007,False,none
C-00776,2024-11-01,71.19,917.01,R-043,False,none
C-00777,2024-11-01,137.46,4102.39,R-030,False,none
C-00778,2024-11-01,322.02,1648.6,R-003,False,none
C-00779,2024-11-01,129.21,81.01,R-011,False,none
C-00780,2024-11-01,9.67,431.04,R-034,True,kunda
C-00781,2024-11-01,171.89,377.48,R-011,False,none
C-00782,2024-11-01,74.46,526.98,R-024,False,none
C-00783,2024-11-01,96.23,2851.25,R-008,False,none
C-00784,2024-11-01,27.72,578.3,R-048,False,none
C-00785,2024-11-01,203.9,847.25,R-038,False,none
C-00786,2024-11-01,227.99,157.5,R-048,False,none
C-00787,2024-11-01,269.26,620.35,R-004,False,none
C-00788,2024-11-01,30.24,609.89,R-023,False,none
C-00789,2024-11-01,291.52,247.36,R-017,False,none
C-00790,2024-11-01,301.61,3329.56,R-038,False,none
C-00791,2024-11-01,568.21,423.39,R-050,False,none
C-00792,2024-11-01,130.39,1596.56,R-014,False,none
C-00793,2024-11-01,523.67,1997.46,R-047,False,none
C-00794,2024-11-01,17.08,647.16,R-035,True,kunda
C-00795,2024-11-01,307.45,749.87,R-050,False,none
C-00796,2024-11-01,318.64,324.41,R-005,False,none
C-00797,2024-11-01,89.38,542.7,R-060,False,none
C-00798,2024-11-01,57.54,155.98,R-027,False,none
C-00799,2024-11-01,250.9,2379.36,R-017,False,none
C-00800,2024-11-01,14.24,2638.43,R-011,False,none
C-00801,2024-11-01,244.41,269.69,R-060,True,collusion
C-00802,2024-11-01,73.94,2205.69,R-054,False,none
C-00803,2024-11-01,98.77,2502.64,R-008,True,tamper
C-00804,2024-11-01,344.83,7066.51,R-027,False,none
C-00805,2024-11-01,128.05,181.77,R-045,False,none
C-00806,2024-11-01,396.28,128.08,R-036,False,none
C-00807,2024-11-01,1640.51,696.65,R-012,False,none
C-00808,2024-11-01,141.44,1973.89,R-022,False,none
C-00809,2024-11-01,165.37,2865.61,R-023,False,none
C-00810,2024-11-01,398.76,1839.44,R-018,False,none
C-00811,2024-11-01,1263.64,402.88,R-058,False,none
C-00812,2024-11-01,85.05,1288.87,R-013,True,tamper
C-00813,2024-11-01,243.11,40.61,R-043,False,none
C-00814,2024-11-01,214.73,4875.86,R-055,False,none
C-00815,2024-11-01,209.62,1240.89,R-048,False,none
C-00816,2024-11-01,53.22,821.09,R-048,False,none
C-00817,2024-11-01,103.22,3516.67,R-010,False,none
C-00818,2024-11-01,18.71,3460.62,R-008,False,none
C-00819,2024-11-01,13.97,746.06,R-047,False,none
C-00820,2024-11-01,239.24,2715.79,R-045,False,none
C-00821,2024-11-01,27.04,207.94,R-045,False,none
C-00822,2024-11-01,179.16,1633.79,R-026,True,tamper
C-00823,2024-11-01,208.96,1865.24,R-032,False,none
C-00824,2024-11-01,168.71,3435.93,R-001,False,none
C-00825,2024-11-01,303.95,2413.34,R-018,False,none
C-00826,2024-11-01,271.62,426.16,R-032,False,none
C-00827,2024-11-01,25.31,639.62,R-008,False,none
C-00828,2024-11-01,479.26,459.72,R-008,False,none
C-00829,2024-11-01,2193.82,180.94,R-003,False,none
C-00830,2024-11-01,192.48,398.83,R-013,False,none
C-00831,2024-11-01,172.12,56.66,R-060,False,none
C-00832,2024-11-01,131.21,2472.62,R-042,False,none
C-00833,2024-11-01,498.84,2020.42,R-057,False,none
C-00834,2024-11-01,293.43,1206.38,R-016,False,none
C-00835,2024-11-01,11.11,535.93,R-036,True,kunda
C-00836,2024-11-01,115.5,786.81,R-054,False,none
C-00837,2024-11-01,28.34,1028.92,R-022,False,none
C-00838,2024-11-01,149.23,1226.74,R-040,False,none
C-00839,2024-11-01,230.56,922.99,R-042,False,none
C-00840,2024-11-01,277.76,1377.78,R-050,False,none
C-00841,2024-11-01,245.66,1065.18,R-059,False,none
C-00842,2024-11-01,134.63,4140.67,R-037,True,tamper
C-00843,2024-11-01,925.5,2359.69,R-035,False,none
C-00844,2024-11-01,188.29,785.85,R-053,False,none
C-00845,2024-11-01,692.86,8598.67,R-042,False,none
C-00846,2024-11-01,11.38,1048.66,R-022,False,none
C-00847,2024-11-01,22.88,384.32,R-038,False,none
C-00848,2024-11-01,251.98,137.4,R-033,False,none
C-00849,2024-11-01,44.84,188.93,R-014,False,none
C-00850,2024-11-01,125.1,487.04,R-031,False,none
C-00851,2024-11-01,555.27,1808.63,R-038,False,none
C-00852,2024-11-01,80.27,2475.65,R-055,False,none
C-00853,2024-11-01,343.57,827.65,R-035,False,none
C-00854,2024-11-01,1629.12,1471.54,R-010,False,none
C-00855,2024-11-01,31.24,965.58,R-060,False,none
C-00856,2024-11-01,231.46,1476.1,R-035,False,none
C-00857,2024-11-01,462.95,1467.43,R-018,False,none
C-00858,2024-11-01,172.66,65.11,R-046,False,none
C-00859,2024-11-01,23.67,657.16,R-024,False,none
C-00860,2024-11-01,45.11,1363.16,R-023,False,none
C-00861,2024-11-01,14.49,885.97,R-051,False,none
C-00862,2024-11-01,211.15,1559.62,R-053,False,none
C-00863,2024-11-01,41.54,1739.92,R-032,False,none
C-00864,2024-11-01,7.94,5612.6,R-023,True,kunda
C-00865,2024-11-01,522.28,2316.0,R-052,False,none
C-00866,2024-11-01,171.12,227.62,R-011,False,none
C-00867,2024-11-01,77.89,363.24,R-045,False,none
C-00868,2024-11-01,42.4,162.62,R-036,False,none
C-00869,2024-11-01,2078.21,640.06,R-052,False,none
C-00870,2024-11-01,100.52,501.93,R-026,False,none
C-00871,2024-11-01,70.37,5736.05,R-050,False,none
C-00872,2024-11-01,152.41,1714.19,R-001,False,none
C-00873,2024-11-01,329.46,2452.94,R-046,False,none
C-00874,2024-11-01,223.61,4757.92,R-005,False,none
C-00875,2024-11-01,30.35,1167.8,R-039,False,none
C-00876,2024-11-01,145.96,857.72,R-012,False,none
C-00877,2024-11-01,62.39,3644.45,R-058,False,none
C-00878,2024-11-01,95.07,2734.23,R-047,False,none
C-00879,2024-11-01,221.42,949.57,R-007,False,none
C-00880,2024-11-01,116.91,2520.3,R-054,False,none
C-00881,2024-11-01,53.6,595.1,R-016,False,none
C-00882,2024-11-01,459.79,928.68,R-033,True,collusion
C-00883,2024-11-01,102.34,459.91,R-006,False,none
C-00884,2024-11-01,49.0,2511.14,R-007,False,none
C-00885,2024-11-01,4269.28,117.59,R-015,False,none
C-00886,2024-11-01,319.69,638.82,R-033,False,none
C-00887,2024-11-01,198.26,813.65,R-033,False,none
C-00888,2024-11-01,183.52,7698.49,R-052,False,none
C-00889,2024-11-01,328.27,2609.76,R-010,False,none
C-00890,2024-11-01,137.34,2426.63,R-045,False,none
C-00891,2024-11-01,159.91,1591.26,R-001,False,none
C-00892,2024-11-01,85.29,628.84,R-018,False,none
C-00893,2024-11-01,167.96,3713.91,R-011,False,none
C-00894,2024-11-01,16.17,133.6,R-008,False,none
C-00895,2024-11-01,49.34,229.56,R-036,False,none
C-00896,2024-11-01,54.46,133.9,R-055,False,none
C-00897,2024-11-01,284.48,529.51,R-041,False,none
C-00898,2024-11-01,50.35,1721.1,R-052,False,none
C-00899,2024-11-01,861.33,649.07,R-036,False,none
C-00900,2024-11-01,435.58,3489.03,R-004,False,none
C-00901,2024-11-01,37.31,4441.63,R-021,False,none
C-00902,2024-11-01,234.02,2488.09,R-050,False,none
C-00903,2024-11-01,264.91,193.19,R-003,False,none
C-00904,2024-11-01,118.67,2172.71,R-006,False,none
C-00905,2024-11-01,359.16,324.69,R-051,False,none
C-00906,2024-11-01,162.83,384.25,R-004,False,none
C-00907,2024-11-01,49.7,2280.95,R-058,False,none
C-00908,2024-11-01,238.07,2992.25,R-046,False,none
C-00909,2024-11-01,332.66,590.92,R-040,False,none
C-00910,2024-11-01,174.98,170.24,R-033,False,none
C-00911,2024-11-01,464.51,850.05,R-006,False,none
C-00912,2024-11-01,206.79,2809.27,R-025,False,none
C-00913,2024-11-01,120.36,732.51,R-049,False,none
C-00914,2024-11-01,249.93,920.06,R-055,False,none
C-00915,2024-11-01,548.68,1202.03,R-027,False,none
C-00916,2024-11-01,623.26,4.47,R-051,True,tamper
C-00917,2024-11-01,477.49,2437.71,R-047,False,none
C-00918,2024-11-01,107.45,5404.64,R-004,False,none
C-00919,2024-11-01,41.34,1049.76,R-038,True,tamper
C-00920,2024-11-01,922.72,875.81,R-037,False,none
C-00921,2024-11-01,575.92,462.81,R-033,False,none
C-00922,2024-11-01,298.34,246.44,R-047,False,none
C-00923,2024-11-01,146.51,4960.42,R-054,False,none
C-00924,2024-11-01,13.94,8.24,R-034,True,kunda
C-00925,2024-11-01,347.71,576.14,R-020,False,none
C-00926,2024-11-01,59.77,836.57,R-059,False,none
C-00927,2024-11-01,200.69,979.57,R-058,False,none
C-00928,2024-11-01,166.63,1019.83,R-042,False,none
C-00929,2024-11-01,108.31,1477.14,R-039,True,tamper
C-00930,2024-11-01,197.65,1364.03,R-007,False,none
C-00931,2024-11-01,77.89,2210.51,R-025,False,none
C-00932,2024-11-01,326.21,1463.72,R-012,False,none
C-00933,2024-11-01,119.44,932.29,R-031,False,none
C-00934,2024-11-01,7.78,689.37,R-050,True,kunda
C-00935,2024-11-01,48.37,470.66,R-014,False,none
C-00936,2024-11-01,68.86,659.85,R-060,False,none
C-00937,2024-11-01,154.86,1059.28,R-008,False,none
C-00938,2024-11-01,272.36,211.52,R-006,False,none
C-00939,2024-11-01,18.56,2150.38,R-059,False,none
C-00940,2024-11-01,135.87,2281.39,R-007,False,none
C-00941,2024-11-01,68.32,2411.9,R-045,False,none
C-00942,2024-11-01,157.02,1183.84,R-046,False,none
C-00943,2024-11-01,206.28,900.71,R-020,False,none
C-00944,2024-11-01,312.51,1059.02,R-004,False,none
C-00945,2024-11-01,249.94,216.73,R-019,False,none
C-00946,2024-11-01,127.64,840.49,R-005,False,none
C-00947,2024-11-01,175.48,160.86,R-041,True,collusion
C-00948,2024-11-01,8.63,27.25,R-054,True,kunda
C-00949,2024-11-01,1402.98,692.99,R-060,False,none
C-00950,2024-11-01,180.7,1417.47,R-049,False,none
C-00951,2024-11-01,438.47,963.15,R-047,True,tamper
C-00952,2024-11-01,8516.4,6536.58,R-053,False,none
C-00953,2024-11-01,66.66,4229.25,R-047,False,none
C-00954,2024-11-01,220.33,1244.3,R-040,False,none
C-00955,2024-11-01,284.57,7.01,R-060,False,none
C-00956,2024-11-01,2437.65,304.78,R-020,False,none
C-00957,2024-11-01,46.61,465.88,R-025,False,none
C-00958,2024-11-01,88.37,210.01,R-055,False,none
C-00959,2024-11-01,147.91,2340.89,R-019,True,tamper
C-00960,2024-11-01,98.9,339.36,R-018,False,none
C-00961,2024-11-01,139.42,519.1,R-010,False,none
C-00962,2024-11-01,25.9,212.0,R-017,False,none
C-00963,2024-11-01,2761.08,145.33,R-036,False,none
C-00964,2024-11-01,333.61,292.79,R-054,False,none
C-00965,2024-11-01,32.39,3.8,R-009,False,none
C-00966,2024-11-01,535.83,117.7,R-041,False,none
C-00967,2024-11-01,169.48,2122.91,R-046,False,none
C-00968,2024-11-01,18.95,3740.44,R-054,False,none
C-00969,2024-11-01,101.54,1427.13,R-046,False,none
C-00970,2024-11-01,470.36,134.2,R-010,False,none
C-00971,2024-11-01,78.07,2767.35,R-030,True,tamper
C-00972,2024-11-01,570.3,6144.77,R-058,False,none
C-00973,2024-11-01,109.06,4417.94,R-055,False,none
C-00974,2024-11-01,184.1,510.37,R-037,True,tamper
C-00975,2024-11-01,84.62,871.03,R-058,False,none
C-00976,2024-11-01,80.02,780.3,R-041,False,none
C-00977,2024-11-01,146.29,3824.75,R-004,True,collusion
C-00978,2024-11-01,24.2,1598.2,R-055,False,none
C-00979,2024-11-01,125.84,1742.87,R-011,True,collusion
C-00980,2024-11-01,6.1,715.23,R-023,True,kunda
C-00981,2024-11-01,473.15,258.59,R-015,False,none
C-00982,2024-11-01,44.64,1454.38,R-044,False,none
C-00983,2024-11-01,210.25,3440.57,R-002,False,none
C-00984,2024-11-01,68.73,2157.97,R-039,False,none
C-00985,2024-11-01,207.19,6281.66,R-052,False,none
C-00986,2024-11-01,66.75,1229.43,R-048,False,none
C-00987,2024-11-01,80.23,1564.09,R-019,True,kunda
C-00988,2024-11-01,21.07,796.23,R-054,False,none
C-00989,2024-11-01,66.06,1354.74,R-022,False,none
C-00990,2024-11-01,7.06,723.59,R-041,False,none
C-00991,2024-11-01,25.06,887.91,R-031,False,none
C-00992,2024-11-01,206.63,666.32,R-005,False,none
C-00993,2024-11-01,297.91,5482.98,R-001,False,none
C-00994,2024-11-01,2043.93,26.54,R-011,False,none
C-00995,2024-11-01,56.25,22.3,R-057,False,none
C-00996,2024-11-01,152.55,6.68,R-058,False,none
C-00997,2024-11-01,64.74,2801.1,R-025,True,tamper
C-00998,2024-11-01,237.87,486.97,R-059,False,none
C-00999,2024-11-01,267.67,931.15,R-003,True,tamper
C-01000,2024-11-01,143.61,961.0,R-059,False,none
C-01001,2024-11-01,310.42,348.17,R-014,False,none
C-01002,2024-11-01,475.84,4776.61,R-003,False,none
C-01003,2024-11-01,398.83,645.83,R-046,False,none
C-01004,2024-11-01,668.78,1084.67,R-023,False,none
C-01005,2024-11-01,65.93,886.23,R-018,False,none
C-01006,2024-11-01,347.24,597.88,R-046,False,none
C-01007,2024-11-01,77.38,1750.39,R-020,False,none
C-01008,2024-11-01,399.09,1260.73,R-046,False,none
C-01009,2024-11-01,169.12,2023.12,R-012,False,none
C-01010,2024-11-01,200.86,1287.11,R-006,False,none
C-01011,2024-11-01,20.51,142.85,R-020,False,none
C-01012,2024-11-01,487.16,1609.1,R-037,False,none
C-01013,2024-11-01,10.89,1035.84,R-014,False,none
C-01014,2024-11-01,212.17,59.69,R-009,False,none
C-01015,2024-11-01,32.23,1375.21,R-045,False,none
C-01016,2024-11-01,80.85,335.54,R-030,False,none
C-01017,2024-11-01,1442.77,108.16,R-026,False,none
C-01018,2024-11-01,109.26,1835.78,R-015,False,none
C-01019,2024-11-01,73.45,1073.59,R-002,False,none
C-01020,2024-11-01,251.5,2444.18,R-004,False,none
C-01021,2024-11-01,282.48,500.93,R-041,False,none
C-01022,2024-11-01,427.03,1155.62,R-005,False,none
C-01023,2024-11-01,223.52,2597.89,R-015,False,none
C-01024,2024-11-01,1477.96,1279.0,R-055,False,none
C-01025,2024-11-01,46.57,1337.0,R-021,False,none
C-01026,2024-11-01,311.82,1519.56,R-045,False,none
C-01027,2024-11-01,159.39,784.62,R-021,False,none
C-01028,2024-11-01,282.93,616.26,R-056,False,none
C-01029,2024-11-01,201.34,1486.16,R-050,False,none
C-01030,2024-11-01,49.27,2943.85,R-029,False,none
C-01031,2024-11-01,27.5,139.1,R-042,False,none
C-01032,2024-11-01,20.46,951.25,R-025,False,none
C-01033,2024-11-01,12.0,2672.97,R-057,False,none
C-01034,2024-11-01,10.6,4178.05,R-022,False,none
C-01035,2024-11-01,32.43,3508.78,R-051,False,none
C-01036,2024-11-01,78.92,48.63,R-037,True,kunda
C-01037,2024-11-01,21.31,4490.47,R-039,False,none
C-01038,2024-11-01,175.51,1663.56,R-022,False,none
C-01039,2024-11-01,184.62,4790.94,R-050,False,none
C-01040,2024-11-01,118.5,1702.84,R-045,False,none
C-01041,2024-11-01,137.21,4710.32,R-049,False,none
C-01042,2024-11-01,86.15,4508.84,R-049,False,none
C-01043,2024-11-01,48.5,1682.64,R-010,False,none
C-01044,2024-11-01,34.21,428.12,R-053,False,none
C-01045,2024-11-01,387.48,211.66,R-051,False,none
C-01046,2024-11-01,356.86,785.65,R-015,False,none
C-01047,2024-11-01,122.6,321.41,R-059,False,none
C-01048,2024-11-01,125.88,317.07,R-032,False,none
C-01049,2024-11-01,97.3,142.93,R-020,False,none
C-01050,2024-11-01,56.79,599.94,R-014,False,none
C-01051,2024-11-01,177.1,2804.49,R-022,False,none
C-01052,2024-11-01,27.81,1037.67,R-003,False,none
C-01053,2024-11-01,198.79,988.96,R-042,False,none
C-01054,2024-11-01,557.54,997.11,R-043,False,none
C-01055,2024-11-01,18.87,538.89,R-041,False,none
C-01056,2024-11-01,62.91,16.54,R-033,False,none
C-01057,2024-11-01,39.7,736.46,R-022,False,none
C-01058,2024-11-01,7.69,21.43,R-044,False,none
C-01059,2024-11-01,199.16,457.34,R-053,False,none
C-01060,2024-11-01,98.92,5160.43,R-006,False,none
C-01061,2024-11-01,63.05,1424.6,R-023,False,none
C-01062,2024-11-01,61.56,2409.89,R-060,False,none
C-01063,2024-11-01,257.95,421.46,R-052,False,none
C-01064,2024-11-01,14.2,199.24,R-060,False,none
C-01065,2024-11-01,325.01,1477.73,R-011,False,none
C-01066,2024-11-01,19.54,195.93,R-028,True,tamper
C-01067,2024-11-01,256.46,2757.02,R-008,False,none
C-01068,2024-11-01,61.68,2157.42,R-052,False,none
C-01069,2024-11-01,64.09,10.66,R-032,False,none
C-01070,2024-11-01,125.91,1837.29,R-015,False,none
C-01071,2024-11-01,229.26,2019.26,R-006,False,none
C-01072,2024-11-01,53.89,1454.83,R-045,False,none
C-01073,2024-11-01,265.41,667.04,R-049,False,none
C-01074,2024-11-01,245.74,5128.73,R-053,False,none
C-01075,2024-11-01,211.62,1937.67,R-059,False,none
C-01076,2024-11-01,379.45,247.21,R-049,False,none
C-01077,2024-11-01,23.42,1050.56,R-048,False,none
C-01078,2024-11-01,305.15,720.46,R-049,False,none
C-01079,2024-11-01,204.91,2516.87,R-060,False,none
C-01080,2024-11-01,39.3,2210.29,R-028,True,tamper
C-01081,2024-11-01,606.71,743.52,R-046,False,none
C-01082,2024-11-01,1025.55,1441.97,R-050,False,none
C-01083,2024-11-01,40.99,314.06,R-007,False,none
C-01084,2024-11-01,12.24,1530.58,R-042,False,none
C-01085,2024-11-01,313.73,365.82,R-021,False,none
C-01086,2024-11-01,128.59,2339.84,R-008,False,none
C-01087,2024-11-01,163.1,4705.33,R-011,False,none
C-01088,2024-11-01,249.01,382.44,R-007,False,none
C-01089,2024-11-01,20.25,256.24,R-054,False,none
C-01090,2024-11-01,78.3,1579.16,R-047,True,tamper
C-01091,2024-11-01,140.15,9.59,R-007,False,none
C-01092,2024-11-01,82.08,2365.43,R-038,False,none
C-01093,2024-11-01,83.18,5132.5,R-040,False,none
C-01094,2024-11-01,304.85,1262.4,R-032,False,none
C-01095,2024-11-01,244.95,6379.85,R-037,False,none
C-01096,2024-11-01,359.4,420.6,R-055,False,none
C-01097,2024-11-01,260.77,1317.74,R-032,False,none
C-01098,2024-11-01,311.77,1072.43,R-040,False,none
C-01099,2024-11-01,40.39,2557.39,R-035,False,none
C-01100,2024-11-01,42.94,514.05,R-024,False,none
C-01101,2024-11-01,41.89,866.85,R-054,False,none
C-01102,2024-11-01,214.61,366.0,R-025,False,none
C-01103,2024-11-01,54.14,328.27,R-048,False,none
C-01104,2024-11-01,77.86,1167.84,R-037,False,none
C-01105,2024-11-01,641.7,2071.23,R-042,False,none
C-01106,2024-11-01,603.51,820.77,R-046,False,none
C-01107,2024-11-01,156.66,436.91,R-045,False,none
C-01108,2024-11-01,280.64,622.5,R-034,False,none
C-01109,2024-11-01,175.31,86.61,R-037,False,none
C-01110,2024-11-01,30.45,449.7,R-031,False,none
C-01111,2024-11-01,130.95,2678.2,R-021,False,none
C-01112,2024-11-01,2420.84,3093.74,R-044,False,none
C-01113,2024-11-01,2755.05,131.02,R-053,False,none
C-01114,2024-11-01,155.44,72.06,R-043,False,none
C-01115,2024-11-01,186.77,312.32,R-047,False,none
C-01116,2024-11-01,853.29,946.5,R-050,False,none
C-01117,2024-11-01,645.45,352.37,R-023,False,none
C-01118,2024-11-01,120.17,678.84,R-004,False,none
C-01119,2024-11-01,23.53,1693.26,R-021,False,none
C-01120,2024-11-01,512.53,2843.57,R-046,False,none
C-01121,2024-11-01,278.33,8594.14,R-049,False,none
C-01122,2024-11-01,11.23,105.83,R-031,False,none
C-01123,2024-11-01,3253.55,703.92,R-047,False,none
C-01124,2024-11-01,1273.67,1814.7,R-005,False,none
C-01125,2024-11-01,577.31,374.55,R-039,False,none
C-01126,2024-11-01,271.21,2836.77,R-041,False,none
C-01127,2024-11-01,48.38,2840.38,R-031,False,none
C-01128,2024-11-01,200.0,1692.29,R-043,False,none
C-01129,2024-11-01,111.82,213.61,R-030,False,none
C-01130,2024-11-01,376.15,161.87,R-032,False,none
C-01131,2024-11-01,92.16,669.49,R-037,False,none
C-01132,2024-11-01,172.45,2158.04,R-048,False,none
C-01133,2024-11-01,121.35,358.87,R-015,False,none
C-01134,2024-11-01,242.84,1183.85,R-019,False,none
C-01135,2024-11-01,79.89,1590.18,R-026,False,none
C-01136,2024-11-01,286.39,1892.52,R-013,False,none
C-01137,2024-11-01,33.11,529.6,R-021,False,none
C-01138,2024-11-01,112.23,3324.73,R-022,False,none
C-01139,2024-11-01,732.38,41.41,R-019,False,none
C-01140,2024-11-01,12.65,1374.77,R-025,False,none
C-01141,2024-11-01,73.09,631.5,R-031,False,none
C-01142,2024-11-01,263.66,602.15,R-042,False,none
C-01143,2024-11-01,295.34,3500.79,R-019,False,none
C-01144,2024-11-01,7.66,20.59,R-051,False,none
C-01145,2024-11-01,322.1,3015.53,R-029,False,none
C-01146,2024-11-01,312.14,1104.16,R-044,False,none
C-01147,2024-11-01,115.99,2143.77,R-007,False,none
C-01148,2024-11-01,102.38,2690.38,R-011,False,none
C-01149,2024-11-01,220.73,369.56,R-028,False,none
C-01150,2024-11-01,221.46,1884.66,R-022,False,none
C-01151,2024-11-01,20.7,526.75,R-030,False,none
C-01152,2024-11-01,230.71,6029.78,R-010,False,none
C-01153,2024-11-01,407.07,1895.9,R-029,False,none
C-01154,2024-11-01,345.01,1472.05,R-042,False,none
C-01155,2024-11-01,323.26,1202.71,R-044,False,none
C-01156,2024-11-01,345.35,357.57,R-015,False,none
C-01157,2024-11-01,294.94,767.62,R-021,False,none
C-01158,2024-11-01,110.71,1672.58,R-032,False,none
C-01159,2024-11-01,281.61,2613.94,R-032,False,none
C-01160,2024-11-01,74.05,2654.31,R-048,False,none
C-01161,2024-11-01,144.92,1867.13,R-024,False,none
C-01162,2024-11-01,64.1,664.08,R-041,False,none
C-01163,2024-11-01,566.33,2029.36,R-054,False,none
C-01164,2024-11-01,64.83,86.06,R-018,False,none
C-01165,2024-11-01,91.09,1590.85,R-050,False,none
C-01166,2024-11-01,3.01,1382.52,R-020,True,kunda
C-01167,2024-11-01,204.83,645.99,R-021,False,none
C-01168,2024-11-01,58.79,105.18,R-040,False,none
C-01169,2024-11-01,72.19,393.94,R-038,False,none
C-01170,2024-11-01,880.37,1714.68,R-033,False,none
C-01171,2024-11-01,431.88,130.1,R-014,False,none
C-01172,2024-11-01,118.8,4116.36,R-006,False,none
C-01173,2024-11-01,353.32,2051.03,R-055,False,none
C-01174,2024-11-01,101.56,5631.99,R-053,False,none
C-01175,2024-11-01,54.0,1519.41,R-054,False,none
C-01176,2024-11-01,30.89,2089.74,R-031,False,none
C-01177,2024-11-01,18.61,411.63,R-054,False,none
C-01178,2024-11-01,476.09,488.36,R-029,False,none
C-01179,2024-11-01,251.73,100.19,R-005,False,none
C-01180,2024-11-01,238.96,65.93,R-012,False,none
C-01181,2024-11-01,188.77,371.49,R-017,False,none
C-01182,2024-11-01,242.76,97.48,R-023,False,none
C-01183,2024-11-01,265.86,1870.16,R-057,False,none
C-01184,2024-11-01,159.16,107.66,R-020,True,tamper
C-01185,2024-11-01,9.39,369.58,R-037,False,none
C-01186,2024-11-01,163.9,1088.86,R-017,False,none
C-01187,2024-11-01,181.25,234.31,R-039,False,none
C-01188,2024-11-01,137.23,1521.3,R-035,False,none
C-01189,2024-11-01,8.29,457.55,R-010,False,none
C-01190,2024-11-01,327.69,3653.69,R-028,False,none
C-01191,2024-11-01,98.68,411.14,R-007,False,none
C-01192,2024-11-01,176.65,1164.43,R-054,False,none
C-01193,2024-11-01,78.1,2194.43,R-043,False,none
C-01194,2024-11-01,147.84,1416.69,R-057,False,none
C-01195,2024-11-01,543.32,238.51,R-053,False,none
C-01196,2024-11-01,1092.81,1820.33,R-014,False,none
C-01197,2024-11-01,89.05,475.1,R-043,False,none
C-01198,2024-11-01,748.68,1006.12,R-007,False,none
C-01199,2024-11-01,182.88,1722.75,R-058,False,none
C-01200,2024-11-01,1143.42,1042.89,R-048,False,none
C-01201,2024-11-01,5000.8,1402.53,R-041,False,none
C-01202,2024-11-01,165.03,948.95,R-060,False,none
C-01203,2024-11-01,10.7,2238.54,R-051,False,none
C-01204,2024-11-01,584.97,2126.74,R-052,False,none
C-01205,2024-11-01,1512.47,630.17,R-007,False,none
C-01206,2024-11-01,3457.91,557.71,R-002,False,none
C-01207,2024-11-01,344.08,643.42,R-058,False,none
C-01208,2024-11-01,57.84,3028.78,R-016,False,none
C-01209,2024-11-01,33.87,4412.93,R-026,False,none
C-01210,2024-11-01,201.42,1384.28,R-003,False,none
C-01211,2024-11-01,8.92,110.77,R-038,True,kunda
C-01212,2024-11-01,432.49,5116.06,R-050,False,none
C-01213,2024-11-01,35.27,7610.89,R-051,False,none
C-01214,2024-11-01,142.68,293.6,R-035,False,none
C-01215,2024-11-01,280.53,319.09,R-040,False,none
C-01216,2024-11-01,36.57,457.8,R-031,False,none
C-01217,2024-11-01,140.5,92.08,R-027,False,none
C-01218,2024-11-01,284.28,511.98,R-034,False,none
C-01219,2024-11-01,92.23,985.92,R-057,False,none
C-01220,2024-11-01,25.22,314.27,R-016,False,none
C-01221,2024-11-01,55.08,607.38,R-029,False,none
C-01222,2024-11-01,717.33,1006.2,R-037,False,none
C-01223,2024-11-01,205.39,2107.5,R-035,False,none
C-01224,2024-11-01,12.39,777.51,R-002,False,none
C-01225,2024-11-01,104.44,125.71,R-018,False,none
C-01226,2024-11-01,46.57,473.26,R-039,False,none
C-01227,2024-11-01,66.31,272.93,R-042,False,none
C-01228,2024-11-01,716.85,2575.17,R-045,False,none
C-01229,2024-11-01,59.95,1407.24,R-060,False,none
C-01230,2024-11-01,166.25,792.45,R-041,False,none
C-01231,2024-11-01,559.73,1589.32,R-035,False,none
C-01232,2024-11-01,63.41,5612.95,R-020,False,none
C-01233,2024-11-01,175.94,324.82,R-023,False,none
C-01234,2024-11-01,172.97,229.51,R-050,False,none
C-01235,2024-11-01,418.03,671.41,R-029,False,none
C-01236,2024-11-01,904.86,1348.57,R-043,False,none
C-01237,2024-11-01,341.48,7225.47,R-008,False,none
C-01238,2024-11-01,207.2,8433.76,R-008,False,none
C-01239,2024-11-01,2326.79,604.84,R-013,False,none
C-01240,2024-11-01,213.52,2017.82,R-012,False,none
C-01241,2024-11-01,263.9,516.96,R-037,False,none
C-01242,2024-11-01,45.02,28.83,R-039,False,none
C-01243,2024-11-01,254.95,393.51,R-034,False,none
C-01244,2024-11-01,20.91,2462.37,R-018,True,kunda
C-01245,2024-11-01,67.09,994.93,R-035,False,none
C-01246,2024-11-01,372.63,333.21,R-008,False,none
C-01247,2024-11-01,237.19,732.26,R-029,False,none
C-01248,2024-11-01,23.0,3477.86,R-010,False,none
C-01249,2024-11-01,285.51,1734.88,R-005,False,none
C-01250,2024-11-01,157.72,824.77,R-010,False,none
C-01251,2024-11-01,642.87,689.15,R-007,False,none
C-01252,2024-11-01,142.15,450.62,R-029,False,none
C-01253,2024-11-01,915.69,1765.77,R-033,False,none
C-01254,2024-11-01,106.59,1741.48,R-037,True,tamper
C-01255,2024-11-01,218.29,1441.56,R-027,False,none
C-01256,2024-11-01,98.93,38.35,R-011,False,none
C-01257,2024-11-01,187.01,4932.18,R-002,False,none
C-01258,2024-11-01,47.98,1143.41,R-043,True,tamper
C-01259,2024-11-01,207.06,3887.06,R-059,False,none
C-01260,2024-11-01,34.31,4206.41,R-017,False,none
C-01261,2024-11-01,526.63,3381.48,R-013,False,none
C-01262,2024-11-01,491.36,2563.31,R-019,False,none
C-01263,2024-11-01,190.1,1038.95,R-013,False,none
C-01264,2024-11-01,62.12,24.99,R-014,False,none
C-01265,2024-11-01,178.49,742.0,R-030,False,none
C-01266,2024-11-01,88.32,989.48,R-048,False,none
C-01267,2024-11-01,315.28,215.42,R-043,False,none
C-01268,2024-11-01,97.53,755.95,R-058,False,none
C-01269,2024-11-01,198.92,164.91,R-022,False,none
C-01270,2024-11-01,466.07,1862.02,R-030,False,none
C-01271,2024-11-01,261.36,2102.87,R-023,False,none
C-01272,2024-11-01,442.63,2654.24,R-003,False,none
C-01273,2024-11-01,15.52,116.05,R-024,False,none
C-01274,2024-11-01,28.03,976.63,R-016,False,none
C-01275,2024-11-01,235.79,1225.46,R-029,False,none
C-01276,2024-11-01,251.47,190.08,R-010,False,none
C-01277,2024-11-01,296.42,4485.28,R-045,False,none
C-01278,2024-11-01,65.59,1129.22,R-051,False,none
C-01279,2024-11-01,387.79,935.27,R-058,False,none
C-01280,2024-11-01,339.06,1673.81,R-006,False,none
C-01281,2024-11-01,2.14,1601.85,R-008,True,kunda
C-01282,2024-11-01,6.41,1587.98,R-058,False,none
C-01283,2024-11-01,33.39,981.94,R-051,False,none
C-01284,2024-11-01,23.61,125.53,R-036,False,none
C-01285,2024-11-01,89.91,322.25,R-020,True,tamper
C-01286,2024-11-01,531.64,2610.67,R-032,False,none
C-01287,2024-11-01,412.84,465.96,R-033,False,none
C-01288,2024-11-01,62.93,798.55,R-051,False,none
C-01289,2024-11-01,165.53,1670.89,R-032,False,none
C-01290,2024-11-01,35.91,1208.99,R-002,False,none
C-01291,2024-11-01,10.6,6762.17,R-042,True,kunda
C-01292,2024-11-01,127.07,1524.67,R-047,False,none
C-01293,2024-11-01,277.44,146.61,R-018,False,none
C-01294,2024-11-01,67.18,2637.32,R-007,False,none
C-01295,2024-11-01,2661.61,1034.73,R-009,False,none
C-01296,2024-11-01,201.54,2824.03,R-051,False,none
C-01297,2024-11-01,150.1,4559.25,R-027,False,none
C-01298,2024-11-01,33.25,1146.44,R-032,False,none
C-01299,2024-11-01,94.01,45.68,R-058,False,none
C-01300,2024-11-01,188.12,499.66,R-004,True,collusion
C-01301,2024-11-01,3796.32,58.97,R-013,False,none
C-01302,2024-11-01,257.43,987.66,R-050,False,none
C-01303,2024-11-01,68.0,2689.04,R-033,True,collusion
C-01304,2024-11-01,805.79,879.71,R-002,False,none
C-01305,2024-11-01,69.5,2463.49,R-043,False,none
C-01306,2024-11-01,259.3,1038.11,R-009,False,none
C-01307,2024-11-01,264.42,864.83,R-047,False,none
C-01308,2024-11-01,500.76,565.75,R-048,False,none
C-01309,2024-11-01,50.13,4177.56,R-050,False,none
C-01310,2024-11-01,102.62,1739.42,R-028,False,none
C-01311,2024-11-01,889.47,2680.15,R-017,False,none
C-01312,2024-11-01,167.1,1520.1,R-053,False,none
C-01313,2024-11-01,168.05,1419.61,R-034,False,none
C-01314,2024-11-01,126.36,744.18,R-039,False,none
C-01315,2024-11-01,151.3,688.52,R-009,False,none
C-01316,2024-11-01,106.53,785.29,R-038,False,none
C-01317,2024-11-01,247.95,832.55,R-035,False,none
C-01318,2024-11-01,1544.49,500.82,R-018,True,tamper
C-01319,2024-11-01,459.43,87.66,R-047,False,none
C-01320,2024-11-01,200.07,915.09,R-009,False,none
C-01321,2024-11-01,178.23,1066.93,R-044,False,none
C-01322,2024-11-01,10.5,53.82,R-058,False,none
C-01323,2024-11-01,152.09,99.22,R-035,False,none
C-01324,2024-11-01,937.19,2216.97,R-007,False,none
C-01325,2024-11-01,196.2,4068.24,R-034,False,none
C-01326,2024-11-01,178.4,169.41,R-032,False,none
C-01327,2024-11-01,2403.58,846.54,R-034,False,none
C-01328,2024-11-01,100.27,324.47,R-017,False,none
C-01329,2024-11-01,494.04,1082.33,R-038,False,none
C-01330,2024-11-01,40.57,267.15,R-016,False,none
C-01331,2024-11-01,46.03,7599.8,R-034,False,none
C-01332,2024-11-01,364.8,16.73,R-036,False,none
C-01333,2024-11-01,150.08,2573.4,R-039,False,none
C-01334,2024-11-01,174.43,2312.08,R-048,False,none
C-01335,2024-11-01,596.63,879.73,R-053,False,none
C-01336,2024-11-01,331.85,278.41,R-047,False,none
C-01337,2024-11-01,131.51,5508.88,R-048,False,none
C-01338,2024-11-01,127.15,632.0,R-053,False,none
C-01339,2024-11-01,54.76,948.26,R-015,False,none
C-01340,2024-11-01,126.21,512.52,R-018,False,none
C-01341,2024-11-01,472.29,1541.17,R-032,False,none
C-01342,2024-11-01,684.02,445.58,R-028,False,none
C-01343,2024-11-01,14.31,3646.85,R-043,True,kunda
C-01344,2024-11-01,8.62,1555.63,R-001,False,none
C-01345,2024-11-01,15.45,6545.46,R-009,True,kunda
C-01346,2024-11-01,584.36,982.33,R-045,False,none
C-01347,2024-11-01,13.29,1625.44,R-050,True,kunda
C-01348,2024-11-01,371.28,2705.25,R-019,False,none
C-01349,2024-11-01,280.07,5062.33,R-019,False,none
C-01350,2024-11-01,14.34,1526.91,R-034,False,none
C-01351,2024-11-01,20.03,581.44,R-029,False,none
C-01352,2024-11-01,7.1,2231.24,R-011,False,none
C-01353,2024-11-01,530.23,1391.0,R-031,False,none
C-01354,2024-11-01,280.12,104.83,R-050,False,none
C-01355,2024-11-01,21.97,1935.61,R-044,True,kunda
C-01356,2024-11-01,39.46,236.2,R-050,False,none
C-01357,2024-11-01,54.23,1330.45,R-039,False,none
C-01358,2024-11-01,739.5,2894.55,R-053,False,none
C-01359,2024-11-01,124.96,269.51,R-015,False,none
C-01360,2024-11-01,199.14,648.83,R-003,False,none
C-01361,2024-11-01,243.36,413.83,R-007,False,none
C-01362,2024-11-01,107.72,1042.75,R-060,False,none
C-01363,2024-11-01,408.07,64.97,R-039,False,none
C-01364,2024-11-01,236.25,2067.0,R-015,False,none
C-01365,2024-11-01,40.63,119.71,R-052,False,none
C-01366,2024-11-01,111.48,1978.68,R-019,False,none
C-01367,2024-11-01,10.74,507.97,R-036,False,none
C-01368,2024-11-01,103.72,2229.71,R-015,False,none
C-01369,2024-11-01,84.91,305.97,R-006,True,tamper
C-01370,2024-11-01,469.25,2761.22,R-017,False,none
C-01371,2024-11-01,296.98,3637.25,R-014,False,none
C-01372,2024-11-01,190.28,207.3,R-034,False,none
C-01373,2024-11-01,78.27,239.38,R-002,True,tamper
C-01374,2024-11-01,209.27,5035.85,R-015,False,none
C-01375,2024-11-01,525.68,1077.01,R-035,False,none
C-01376,2024-11-01,42.6,150.5,R-024,False,none
C-01377,2024-11-01,26.0,1263.66,R-039,False,none
C-01378,2024-11-01,276.94,1779.54,R-040,False,none
C-01379,2024-11-01,398.85,196.9,R-058,False,none
C-01380,2024-11-01,99.88,978.17,R-051,False,none
C-01381,2024-11-01,109.94,1970.72,R-014,False,none
C-01382,2024-11-01,156.9,2993.55,R-042,False,none
C-01383,2024-11-01,2370.59,396.31,R-038,False,none
C-01384,2024-11-01,48.54,76.24,R-036,False,none
C-01385,2024-11-01,68.69,588.12,R-048,False,none
C-01386,2024-11-01,35.88,110.83,R-009,False,none
C-01387,2024-11-01,173.09,1453.56,R-023,False,none
C-01388,2024-11-01,18.13,3068.02,R-049,False,none
C-01389,2024-11-01,63.04,1786.56,R-054,False,none
C-01390,2024-11-01,66.17,1535.57,R-003,False,none
C-01391,2024-11-01,558.51,1786.41,R-029,False,none
C-01392,2024-11-01,20.58,1924.7,R-016,False,none
C-01393,2024-11-01,59.21,3430.68,R-011,False,none
C-01394,2024-11-01,231.55,1455.2,R-004,False,none
C-01395,2024-11-01,70.39,2544.7,R-033,False,none
C-01396,2024-11-01,1044.82,1747.85,R-041,False,none
C-01397,2024-11-01,204.09,2353.49,R-032,False,none
C-01398,2024-11-01,2521.84,230.4,R-023,False,none
C-01399,2024-11-01,5.88,1758.43,R-047,True,kunda
C-01400,2024-11-01,380.62,5890.91,R-040,False,none
C-01401,2024-11-01,134.66,4694.31,R-055,False,none
C-01402,2024-11-01,85.53,372.23,R-021,False,none
C-01403,2024-11-01,117.51,787.82,R-015,False,none
C-01404,2024-11-01,34.32,1549.77,R-028,True,tamper
C-01405,2024-11-01,173.77,717.75,R-031,False,none
C-01406,2024-11-01,42.09,382.22,R-028,False,none
C-01407,2024-11-01,59.46,178.58,R-050,False,none
C-01408,2024-11-01,159.1,1823.03,R-003,False,none
C-01409,2024-11-01,497.86,634.72,R-032,False,none
C-01410,2024-11-01,29.41,814.79,R-026,False,none
C-01411,2024-11-01,56.51,95.2,R-013,False,none
C-01412,2024-11-01,523.43,447.32,R-039,False,none
C-01413,2024-11-01,118.75,41.34,R-049,False,none
C-01414,2024-11-01,156.57,1235.65,R-033,False,none
C-01415,2024-11-01,169.46,1896.26,R-006,False,none
C-01416,2024-11-01,150.25,2895.23,R-005,False,none
C-01417,2024-11-01,98.45,176.57,R-026,False,none
C-01418,2024-11-01,139.33,13.12,R-041,False,none
C-01419,2024-11-01,111.57,253.84,R-019,False,none
C-01420,2024-11-01,73.48,6064.29,R-019,False,none
C-01421,2024-11-01,14.56,1069.82,R-052,False,none
C-01422,2024-11-01,41.17,687.49,R-001,False,none
C-01423,2024-11-01,116.43,1951.9,R-005,False,none
C-01424,2024-11-01,217.75,608.83,R-010,False,none
C-01425,2024-11-01,418.38,337.23,R-060,False,none
C-01426,2024-11-01,130.51,3626.33,R-030,False,none
C-01427,2024-11-01,86.27,3568.81,R-010,False,none
C-01428,2024-11-01,114.48,1446.41,R-019,False,none
C-01429,2024-11-01,152.67,416.72,R-059,False,none
C-01430,2024-11-01,583.63,959.45,R-042,False,none
C-01431,2024-11-01,8.96,1226.48,R-014,True,kunda
C-01432,2024-11-01,1027.89,154.29,R-015,True,tamper
C-01433,2024-11-01,283.43,3.0,R-005,True,tamper
C-01434,2024-11-01,17.59,2527.84,R-047,False,none
C-01435,2024-11-01,17.6,122.68,R-009,False,none
C-01436,2024-11-01,71.62,943.49,R-018,False,none
C-01437,2024-11-01,55.42,418.32,R-021,False,none
C-01438,2024-11-01,176.88,498.55,R-038,False,none
C-01439,2024-11-01,143.37,713.57,R-037,False,none
C-01440,2024-11-01,676.94,4510.54,R-048,False,none
C-01441,2024-11-01,49.66,1666.9,R-018,False,none
C-01442,2024-11-01,178.8,3888.64,R-024,False,none
C-01443,2024-11-01,71.37,706.36,R-024,False,none
C-01444,2024-11-01,27.33,1320.27,R-003,False,none
C-01445,2024-11-01,34.4,75.75,R-045,False,none
C-01446,2024-11-01,346.51,1244.56,R-033,False,none
C-01447,2024-11-01,125.14,3381.57,R-029,False,none
C-01448,2024-11-01,36.28,158.53,R-060,False,none
C-01449,2024-11-01,34.71,312.3,R-011,False,none
C-01450,2024-11-01,288.99,311.07,R-059,False,none
C-01451,2024-11-01,69.55,796.05,R-041,False,none
C-01452,2024-11-01,409.57,742.29,R-014,False,none
C-01453,2024-11-01,314.98,1174.13,R-041,False,none
C-01454,2024-11-01,201.49,1349.26,R-046,False,none
C-01455,2024-11-01,69.93,5316.23,R-022,False,none
C-01456,2024-11-01,7.51,1254.6,R-021,True,kunda
C-01457,2024-11-01,58.94,1.32,R-051,False,none
C-01458,2024-11-01,258.15,36.99,R-010,False,none
C-01459,2024-11-01,55.37,998.74,R-001,False,none
C-01460,2024-11-01,468.9,11469.0,R-040,False,none
C-01461,2024-11-01,3060.77,539.15,R-055,False,none
C-01462,2024-11-01,105.88,500.45,R-031,True,collusion
C-01463,2024-11-01,153.9,161.48,R-009,False,none
C-01464,2024-11-01,173.49,541.59,R-033,False,none
C-01465,2024-11-01,640.43,267.62,R-016,True,tamper
C-01466,2024-11-01,23.56,2398.35,R-050,False,none
C-01467,2024-11-01,57.68,1677.54,R-037,False,none
C-01468,2024-11-01,236.7,250.27,R-021,False,none
C-01469,2024-11-01,1064.35,72.5,R-038,False,none
C-01470,2024-11-01,241.83,113.94,R-041,False,none
C-01471,2024-11-01,30.95,148.19,R-041,False,none
C-01472,2024-11-01,89.84,4900.99,R-022,True,collusion
C-01473,2024-11-01,473.69,217.34,R-035,False,none
C-01474,2024-11-01,182.6,253.4,R-003,False,none
C-01475,2024-11-01,978.5,167.44,R-025,False,none
C-01476,2024-11-01,194.41,191.01,R-023,False,none
C-01477,2024-11-01,264.21,447.28,R-033,True,collusion
C-01478,2024-11-01,75.48,869.3,R-058,False,none
C-01479,2024-11-01,386.3,161.05,R-058,False,none
C-01480,2024-11-01,648.96,1011.73,R-029,False,none
C-01481,2024-11-01,357.39,1252.25,R-039,False,none
C-01482,2024-11-01,12.21,2576.14,R-007,True,kunda
C-01483,2024-11-01,7.38,1748.74,R-029,True,kunda
C-01484,2024-11-01,381.95,617.06,R-042,False,none
C-01485,2024-11-01,121.99,2942.46,R-041,True,collusion
C-01486,2024-11-01,703.07,1215.25,R-058,False,none
C-01487,2024-11-01,104.16,2348.95,R-028,False,none
C-01488,2024-11-01,88.56,390.88,R-055,False,none
C-01489,2024-11-01,142.33,1.76,R-059,False,none
C-01490,2024-11-01,55.05,1157.28,R-035,False,none
C-01491,2024-11-01,85.74,374.12,R-006,False,none
C-01492,2024-11-01,96.63,1205.04,R-023,False,none
C-01493,2024-11-01,8.3,2239.27,R-046,True,kunda
C-01494,2024-11-01,57.62,1405.81,R-035,False,none
C-01495,2024-11-01,2.97,354.81,R-057,True,kunda
C-01496,2024-11-01,258.47,3576.88,R-049,False,none
C-01497,2024-11-01,247.87,529.72,R-004,False,none
C-01498,2024-11-01,359.31,451.54,R-052,False,none
C-01499,2024-11-01,211.14,1034.74,R-022,False,none
C-01500,2024-11-01,9.91,1468.95,R-050,False,none
C-00001,2024-12-01,156.15,126.35,R-006,False,none
C-00002,2024-12-01,92.87,911.17,R-029,False,none
C-00003,2024-12-01,179.84,833.23,R-040,False,none
C-00004,2024-12-01,97.68,1507.22,R-004,False,none
C-00005,2024-12-01,47.76,6026.66,R-024,False,none
C-00006,2024-12-01,147.88,3533.12,R-016,False,none
C-00007,2024-12-01,169.75,2242.28,R-003,False,none
C-00008,2024-12-01,1416.44,2460.26,R-049,False,none
C-00009,2024-12-01,60.71,3646.18,R-027,False,none
C-00010,2024-12-01,197.63,435.36,R-046,False,none
C-00011,2024-12-01,340.36,441.68,R-036,True,tamper
C-00012,2024-12-01,330.07,1276.64,R-053,False,none
C-00013,2024-12-01,32.18,739.27,R-060,False,none
C-00014,2024-12-01,60.7,172.5,R-037,False,none
C-00015,2024-12-01,146.87,483.63,R-022,False,none
C-00016,2024-12-01,18.4,0.07,R-026,False,none
C-00017,2024-12-01,24.81,469.69,R-050,False,none
C-00018,2024-12-01,145.79,1514.51,R-026,False,none
C-00019,2024-12-01,143.19,2003.58,R-032,False,none
C-00020,2024-12-01,465.55,1461.11,R-012,False,none
C-00021,2024-12-01,233.28,1145.43,R-060,False,none
C-00022,2024-12-01,193.63,81.96,R-040,False,none
C-00023,2024-12-01,47.37,1475.52,R-020,False,none
C-00024,2024-12-01,964.93,2840.25,R-036,False,none
C-00025,2024-12-01,280.68,3642.15,R-025,False,none
C-00026,2024-12-01,277.03,317.25,R-010,False,none
C-00027,2024-12-01,68.93,1059.29,R-053,False,none
C-00028,2024-12-01,44.99,1577.48,R-054,False,none
C-00029,2024-12-01,365.28,2965.82,R-051,False,none
C-00030,2024-12-01,122.79,605.81,R-023,False,none
C-00031,2024-12-01,138.32,1847.97,R-016,False,none
C-00032,2024-12-01,284.29,1083.08,R-003,True,tamper
C-00033,2024-12-01,18.82,3539.95,R-044,False,none
C-00034,2024-12-01,70.7,3923.87,R-020,False,none
C-00035,2024-12-01,1575.92,133.44,R-054,False,none
C-00036,2024-12-01,51.35,1985.02,R-053,False,none
C-00037,2024-12-01,711.13,229.72,R-008,False,none
C-00038,2024-12-01,231.79,5143.81,R-056,False,none
C-00039,2024-12-01,8.97,615.99,R-009,False,none
C-00040,2024-12-01,74.38,1767.63,R-030,False,none
C-00041,2024-12-01,125.11,1621.69,R-029,True,tamper
C-00042,2024-12-01,62.11,4590.89,R-058,False,none
C-00043,2024-12-01,321.13,1080.85,R-040,False,none
C-00044,2024-12-01,143.42,1097.12,R-053,False,none
C-00045,2024-12-01,50.84,1780.04,R-036,False,none
C-00046,2024-12-01,61.47,324.69,R-050,False,none
C-00047,2024-12-01,109.77,2588.77,R-052,True,tamper
C-00048,2024-12-01,19.92,113.36,R-052,False,none
C-00049,2024-12-01,40.1,561.6,R-025,False,none
C-00050,2024-12-01,220.65,4755.64,R-023,False,none
C-00051,2024-12-01,258.68,612.34,R-060,False,none
C-00052,2024-12-01,241.36,90.67,R-046,False,none
C-00053,2024-12-01,491.27,610.77,R-056,True,tamper
C-00054,2024-12-01,28.63,6877.74,R-035,False,none
C-00055,2024-12-01,64.58,201.93,R-056,False,none
C-00056,2024-12-01,40.15,664.0,R-044,False,none
C-00057,2024-12-01,38.87,3225.37,R-045,False,none
C-00058,2024-12-01,89.11,646.09,R-011,False,none
C-00059,2024-12-01,331.19,5808.77,R-035,False,none
C-00060,2024-12-01,2633.25,2639.52,R-044,False,none
C-00061,2024-12-01,417.17,360.86,R-046,False,none
C-00062,2024-12-01,4.48,3191.94,R-058,True,kunda
C-00063,2024-12-01,262.77,1909.69,R-020,False,none
C-00064,2024-12-01,176.13,538.04,R-019,False,none
C-00065,2024-12-01,104.85,520.47,R-059,False,none
C-00066,2024-12-01,562.01,1699.54,R-060,False,none
C-00067,2024-12-01,342.49,98.2,R-011,False,none
C-00068,2024-12-01,55.81,99.32,R-023,False,none
C-00069,2024-12-01,155.16,1255.05,R-057,False,none
C-00070,2024-12-01,53.06,1137.55,R-012,False,none
C-00071,2024-12-01,47.39,2069.18,R-047,False,none
C-00072,2024-12-01,9.72,1099.79,R-007,False,none
C-00073,2024-12-01,45.54,1968.3,R-011,False,none
C-00074,2024-12-01,10.96,190.42,R-048,False,none
C-00075,2024-12-01,42.38,477.48,R-037,True,kunda
C-00076,2024-12-01,165.2,566.48,R-034,False,none
C-00077,2024-12-01,136.07,451.97,R-052,False,none
C-00078,2024-12-01,88.74,2497.28,R-019,False,none
C-00079,2024-12-01,179.05,2608.65,R-031,False,none
C-00080,2024-12-01,234.03,1467.96,R-037,False,none
C-00081,2024-12-01,44.67,466.76,R-045,False,none
C-00082,2024-12-01,19.63,4684.22,R-020,False,none
C-00083,2024-12-01,498.85,215.68,R-039,False,none
C-00084,2024-12-01,9.18,714.09,R-027,False,none
C-00085,2024-12-01,26.8,711.0,R-033,False,none
C-00086,2024-12-01,185.84,8.09,R-052,False,none
C-00087,2024-12-01,410.03,3343.67,R-024,False,none
C-00088,2024-12-01,355.28,118.41,R-041,False,none
C-00089,2024-12-01,103.16,264.93,R-057,False,none
C-00090,2024-12-01,42.01,3989.46,R-046,False,none
C-00091,2024-12-01,43.43,2293.3,R-060,False,none
C-00092,2024-12-01,22.5,3534.98,R-036,False,none
C-00093,2024-12-01,225.98,1152.93,R-017,False,none
C-00094,2024-12-01,150.73,4489.41,R-060,True,collusion
C-00095,2024-12-01,140.03,1612.17,R-039,True,tamper
C-00096,2024-12-01,228.25,902.4,R-015,False,none
C-00097,2024-12-01,29.07,586.67,R-020,False,none
C-00098,2024-12-01,296.84,2714.51,R-016,False,none
C-00099,2024-12-01,44.95,421.91,R-051,False,none
C-00100,2024-12-01,148.97,3048.65,R-006,False,none
C-00101,2024-12-01,57.57,423.34,R-045,False,none
C-00102,2024-12-01,32.87,2616.81,R-034,False,none
C-00103,2024-12-01,348.84,5365.44,R-005,False,none
C-00104,2024-12-01,532.16,759.25,R-037,False,none
C-00105,2024-12-01,209.4,993.56,R-046,False,none
C-00106,2024-12-01,135.07,82.36,R-044,False,none
C-00107,2024-12-01,156.15,1911.86,R-032,False,none
C-00108,2024-12-01,159.04,402.15,R-021,False,none
C-00109,2024-12-01,415.7,62.91,R-010,False,none
C-00110,2024-12-01,73.95,1362.13,R-001,False,none
C-00111,2024-12-01,141.47,866.82,R-022,False,none
C-00112,2024-12-01,71.14,2346.03,R-038,False,none
C-00113,2024-12-01,140.36,2393.52,R-003,False,none
C-00114,2024-12-01,315.84,1899.78,R-060,False,none
C-00115,2024-12-01,198.17,515.86,R-036,False,none
C-00116,2024-12-01,1029.92,2428.54,R-018,False,none
C-00117,2024-12-01,256.8,346.91,R-058,False,none
C-00118,2024-12-01,18.18,580.69,R-012,False,none
C-00119,2024-12-01,144.57,1095.21,R-058,False,none
C-00120,2024-12-01,32.32,2021.58,R-017,False,none
C-00121,2024-12-01,10.24,302.49,R-023,False,none
C-00122,2024-12-01,205.47,344.59,R-026,False,none
C-00123,2024-12-01,1786.18,975.64,R-060,False,none
C-00124,2024-12-01,3.35,1337.43,R-016,True,kunda
C-00125,2024-12-01,10.67,125.13,R-059,False,none
C-00126,2024-12-01,196.46,359.89,R-021,False,none
C-00127,2024-12-01,33.0,755.12,R-018,False,none
C-00128,2024-12-01,31.32,154.89,R-039,False,none
C-00129,2024-12-01,87.17,1789.94,R-042,False,none
C-00130,2024-12-01,55.21,409.39,R-021,False,none
C-00131,2024-12-01,179.53,2724.41,R-009,False,none
C-00132,2024-12-01,92.49,568.57,R-024,False,none
C-00133,2024-12-01,293.85,767.77,R-033,False,none
C-00134,2024-12-01,41.24,3985.49,R-003,False,none
C-00135,2024-12-01,40.66,1247.8,R-005,False,none
C-00136,2024-12-01,65.81,661.06,R-056,False,none
C-00137,2024-12-01,244.86,1033.41,R-003,False,none
C-00138,2024-12-01,14.0,1349.27,R-025,False,none
C-00139,2024-12-01,58.38,4896.5,R-046,False,none
C-00140,2024-12-01,92.07,941.66,R-020,False,none
C-00141,2024-12-01,31.7,281.27,R-030,False,none
C-00142,2024-12-01,263.46,1688.5,R-006,False,none
C-00143,2024-12-01,42.68,332.94,R-048,False,none
C-00144,2024-12-01,5.37,2420.27,R-039,True,kunda
C-00145,2024-12-01,207.76,16.96,R-052,False,none
C-00146,2024-12-01,1419.54,475.83,R-052,False,none
C-00147,2024-12-01,152.0,735.79,R-022,False,none
C-00148,2024-12-01,65.84,1080.84,R-003,False,none
C-00149,2024-12-01,75.67,1367.47,R-021,False,none
C-00150,2024-12-01,3.52,1822.75,R-009,True,kunda
C-00151,2024-12-01,181.68,4685.79,R-032,False,none
C-00152,2024-12-01,183.93,1416.15,R-009,False,none
C-00153,2024-12-01,214.6,16.81,R-056,False,none
C-00154,2024-12-01,230.72,474.6,R-037,False,none
C-00155,2024-12-01,3100.29,3169.05,R-016,False,none
C-00156,2024-12-01,38.84,1891.55,R-056,False,none
C-00157,2024-12-01,175.12,452.61,R-047,False,none
C-00158,2024-12-01,13.36,2045.77,R-027,False,none
C-00159,2024-12-01,33.27,2481.38,R-009,False,none
C-00160,2024-12-01,172.47,475.05,R-021,False,none
C-00161,2024-12-01,220.62,3377.21,R-036,False,none
C-00162,2024-12-01,1206.97,482.15,R-046,False,none
C-00163,2024-12-01,568.91,1281.11,R-016,False,none
C-00164,2024-12-01,1701.67,974.43,R-045,False,none
C-00165,2024-12-01,2387.87,786.17,R-017,False,none
C-00166,2024-12-01,905.43,3439.5,R-015,False,none
C-00167,2024-12-01,71.05,4570.62,R-027,False,none
C-00168,2024-12-01,235.61,1505.87,R-010,False,none
C-00169,2024-12-01,82.28,3965.08,R-025,False,none
C-00170,2024-12-01,337.53,1653.54,R-022,True,collusion
C-00171,2024-12-01,59.6,2939.85,R-017,False,none
C-00172,2024-12-01,258.34,284.07,R-047,True,tamper
C-00173,2024-12-01,214.18,1034.35,R-020,False,none
C-00174,2024-12-01,81.23,2168.31,R-042,False,none
C-00175,2024-12-01,235.3,2061.32,R-044,False,none
C-00176,2024-12-01,226.55,170.39,R-040,False,none
C-00177,2024-12-01,1.92,250.88,R-017,True,kunda
C-00178,2024-12-01,721.41,1753.22,R-050,False,none
C-00179,2024-12-01,198.55,229.38,R-015,False,none
C-00180,2024-12-01,213.1,253.87,R-017,False,none
C-00181,2024-12-01,145.11,638.07,R-053,False,none
C-00182,2024-12-01,150.1,274.75,R-021,False,none
C-00183,2024-12-01,163.99,559.62,R-042,False,none
C-00184,2024-12-01,98.99,428.05,R-003,False,none
C-00185,2024-12-01,45.56,1483.12,R-037,False,none
C-00186,2024-12-01,434.19,579.29,R-053,False,none
C-00187,2024-12-01,24.89,3471.2,R-043,True,kunda
C-00188,2024-12-01,8.67,1349.61,R-035,True,kunda
C-00189,2024-12-01,397.95,465.52,R-051,False,none
C-00190,2024-12-01,143.46,3866.89,R-018,False,none
C-00191,2024-12-01,263.31,2187.21,R-023,True,tamper
C-00192,2024-12-01,49.79,161.3,R-005,False,none
C-00193,2024-12-01,17.88,3700.81,R-042,False,none
C-00194,2024-12-01,110.22,141.5,R-044,False,none
C-00195,2024-12-01,24.71,331.88,R-046,False,none
C-00196,2024-12-01,190.18,4387.98,R-045,False,none
C-00197,2024-12-01,67.39,235.83,R-008,False,none
C-00198,2024-12-01,40.4,2306.11,R-040,False,none
C-00199,2024-12-01,285.09,196.33,R-046,True,tamper
C-00200,2024-12-01,369.12,402.09,R-013,False,none
C-00201,2024-12-01,204.34,1371.34,R-029,False,none
C-00202,2024-12-01,358.16,715.02,R-055,False,none
C-00203,2024-12-01,271.55,2895.22,R-025,False,none
C-00204,2024-12-01,61.29,522.22,R-046,False,none
C-00205,2024-12-01,139.54,41.33,R-032,False,none
C-00206,2024-12-01,605.63,938.63,R-040,False,none
C-00207,2024-12-01,128.54,1181.61,R-038,False,none
C-00208,2024-12-01,48.19,1895.2,R-040,False,none
C-00209,2024-12-01,28.11,756.93,R-047,False,none
C-00210,2024-12-01,132.53,452.39,R-055,False,none
C-00211,2024-12-01,114.91,281.26,R-018,False,none
C-00212,2024-12-01,197.27,1368.09,R-056,False,none
C-00213,2024-12-01,59.99,7997.34,R-038,False,none
C-00214,2024-12-01,240.39,1625.07,R-036,False,none
C-00215,2024-12-01,310.25,54.07,R-020,False,none
C-00216,2024-12-01,40.73,854.13,R-026,False,none
C-00217,2024-12-01,866.03,183.22,R-040,True,tamper
C-00218,2024-12-01,215.25,406.24,R-022,False,none
C-00219,2024-12-01,18.63,1109.79,R-018,False,none
C-00220,2024-12-01,122.79,1291.99,R-050,False,none
C-00221,2024-12-01,229.21,1172.07,R-025,False,none
C-00222,2024-12-01,92.03,2154.4,R-039,False,none
C-00223,2024-12-01,137.0,1274.3,R-002,False,none
C-00224,2024-12-01,80.69,1825.97,R-005,False,none
C-00225,2024-12-01,100.96,3095.39,R-051,False,none
C-00226,2024-12-01,10.02,465.13,R-009,False,none
C-00227,2024-12-01,36.64,674.0,R-048,False,none
C-00228,2024-12-01,93.15,2274.59,R-055,False,none
C-00229,2024-12-01,158.39,2902.49,R-029,False,none
C-00230,2024-12-01,274.6,1431.66,R-054,False,none
C-00231,2024-12-01,2744.98,685.84,R-026,False,none
C-00232,2024-12-01,378.99,626.9,R-058,False,none
C-00233,2024-12-01,56.97,1717.47,R-015,False,none
C-00234,2024-12-01,18.13,1772.18,R-026,False,none
C-00235,2024-12-01,278.47,3594.16,R-024,False,none
C-00236,2024-12-01,92.79,129.61,R-048,False,none
C-00237,2024-12-01,202.88,607.36,R-003,False,none
C-00238,2024-12-01,290.78,1059.94,R-050,False,none
C-00239,2024-12-01,108.99,696.15,R-002,False,none
C-00240,2024-12-01,210.1,1580.93,R-019,False,none
C-00241,2024-12-01,339.98,4074.19,R-036,False,none
C-00242,2024-12-01,9.83,1512.99,R-009,False,none
C-00243,2024-12-01,8.52,1196.49,R-030,False,none
C-00244,2024-12-01,263.77,1562.72,R-060,False,none
C-00245,2024-12-01,329.04,1160.21,R-050,False,none
C-00246,2024-12-01,23.56,134.22,R-002,False,none
C-00247,2024-12-01,173.93,812.12,R-036,False,none
C-00248,2024-12-01,144.47,971.46,R-036,False,none
C-00249,2024-12-01,3480.3,1591.69,R-005,False,none
C-00250,2024-12-01,6.63,8919.78,R-040,True,kunda
C-00251,2024-12-01,114.98,62.83,R-032,False,none
C-00252,2024-12-01,50.43,725.35,R-041,False,none
C-00253,2024-12-01,305.17,2679.38,R-018,False,none
C-00254,2024-12-01,308.44,1073.09,R-016,False,none
C-00255,2024-12-01,118.43,227.0,R-045,False,none
C-00256,2024-12-01,52.23,1527.51,R-044,False,none
C-00257,2024-12-01,751.97,1947.53,R-010,False,none
C-00258,2024-12-01,38.95,1266.69,R-013,False,none
C-00259,2024-12-01,118.62,20.25,R-036,False,none
C-00260,2024-12-01,129.35,1258.13,R-050,False,none
C-00261,2024-12-01,14.03,999.7,R-013,True,kunda
C-00262,2024-12-01,63.37,4417.0,R-014,False,none
C-00263,2024-12-01,12.18,1021.96,R-049,False,none
C-00264,2024-12-01,968.0,247.18,R-042,False,none
C-00265,2024-12-01,87.55,1033.57,R-055,False,none
C-00266,2024-12-01,162.69,150.63,R-048,False,none
C-00267,2024-12-01,18.8,1216.84,R-058,False,none
C-00268,2024-12-01,296.93,1356.33,R-012,False,none
C-00269,2024-12-01,33.91,301.07,R-017,False,none
C-00270,2024-12-01,17.85,209.8,R-015,False,none
C-00271,2024-12-01,281.12,885.47,R-004,False,none
C-00272,2024-12-01,50.96,1328.74,R-047,False,none
C-00273,2024-12-01,3215.04,859.47,R-040,False,none
C-00274,2024-12-01,55.29,1384.89,R-006,False,none
C-00275,2024-12-01,75.86,702.16,R-012,False,none
C-00276,2024-12-01,105.9,2711.53,R-012,False,none
C-00277,2024-12-01,263.52,90.96,R-025,False,none
C-00278,2024-12-01,167.36,10835.64,R-028,False,none
C-00279,2024-12-01,157.29,859.6,R-018,False,none
C-00280,2024-12-01,94.34,2306.54,R-056,False,none
C-00281,2024-12-01,137.66,8.33,R-013,False,none
C-00282,2024-12-01,238.23,152.85,R-034,False,none
C-00283,2024-12-01,201.06,4300.47,R-027,False,none
C-00284,2024-12-01,41.71,154.59,R-024,False,none
C-00285,2024-12-01,363.12,413.26,R-050,False,none
C-00286,2024-12-01,142.13,1126.41,R-059,False,none
C-00287,2024-12-01,173.24,1527.39,R-001,False,none
C-00288,2024-12-01,101.22,1225.54,R-028,True,tamper
C-00289,2024-12-01,33.78,952.26,R-008,False,none
C-00290,2024-12-01,67.89,2457.91,R-027,False,none
C-00291,2024-12-01,217.0,3565.27,R-038,False,none
C-00292,2024-12-01,107.8,2971.9,R-025,False,none
C-00293,2024-12-01,170.14,1497.49,R-019,False,none
C-00294,2024-12-01,170.64,5007.82,R-019,False,none
C-00295,2024-12-01,49.9,2191.31,R-018,False,none
C-00296,2024-12-01,210.63,588.92,R-020,False,none
C-00297,2024-12-01,294.44,557.37,R-023,False,none
C-00298,2024-12-01,158.65,258.82,R-042,False,none
C-00299,2024-12-01,295.16,1483.23,R-006,False,none
C-00300,2024-12-01,123.27,371.7,R-003,False,none
C-00301,2024-12-01,33.23,3005.4,R-032,False,none
C-00302,2024-12-01,172.63,1661.31,R-041,False,none
C-00303,2024-12-01,322.4,2107.25,R-016,False,none
C-00304,2024-12-01,85.52,395.02,R-013,False,none
C-00305,2024-12-01,238.7,1860.46,R-038,False,none
C-00306,2024-12-01,148.65,200.31,R-024,False,none
C-00307,2024-12-01,208.47,888.54,R-045,False,none
C-00308,2024-12-01,126.0,82.31,R-009,False,none
C-00309,2024-12-01,275.35,1674.19,R-008,False,none
C-00310,2024-12-01,15.25,75.08,R-034,True,tamper
C-00311,2024-12-01,394.03,818.36,R-024,False,none
C-00312,2024-12-01,338.31,600.73,R-044,False,none
C-00313,2024-12-01,287.56,3765.13,R-031,False,none
C-00314,2024-12-01,30.86,840.99,R-022,False,none
C-00315,2024-12-01,197.16,2785.11,R-010,False,none
C-00316,2024-12-01,897.54,3729.27,R-010,False,none
C-00317,2024-12-01,45.5,622.4,R-046,False,none
C-00318,2024-12-01,48.1,156.5,R-014,False,none
C-00319,2024-12-01,295.47,324.95,R-031,False,none
C-00320,2024-12-01,421.26,1043.39,R-050,False,none
C-00321,2024-12-01,84.09,283.96,R-054,False,none
C-00322,2024-12-01,229.21,873.03,R-017,False,none
C-00323,2024-12-01,145.36,901.6,R-007,False,none
C-00324,2024-12-01,125.02,1276.87,R-047,False,none
C-00325,2024-12-01,770.67,828.68,R-042,False,none
C-00326,2024-12-01,75.8,1720.13,R-020,False,none
C-00327,2024-12-01,233.58,1387.51,R-036,True,tamper
C-00328,2024-12-01,14.53,1073.12,R-012,True,kunda
C-00329,2024-12-01,64.51,4387.17,R-043,False,none
C-00330,2024-12-01,46.65,934.35,R-044,False,none
C-00331,2024-12-01,41.28,2531.98,R-018,False,none
C-00332,2024-12-01,932.48,2232.3,R-029,False,none
C-00333,2024-12-01,234.8,2539.82,R-021,False,none
C-00334,2024-12-01,482.51,118.54,R-002,False,none
C-00335,2024-12-01,490.67,127.48,R-008,False,none
C-00336,2024-12-01,105.49,3363.0,R-058,False,none
C-00337,2024-12-01,87.74,1431.8,R-028,False,none
C-00338,2024-12-01,74.49,755.09,R-009,False,none
C-00339,2024-12-01,20.08,484.4,R-003,False,none
C-00340,2024-12-01,143.36,101.85,R-022,False,none
C-00341,2024-12-01,174.73,3529.34,R-059,True,collusion
C-00342,2024-12-01,230.45,4120.72,R-024,False,none
C-00343,2024-12-01,297.09,182.49,R-060,False,none
C-00344,2024-12-01,32.15,65.78,R-030,True,tamper
C-00345,2024-12-01,179.18,4803.13,R-046,False,none
C-00346,2024-12-01,267.71,3984.43,R-048,False,none
C-00347,2024-12-01,58.92,2307.92,R-002,False,none
C-00348,2024-12-01,426.26,314.68,R-001,False,none
C-00349,2024-12-01,974.13,721.17,R-056,False,none
C-00350,2024-12-01,366.22,1412.16,R-056,False,none
C-00351,2024-12-01,132.45,1102.45,R-008,False,none
C-00352,2024-12-01,295.93,3066.34,R-039,False,none
C-00353,2024-12-01,123.8,1086.26,R-056,False,none
C-00354,2024-12-01,982.64,1878.44,R-058,False,none
C-00355,2024-12-01,37.54,193.58,R-018,False,none
C-00356,2024-12-01,103.5,1841.98,R-050,False,none
C-00357,2024-12-01,189.48,3201.82,R-039,False,none
C-00358,2024-12-01,189.93,250.93,R-056,False,none
C-00359,2024-12-01,2025.83,1160.73,R-009,False,none
C-00360,2024-12-01,76.03,1621.34,R-037,False,none
C-00361,2024-12-01,225.44,605.93,R-002,False,none
C-00362,2024-12-01,155.85,3360.43,R-022,False,none
C-00363,2024-12-01,106.73,3446.17,R-001,False,none
C-00364,2024-12-01,127.5,2280.96,R-027,False,none
C-00365,2024-12-01,1639.79,555.96,R-049,False,none
C-00366,2024-12-01,133.99,1097.11,R-040,False,none
C-00367,2024-12-01,75.57,2542.8,R-020,False,none
C-00368,2024-12-01,38.3,3695.05,R-026,False,none
C-00369,2024-12-01,445.5,1411.51,R-023,False,none
C-00370,2024-12-01,613.57,351.26,R-044,False,none
C-00371,2024-12-01,176.89,3720.58,R-016,False,none
C-00372,2024-12-01,154.14,26.99,R-006,False,none
C-00373,2024-12-01,358.72,3106.09,R-031,False,none
C-00374,2024-12-01,575.66,2701.65,R-050,False,none
C-00375,2024-12-01,160.87,827.99,R-029,False,none
C-00376,2024-12-01,64.84,2420.21,R-013,False,none
C-00377,2024-12-01,250.53,3184.51,R-003,False,none
C-00378,2024-12-01,10.36,2253.29,R-057,True,kunda
C-00379,2024-12-01,89.86,616.51,R-046,False,none
C-00380,2024-12-01,2039.26,4533.69,R-010,False,none
C-00381,2024-12-01,1179.94,2781.62,R-005,False,none
C-00382,2024-12-01,117.07,460.96,R-008,False,none
C-00383,2024-12-01,182.68,322.49,R-023,False,none
C-00384,2024-12-01,72.02,59.29,R-049,False,none
C-00385,2024-12-01,951.32,729.24,R-010,False,none
C-00386,2024-12-01,147.52,2028.15,R-050,False,none
C-00387,2024-12-01,161.15,40.22,R-001,False,none
C-00388,2024-12-01,12.49,185.79,R-045,False,none
C-00389,2024-12-01,180.64,1020.38,R-017,False,none
C-00390,2024-12-01,20.66,51.23,R-058,False,none
C-00391,2024-12-01,41.52,2129.24,R-029,False,none
C-00392,2024-12-01,252.28,654.89,R-017,False,none
C-00393,2024-12-01,741.59,2236.11,R-015,False,none
C-00394,2024-12-01,470.6,1253.3,R-050,False,none
C-00395,2024-12-01,106.51,787.5,R-025,False,none
C-00396,2024-12-01,405.25,314.47,R-022,False,none
C-00397,2024-12-01,13.28,761.38,R-045,True,kunda
C-00398,2024-12-01,129.31,3099.86,R-033,False,none
C-00399,2024-12-01,183.25,1554.29,R-040,False,none
C-00400,2024-12-01,483.92,592.14,R-027,False,none
C-00401,2024-12-01,49.28,1922.87,R-004,False,none
C-00402,2024-12-01,118.33,1997.46,R-001,False,none
C-00403,2024-12-01,46.66,9038.07,R-003,False,none
C-00404,2024-12-01,416.14,7081.81,R-035,False,none
C-00405,2024-12-01,26.47,2171.37,R-031,False,none
C-00406,2024-12-01,155.62,637.56,R-045,False,none
C-00407,2024-12-01,208.0,1741.46,R-054,False,none
C-00408,2024-12-01,52.68,640.89,R-011,False,none
C-00409,2024-12-01,93.56,2495.97,R-058,False,none
C-00410,2024-12-01,24.28,6077.82,R-056,False,none
C-00411,2024-12-01,24.65,157.26,R-037,False,none
C-00412,2024-12-01,158.63,1702.57,R-032,False,none
C-00413,2024-12-01,478.94,887.1,R-011,True,collusion
C-00414,2024-12-01,136.88,1045.82,R-011,False,none
C-00415,2024-12-01,167.34,28.08,R-002,False,none
C-00416,2024-12-01,112.2,1732.86,R-039,False,none
C-00417,2024-12-01,1139.17,430.01,R-026,False,none
C-00418,2024-12-01,15.48,857.88,R-012,False,none
C-00419,2024-12-01,611.66,298.78,R-009,False,none
C-00420,2024-12-01,90.69,2768.14,R-004,False,none
C-00421,2024-12-01,249.64,393.35,R-039,False,none
C-00422,2024-12-01,163.83,304.51,R-042,False,none
C-00423,2024-12-01,124.37,3553.82,R-038,False,none
C-00424,2024-12-01,10.6,351.92,R-007,True,kunda
C-00425,2024-12-01,37.6,1796.92,R-003,False,none
C-00426,2024-12-01,49.56,1760.53,R-007,False,none
C-00427,2024-12-01,41.88,1329.1,R-046,False,none
C-00428,2024-12-01,291.41,2314.67,R-045,False,none
C-00429,2024-12-01,218.56,97.63,R-018,False,none
C-00430,2024-12-01,17.36,4726.7,R-004,False,none
C-00431,2024-12-01,251.94,1433.75,R-020,False,none
C-00432,2024-12-01,308.33,2717.99,R-049,False,none
C-00433,2024-12-01,22.82,1339.96,R-009,False,none
C-00434,2024-12-01,3.98,47.54,R-048,True,kunda
C-00435,2024-12-01,55.78,1083.14,R-028,False,none
C-00436,2024-12-01,466.76,6457.13,R-009,False,none
C-00437,2024-12-01,204.9,1700.96,R-057,False,none
C-00438,2024-12-01,115.08,1869.05,R-032,True,kunda
C-00439,2024-12-01,186.25,640.37,R-041,False,none
C-00440,2024-12-01,136.0,384.41,R-006,False,none
C-00441,2024-12-01,273.13,2730.63,R-023,False,none
C-00442,2024-12-01,161.1,1014.8,R-038,False,none
C-00443,2024-12-01,658.16,316.66,R-039,False,none
C-00444,2024-12-01,7255.88,333.97,R-004,False,none
C-00445,2024-12-01,94.96,69.73,R-037,False,none
C-00446,2024-12-01,16.15,1944.66,R-057,False,none
C-00447,2024-12-01,227.95,3694.62,R-048,False,none
C-00448,2024-12-01,52.75,267.95,R-013,False,none
C-00449,2024-12-01,263.63,456.19,R-055,False,none
C-00450,2024-12-01,278.25,30.56,R-041,False,none
C-00451,2024-12-01,399.64,1574.19,R-004,False,none
C-00452,2024-12-01,140.18,4139.6,R-008,False,none
C-00453,2024-12-01,691.85,1018.39,R-056,False,none
C-00454,2024-12-01,13.11,647.53,R-013,True,kunda
C-00455,2024-12-01,164.25,430.32,R-006,False,none
C-00456,2024-12-01,169.45,1642.96,R-028,False,none
C-00457,2024-12-01,285.96,28.23,R-032,False,none
C-00458,2024-12-01,41.43,785.48,R-035,True,tamper
C-00459,2024-12-01,48.51,3.83,R-040,True,tamper
C-00460,2024-12-01,241.32,593.3,R-060,False,none
C-00461,2024-12-01,86.38,1447.6,R-046,False,none
C-00462,2024-12-01,380.38,1807.0,R-002,False,none
C-00463,2024-12-01,95.38,109.96,R-006,False,none
C-00464,2024-12-01,61.33,5526.47,R-001,False,none
C-00465,2024-12-01,273.63,106.32,R-024,False,none
C-00466,2024-12-01,81.46,453.04,R-022,False,none
C-00467,2024-12-01,57.27,41.28,R-057,False,none
C-00468,2024-12-01,208.08,358.39,R-022,False,none
C-00469,2024-12-01,33.92,3059.41,R-002,False,none
C-00470,2024-12-01,154.55,3827.41,R-054,False,none
C-00471,2024-12-01,378.06,324.54,R-016,False,none
C-00472,2024-12-01,165.59,4831.3,R-055,False,none
C-00473,2024-12-01,539.49,646.61,R-047,False,none
C-00474,2024-12-01,167.2,4143.12,R-053,False,none
C-00475,2024-12-01,24.28,43.14,R-050,False,none
C-00476,2024-12-01,304.84,584.49,R-009,False,none
C-00477,2024-12-01,197.85,2251.22,R-038,True,tamper
C-00478,2024-12-01,65.16,203.77,R-025,False,none
C-00479,2024-12-01,178.48,127.12,R-038,False,none
C-00480,2024-12-01,135.16,3352.11,R-045,False,none
C-00481,2024-12-01,43.03,244.97,R-031,False,none
C-00482,2024-12-01,89.61,1607.77,R-019,False,none
C-00483,2024-12-01,187.41,2038.22,R-055,False,none
C-00484,2024-12-01,71.03,2315.98,R-040,False,none
C-00485,2024-12-01,124.79,2041.49,R-054,False,none
C-00486,2024-12-01,6.38,515.11,R-015,True,kunda
C-00487,2024-12-01,92.13,6439.2,R-051,False,none
C-00488,2024-12-01,56.75,1318.95,R-020,True,tamper
C-00489,2024-12-01,59.05,151.87,R-028,False,none
C-00490,2024-12-01,266.24,556.5,R-052,False,none
C-00491,2024-12-01,246.2,1832.2,R-022,True,collusion
C-00492,2024-12-01,400.85,368.64,R-016,False,none
C-00493,2024-12-01,148.58,2055.33,R-055,False,none
C-00494,2024-12-01,58.82,1191.01,R-058,False,none
C-00495,2024-12-01,231.88,1440.41,R-019,False,none
C-00496,2024-12-01,36.0,335.64,R-019,False,none
C-00497,2024-12-01,117.03,38.08,R-014,False,none
C-00498,2024-12-01,71.78,2382.56,R-002,False,none
C-00499,2024-12-01,189.27,46.49,R-034,True,tamper
C-00500,2024-12-01,271.67,122.59,R-016,False,none
C-00501,2024-12-01,141.93,86.53,R-051,False,none
C-00502,2024-12-01,337.76,1598.25,R-011,False,none
C-00503,2024-12-01,273.11,1996.0,R-039,False,none
C-00504,2024-12-01,61.58,2691.41,R-031,False,none
C-00505,2024-12-01,300.43,1662.92,R-037,False,none
C-00506,2024-12-01,100.91,9077.37,R-007,False,none
C-00507,2024-12-01,332.53,65.88,R-028,False,none
C-00508,2024-12-01,145.11,794.84,R-038,False,none
C-00509,2024-12-01,273.62,364.4,R-021,False,none
C-00510,2024-12-01,678.94,7439.98,R-053,True,tamper
C-00511,2024-12-01,201.37,92.75,R-032,False,none
C-00512,2024-12-01,35.91,641.41,R-022,False,none
C-00513,2024-12-01,8.09,3619.87,R-002,False,none
C-00514,2024-12-01,822.16,515.67,R-011,False,none
C-00515,2024-12-01,5.1,1145.46,R-029,False,none
C-00516,2024-12-01,942.52,1011.03,R-025,False,none
C-00517,2024-12-01,200.63,450.51,R-053,False,none
C-00518,2024-12-01,1445.6,160.73,R-048,False,none
C-00519,2024-12-01,40.93,1176.64,R-010,False,none
C-00520,2024-12-01,340.44,1816.49,R-036,False,none
C-00521,2024-12-01,424.68,2397.24,R-028,False,none
C-00522,2024-12-01,178.17,3567.12,R-007,False,none
C-00523,2024-12-01,86.89,829.1,R-040,False,none
C-00524,2024-12-01,17.5,585.31,R-033,False,none
C-00525,2024-12-01,259.89,1208.03,R-006,False,none
C-00526,2024-12-01,170.81,774.85,R-029,False,none
C-00527,2024-12-01,245.69,215.92,R-044,False,none
C-00528,2024-12-01,65.68,3992.05,R-020,False,none
C-00529,2024-12-01,375.16,473.16,R-022,False,none
C-00530,2024-12-01,15.37,1943.66,R-007,False,none
C-00531,2024-12-01,55.75,1440.9,R-013,False,none
C-00532,2024-12-01,102.01,581.11,R-059,False,none
C-00533,2024-12-01,351.15,866.5,R-038,False,none
C-00534,2024-12-01,23.61,1051.13,R-011,False,none
C-00535,2024-12-01,331.25,4178.66,R-029,False,none
C-00536,2024-12-01,130.46,687.91,R-012,False,none
C-00537,2024-12-01,63.83,366.6,R-027,False,none
C-00538,2024-12-01,233.7,1428.06,R-009,False,none
C-00539,2024-12-01,313.05,470.07,R-038,False,none
C-00540,2024-12-01,116.53,481.19,R-035,False,none
C-00541,2024-12-01,322.87,353.47,R-039,False,none
C-00542,2024-12-01,12.83,1287.9,R-027,False,none
C-00543,2024-12-01,308.89,701.43,R-018,False,none
C-00544,2024-12-01,515.2,547.75,R-015,False,none
C-00545,2024-12-01,472.79,3561.94,R-013,False,none
C-00546,2024-12-01,253.73,180.73,R-026,False,none
C-00547,2024-12-01,27.27,615.71,R-028,False,none
C-00548,2024-12-01,133.31,332.65,R-041,False,none
C-00549,2024-12-01,455.77,3495.48,R-004,False,none
C-00550,2024-12-01,171.9,2167.89,R-017,False,none
C-00551,2024-12-01,14.96,2248.8,R-052,True,kunda
C-00552,2024-12-01,54.82,1503.82,R-055,False,none
C-00553,2024-12-01,72.51,542.66,R-056,False,none
C-00554,2024-12-01,125.29,960.96,R-019,False,none
C-00555,2024-12-01,49.05,268.29,R-009,False,none
C-00556,2024-12-01,278.41,1108.29,R-012,False,none
C-00557,2024-12-01,196.31,3696.07,R-008,False,none
C-00558,2024-12-01,36.28,441.7,R-058,False,none
C-00559,2024-12-01,76.56,296.26,R-054,False,none
C-00560,2024-12-01,43.64,699.37,R-049,False,none
C-00561,2024-12-01,74.84,2081.26,R-044,False,none
C-00562,2024-12-01,1098.1,746.11,R-021,False,none
C-00563,2024-12-01,49.59,615.59,R-029,False,none
C-00564,2024-12-01,45.39,761.33,R-051,False,none
C-00565,2024-12-01,71.83,1774.82,R-049,False,none
C-00566,2024-12-01,786.5,73.19,R-032,False,none
C-00567,2024-12-01,136.65,1901.03,R-051,False,none
C-00568,2024-12-01,20.15,1331.02,R-021,True,kunda
C-00569,2024-12-01,5.14,2106.7,R-025,True,kunda
C-00570,2024-12-01,709.69,1545.47,R-051,False,none
C-00571,2024-12-01,102.46,1373.99,R-023,False,none
C-00572,2024-12-01,196.72,232.61,R-046,False,none
C-00573,2024-12-01,53.97,3681.44,R-028,False,none
C-00574,2024-12-01,564.45,1422.63,R-018,False,none
C-00575,2024-12-01,459.32,1516.06,R-014,False,none
C-00576,2024-12-01,710.59,305.95,R-037,False,none
C-00577,2024-12-01,107.23,2476.7,R-029,False,none
C-00578,2024-12-01,169.72,2301.57,R-023,False,none
C-00579,2024-12-01,250.86,33.21,R-045,False,none
C-00580,2024-12-01,119.28,4739.86,R-001,False,none
C-00581,2024-12-01,126.07,1058.58,R-006,False,none
C-00582,2024-12-01,229.44,35.27,R-058,False,none
C-00583,2024-12-01,72.3,1403.52,R-040,False,none
C-00584,2024-12-01,261.81,198.23,R-033,False,none
C-00585,2024-12-01,2763.33,1017.06,R-001,False,none
C-00586,2024-12-01,908.74,2713.42,R-036,False,none
C-00587,2024-12-01,55.48,797.09,R-027,False,none
C-00588,2024-12-01,88.29,1723.15,R-036,False,none
C-00589,2024-12-01,658.5,1307.59,R-003,False,none
C-00590,2024-12-01,44.92,1704.23,R-034,False,none
C-00591,2024-12-01,298.75,442.88,R-035,False,none
C-00592,2024-12-01,362.66,3122.89,R-018,False,none
C-00593,2024-12-01,93.94,743.57,R-004,False,none
C-00594,2024-12-01,128.43,1720.0,R-059,False,none
C-00595,2024-12-01,1574.36,136.7,R-043,False,none
C-00596,2024-12-01,273.11,124.71,R-038,False,none
C-00597,2024-12-01,14.4,9.36,R-047,False,none
C-00598,2024-12-01,41.77,773.19,R-041,False,none
C-00599,2024-12-01,55.39,274.0,R-009,False,none
C-00600,2024-12-01,85.1,322.08,R-028,False,none
C-00601,2024-12-01,54.63,1644.61,R-054,False,none
C-00602,2024-12-01,208.77,371.95,R-018,False,none
C-00603,2024-12-01,354.27,2249.95,R-059,False,none
C-00604,2024-12-01,17.07,2213.97,R-004,False,none
C-00605,2024-12-01,558.38,1549.54,R-020,False,none
C-00606,2024-12-01,95.1,140.29,R-022,False,none
C-00607,2024-12-01,133.76,3551.67,R-038,False,none
C-00608,2024-12-01,26.86,644.96,R-011,False,none
C-00609,2024-12-01,102.45,2241.78,R-014,False,none
C-00610,2024-12-01,37.6,12.27,R-040,False,none
C-00611,2024-12-01,109.29,6000.99,R-018,False,none
C-00612,2024-12-01,237.4,509.92,R-053,False,none
C-00613,2024-12-01,150.41,479.4,R-053,False,none
C-00614,2024-12-01,28.58,386.94,R-019,False,none
C-00615,2024-12-01,185.33,2522.41,R-034,False,none
C-00616,2024-12-01,19.21,5172.09,R-020,False,none
C-00617,2024-12-01,180.61,138.36,R-021,False,none
C-00618,2024-12-01,258.15,107.56,R-041,False,none
C-00619,2024-12-01,35.81,1657.9,R-018,False,none
C-00620,2024-12-01,41.94,374.82,R-009,False,none
C-00621,2024-12-01,230.22,113.71,R-016,False,none
C-00622,2024-12-01,521.95,479.56,R-056,False,none
C-00623,2024-12-01,5.51,2547.14,R-016,False,none
C-00624,2024-12-01,471.58,64.4,R-022,False,none
C-00625,2024-12-01,204.3,318.55,R-038,False,none
C-00626,2024-12-01,91.12,590.17,R-007,False,none
C-00627,2024-12-01,90.07,286.58,R-017,False,none
C-00628,2024-12-01,679.81,2505.18,R-011,False,none
C-00629,2024-12-01,66.78,99.2,R-056,False,none
C-00630,2024-12-01,25.52,129.72,R-056,False,none
C-00631,2024-12-01,82.31,3487.2,R-046,False,none
C-00632,2024-12-01,10.95,1372.95,R-015,False,none
C-00633,2024-12-01,177.38,1713.38,R-037,False,none
C-00634,2024-12-01,1711.12,734.38,R-040,False,none
C-00635,2024-12-01,2108.59,9357.69,R-053,False,none
C-00636,2024-12-01,163.08,305.42,R-010,False,none
C-00637,2024-12-01,3.98,1556.63,R-045,False,none
C-00638,2024-12-01,392.77,107.07,R-012,False,none
C-00639,2024-12-01,631.46,1148.85,R-035,False,none
C-00640,2024-12-01,108.88,130.19,R-053,False,none
C-00641,2024-12-01,31.63,951.97,R-004,False,none
C-00642,2024-12-01,580.72,305.77,R-009,False,none
C-00643,2024-12-01,16.32,30.41,R-049,False,none
C-00644,2024-12-01,177.15,287.14,R-002,False,none
C-00645,2024-12-01,766.29,802.81,R-042,False,none
C-00646,2024-12-01,10.83,1428.65,R-031,False,none
C-00647,2024-12-01,45.0,2238.39,R-021,False,none
C-00648,2024-12-01,94.78,5596.56,R-052,False,none
C-00649,2024-12-01,258.01,1180.91,R-051,False,none
C-00650,2024-12-01,105.53,1802.74,R-020,False,none
C-00651,2024-12-01,111.78,685.67,R-001,False,none
C-00652,2024-12-01,279.8,1001.99,R-008,False,none
C-00653,2024-12-01,1167.96,3132.23,R-007,False,none
C-00654,2024-12-01,579.16,383.24,R-059,False,none
C-00655,2024-12-01,151.09,2817.42,R-036,False,none
C-00656,2024-12-01,116.48,1968.98,R-041,False,none
C-00657,2024-12-01,4165.12,835.29,R-014,False,none
C-00658,2024-12-01,39.09,868.77,R-052,True,tamper
C-00659,2024-12-01,863.2,219.63,R-044,False,none
C-00660,2024-12-01,130.34,1727.05,R-046,False,none
C-00661,2024-12-01,1431.13,1269.58,R-029,False,none
C-00662,2024-12-01,855.93,2023.56,R-042,False,none
C-00663,2024-12-01,74.64,187.04,R-033,False,none
C-00664,2024-12-01,764.34,102.18,R-024,False,none
C-00665,2024-12-01,198.41,3616.42,R-036,False,none
C-00666,2024-12-01,155.51,783.55,R-020,False,none
C-00667,2024-12-01,141.01,792.18,R-058,False,none
C-00668,2024-12-01,114.27,1623.59,R-044,True,tamper
C-00669,2024-12-01,88.15,268.1,R-045,False,none
C-00670,2024-12-01,2285.08,11.4,R-044,False,none
C-00671,2024-12-01,306.68,3340.04,R-027,False,none
C-00672,2024-12-01,25.46,580.79,R-058,False,none
C-00673,2024-12-01,47.01,3115.55,R-013,False,none
C-00674,2024-12-01,99.7,1669.76,R-035,True,tamper
C-00675,2024-12-01,65.79,4406.8,R-005,False,none
C-00676,2024-12-01,35.59,208.06,R-018,False,none
C-00677,2024-12-01,13.33,1292.26,R-035,True,kunda
C-00678,2024-12-01,133.37,1285.29,R-030,False,none
C-00679,2024-12-01,25.43,2947.46,R-057,False,none
C-00680,2024-12-01,200.47,247.42,R-037,False,none
C-00681,2024-12-01,449.52,4167.01,R-025,False,none
C-00682,2024-12-01,84.81,2346.99,R-026,False,none
C-00683,2024-12-01,135.13,1144.28,R-037,False,none
C-00684,2024-12-01,446.14,1271.57,R-048,False,none
C-00685,2024-12-01,69.98,763.78,R-017,False,none
C-00686,2024-12-01,2111.39,658.83,R-036,False,none
C-00687,2024-12-01,154.35,764.87,R-035,False,none
C-00688,2024-12-01,44.88,27.21,R-001,False,none
C-00689,2024-12-01,252.44,227.7,R-055,False,none
C-00690,2024-12-01,911.47,1000.76,R-035,False,none
C-00691,2024-12-01,197.84,4411.44,R-015,False,none
C-00692,2024-12-01,22.92,543.25,R-039,False,none
C-00693,2024-12-01,363.67,868.74,R-041,False,none
C-00694,2024-12-01,103.91,3707.67,R-055,False,none
C-00695,2024-12-01,71.93,5113.8,R-003,False,none
C-00696,2024-12-01,122.84,1202.47,R-025,False,none
C-00697,2024-12-01,268.08,2313.9,R-011,True,collusion
C-00698,2024-12-01,114.09,697.98,R-035,False,none
C-00699,2024-12-01,424.85,3636.16,R-031,False,none
C-00700,2024-12-01,271.51,90.64,R-029,False,none
C-00701,2024-12-01,62.86,2102.28,R-059,False,none
C-00702,2024-12-01,183.53,1022.94,R-032,False,none
C-00703,2024-12-01,18.56,5164.96,R-025,True,kunda
C-00704,2024-12-01,230.98,663.68,R-005,False,none
C-00705,2024-12-01,191.52,445.82,R-018,False,none
C-00706,2024-12-01,124.32,1013.78,R-054,False,none
C-00707,2024-12-01,16.65,2400.67,R-028,False,none
C-00708,2024-12-01,41.67,765.14,R-055,False,none
C-00709,2024-12-01,382.85,99.77,R-032,False,none
C-00710,2024-12-01,84.88,590.78,R-033,False,none
C-00711,2024-12-01,46.8,3135.19,R-026,False,none
C-00712,2024-12-01,333.26,5617.86,R-034,False,none
C-00713,2024-12-01,73.82,216.87,R-005,False,none
C-00714,2024-12-01,208.09,678.1,R-004,False,none
C-00715,2024-12-01,4.76,1122.62,R-029,True,kunda
C-00716,2024-12-01,131.11,3435.4,R-036,False,none
C-00717,2024-12-01,137.19,2512.04,R-034,False,none
C-00718,2024-12-01,191.89,412.52,R-026,False,none
C-00719,2024-12-01,210.31,197.44,R-018,False,none
C-00720,2024-12-01,83.35,82.72,R-043,False,none
C-00721,2024-12-01,627.05,248.72,R-037,False,none
C-00722,2024-12-01,143.66,417.05,R-003,False,none
C-00723,2024-12-01,115.91,1692.97,R-028,False,none
C-00724,2024-12-01,91.82,284.79,R-043,False,none
C-00725,2024-12-01,138.98,107.17,R-048,False,none
C-00726,2024-12-01,249.21,1275.2,R-018,False,none
C-00727,2024-12-01,44.99,367.06,R-056,False,none
C-00728,2024-12-01,4682.48,1324.25,R-040,False,none
C-00729,2024-12-01,208.99,962.21,R-027,False,none
C-00730,2024-12-01,304.54,523.71,R-038,False,none
C-00731,2024-12-01,244.52,1645.24,R-053,False,none
C-00732,2024-12-01,93.92,230.3,R-014,False,none
C-00733,2024-12-01,32.41,3664.32,R-010,True,tamper
C-00734,2024-12-01,205.7,1873.71,R-027,False,none
C-00735,2024-12-01,6.07,2097.03,R-006,False,none
C-00736,2024-12-01,112.91,2982.94,R-051,False,none
C-00737,2024-12-01,197.88,2482.04,R-059,False,none
C-00738,2024-12-01,183.98,674.75,R-037,False,none
C-00739,2024-12-01,339.16,1367.39,R-059,False,none
C-00740,2024-12-01,236.98,486.3,R-005,False,none
C-00741,2024-12-01,396.24,917.61,R-038,False,none
C-00742,2024-12-01,517.35,810.48,R-027,False,none
C-00743,2024-12-01,36.27,3149.58,R-017,False,none
C-00744,2024-12-01,49.72,2494.3,R-019,False,none
C-00745,2024-12-01,42.11,10046.19,R-033,False,none
C-00746,2024-12-01,68.8,4522.15,R-039,False,none
C-00747,2024-12-01,1909.83,2205.48,R-010,False,none
C-00748,2024-12-01,129.47,1503.84,R-037,False,none
C-00749,2024-12-01,423.08,4195.9,R-056,False,none
C-00750,2024-12-01,57.48,1129.4,R-001,False,none
C-00751,2024-12-01,33.51,1127.43,R-053,False,none
C-00752,2024-12-01,2395.04,1229.88,R-037,False,none
C-00753,2024-12-01,5.41,226.11,R-021,True,kunda
C-00754,2024-12-01,279.35,1118.69,R-045,False,none
C-00755,2024-12-01,300.04,751.26,R-038,False,none
C-00756,2024-12-01,73.15,501.5,R-047,False,none
C-00757,2024-12-01,171.0,1230.04,R-005,False,none
C-00758,2024-12-01,68.02,4859.39,R-004,False,none
C-00759,2024-12-01,71.64,492.28,R-039,False,none
C-00760,2024-12-01,47.02,891.63,R-019,False,none
C-00761,2024-12-01,23.4,5002.89,R-015,False,none
C-00762,2024-12-01,175.49,2766.41,R-026,True,tamper
C-00763,2024-12-01,193.4,496.83,R-044,False,none
C-00764,2024-12-01,273.75,534.15,R-011,False,none
C-00765,2024-12-01,387.01,3133.5,R-059,False,none
C-00766,2024-12-01,378.84,3860.56,R-026,False,none
C-00767,2024-12-01,253.01,420.3,R-010,False,none
C-00768,2024-12-01,1220.47,1526.31,R-005,False,none
C-00769,2024-12-01,142.81,557.99,R-052,False,none
C-00770,2024-12-01,73.09,1740.7,R-007,False,none
C-00771,2024-12-01,144.15,1002.05,R-026,False,none
C-00772,2024-12-01,204.38,2786.01,R-041,False,none
C-00773,2024-12-01,482.07,898.77,R-031,False,none
C-00774,2024-12-01,163.16,672.19,R-016,False,none
C-00775,2024-12-01,186.01,36.11,R-007,False,none
C-00776,2024-12-01,64.02,10226.0,R-043,False,none
C-00777,2024-12-01,135.18,362.63,R-030,False,none
C-00778,2024-12-01,274.82,510.29,R-003,False,none
C-00779,2024-12-01,123.32,597.89,R-011,False,none
C-00780,2024-12-01,11.54,1200.24,R-034,True,kunda
C-00781,2024-12-01,148.33,734.19,R-011,False,none
C-00782,2024-12-01,69.21,1701.79,R-024,False,none
C-00783,2024-12-01,95.71,1579.61,R-008,False,none
C-00784,2024-12-01,28.96,387.56,R-048,False,none
C-00785,2024-12-01,191.66,192.29,R-038,False,none
C-00786,2024-12-01,232.12,608.66,R-048,False,none
C-00787,2024-12-01,282.24,3359.76,R-004,False,none
C-00788,2024-12-01,33.1,294.89,R-023,False,none
C-00789,2024-12-01,287.84,2628.62,R-017,False,none
C-00790,2024-12-01,227.99,956.5,R-038,False,none
C-00791,2024-12-01,569.01,1329.74,R-050,False,none
C-00792,2024-12-01,128.27,72.86,R-014,False,none
C-00793,2024-12-01,515.01,166.61,R-047,False,none
C-00794,2024-12-01,12.98,932.84,R-035,True,kunda
C-00795,2024-12-01,306.8,371.61,R-050,False,none
C-00796,2024-12-01,287.19,488.34,R-005,False,none
C-00797,2024-12-01,88.24,54.65,R-060,False,none
C-00798,2024-12-01,33.68,1587.22,R-027,False,none
C-00799,2024-12-01,245.64,338.22,R-017,False,none
C-00800,2024-12-01,15.74,1325.46,R-011,False,none
C-00801,2024-12-01,206.77,2199.88,R-060,True,collusion
C-00802,2024-12-01,71.04,598.19,R-054,False,none
C-00803,2024-12-01,93.18,136.01,R-008,True,tamper
C-00804,2024-12-01,347.19,642.23,R-027,False,none
C-00805,2024-12-01,147.15,2930.49,R-045,False,none
C-00806,2024-12-01,377.25,808.45,R-036,False,none
C-00807,2024-12-01,1474.35,2874.21,R-012,False,none
C-00808,2024-12-01,121.43,608.72,R-022,False,none
C-00809,2024-12-01,156.97,1219.3,R-023,False,none
C-00810,2024-12-01,396.69,249.01,R-018,False,none
C-00811,2024-12-01,741.68,1026.25,R-058,False,none
C-00812,2024-12-01,72.31,1561.21,R-013,True,tamper
C-00813,2024-12-01,232.67,204.19,R-043,False,none
C-00814,2024-12-01,415.52,1701.3,R-055,False,none
C-00815,2024-12-01,204.2,104.06,R-048,False,none
C-00816,2024-12-01,31.8,908.73,R-048,False,none
C-00817,2024-12-01,101.1,911.88,R-010,False,none
C-00818,2024-12-01,11.07,1422.38,R-008,False,none
C-00819,2024-12-01,31.88,240.71,R-047,False,none
C-00820,2024-12-01,208.86,442.11,R-045,False,none
C-00821,2024-12-01,22.19,836.41,R-045,False,none
C-00822,2024-12-01,185.38,2701.92,R-026,True,tamper
C-00823,2024-12-01,191.94,645.3,R-032,False,none
C-00824,2024-12-01,166.77,2962.48,R-001,False,none
C-00825,2024-12-01,304.74,354.43,R-018,False,none
C-00826,2024-12-01,255.37,487.69,R-032,False,none
C-00827,2024-12-01,23.51,315.06,R-008,False,none
C-00828,2024-12-01,434.49,1179.1,R-008,False,none
C-00829,2024-12-01,1994.24,101.92,R-003,False,none
C-00830,2024-12-01,169.72,468.51,R-013,False,none
C-00831,2024-12-01,173.47,91.2,R-060,False,none
C-00832,2024-12-01,134.93,230.05,R-042,False,none
C-00833,2024-12-01,453.36,1010.14,R-057,False,none
C-00834,2024-12-01,243.36,2871.62,R-016,False,none
C-00835,2024-12-01,5.15,449.15,R-036,True,kunda
C-00836,2024-12-01,112.51,160.52,R-054,False,none
C-00837,2024-12-01,38.8,2840.7,R-022,False,none
C-00838,2024-12-01,142.43,427.84,R-040,False,none
C-00839,2024-12-01,209.16,476.94,R-042,False,none
C-00840,2024-12-01,290.32,2630.52,R-050,False,none
C-00841,2024-12-01,238.32,1152.55,R-059,False,none
C-00842,2024-12-01,134.88,2542.12,R-037,True,tamper
C-00843,2024-12-01,922.52,462.54,R-035,False,none
C-00844,2024-12-01,209.94,593.0,R-053,False,none
C-00845,2024-12-01,643.2,1952.0,R-042,False,none
C-00846,2024-12-01,10.7,826.55,R-022,False,none
C-00847,2024-12-01,21.98,536.82,R-038,False,none
C-00848,2024-12-01,225.55,187.91,R-033,False,none
C-00849,2024-12-01,87.5,2928.62,R-014,False,none
C-00850,2024-12-01,119.02,287.7,R-031,False,none
C-00851,2024-12-01,456.83,698.4,R-038,False,none
C-00852,2024-12-01,76.24,514.57,R-055,False,none
C-00853,2024-12-01,258.2,6081.54,R-035,False,none
C-00854,2024-12-01,1622.03,683.28,R-010,False,none
C-00855,2024-12-01,30.58,49.31,R-060,False,none
C-00856,2024-12-01,209.21,128.08,R-035,False,none
C-00857,2024-12-01,982.05,385.63,R-018,False,none
C-00858,2024-12-01,173.07,47.81,R-046,False,none
C-00859,2024-12-01,12.84,235.21,R-024,False,none
C-00860,2024-12-01,79.04,155.38,R-023,False,none
C-00861,2024-12-01,32.23,1293.34,R-051,False,none
C-00862,2024-12-01,195.16,134.48,R-053,False,none
C-00863,2024-12-01,35.23,1650.85,R-032,False,none
C-00864,2024-12-01,20.49,703.4,R-023,True,kunda
C-00865,2024-12-01,500.15,976.16,R-052,False,none
C-00866,2024-12-01,154.05,2180.97,R-011,False,none
C-00867,2024-12-01,78.63,1144.88,R-045,False,none
C-00868,2024-12-01,31.38,2813.29,R-036,False,none
C-00869,2024-12-01,1944.56,669.01,R-052,False,none
C-00870,2024-12-01,95.21,245.08,R-026,False,none
C-00871,2024-12-01,64.73,3085.27,R-050,False,none
C-00872,2024-12-01,164.06,340.86,R-001,False,none
C-00873,2024-12-01,283.96,3498.19,R-046,False,none
C-00874,2024-12-01,221.92,810.23,R-005,False,none
C-00875,2024-12-01,21.98,549.67,R-039,False,none
C-00876,2024-12-01,117.08,1940.95,R-012,False,none
C-00877,2024-12-01,18.44,361.47,R-058,False,none
C-00878,2024-12-01,90.42,1800.09,R-047,False,none
C-00879,2024-12-01,240.46,301.15,R-007,False,none
C-00880,2024-12-01,82.19,351.34,R-054,False,none
C-00881,2024-12-01,22.32,62.26,R-016,False,none
C-00882,2024-12-01,400.39,992.1,R-033,True,collusion
C-00883,2024-12-01,89.94,1112.98,R-006,False,none
C-00884,2024-12-01,48.55,565.09,R-007,False,none
C-00885,2024-12-01,3762.4,3371.5,R-015,False,none
C-00886,2024-12-01,274.73,2117.64,R-033,False,none
C-00887,2024-12-01,216.12,3173.85,R-033,False,none
C-00888,2024-12-01,183.26,1463.46,R-052,False,none
C-00889,2024-12-01,336.87,1772.36,R-010,False,none
C-00890,2024-12-01,144.33,1358.79,R-045,False,none
C-00891,2024-12-01,170.9,3464.94,R-001,False,none
C-00892,2024-12-01,83.85,1542.12,R-018,False,none
C-00893,2024-12-01,67.5,835.52,R-011,False,none
C-00894,2024-12-01,14.3,1578.84,R-008,False,none
C-00895,2024-12-01,28.82,1423.0,R-036,False,none
C-00896,2024-12-01,37.75,2151.81,R-055,False,none
C-00897,2024-12-01,265.08,1499.7,R-041,False,none
C-00898,2024-12-01,36.44,648.46,R-052,False,none
C-00899,2024-12-01,835.1,7.84,R-036,False,none
C-00900,2024-12-01,412.44,118.27,R-004,False,none
C-00901,2024-12-01,41.22,1057.79,R-021,False,none
C-00902,2024-12-01,197.78,99.25,R-050,False,none
C-00903,2024-12-01,241.71,727.23,R-003,False,none
C-00904,2024-12-01,110.55,1474.23,R-006,False,none
C-00905,2024-12-01,380.8,2610.38,R-051,False,none
C-00906,2024-12-01,147.74,183.54,R-004,False,none
C-00907,2024-12-01,44.07,351.11,R-058,False,none
C-00908,2024-12-01,239.78,517.75,R-046,False,none
C-00909,2024-12-01,313.72,483.95,R-040,False,none
C-00910,2024-12-01,152.05,1313.16,R-033,False,none
C-00911,2024-12-01,381.56,805.55,R-006,False,none
C-00912,2024-12-01,219.83,3456.16,R-025,False,none
C-00913,2024-12-01,104.01,3775.89,R-049,False,none
C-00914,2024-12-01,224.2,2293.31,R-055,False,none
C-00915,2024-12-01,441.39,585.79,R-027,False,none
C-00916,2024-12-01,544.96,3301.74,R-051,True,tamper
C-00917,2024-12-01,422.45,1687.59,R-047,False,none
C-00918,2024-12-01,91.33,448.32,R-004,False,none
C-00919,2024-12-01,33.75,578.44,R-038,True,tamper
C-00920,2024-12-01,903.74,1791.22,R-037,False,none
C-00921,2024-12-01,486.92,3557.4,R-033,False,none
C-00922,2024-12-01,284.87,720.34,R-047,False,none
C-00923,2024-12-01,148.34,595.94,R-054,False,none
C-00924,2024-12-01,54.91,767.51,R-034,True,kunda
C-00925,2024-12-01,305.8,517.72,R-020,False,none
C-00926,2024-12-01,65.12,144.67,R-059,False,none
C-00927,2024-12-01,182.2,3797.38,R-058,False,none
C-00928,2024-12-01,173.64,231.3,R-042,False,none
C-00929,2024-12-01,106.83,239.09,R-039,True,tamper
C-00930,2024-12-01,176.99,1012.79,R-007,False,none
C-00931,2024-12-01,120.48,224.38,R-025,False,none
C-00932,2024-12-01,308.73,642.73,R-012,False,none
C-00933,2024-12-01,114.37,3676.24,R-031,False,none
C-00934,2024-12-01,3.55,452.35,R-050,True,kunda
C-00935,2024-12-01,42.05,1719.9,R-014,False,none
C-00936,2024-12-01,63.7,1281.67,R-060,False,none
C-00937,2024-12-01,149.99,188.3,R-008,False,none
C-00938,2024-12-01,262.15,716.74,R-006,False,none
C-00939,2024-12-01,15.3,1609.61,R-059,False,none
C-00940,2024-12-01,149.16,1053.38,R-007,False,none
C-00941,2024-12-01,65.16,23.97,R-045,False,none
C-00942,2024-12-01,137.57,1598.73,R-046,False,none
C-00943,2024-12-01,189.98,143.05,R-020,False,none
C-00944,2024-12-01,286.83,274.99,R-004,False,none
C-00945,2024-12-01,250.11,1138.46,R-019,False,none
C-00946,2024-12-01,127.54,1290.02,R-005,False,none
C-00947,2024-12-01,187.0,1625.31,R-041,True,collusion
C-00948,2024-12-01,6.04,3152.42,R-054,True,kunda
C-00949,2024-12-01,1447.44,1075.07,R-060,False,none
C-00950,2024-12-01,152.31,1789.89,R-049,False,none
C-00951,2024-12-01,378.05,4180.69,R-047,True,tamper
C-00952,2024-12-01,8664.12,553.68,R-053,False,none
C-00953,2024-12-01,22.39,2527.44,R-047,False,none
C-00954,2024-12-01,228.08,3719.49,R-040,False,none
C-00955,2024-12-01,271.16,763.33,R-060,False,none
C-00956,2024-12-01,1934.9,785.32,R-020,False,none
C-00957,2024-12-01,40.59,5952.28,R-025,False,none
C-00958,2024-12-01,77.99,55.48,R-055,False,none
C-00959,2024-12-01,157.95,325.06,R-019,True,tamper
C-00960,2024-12-01,98.05,232.84,R-018,False,none
C-00961,2024-12-01,129.88,971.05,R-010,False,none
C-00962,2024-12-01,32.65,423.04,R-017,False,none
C-00963,2024-12-01,2319.59,419.88,R-036,False,none
C-00964,2024-12-01,348.78,1930.4,R-054,False,none
C-00965,2024-12-01,8.52,2159.04,R-009,False,none
C-00966,2024-12-01,465.98,1177.09,R-041,False,none
C-00967,2024-12-01,145.69,686.42,R-046,False,none
C-00968,2024-12-01,14.66,742.05,R-054,False,none
C-00969,2024-12-01,99.53,1299.03,R-046,False,none
C-00970,2024-12-01,447.8,158.78,R-010,False,none
C-00971,2024-12-01,72.81,3045.95,R-030,True,tamper
C-00972,2024-12-01,489.43,378.14,R-058,False,none
C-00973,2024-12-01,92.19,1855.37,R-055,False,none
C-00974,2024-12-01,141.29,924.17,R-037,True,tamper
C-00975,2024-12-01,78.55,78.58,R-058,False,none
C-00976,2024-12-01,68.38,640.82,R-041,False,none
C-00977,2024-12-01,137.45,527.39,R-004,True,collusion
C-00978,2024-12-01,67.24,27.74,R-055,False,none
C-00979,2024-12-01,109.97,101.09,R-011,True,collusion
C-00980,2024-12-01,6.87,3274.71,R-023,True,kunda
C-00981,2024-12-01,473.44,519.7,R-015,False,none
C-00982,2024-12-01,42.85,448.13,R-044,False,none
C-00983,2024-12-01,171.67,1826.34,R-002,False,none
C-00984,2024-12-01,54.77,948.39,R-039,False,none
C-00985,2024-12-01,209.33,520.98,R-052,False,none
C-00986,2024-12-01,63.89,76.69,R-048,False,none
C-00987,2024-12-01,54.43,208.55,R-019,True,kunda
C-00988,2024-12-01,29.94,430.12,R-054,False,none
C-00989,2024-12-01,39.99,285.71,R-022,False,none
C-00990,2024-12-01,16.43,3317.92,R-041,False,none
C-00991,2024-12-01,31.54,1744.8,R-031,False,none
C-00992,2024-12-01,176.01,669.54,R-005,False,none
C-00993,2024-12-01,318.0,1778.68,R-001,False,none
C-00994,2024-12-01,1850.52,4738.84,R-011,False,none
C-00995,2024-12-01,52.02,1609.88,R-057,False,none
C-00996,2024-12-01,141.15,1374.25,R-058,False,none
C-00997,2024-12-01,62.98,220.14,R-025,True,tamper
C-00998,2024-12-01,212.53,1691.46,R-059,False,none
C-00999,2024-12-01,221.37,1228.64,R-003,True,tamper
C-01000,2024-12-01,167.84,177.6,R-059,False,none
C-01001,2024-12-01,317.85,627.57,R-014,False,none
C-01002,2024-12-01,467.95,1339.2,R-003,False,none
C-01003,2024-12-01,369.24,577.06,R-046,False,none
C-01004,2024-12-01,728.66,181.89,R-023,False,none
C-01005,2024-12-01,62.48,1242.96,R-018,False,none
C-01006,2024-12-01,353.18,1006.69,R-046,False,none
C-01007,2024-12-01,72.7,849.5,R-020,False,none
C-01008,2024-12-01,515.46,78.54,R-046,False,none
C-01009,2024-12-01,88.75,1340.87,R-012,False,none
C-01010,2024-12-01,182.21,11.96,R-006,False,none
C-01011,2024-12-01,11.65,637.21,R-020,False,none
C-01012,2024-12-01,458.84,1494.94,R-037,False,none
C-01013,2024-12-01,14.28,2109.84,R-014,False,none
C-01014,2024-12-01,196.19,704.59,R-009,False,none
C-01015,2024-12-01,24.55,1383.05,R-045,False,none
C-01016,2024-12-01,74.32,529.81,R-030,False,none
C-01017,2024-12-01,1353.35,224.49,R-026,False,none
C-01018,2024-12-01,70.37,765.01,R-015,False,none
C-01019,2024-12-01,157.29,641.22,R-002,False,none
C-01020,2024-12-01,237.53,1714.56,R-004,False,none
C-01021,2024-12-01,279.28,1030.39,R-041,False,none
C-01022,2024-12-01,438.57,647.43,R-005,False,none
C-01023,2024-12-01,204.87,368.3,R-015,False,none
C-01024,2024-12-01,1380.45,619.91,R-055,False,none
C-01025,2024-12-01,47.99,835.41,R-021,False,none
C-01026,2024-12-01,274.94,619.66,R-045,False,none
C-01027,2024-12-01,134.15,532.94,R-021,False,none
C-01028,2024-12-01,263.64,455.33,R-056,False,none
C-01029,2024-12-01,183.49,600.7,R-050,False,none
C-01030,2024-12-01,47.95,2381.68,R-029,False,none
C-01031,2024-12-01,74.68,2103.54,R-042,False,none
C-01032,2024-12-01,11.24,1021.8,R-025,False,none
C-01033,2024-12-01,37.52,90.76,R-057,False,none
C-01034,2024-12-01,7.92,2405.82,R-022,False,none
C-01035,2024-12-01,24.38,4399.53,R-051,False,none
C-01036,2024-12-01,93.97,541.47,R-037,True,kunda
C-01037,2024-12-01,25.21,6176.44,R-039,False,none
C-01038,2024-12-01,172.34,601.2,R-022,False,none
C-01039,2024-12-01,166.18,1610.6,R-050,False,none
C-01040,2024-12-01,106.84,814.02,R-045,False,none
C-01041,2024-12-01,150.34,218.62,R-049,False,none
C-01042,2024-12-01,35.52,1214.86,R-049,False,none
C-01043,2024-12-01,19.63,38.89,R-010,False,none
C-01044,2024-12-01,35.54,986.65,R-053,False,none
C-01045,2024-12-01,380.16,417.53,R-051,False,none
C-01046,2024-12-01,398.4,1850.95,R-015,False,none
C-01047,2024-12-01,128.12,1629.35,R-059,False,none
C-01048,2024-12-01,122.64,46.16,R-032,False,none
C-01049,2024-12-01,88.59,901.89,R-020,False,none
C-01050,2024-12-01,53.99,2273.84,R-014,False,none
C-01051,2024-12-01,153.21,1133.71,R-022,False,none
C-01052,2024-12-01,19.36,1839.79,R-003,False,none
C-01053,2024-12-01,190.73,2221.83,R-042,False,none
C-01054,2024-12-01,572.77,2055.68,R-043,False,none
C-01055,2024-12-01,14.78,26.21,R-041,False,none
C-01056,2024-12-01,49.79,803.48,R-033,False,none
C-01057,2024-12-01,40.45,556.83,R-022,False,none
C-01058,2024-12-01,4.91,1494.49,R-044,False,none
C-01059,2024-12-01,187.88,633.23,R-053,False,none
C-01060,2024-12-01,84.59,526.45,R-006,False,none
C-01061,2024-12-01,94.1,1522.38,R-023,False,none
C-01062,2024-12-01,45.08,1878.4,R-060,False,none
C-01063,2024-12-01,239.49,1436.66,R-052,False,none
C-01064,2024-12-01,13.94,1732.25,R-060,False,none
C-01065,2024-12-01,326.8,3410.71,R-011,False,none
C-01066,2024-12-01,21.4,1583.36,R-028,True,tamper
C-01067,2024-12-01,221.54,3857.16,R-008,False,none
C-01068,2024-12-01,63.78,181.47,R-052,False,none
C-01069,2024-12-01,57.49,1176.67,R-032,False,none
C-01070,2024-12-01,110.13,226.9,R-015,False,none
C-01071,2024-12-01,200.88,712.96,R-006,False,none
C-01072,2024-12-01,21.69,2588.11,R-045,False,none
C-01073,2024-12-01,227.03,712.72,R-049,False,none
C-01074,2024-12-01,216.14,3254.56,R-053,False,none
C-01075,2024-12-01,230.43,118.46,R-059,False,none
C-01076,2024-12-01,332.32,727.9,R-049,False,none
C-01077,2024-12-01,35.79,807.41,R-048,False,none
C-01078,2024-12-01,267.82,105.7,R-049,False,none
C-01079,2024-12-01,257.42,3320.86,R-060,False,none
C-01080,2024-12-01,33.0,2330.92,R-028,True,tamper
C-01081,2024-12-01,542.98,1840.33,R-046,False,none
C-01082,2024-12-01,1013.24,2327.1,R-050,False,none
C-01083,2024-12-01,38.69,7755.97,R-007,False,none
C-01084,2024-12-01,17.18,498.16,R-042,False,none
C-01085,2024-12-01,278.47,73.43,R-021,False,none
C-01086,2024-12-01,108.46,1203.32,R-008,False,none
C-01087,2024-12-01,140.65,728.89,R-011,False,none
C-01088,2024-12-01,229.52,1376.54,R-007,False,none
C-01089,2024-12-01,28.31,87.84,R-054,False,none
C-01090,2024-12-01,80.1,6773.75,R-047,True,tamper
C-01091,2024-12-01,125.91,2626.14,R-007,False,none
C-01092,2024-12-01,72.71,2480.33,R-038,False,none
C-01093,2024-12-01,78.51,831.49,R-040,False,none
C-01094,2024-12-01,257.97,92.79,R-032,False,none
C-01095,2024-12-01,255.54,3051.81,R-037,False,none
C-01096,2024-12-01,372.15,1856.05,R-055,False,none
C-01097,2024-12-01,238.76,2435.24,R-032,False,none
C-01098,2024-12-01,268.58,988.57,R-040,False,none
C-01099,2024-12-01,25.97,654.81,R-035,False,none
C-01100,2024-12-01,41.52,1491.01,R-024,False,none
C-01101,2024-12-01,37.36,118.16,R-054,False,none
C-01102,2024-12-01,201.58,39.7,R-025,False,none
C-01103,2024-12-01,44.4,2149.92,R-048,False,none
C-01104,2024-12-01,53.95,2444.12,R-037,False,none
C-01105,2024-12-01,630.97,1034.76,R-042,False,none
C-01106,2024-12-01,1021.88,669.04,R-046,False,none
C-01107,2024-12-01,140.52,2600.88,R-045,False,none
C-01108,2024-12-01,231.24,85.05,R-034,False,none
C-01109,2024-12-01,184.67,553.0,R-037,False,none
C-01110,2024-12-01,48.65,2326.64,R-031,False,none
C-01111,2024-12-01,136.45,1437.29,R-021,False,none
C-01112,2024-12-01,2127.82,472.72,R-044,False,none
C-01113,2024-12-01,2886.31,10051.52,R-053,False,none
C-01114,2024-12-01,162.2,195.05,R-043,False,none
C-01115,2024-12-01,154.38,2203.83,R-047,False,none
C-01116,2024-12-01,891.38,1121.16,R-050,False,none
C-01117,2024-12-01,625.64,735.34,R-023,False,none
C-01118,2024-12-01,119.45,160.96,R-004,False,none
C-01119,2024-12-01,23.13,228.91,R-021,False,none
C-01120,2024-12-01,488.41,701.83,R-046,False,none
C-01121,2024-12-01,247.39,203.45,R-049,False,none
C-01122,2024-12-01,13.29,2613.72,R-031,False,none
C-01123,2024-12-01,3075.73,1481.8,R-047,False,none
C-01124,2024-12-01,1048.89,1749.35,R-005,False,none
C-01125,2024-12-01,526.23,4394.01,R-039,False,none
C-01126,2024-12-01,275.68,1387.18,R-041,False,none
C-01127,2024-12-01,40.12,216.23,R-031,False,none
C-01128,2024-12-01,195.45,939.01,R-043,False,none
C-01129,2024-12-01,103.0,231.66,R-030,False,none
C-01130,2024-12-01,309.02,1741.94,R-032,False,none
C-01131,2024-12-01,80.78,1472.61,R-037,False,none
C-01132,2024-12-01,158.09,421.68,R-048,False,none
C-01133,2024-12-01,94.26,927.8,R-015,False,none
C-01134,2024-12-01,274.84,64.07,R-019,False,none
C-01135,2024-12-01,80.06,1621.77,R-026,False,none
C-01136,2024-12-01,231.14,1102.95,R-013,False,none
C-01137,2024-12-01,55.84,339.09,R-021,False,none
C-01138,2024-12-01,107.65,1304.39,R-022,False,none
C-01139,2024-12-01,687.73,1562.13,R-019,False,none
C-01140,2024-12-01,6.67,723.7,R-025,False,none
C-01141,2024-12-01,67.27,107.65,R-031,False,none
C-01142,2024-12-01,248.49,118.94,R-042,False,none
C-01143,2024-12-01,265.51,545.55,R-019,False,none
C-01144,2024-12-01,7.85,2978.1,R-051,False,none
C-01145,2024-12-01,329.67,2398.2,R-029,False,none
C-01146,2024-12-01,286.44,0.69,R-044,False,none
C-01147,2024-12-01,101.43,159.0,R-007,False,none
C-01148,2024-12-01,99.51,3243.75,R-011,False,none
C-01149,2024-12-01,207.8,579.17,R-028,False,none
C-01150,2024-12-01,190.27,2317.9,R-022,False,none
C-01151,2024-12-01,21.6,855.9,R-030,False,none
C-01152,2024-12-01,226.87,540.5,R-010,False,none
C-01153,2024-12-01,392.49,1845.1,R-029,False,none
C-01154,2024-12-01,300.41,221.98,R-042,False,none
C-01155,2024-12-01,277.09,561.65,R-044,False,none
C-01156,2024-12-01,328.32,823.49,R-015,False,none
C-01157,2024-12-01,283.2,2383.82,R-021,False,none
C-01158,2024-12-01,101.83,2129.59,R-032,False,none
C-01159,2024-12-01,225.43,1191.45,R-032,False,none
C-01160,2024-12-01,62.04,698.9,R-048,False,none
C-01161,2024-12-01,144.79,147.63,R-024,False,none
C-01162,2024-12-01,61.68,1489.82,R-041,False,none
C-01163,2024-12-01,523.7,913.88,R-054,False,none
C-01164,2024-12-01,61.94,172.51,R-018,False,none
C-01165,2024-12-01,81.13,383.8,R-050,False,none
C-01166,2024-12-01,4.21,2181.31,R-020,True,kunda
C-01167,2024-12-01,189.45,252.78,R-021,False,none
C-01168,2024-12-01,50.35,1676.49,R-040,False,none
C-01169,2024-12-01,73.63,2290.72,R-038,False,none
C-01170,2024-12-01,1067.72,1447.57,R-033,False,none
C-01171,2024-12-01,394.71,545.39,R-014,False,none
C-01172,2024-12-01,114.31,452.27,R-006,False,none
C-01173,2024-12-01,342.68,463.83,R-055,False,none
C-01174,2024-12-01,91.2,213.12,R-053,False,none
C-01175,2024-12-01,49.45,961.13,R-054,False,none
C-01176,2024-12-01,29.47,798.74,R-031,False,none
C-01177,2024-12-01,15.27,772.07,R-054,False,none
C-01178,2024-12-01,427.67,1357.04,R-029,False,none
C-01179,2024-12-01,234.13,182.64,R-005,False,none
C-01180,2024-12-01,219.35,450.86,R-012,False,none
C-01181,2024-12-01,174.65,1556.27,R-017,False,none
C-01182,2024-12-01,218.76,3807.99,R-023,False,none
C-01183,2024-12-01,274.27,1800.94,R-057,False,none
C-01184,2024-12-01,174.6,3939.83,R-020,True,tamper
C-01185,2024-12-01,10.15,2976.34,R-037,False,none
C-01186,2024-12-01,171.29,7762.37,R-017,False,none
C-01187,2024-12-01,196.01,2776.09,R-039,False,none
C-01188,2024-12-01,121.74,1038.33,R-035,False,none
C-01189,2024-12-01,5.08,2801.63,R-010,False,none
C-01190,2024-12-01,317.27,1387.22,R-028,False,none
C-01191,2024-12-01,81.87,3475.17,R-007,False,none
C-01192,2024-12-01,152.17,623.03,R-054,False,none
C-01193,2024-12-01,76.88,924.07,R-043,False,none
C-01194,2024-12-01,147.6,47.15,R-057,False,none
C-01195,2024-12-01,513.74,1796.38,R-053,False,none
C-01196,2024-12-01,1044.86,258.64,R-014,False,none
C-01197,2024-12-01,44.99,3913.15,R-043,False,none
C-01198,2024-12-01,680.5,961.77,R-007,False,none
C-01199,2024-12-01,176.73,31.51,R-058,False,none
C-01200,2024-12-01,996.43,2655.33,R-048,False,none
C-01201,2024-12-01,4270.73,1654.5,R-041,False,none
C-01202,2024-12-01,146.25,1221.6,R-060,False,none
C-01203,2024-12-01,6.58,2304.48,R-051,False,none
C-01204,2024-12-01,550.24,761.79,R-052,False,none
C-01205,2024-12-01,1158.78,185.55,R-007,False,none
C-01206,2024-12-01,3305.95,116.76,R-002,False,none
C-01207,2024-12-01,300.69,616.53,R-058,False,none
C-01208,2024-12-01,79.32,5754.63,R-016,False,none
C-01209,2024-12-01,25.71,3273.1,R-026,False,none
C-01210,2024-12-01,167.68,709.76,R-003,False,none
C-01211,2024-12-01,20.32,764.55,R-038,True,kunda
C-01212,2024-12-01,411.16,433.22,R-050,False,none
C-01213,2024-12-01,32.99,1277.96,R-051,False,none
C-01214,2024-12-01,148.85,224.86,R-035,False,none
C-01215,2024-12-01,292.49,535.07,R-040,False,none
C-01216,2024-12-01,46.94,478.13,R-031,False,none
C-01217,2024-12-01,115.76,395.48,R-027,False,none
C-01218,2024-12-01,254.56,229.1,R-034,False,none
C-01219,2024-12-01,87.88,478.16,R-057,False,none
C-01220,2024-12-01,26.68,2778.47,R-016,False,none
C-01221,2024-12-01,63.2,1751.29,R-029,False,none
C-01222,2024-12-01,832.18,256.17,R-037,False,none
C-01223,2024-12-01,174.05,388.4,R-035,False,none
C-01224,2024-12-01,21.12,2336.35,R-002,False,none
C-01225,2024-12-01,100.84,602.01,R-018,False,none
C-01226,2024-12-01,19.52,1257.18,R-039,False,none
C-01227,2024-12-01,122.5,917.49,R-042,False,none
C-01228,2024-12-01,657.83,1944.56,R-045,False,none
C-01229,2024-12-01,43.21,500.34,R-060,False,none
C-01230,2024-12-01,171.49,152.44,R-041,False,none
C-01231,2024-12-01,536.41,306.01,R-035,False,none
C-01232,2024-12-01,110.39,2997.98,R-020,False,none
C-01233,2024-12-01,120.45,237.3,R-023,False,none
C-01234,2024-12-01,139.27,1321.58,R-050,False,none
C-01235,2024-12-01,345.24,794.05,R-029,False,none
C-01236,2024-12-01,856.69,38.52,R-043,False,none
C-01237,2024-12-01,338.41,4784.41,R-008,False,none
C-01238,2024-12-01,172.69,1203.72,R-008,False,none
C-01239,2024-12-01,2409.4,1355.45,R-013,False,none
C-01240,2024-12-01,200.32,2681.49,R-012,False,none
C-01241,2024-12-01,238.85,434.07,R-037,False,none
C-01242,2024-12-01,41.32,1094.86,R-039,False,none
C-01243,2024-12-01,199.09,5027.54,R-034,False,none
C-01244,2024-12-01,17.08,1149.78,R-018,True,kunda
C-01245,2024-12-01,64.91,2214.94,R-035,False,none
C-01246,2024-12-01,400.5,1562.4,R-008,False,none
C-01247,2024-12-01,221.02,340.82,R-029,False,none
C-01248,2024-12-01,21.72,12284.97,R-010,False,none
C-01249,2024-12-01,306.98,735.96,R-005,False,none
C-01250,2024-12-01,153.61,2154.47,R-010,False,none
C-01251,2024-12-01,580.52,1378.31,R-007,False,none
C-01252,2024-12-01,128.4,1800.8,R-029,False,none
C-01253,2024-12-01,899.92,507.17,R-033,False,none
C-01254,2024-12-01,110.17,1634.52,R-037,True,tamper
C-01255,2024-12-01,232.52,486.07,R-027,False,none
C-01256,2024-12-01,151.03,578.52,R-011,False,none
C-01257,2024-12-01,165.41,503.63,R-002,False,none
C-01258,2024-12-01,52.61,168.11,R-043,True,tamper
C-01259,2024-12-01,189.16,3107.32,R-059,False,none
C-01260,2024-12-01,28.34,4080.02,R-017,False,none
C-01261,2024-12-01,533.43,3.53,R-013,False,none
C-01262,2024-12-01,469.25,285.5,R-019,False,none
C-01263,2024-12-01,178.97,2354.81,R-013,False,none
C-01264,2024-12-01,88.96,9.77,R-014,False,none
C-01265,2024-12-01,161.7,6218.61,R-030,False,none
C-01266,2024-12-01,47.66,3509.11,R-048,False,none
C-01267,2024-12-01,313.07,914.48,R-043,False,none
C-01268,2024-12-01,95.13,89.9,R-058,False,none
C-01269,2024-12-01,220.29,248.62,R-022,False,none
C-01270,2024-12-01,384.06,5055.07,R-030,False,none
C-01271,2024-12-01,296.11,1216.0,R-023,False,none
C-01272,2024-12-01,445.75,1435.21,R-003,False,none
C-01273,2024-12-01,25.47,2851.29,R-024,False,none
C-01274,2024-12-01,20.67,3033.7,R-016,False,none
C-01275,2024-12-01,194.55,1832.11,R-029,False,none
C-01276,2024-12-01,217.88,705.02,R-010,False,none
C-01277,2024-12-01,246.44,1055.05,R-045,False,none
C-01278,2024-12-01,73.61,919.78,R-051,False,none
C-01279,2024-12-01,401.4,1981.86,R-058,False,none
C-01280,2024-12-01,319.06,79.39,R-006,False,none
C-01281,2024-12-01,1.71,2313.71,R-008,True,kunda
C-01282,2024-12-01,5.44,4640.6,R-058,False,none
C-01283,2024-12-01,53.22,600.14,R-051,False,none
C-01284,2024-12-01,22.85,2253.46,R-036,False,none
C-01285,2024-12-01,98.24,61.22,R-020,True,tamper
C-01286,2024-12-01,495.83,4333.9,R-032,False,none
C-01287,2024-12-01,434.16,618.99,R-033,False,none
C-01288,2024-12-01,75.27,849.97,R-051,False,none
C-01289,2024-12-01,133.67,1444.08,R-032,False,none
C-01290,2024-12-01,23.01,570.52,R-002,False,none
C-01291,2024-12-01,18.82,809.01,R-042,True,kunda
C-01292,2024-12-01,117.22,916.38,R-047,False,none
C-01293,2024-12-01,261.9,419.64,R-018,False,none
C-01294,2024-12-01,43.13,14.66,R-007,False,none
C-01295,2024-12-01,2379.46,460.43,R-009,False,none
C-01296,2024-12-01,183.94,679.31,R-051,False,none
C-01297,2024-12-01,147.68,2273.82,R-027,False,none
C-01298,2024-12-01,44.55,51.4,R-032,False,none
C-01299,2024-12-01,95.34,1003.2,R-058,False,none
C-01300,2024-12-01,154.37,186.68,R-004,True,collusion
C-01301,2024-12-01,3630.32,980.79,R-013,False,none
C-01302,2024-12-01,235.12,597.95,R-050,False,none
C-01303,2024-12-01,59.64,18.83,R-033,True,collusion
C-01304,2024-12-01,792.14,1894.2,R-002,False,none
C-01305,2024-12-01,66.94,1687.76,R-043,False,none
C-01306,2024-12-01,243.22,518.8,R-009,False,none
C-01307,2024-12-01,586.23,1000.55,R-047,False,none
C-01308,2024-12-01,499.1,2728.28,R-048,False,none
C-01309,2024-12-01,33.98,1516.34,R-050,False,none
C-01310,2024-12-01,97.36,2482.34,R-028,False,none
C-01311,2024-12-01,856.93,1535.89,R-017,False,none
C-01312,2024-12-01,140.05,3569.62,R-053,False,none
C-01313,2024-12-01,163.9,98.92,R-034,False,none
C-01314,2024-12-01,111.25,870.34,R-039,False,none
C-01315,2024-12-01,157.3,2382.95,R-009,False,none
C-01316,2024-12-01,150.07,1252.74,R-038,False,none
C-01317,2024-12-01,222.74,2013.57,R-035,False,none
C-01318,2024-12-01,1551.39,1156.04,R-018,True,tamper
C-01319,2024-12-01,402.34,4224.83,R-047,False,none
C-01320,2024-12-01,175.9,1070.27,R-009,False,none
C-01321,2024-12-01,218.1,327.05,R-044,False,none
C-01322,2024-12-01,4.04,4903.57,R-058,False,none
C-01323,2024-12-01,144.19,452.56,R-035,False,none
C-01324,2024-12-01,862.91,1785.25,R-007,False,none
C-01325,2024-12-01,207.2,120.01,R-034,False,none
C-01326,2024-12-01,166.0,125.7,R-032,False,none
C-01327,2024-12-01,2210.59,3828.13,R-034,False,none
C-01328,2024-12-01,80.23,904.08,R-017,False,none
C-01329,2024-12-01,518.81,4433.3,R-038,False,none
C-01330,2024-12-01,36.8,897.87,R-016,False,none
C-01331,2024-12-01,46.58,1567.63,R-034,False,none
C-01332,2024-12-01,360.26,1860.82,R-036,False,none
C-01333,2024-12-01,126.6,1396.94,R-039,False,none
C-01334,2024-12-01,149.34,339.68,R-048,False,none
C-01335,2024-12-01,500.28,390.65,R-053,False,none
C-01336,2024-12-01,251.79,1126.12,R-047,False,none
C-01337,2024-12-01,123.39,336.13,R-048,False,none
C-01338,2024-12-01,109.57,4679.92,R-053,False,none
C-01339,2024-12-01,121.07,1732.65,R-015,False,none
C-01340,2024-12-01,127.54,63.08,R-018,False,none
C-01341,2024-12-01,407.78,243.46,R-032,False,none
C-01342,2024-12-01,600.76,3310.05,R-028,False,none
C-01343,2024-12-01,24.31,1092.12,R-043,True,kunda
C-01344,2024-12-01,15.77,1215.79,R-001,False,none
C-01345,2024-12-01,37.57,1825.88,R-009,True,kunda
C-01346,2024-12-01,491.8,4346.0,R-045,False,none
C-01347,2024-12-01,10.78,450.87,R-050,True,kunda
C-01348,2024-12-01,330.75,1061.27,R-019,False,none
C-01349,2024-12-01,293.37,1030.61,R-019,False,none
C-01350,2024-12-01,31.12,194.7,R-034,False,none
C-01351,2024-12-01,27.5,1186.15,R-029,False,none
C-01352,2024-12-01,13.29,1292.68,R-011,False,none
C-01353,2024-12-01,484.81,681.66,R-031,False,none
C-01354,2024-12-01,307.11,36.82,R-050,False,none
C-01355,2024-12-01,8.85,1701.98,R-044,True,kunda
C-01356,2024-12-01,38.69,289.6,R-050,False,none
C-01357,2024-12-01,52.98,1995.87,R-039,False,none
C-01358,2024-12-01,722.27,2963.97,R-053,False,none
C-01359,2024-12-01,125.72,129.71,R-015,False,none
C-01360,2024-12-01,190.33,1092.03,R-003,False,none
C-01361,2024-12-01,213.08,8006.24,R-007,False,none
C-01362,2024-12-01,108.58,7266.97,R-060,False,none
C-01363,2024-12-01,421.68,650.38,R-039,False,none
C-01364,2024-12-01,216.22,6521.5,R-015,False,none
C-01365,2024-12-01,18.24,2816.48,R-052,False,none
C-01366,2024-12-01,287.29,4232.45,R-019,False,none
C-01367,2024-12-01,21.38,2814.42,R-036,False,none
C-01368,2024-12-01,103.12,1424.16,R-015,False,none
C-01369,2024-12-01,91.2,1119.13,R-006,True,tamper
C-01370,2024-12-01,475.17,545.38,R-017,False,none
C-01371,2024-12-01,303.92,393.83,R-014,False,none
C-01372,2024-12-01,182.86,3449.85,R-034,False,none
C-01373,2024-12-01,79.53,38.51,R-002,True,tamper
C-01374,2024-12-01,203.27,2363.81,R-015,False,none
C-01375,2024-12-01,451.95,94.24,R-035,False,none
C-01376,2024-12-01,34.49,1247.5,R-024,False,none
C-01377,2024-12-01,50.53,1308.11,R-039,False,none
C-01378,2024-12-01,266.72,1969.68,R-040,False,none
C-01379,2024-12-01,367.72,1896.49,R-058,False,none
C-01380,2024-12-01,96.06,2113.39,R-051,False,none
C-01381,2024-12-01,98.92,1403.88,R-014,False,none
C-01382,2024-12-01,148.95,2127.55,R-042,False,none
C-01383,2024-12-01,2276.82,5161.75,R-038,False,none
C-01384,2024-12-01,37.35,1523.62,R-036,False,none
C-01385,2024-12-01,27.28,1930.94,R-048,False,none
C-01386,2024-12-01,28.52,2493.78,R-009,False,none
C-01387,2024-12-01,167.21,681.1,R-023,False,none
C-01388,2024-12-01,16.68,2263.47,R-049,False,none
C-01389,2024-12-01,107.5,181.03,R-054,False,none
C-01390,2024-12-01,177.39,2735.75,R-003,False,none
C-01391,2024-12-01,440.99,6257.25,R-029,False,none
C-01392,2024-12-01,17.44,650.36,R-016,False,none
C-01393,2024-12-01,73.2,712.02,R-011,False,none
C-01394,2024-12-01,233.2,304.61,R-004,False,none
C-01395,2024-12-01,62.25,2138.73,R-033,False,none
C-01396,2024-12-01,1017.95,664.84,R-041,False,none
C-01397,2024-12-01,168.27,4629.6,R-032,False,none
C-01398,2024-12-01,2204.11,1361.3,R-023,False,none
C-01399,2024-12-01,1.98,3071.41,R-047,True,kunda
C-01400,2024-12-01,383.74,923.61,R-040,False,none
C-01401,2024-12-01,115.86,726.65,R-055,False,none
C-01402,2024-12-01,82.84,240.14,R-021,False,none
C-01403,2024-12-01,108.12,527.23,R-015,False,none
C-01404,2024-12-01,33.96,464.39,R-028,True,tamper
C-01405,2024-12-01,171.57,2171.44,R-031,False,none
C-01406,2024-12-01,41.68,1287.74,R-028,False,none
C-01407,2024-12-01,58.71,63.21,R-050,False,none
C-01408,2024-12-01,136.2,2665.8,R-003,False,none
C-01409,2024-12-01,495.74,1505.7,R-032,False,none
C-01410,2024-12-01,19.61,1956.74,R-026,False,none
C-01411,2024-12-01,51.51,29.24,R-013,False,none
C-01412,2024-12-01,414.23,3961.19,R-039,False,none
C-01413,2024-12-01,146.42,30.32,R-049,False,none
C-01414,2024-12-01,134.62,6011.27,R-033,False,none
C-01415,2024-12-01,147.28,140.88,R-006,False,none
C-01416,2024-12-01,142.53,2908.46,R-005,False,none
C-01417,2024-12-01,63.92,2512.31,R-026,False,none
C-01418,2024-12-01,130.1,82.59,R-041,False,none
C-01419,2024-12-01,102.51,1563.45,R-019,False,none
C-01420,2024-12-01,71.66,996.25,R-019,False,none
C-01421,2024-12-01,11.2,242.22,R-052,False,none
C-01422,2024-12-01,24.26,707.04,R-001,False,none
C-01423,2024-12-01,108.71,1100.56,R-005,False,none
C-01424,2024-12-01,204.36,158.43,R-010,False,none
C-01425,2024-12-01,385.8,2149.07,R-060,False,none
C-01426,2024-12-01,104.29,1881.64,R-030,False,none
C-01427,2024-12-01,79.92,538.75,R-010,False,none
C-01428,2024-12-01,149.43,2105.0,R-019,False,none
C-01429,2024-12-01,142.7,875.36,R-059,False,none
C-01430,2024-12-01,499.37,1641.75,R-042,False,none
C-01431,2024-12-01,4.85,692.54,R-014,True,kunda
C-01432,2024-12-01,853.37,16.18,R-015,True,tamper
C-01433,2024-12-01,252.59,471.2,R-005,True,tamper
C-01434,2024-12-01,21.13,911.58,R-047,False,none
C-01435,2024-12-01,10.75,1821.99,R-009,False,none
C-01436,2024-12-01,74.43,2684.01,R-018,False,none
C-01437,2024-12-01,94.34,1776.48,R-021,False,none
C-01438,2024-12-01,182.75,2986.46,R-038,False,none
C-01439,2024-12-01,59.28,1492.79,R-037,False,none
C-01440,2024-12-01,685.66,1544.69,R-048,False,none
C-01441,2024-12-01,41.64,464.68,R-018,False,none
C-01442,2024-12-01,176.05,930.28,R-024,False,none
C-01443,2024-12-01,62.74,1205.32,R-024,False,none
C-01444,2024-12-01,37.72,2383.32,R-003,False,none
C-01445,2024-12-01,67.36,277.33,R-045,False,none
C-01446,2024-12-01,350.87,489.42,R-033,False,none
C-01447,2024-12-01,119.55,18.42,R-029,False,none
C-01448,2024-12-01,33.36,1722.09,R-060,False,none
C-01449,2024-12-01,27.86,969.05,R-011,False,none
C-01450,2024-12-01,265.44,396.99,R-059,False,none
C-01451,2024-12-01,88.36,1275.56,R-041,False,none
C-01452,2024-12-01,429.85,5556.3,R-014,False,none
C-01453,2024-12-01,325.76,949.44,R-041,False,none
C-01454,2024-12-01,192.94,393.25,R-046,False,none
C-01455,2024-12-01,70.94,2918.94,R-022,False,none
C-01456,2024-12-01,5.77,1688.54,R-021,True,kunda
C-01457,2024-12-01,67.07,2785.7,R-051,False,none
C-01458,2024-12-01,212.58,1845.7,R-010,False,none
C-01459,2024-12-01,38.4,237.53,R-001,False,none
C-01460,2024-12-01,377.44,985.48,R-040,False,none
C-01461,2024-12-01,2716.42,427.36,R-055,False,none
C-01462,2024-12-01,98.23,2277.12,R-031,True,collusion
C-01463,2024-12-01,73.71,945.52,R-009,False,none
C-01464,2024-12-01,188.74,161.5,R-033,False,none
C-01465,2024-12-01,528.47,4613.82,R-016,True,tamper
C-01466,2024-12-01,26.73,1795.71,R-050,False,none
C-01467,2024-12-01,24.73,313.1,R-037,False,none
C-01468,2024-12-01,280.04,2044.24,R-021,False,none
C-01469,2024-12-01,967.75,644.18,R-038,False,none
C-01470,2024-12-01,232.12,4409.15,R-041,False,none
C-01471,2024-12-01,26.47,1185.66,R-041,False,none
C-01472,2024-12-01,78.05,784.57,R-022,True,collusion
C-01473,2024-12-01,410.72,554.57,R-035,False,none
C-01474,2024-12-01,164.13,327.94,R-003,False,none
C-01475,2024-12-01,889.58,36.81,R-025,False,none
C-01476,2024-12-01,184.49,827.71,R-023,False,none
C-01477,2024-12-01,272.03,346.71,R-033,True,collusion
C-01478,2024-12-01,71.36,682.48,R-058,False,none
C-01479,2024-12-01,323.81,1369.79,R-058,False,none
C-01480,2024-12-01,646.01,8.76,R-029,False,none
C-01481,2024-12-01,366.85,974.61,R-039,False,none
C-01482,2024-12-01,11.22,830.07,R-007,True,kunda
C-01483,2024-12-01,6.27,1012.21,R-029,True,kunda
C-01484,2024-12-01,368.68,66.22,R-042,False,none
C-01485,2024-12-01,122.68,2416.24,R-041,True,collusion
C-01486,2024-12-01,621.27,2730.93,R-058,False,none
C-01487,2024-12-01,93.14,941.93,R-028,False,none
C-01488,2024-12-01,90.25,272.86,R-055,False,none
C-01489,2024-12-01,133.95,3856.63,R-059,False,none
C-01490,2024-12-01,21.36,914.39,R-035,False,none
C-01491,2024-12-01,84.73,1000.77,R-006,False,none
C-01492,2024-12-01,97.89,2145.94,R-023,False,none
C-01493,2024-12-01,20.15,1644.29,R-046,True,kunda
C-01494,2024-12-01,40.15,2653.01,R-035,False,none
C-01495,2024-12-01,2.38,917.87,R-057,True,kunda
C-01496,2024-12-01,275.28,1663.4,R-049,False,none
C-01497,2024-12-01,229.31,238.06,R-004,False,none
C-01498,2024-12-01,294.24,821.94,R-052,False,none
C-01499,2024-12-01,178.28,4748.49,R-022,False,none
C-01500,2024-12-01,13.65,965.48,R-050,False,none
