pmt_id,feeder_id,month,injected_energy_kwh,pmt_uptime_pct,avg_temp_c
PMT-0001,F-01,2022-01-01,12316.53,89.43,4.3
PMT-0001,F-01,2022-02-01,14729.63,88.26,13.3
PMT-0001,F-01,2022-03-01,18372.39,89.82,16.0
PMT-0001,F-01,2022-04-01,21447.12,85.34,24.1
PMT-0001,F-01,2022-05-01,23730.85,88.75,27.8
PMT-0001,F-01,2022-06-01,25317.34,87.95,32.5
PMT-0001,F-01,2022-07-01,24561.75,85.46,29.8
PMT-0001,F-01,2022-08-01,21757.25,92.59,23.9
PMT-0001,F-01,2022-09-01,17968.08,89.15,15.9
PMT-0001,F-01,2022-10-01,15028.44,91.81,12.2
PMT-0001,F-01,2022-11-01,12710.9,87.93,5.4
PMT-0001,F-01,2022-12-01,11849.66,90.67,1.6
PMT-0001,F-01,2023-01-01,12796.76,82.66,5.2
PMT-0001,F-01,2023-02-01,14997.16,91.63,11.3
PMT-0001,F-01,2023-03-01,18689.48,91.18,20.1
PMT-0001,F-01,2023-04-01,21593.34,83.92,25.3
PMT-0001,F-01,2023-05-01,24294.77,91.5,29.4
PMT-0001,F-01,2023-06-01,25677.09,89.45,29.3
PMT-0001,F-01,2023-07-01,23568.86,89.72,29.5
PMT-0001,F-01,2023-08-01,21752.48,87.57,24.8
PMT-0001,F-01,2023-09-01,18312.35,85.18,16.9
PMT-0001,F-01,2023-10-01,15384.17,80.8,10.4
PMT-0001,F-01,2023-11-01,12855.77,84.82,6.2
PMT-0001,F-01,2023-12-01,11705.2,87.22,2.7
PMT-0001,F-01,2024-01-01,12683.16,90.03,7.0
PMT-0001,F-01,2024-02-01,15048.12,82.61,11.0
PMT-0001,F-01,2024-03-01,18028.55,84.73,19.5
PMT-0001,F-01,2024-04-01,21784.3,85.33,25.5
PMT-0001,F-01,2024-05-01,23822.36,88.74,28.9
PMT-0001,F-01,2024-06-01,24765.59,91.22,32.5
PMT-0001,F-01,2024-07-01,23507.31,90.04,29.1
PMT-0001,F-01,2024-08-01,21593.74,93.29,25.9
PMT-0001,F-01,2024-09-01,18274.09,90.79,17.2
PMT-0001,F-01,2024-10-01,14831.97,87.37,11.1
PMT-0001,F-01,2024-11-01,12750.45,88.26,5.5
PMT-0001,F-01,2024-12-01,11706.83,90.77,5.1
PMT-0002,F-01,2022-01-01,13816.24,91.84,5.5
PMT-0002,F-01,2022-02-01,15979.03,93.45,10.2
PMT-0002,F-01,2022-03-01,19037.12,87.07,19.3
PMT-0002,F-01,2022-04-01,22988.97,89.93,26.3
PMT-0002,F-01,2022-05-01,24781.36,90.41,30.3
PMT-0002,F-01,2022-06-01,26547.03,93.46,34.5
PMT-0002,F-01,2022-07-01,24779.04,95.86,28.7
PMT-0002,F-01,2022-08-01,22490.1,84.41,26.2
PMT-0002,F-01,2022-09-01,18990.72,88.56,17.9
PMT-0002,F-01,2022-10-01,15887.78,90.19,10.2
PMT-0002,F-01,2022-11-01,13387.5,93.58,6.5
PMT-0002,F-01,2022-12-01,12574.61,89.5,6.1
PMT-0002,F-01,2023-01-01,13387.76,83.49,5.0
PMT-0002,F-01,2023-02-01,16263.96,92.11,11.3
PMT-0002,F-01,2023-03-01,19336.02,91.68,17.3
PMT-0002,F-01,2023-04-01,22958.66,83.38,24.4
PMT-0002,F-01,2023-05-01,24873.5,93.46,28.5
PMT-0002,F-01,2023-06-01,25682.32,89.52,33.4
PMT-0002,F-01,2023-07-01,25594.0,89.93,30.1
PMT-0002,F-01,2023-08-01,22701.33,89.12,26.2
PMT-0002,F-01,2023-09-01,19020.62,88.48,18.5
PMT-0002,F-01,2023-10-01,15826.37,88.91,13.8
PMT-0002,F-01,2023-11-01,13468.41,89.76,5.9
PMT-0002,F-01,2023-12-01,12598.52,88.13,3.9
PMT-0002,F-01,2024-01-01,13261.15,90.8,5.5
PMT-0002,F-01,2024-02-01,15500.98,90.31,10.8
PMT-0002,F-01,2024-03-01,19109.55,92.57,20.2
PMT-0002,F-01,2024-04-01,23163.4,89.57,24.3
PMT-0002,F-01,2024-05-01,25156.27,96.09,29.5
PMT-0002,F-01,2024-06-01,25631.55,90.35,32.2
PMT-0002,F-01,2024-07-01,25213.11,87.5,30.1
PMT-0002,F-01,2024-08-01,22801.93,83.81,24.4
PMT-0002,F-01,2024-09-01,19231.66,91.77,17.4
PMT-0002,F-01,2024-10-01,16004.94,97.75,10.3
PMT-0002,F-01,2024-11-01,13141.27,88.81,5.2
PMT-0002,F-01,2024-12-01,13004.51,88.33,1.9
PMT-0003,F-01,2022-01-01,11564.04,85.7,5.2
PMT-0003,F-01,2022-02-01,14213.44,88.21,11.0
PMT-0003,F-01,2022-03-01,16901.57,87.72,18.0
PMT-0003,F-01,2022-04-01,19435.53,88.88,25.6
PMT-0003,F-01,2022-05-01,22462.29,89.85,32.5
PMT-0003,F-01,2022-06-01,22804.17,84.6,29.5
PMT-0003,F-01,2022-07-01,22435.01,90.73,27.9
PMT-0003,F-01,2022-08-01,20288.27,85.26,25.5
PMT-0003,F-01,2022-09-01,16778.65,91.84,17.5
PMT-0003,F-01,2022-10-01,14322.11,84.57,10.9
PMT-0003,F-01,2022-11-01,11789.45,85.76,5.3
PMT-0003,F-01,2022-12-01,10688.63,86.66,3.1
PMT-0003,F-01,2023-01-01,12083.87,84.36,6.1
PMT-0003,F-01,2023-02-01,14131.58,91.01,12.5
PMT-0003,F-01,2023-03-01,16141.89,89.4,18.4
PMT-0003,F-01,2023-04-01,20177.88,89.15,23.8
PMT-0003,F-01,2023-05-01,22594.63,96.13,28.7
PMT-0003,F-01,2023-06-01,22964.49,85.17,32.6
PMT-0003,F-01,2023-07-01,22285.2,92.07,29.7
PMT-0003,F-01,2023-08-01,20482.73,86.73,24.4
PMT-0003,F-01,2023-09-01,16525.08,94.25,18.7
PMT-0003,F-01,2023-10-01,13464.37,89.45,8.6
PMT-0003,F-01,2023-11-01,11697.96,88.58,6.3
PMT-0003,F-01,2023-12-01,10697.32,85.49,4.2
PMT-0003,F-01,2024-01-01,11804.22,90.65,5.1
PMT-0003,F-01,2024-02-01,14052.57,84.91,13.9
PMT-0003,F-01,2024-03-01,16917.57,92.13,18.9
PMT-0003,F-01,2024-04-01,19787.87,89.12,26.2
PMT-0003,F-01,2024-05-01,22905.04,84.43,30.8
PMT-0003,F-01,2024-06-01,23639.74,89.16,32.7
PMT-0003,F-01,2024-07-01,21849.6,89.84,33.3
PMT-0003,F-01,2024-08-01,20117.29,84.18,26.0
PMT-0003,F-01,2024-09-01,16358.08,93.03,16.9
PMT-0003,F-01,2024-10-01,13211.4,87.46,10.5
PMT-0003,F-01,2024-11-01,12126.72,91.91,7.1
PMT-0003,F-01,2024-12-01,10446.48,84.28,4.5
PMT-0004,F-01,2022-01-01,5023.39,89.23,5.8
PMT-0004,F-01,2022-02-01,5858.2,90.05,9.7
PMT-0004,F-01,2022-03-01,7678.7,86.09,17.3
PMT-0004,F-01,2022-04-01,8497.51,88.47,25.3
PMT-0004,F-01,2022-05-01,9598.51,83.36,29.8
PMT-0004,F-01,2022-06-01,9452.01,87.8,30.5
PMT-0004,F-01,2022-07-01,8630.02,88.51,27.9
PMT-0004,F-01,2022-08-01,8887.77,87.56,25.9
PMT-0004,F-01,2022-09-01,6894.41,86.88,18.0
PMT-0004,F-01,2022-10-01,6226.92,90.54,10.6
PMT-0004,F-01,2022-11-01,5239.4,88.12,5.5
PMT-0004,F-01,2022-12-01,4689.77,83.94,5.1
PMT-0004,F-01,2023-01-01,5172.89,86.95,5.4
PMT-0004,F-01,2023-02-01,5676.34,84.15,11.3
PMT-0004,F-01,2023-03-01,7156.36,88.33,17.7
PMT-0004,F-01,2023-04-01,8721.17,90.65,23.8
PMT-0004,F-01,2023-05-01,8960.37,83.27,31.7
PMT-0004,F-01,2023-06-01,10114.52,94.73,32.2
PMT-0004,F-01,2023-07-01,9422.13,87.22,28.5
PMT-0004,F-01,2023-08-01,8376.66,83.6,25.3
PMT-0004,F-01,2023-09-01,7592.03,92.37,16.8
PMT-0004,F-01,2023-10-01,5937.13,89.94,11.7
PMT-0004,F-01,2023-11-01,4927.33,91.7,8.2
PMT-0004,F-01,2023-12-01,5016.57,89.67,4.5
PMT-0004,F-01,2024-01-01,5047.79,91.22,6.3
PMT-0004,F-01,2024-02-01,5949.64,91.06,10.4
PMT-0004,F-01,2024-03-01,7480.14,87.7,20.1
PMT-0004,F-01,2024-04-01,8533.67,89.97,25.3
PMT-0004,F-01,2024-05-01,9644.12,83.09,29.8
PMT-0004,F-01,2024-06-01,9188.29,92.35,32.2
PMT-0004,F-01,2024-07-01,9271.79,90.04,28.7
PMT-0004,F-01,2024-08-01,8726.92,88.32,23.9
PMT-0004,F-01,2024-09-01,7348.1,88.09,20.7
PMT-0004,F-01,2024-10-01,5779.52,91.68,8.9
PMT-0004,F-01,2024-11-01,4859.74,89.64,4.8
PMT-0004,F-01,2024-12-01,4479.42,92.16,2.9
PMT-0005,F-01,2022-01-01,11297.08,87.97,6.1
PMT-0005,F-01,2022-02-01,14393.34,86.06,11.3
PMT-0005,F-01,2022-03-01,16192.36,88.04,14.9
PMT-0005,F-01,2022-04-01,19419.97,91.49,25.0
PMT-0005,F-01,2022-05-01,21397.42,84.48,30.3
PMT-0005,F-01,2022-06-01,21839.52,90.28,31.6
PMT-0005,F-01,2022-07-01,22622.11,86.04,30.1
PMT-0005,F-01,2022-08-01,19533.84,92.23,23.8
PMT-0005,F-01,2022-09-01,16621.0,90.72,19.8
PMT-0005,F-01,2022-10-01,13521.57,88.54,12.9
PMT-0005,F-01,2022-11-01,11864.6,94.45,6.7
PMT-0005,F-01,2022-12-01,10754.56,88.94,6.1
PMT-0005,F-01,2023-01-01,11226.44,86.79,5.4
PMT-0005,F-01,2023-02-01,13643.0,90.97,11.4
PMT-0005,F-01,2023-03-01,16341.12,86.06,18.3
PMT-0005,F-01,2023-04-01,18572.61,93.37,26.0
PMT-0005,F-01,2023-05-01,21684.28,91.24,32.0
PMT-0005,F-01,2023-06-01,21709.61,91.13,30.8
PMT-0005,F-01,2023-07-01,22586.07,93.07,28.6
PMT-0005,F-01,2023-08-01,19299.94,91.44,25.2
PMT-0005,F-01,2023-09-01,15826.62,88.31,17.9
PMT-0005,F-01,2023-10-01,13294.83,90.36,9.8
PMT-0005,F-01,2023-11-01,11387.25,87.82,5.2
PMT-0005,F-01,2023-12-01,11085.54,87.45,4.3
PMT-0005,F-01,2024-01-01,11359.05,84.43,6.6
PMT-0005,F-01,2024-02-01,13863.33,89.32,11.4
PMT-0005,F-01,2024-03-01,17337.16,96.53,19.2
PMT-0005,F-01,2024-04-01,19049.77,91.21,25.4
PMT-0005,F-01,2024-05-01,21195.79,89.73,30.7
PMT-0005,F-01,2024-06-01,21632.48,89.74,30.6
PMT-0005,F-01,2024-07-01,21445.19,84.71,29.5
PMT-0005,F-01,2024-08-01,18731.43,91.36,24.0
PMT-0005,F-01,2024-09-01,16113.7,93.62,18.9
PMT-0005,F-01,2024-10-01,13578.07,87.69,10.7
PMT-0005,F-01,2024-11-01,11328.17,90.32,6.5
PMT-0005,F-01,2024-12-01,10540.38,94.35,4.6
PMT-0006,F-01,2022-01-01,10850.61,92.09,6.1
PMT-0006,F-01,2022-02-01,13285.14,88.84,10.0
PMT-0006,F-01,2022-03-01,15650.57,93.43,17.3
PMT-0006,F-01,2022-04-01,18401.78,91.5,25.7
PMT-0006,F-01,2022-05-01,20102.85,86.39,30.3
PMT-0006,F-01,2022-06-01,20508.07,86.88,32.1
PMT-0006,F-01,2022-07-01,20261.26,87.64,29.6
PMT-0006,F-01,2022-08-01,18172.9,89.82,26.8
PMT-0006,F-01,2022-09-01,15511.98,88.02,18.0
PMT-0006,F-01,2022-10-01,12778.79,85.8,12.3
PMT-0006,F-01,2022-11-01,10946.64,82.49,5.5
PMT-0006,F-01,2022-12-01,10094.89,88.88,2.1
PMT-0006,F-01,2023-01-01,10708.01,88.97,6.1
PMT-0006,F-01,2023-02-01,13184.48,88.87,9.1
PMT-0006,F-01,2023-03-01,15551.35,88.56,16.5
PMT-0006,F-01,2023-04-01,19354.88,86.31,25.2
PMT-0006,F-01,2023-05-01,19722.7,84.72,31.8
PMT-0006,F-01,2023-06-01,20814.81,92.28,34.2
PMT-0006,F-01,2023-07-01,20511.87,89.33,29.9
PMT-0006,F-01,2023-08-01,18532.3,80.86,25.9
PMT-0006,F-01,2023-09-01,15119.44,83.73,18.8
PMT-0006,F-01,2023-10-01,12903.96,92.15,12.1
PMT-0006,F-01,2023-11-01,10545.36,93.19,5.6
PMT-0006,F-01,2023-12-01,10099.54,82.98,3.7
PMT-0006,F-01,2024-01-01,10811.52,89.9,6.3
PMT-0006,F-01,2024-02-01,12727.48,88.23,9.2
PMT-0006,F-01,2024-03-01,16047.88,90.15,18.0
PMT-0006,F-01,2024-04-01,18281.06,92.81,24.2
PMT-0006,F-01,2024-05-01,20176.24,92.59,28.1
PMT-0006,F-01,2024-06-01,20653.3,84.44,32.3
PMT-0006,F-01,2024-07-01,20182.98,88.4,31.2
PMT-0006,F-01,2024-08-01,18192.82,88.78,26.0
PMT-0006,F-01,2024-09-01,15453.32,85.91,18.4
PMT-0006,F-01,2024-10-01,12883.48,87.17,12.3
PMT-0006,F-01,2024-11-01,10351.02,89.96,6.7
PMT-0006,F-01,2024-12-01,10103.61,85.06,4.0
PMT-0007,F-01,2022-01-01,10857.62,85.44,4.9
PMT-0007,F-01,2022-02-01,12512.82,88.47,10.5
PMT-0007,F-01,2022-03-01,15345.01,87.31,19.7
PMT-0007,F-01,2022-04-01,18157.9,90.83,25.8
PMT-0007,F-01,2022-05-01,20054.54,87.15,30.3
PMT-0007,F-01,2022-06-01,21008.48,91.63,33.8
PMT-0007,F-01,2022-07-01,19710.69,89.19,30.6
PMT-0007,F-01,2022-08-01,18519.39,87.9,26.1
PMT-0007,F-01,2022-09-01,15820.19,90.39,17.4
PMT-0007,F-01,2022-10-01,12821.14,91.46,10.7
PMT-0007,F-01,2022-11-01,10662.75,89.22,5.6
PMT-0007,F-01,2022-12-01,10031.78,87.19,2.8
PMT-0007,F-01,2023-01-01,10705.64,88.58,7.1
PMT-0007,F-01,2023-02-01,12516.81,88.77,10.6
PMT-0007,F-01,2023-03-01,15001.45,90.42,18.2
PMT-0007,F-01,2023-04-01,18188.11,89.94,25.9
PMT-0007,F-01,2023-05-01,20591.32,85.33,28.8
PMT-0007,F-01,2023-06-01,21097.6,86.98,29.5
PMT-0007,F-01,2023-07-01,20090.11,88.32,31.6
PMT-0007,F-01,2023-08-01,17726.01,88.54,25.1
PMT-0007,F-01,2023-09-01,15421.43,96.85,17.9
PMT-0007,F-01,2023-10-01,12503.73,91.16,10.1
PMT-0007,F-01,2023-11-01,10580.41,85.18,7.2
PMT-0007,F-01,2023-12-01,9951.71,86.69,5.3
PMT-0007,F-01,2024-01-01,10860.35,90.05,6.7
PMT-0007,F-01,2024-02-01,12535.48,92.78,10.8
PMT-0007,F-01,2024-03-01,14985.52,87.71,16.3
PMT-0007,F-01,2024-04-01,18321.76,88.84,24.4
PMT-0007,F-01,2024-05-01,19410.96,87.79,30.3
PMT-0007,F-01,2024-06-01,20815.83,91.41,31.6
PMT-0007,F-01,2024-07-01,20181.1,88.36,28.5
PMT-0007,F-01,2024-08-01,17766.84,87.82,25.0
PMT-0007,F-01,2024-09-01,14842.35,90.43,18.6
PMT-0007,F-01,2024-10-01,12855.04,86.05,9.9
PMT-0007,F-01,2024-11-01,10381.68,89.3,5.8
PMT-0007,F-01,2024-12-01,10101.92,89.43,4.5
PMT-0008,F-01,2022-01-01,11545.01,85.0,4.8
PMT-0008,F-01,2022-02-01,13367.79,89.3,12.5
PMT-0008,F-01,2022-03-01,16585.21,89.18,16.9
PMT-0008,F-01,2022-04-01,19928.18,84.71,23.7
PMT-0008,F-01,2022-05-01,21986.91,88.66,30.9
PMT-0008,F-01,2022-06-01,21691.74,89.24,30.6
PMT-0008,F-01,2022-07-01,21364.65,87.11,30.6
PMT-0008,F-01,2022-08-01,20095.74,90.35,24.9
PMT-0008,F-01,2022-09-01,16362.94,87.28,18.9
PMT-0008,F-01,2022-10-01,13718.51,91.69,9.0
PMT-0008,F-01,2022-11-01,11589.12,86.86,6.4
PMT-0008,F-01,2022-12-01,10656.27,87.99,5.1
PMT-0008,F-01,2023-01-01,11838.5,86.21,5.9
PMT-0008,F-01,2023-02-01,13465.02,85.11,9.7
PMT-0008,F-01,2023-03-01,16349.65,88.97,16.4
PMT-0008,F-01,2023-04-01,19166.29,90.07,26.4
PMT-0008,F-01,2023-05-01,22039.48,90.9,30.3
PMT-0008,F-01,2023-06-01,22879.68,86.27,33.5
PMT-0008,F-01,2023-07-01,20935.28,90.95,30.7
PMT-0008,F-01,2023-08-01,19402.63,85.88,23.3
PMT-0008,F-01,2023-09-01,17301.13,86.05,18.3
PMT-0008,F-01,2023-10-01,13500.56,88.4,11.0
PMT-0008,F-01,2023-11-01,11423.93,86.62,5.7
PMT-0008,F-01,2023-12-01,10726.72,88.97,3.2
PMT-0008,F-01,2024-01-01,11420.8,85.7,5.1
PMT-0008,F-01,2024-02-01,13604.26,86.97,10.4
PMT-0008,F-01,2024-03-01,16943.4,93.74,18.1
PMT-0008,F-01,2024-04-01,19916.43,85.68,25.1
PMT-0008,F-01,2024-05-01,20202.31,89.54,33.2
PMT-0008,F-01,2024-06-01,21728.01,92.77,30.0
PMT-0008,F-01,2024-07-01,21579.53,88.02,31.2
PMT-0008,F-01,2024-08-01,18835.92,87.36,25.2
PMT-0008,F-01,2024-09-01,16692.89,90.58,17.1
PMT-0008,F-01,2024-10-01,13889.12,86.86,10.5
PMT-0008,F-01,2024-11-01,11269.13,90.55,5.8
PMT-0008,F-01,2024-12-01,10564.24,93.42,4.4
PMT-0009,F-01,2022-01-01,11267.33,90.68,8.2
PMT-0009,F-01,2022-02-01,13135.12,90.3,11.6
PMT-0009,F-01,2022-03-01,16455.33,93.51,16.2
PMT-0009,F-01,2022-04-01,19329.0,92.41,25.8
PMT-0009,F-01,2022-05-01,21272.78,88.94,28.0
PMT-0009,F-01,2022-06-01,21496.16,93.6,32.1
PMT-0009,F-01,2022-07-01,21161.71,87.31,29.5
PMT-0009,F-01,2022-08-01,19440.31,86.41,26.1
PMT-0009,F-01,2022-09-01,16258.9,84.69,18.1
PMT-0009,F-01,2022-10-01,13475.24,84.64,9.8
PMT-0009,F-01,2022-11-01,11816.68,89.45,5.0
PMT-0009,F-01,2022-12-01,10349.11,88.45,4.1
PMT-0009,F-01,2023-01-01,10911.39,89.03,8.0
PMT-0009,F-01,2023-02-01,12937.12,87.43,8.7
PMT-0009,F-01,2023-03-01,16022.98,90.9,18.4
PMT-0009,F-01,2023-04-01,18591.24,91.29,23.8
PMT-0009,F-01,2023-05-01,21556.28,91.21,31.2
PMT-0009,F-01,2023-06-01,22087.63,82.54,32.2
PMT-0009,F-01,2023-07-01,20396.15,90.88,30.1
PMT-0009,F-01,2023-08-01,19682.68,93.23,25.7
PMT-0009,F-01,2023-09-01,16901.07,90.12,16.1
PMT-0009,F-01,2023-10-01,13293.02,90.35,12.9
PMT-0009,F-01,2023-11-01,11134.42,93.13,4.9
PMT-0009,F-01,2023-12-01,9994.09,84.8,2.2
PMT-0009,F-01,2024-01-01,11209.64,89.04,4.9
PMT-0009,F-01,2024-02-01,13256.61,86.71,10.2
PMT-0009,F-01,2024-03-01,16664.85,95.2,17.2
PMT-0009,F-01,2024-04-01,18819.53,92.67,25.9
PMT-0009,F-01,2024-05-01,21720.77,90.62,30.2
PMT-0009,F-01,2024-06-01,21291.99,89.0,31.1
PMT-0009,F-01,2024-07-01,20799.91,90.49,29.1
PMT-0009,F-01,2024-08-01,19158.77,88.34,26.0
PMT-0009,F-01,2024-09-01,16650.55,88.76,17.6
PMT-0009,F-01,2024-10-01,13028.47,86.77,14.1
PMT-0009,F-01,2024-11-01,10967.97,90.28,7.0
PMT-0009,F-01,2024-12-01,10864.92,91.81,2.9
PMT-0010,F-01,2022-01-01,6313.28,85.13,6.3
PMT-0010,F-01,2022-02-01,7245.36,86.09,10.8
PMT-0010,F-01,2022-03-01,9274.08,85.37,18.5
PMT-0010,F-01,2022-04-01,10389.01,90.0,22.7
PMT-0010,F-01,2022-05-01,11581.54,89.22,30.4
PMT-0010,F-01,2022-06-01,12293.49,85.7,33.8
PMT-0010,F-01,2022-07-01,11594.57,88.71,31.8
PMT-0010,F-01,2022-08-01,10518.79,95.17,24.4
PMT-0010,F-01,2022-09-01,8920.94,87.42,17.5
PMT-0010,F-01,2022-10-01,7370.74,88.39,10.3
PMT-0010,F-01,2022-11-01,6291.49,92.27,5.9
PMT-0010,F-01,2022-12-01,5935.75,81.31,4.2
PMT-0010,F-01,2023-01-01,6298.16,89.79,4.9
PMT-0010,F-01,2023-02-01,7404.63,84.84,10.3
PMT-0010,F-01,2023-03-01,9059.43,90.4,18.6
PMT-0010,F-01,2023-04-01,10614.7,89.45,24.1
PMT-0010,F-01,2023-05-01,11448.49,88.42,29.4
PMT-0010,F-01,2023-06-01,11915.49,86.66,33.2
PMT-0010,F-01,2023-07-01,11451.87,91.43,30.9
PMT-0010,F-01,2023-08-01,10556.42,91.05,24.0
PMT-0010,F-01,2023-09-01,8931.56,90.16,19.2
PMT-0010,F-01,2023-10-01,7335.6,85.24,10.4
PMT-0010,F-01,2023-11-01,6441.69,93.0,4.0
PMT-0010,F-01,2023-12-01,5836.3,90.05,4.3
PMT-0010,F-01,2024-01-01,6232.95,89.19,5.6
PMT-0010,F-01,2024-02-01,7560.83,89.29,11.0
PMT-0010,F-01,2024-03-01,8959.95,85.71,19.1
PMT-0010,F-01,2024-04-01,10543.24,81.73,22.4
PMT-0010,F-01,2024-05-01,11764.84,90.98,29.0
PMT-0010,F-01,2024-06-01,12054.38,85.92,33.3
PMT-0010,F-01,2024-07-01,11503.47,87.26,31.5
PMT-0010,F-01,2024-08-01,10665.31,90.82,24.4
PMT-0010,F-01,2024-09-01,9075.76,83.22,18.9
PMT-0010,F-01,2024-10-01,7316.38,88.56,9.9
PMT-0010,F-01,2024-11-01,6296.51,95.14,5.5
PMT-0010,F-01,2024-12-01,5830.88,88.07,3.9
PMT-0011,F-02,2022-01-01,10443.84,98.59,6.8
PMT-0011,F-02,2022-02-01,12161.78,93.24,9.6
PMT-0011,F-02,2022-03-01,15287.44,99.64,17.6
PMT-0011,F-02,2022-04-01,17512.88,97.69,26.0
PMT-0011,F-02,2022-05-01,20230.56,100.0,29.4
PMT-0011,F-02,2022-06-01,20286.62,100.0,31.6
PMT-0011,F-02,2022-07-01,20262.18,99.03,30.5
PMT-0011,F-02,2022-08-01,17519.58,100.0,25.4
PMT-0011,F-02,2022-09-01,14873.49,100.0,16.9
PMT-0011,F-02,2022-10-01,12527.53,98.5,10.7
PMT-0011,F-02,2022-11-01,10538.71,99.94,4.5
PMT-0011,F-02,2022-12-01,10203.76,100.0,4.7
PMT-0011,F-02,2023-01-01,10366.21,96.91,5.4
PMT-0011,F-02,2023-02-01,12747.77,96.66,9.5
PMT-0011,F-02,2023-03-01,14870.47,99.25,18.3
PMT-0011,F-02,2023-04-01,17718.09,98.78,24.8
PMT-0011,F-02,2023-05-01,20485.64,97.04,27.9
PMT-0011,F-02,2023-06-01,20481.58,100.0,30.9
PMT-0011,F-02,2023-07-01,19878.62,100.0,30.4
PMT-0011,F-02,2023-08-01,17598.98,100.0,24.9
PMT-0011,F-02,2023-09-01,15333.58,100.0,19.9
PMT-0011,F-02,2023-10-01,12218.14,94.9,11.9
PMT-0011,F-02,2023-11-01,10151.34,98.23,8.0
PMT-0011,F-02,2023-12-01,10074.82,100.0,3.7
PMT-0011,F-02,2024-01-01,10753.78,100.0,6.4
PMT-0011,F-02,2024-02-01,12736.58,96.32,11.6
PMT-0011,F-02,2024-03-01,15395.79,98.14,16.5
PMT-0011,F-02,2024-04-01,17630.17,100.0,23.5
PMT-0011,F-02,2024-05-01,19612.74,97.36,30.6
PMT-0011,F-02,2024-06-01,19884.81,100.0,31.1
PMT-0011,F-02,2024-07-01,19136.23,95.81,31.1
PMT-0011,F-02,2024-08-01,17094.38,99.98,24.0
PMT-0011,F-02,2024-09-01,14952.29,99.98,18.6
PMT-0011,F-02,2024-10-01,12811.57,95.78,12.4
PMT-0011,F-02,2024-11-01,10750.38,97.36,6.3
PMT-0011,F-02,2024-12-01,10067.59,100.0,3.6
PMT-0012,F-02,2022-01-01,6707.45,100.0,4.9
PMT-0012,F-02,2022-02-01,7925.99,96.76,9.7
PMT-0012,F-02,2022-03-01,9910.12,93.75,18.8
PMT-0012,F-02,2022-04-01,11408.69,100.0,23.3
PMT-0012,F-02,2022-05-01,12780.55,96.45,27.8
PMT-0012,F-02,2022-06-01,12922.81,99.28,32.5
PMT-0012,F-02,2022-07-01,12359.76,100.0,31.0
PMT-0012,F-02,2022-08-01,11419.23,100.0,24.2
PMT-0012,F-02,2022-09-01,9909.98,100.0,17.5
PMT-0012,F-02,2022-10-01,8105.64,97.65,10.7
PMT-0012,F-02,2022-11-01,6719.96,100.0,5.8
PMT-0012,F-02,2022-12-01,6258.04,100.0,5.1
PMT-0012,F-02,2023-01-01,6668.81,96.49,5.6
PMT-0012,F-02,2023-02-01,7805.69,95.91,8.7
PMT-0012,F-02,2023-03-01,9652.18,100.0,17.0
PMT-0012,F-02,2023-04-01,11637.23,98.87,26.1
PMT-0012,F-02,2023-05-01,12834.69,97.42,32.4
PMT-0012,F-02,2023-06-01,13227.76,95.15,32.4
PMT-0012,F-02,2023-07-01,12831.21,100.0,31.3
PMT-0012,F-02,2023-08-01,11339.98,100.0,27.2
PMT-0012,F-02,2023-09-01,9785.77,100.0,16.0
PMT-0012,F-02,2023-10-01,8034.45,100.0,11.7
PMT-0012,F-02,2023-11-01,6780.4,100.0,7.0
PMT-0012,F-02,2023-12-01,6428.46,100.0,3.2
PMT-0012,F-02,2024-01-01,6707.52,100.0,6.3
PMT-0012,F-02,2024-02-01,8069.97,98.54,9.9
PMT-0012,F-02,2024-03-01,9792.1,97.41,18.1
PMT-0012,F-02,2024-04-01,11241.86,100.0,24.5
PMT-0012,F-02,2024-05-01,12898.51,97.67,31.4
PMT-0012,F-02,2024-06-01,12771.95,100.0,33.7
PMT-0012,F-02,2024-07-01,12542.04,100.0,28.8
PMT-0012,F-02,2024-08-01,11315.81,93.9,25.1
PMT-0012,F-02,2024-09-01,9841.16,100.0,18.1
PMT-0012,F-02,2024-10-01,8130.32,100.0,12.3
PMT-0012,F-02,2024-11-01,6587.8,95.95,4.3
PMT-0012,F-02,2024-12-01,6292.33,95.76,2.7
PMT-0013,F-02,2022-01-01,6590.82,94.44,5.4
PMT-0013,F-02,2022-02-01,7841.86,100.0,12.8
PMT-0013,F-02,2022-03-01,9571.0,99.66,15.1
PMT-0013,F-02,2022-04-01,11575.75,99.98,25.8
PMT-0013,F-02,2022-05-01,12463.21,100.0,30.3
PMT-0013,F-02,2022-06-01,13118.27,99.57,32.5
PMT-0013,F-02,2022-07-01,12280.23,100.0,27.9
PMT-0013,F-02,2022-08-01,11652.39,100.0,27.5
PMT-0013,F-02,2022-09-01,9610.37,97.84,18.6
PMT-0013,F-02,2022-10-01,7834.74,95.81,11.2
PMT-0013,F-02,2022-11-01,6747.3,94.55,6.5
PMT-0013,F-02,2022-12-01,6228.86,100.0,2.8
PMT-0013,F-02,2023-01-01,6862.65,96.04,6.5
PMT-0013,F-02,2023-02-01,7883.66,100.0,10.3
PMT-0013,F-02,2023-03-01,9691.18,95.5,20.0
PMT-0013,F-02,2023-04-01,11443.73,100.0,23.5
PMT-0013,F-02,2023-05-01,12262.43,100.0,31.1
PMT-0013,F-02,2023-06-01,13015.69,99.01,33.1
PMT-0013,F-02,2023-07-01,12260.33,100.0,29.8
PMT-0013,F-02,2023-08-01,11339.77,96.1,23.9
PMT-0013,F-02,2023-09-01,9586.66,100.0,17.1
PMT-0013,F-02,2023-10-01,7905.8,98.43,11.9
PMT-0013,F-02,2023-11-01,6734.75,96.9,5.2
PMT-0013,F-02,2023-12-01,6137.81,100.0,1.1
PMT-0013,F-02,2024-01-01,6724.51,98.69,8.1
PMT-0013,F-02,2024-02-01,7808.28,96.51,11.4
PMT-0013,F-02,2024-03-01,9536.31,100.0,17.3
PMT-0013,F-02,2024-04-01,11389.87,99.09,25.4
PMT-0013,F-02,2024-05-01,12826.27,100.0,29.9
PMT-0013,F-02,2024-06-01,12832.36,100.0,33.0
PMT-0013,F-02,2024-07-01,12390.23,96.29,29.7
PMT-0013,F-02,2024-08-01,11309.92,96.97,25.2
PMT-0013,F-02,2024-09-01,9484.57,100.0,19.2
PMT-0013,F-02,2024-10-01,7943.09,100.0,11.8
PMT-0013,F-02,2024-11-01,6726.83,100.0,6.7
PMT-0013,F-02,2024-12-01,6340.53,100.0,3.6
PMT-0014,F-02,2022-01-01,6805.17,98.31,6.8
PMT-0014,F-02,2022-02-01,8078.73,97.86,11.3
PMT-0014,F-02,2022-03-01,9825.39,94.72,17.7
PMT-0014,F-02,2022-04-01,11406.52,100.0,25.5
PMT-0014,F-02,2022-05-01,12648.64,100.0,31.9
PMT-0014,F-02,2022-06-01,13096.06,96.41,31.9
PMT-0014,F-02,2022-07-01,12353.4,99.21,29.1
PMT-0014,F-02,2022-08-01,11270.01,99.11,25.8
PMT-0014,F-02,2022-09-01,9746.27,99.82,18.6
PMT-0014,F-02,2022-10-01,8115.46,100.0,11.9
PMT-0014,F-02,2022-11-01,6790.53,100.0,3.6
PMT-0014,F-02,2022-12-01,6371.6,100.0,3.5
PMT-0014,F-02,2023-01-01,6731.43,97.33,5.2
PMT-0014,F-02,2023-02-01,7876.82,99.78,11.4
PMT-0014,F-02,2023-03-01,9751.14,96.92,16.6
PMT-0014,F-02,2023-04-01,11394.85,97.36,23.8
PMT-0014,F-02,2023-05-01,12577.3,95.74,29.4
PMT-0014,F-02,2023-06-01,13167.21,97.98,33.4
PMT-0014,F-02,2023-07-01,12861.5,100.0,29.6
PMT-0014,F-02,2023-08-01,11175.99,99.8,23.9
PMT-0014,F-02,2023-09-01,9488.51,100.0,17.2
PMT-0014,F-02,2023-10-01,8073.3,98.03,11.6
PMT-0014,F-02,2023-11-01,6808.62,100.0,5.5
PMT-0014,F-02,2023-12-01,6347.54,98.14,5.1
PMT-0014,F-02,2024-01-01,6684.88,99.68,5.4
PMT-0014,F-02,2024-02-01,7995.24,100.0,11.7
PMT-0014,F-02,2024-03-01,9614.78,100.0,19.4
PMT-0014,F-02,2024-04-01,11450.49,100.0,28.1
PMT-0014,F-02,2024-05-01,12794.96,100.0,31.7
PMT-0014,F-02,2024-06-01,13157.77,98.32,30.3
PMT-0014,F-02,2024-07-01,12510.37,100.0,30.9
PMT-0014,F-02,2024-08-01,11261.1,100.0,26.0
PMT-0014,F-02,2024-09-01,9560.39,98.2,19.1
PMT-0014,F-02,2024-10-01,8055.04,96.03,10.2
PMT-0014,F-02,2024-11-01,6861.08,100.0,5.2
PMT-0014,F-02,2024-12-01,6257.05,93.39,5.9
PMT-0015,F-02,2022-01-01,12811.92,100.0,7.7
PMT-0015,F-02,2022-02-01,14372.67,100.0,12.0
PMT-0015,F-02,2022-03-01,17708.33,100.0,17.2
PMT-0015,F-02,2022-04-01,20774.32,100.0,25.2
PMT-0015,F-02,2022-05-01,23933.64,100.0,30.2
PMT-0015,F-02,2022-06-01,23994.73,97.96,31.6
PMT-0015,F-02,2022-07-01,24149.15,100.0,30.3
PMT-0015,F-02,2022-08-01,20672.42,100.0,25.5
PMT-0015,F-02,2022-09-01,18505.45,100.0,20.1
PMT-0015,F-02,2022-10-01,14562.73,98.2,12.5
PMT-0015,F-02,2022-11-01,12263.28,95.46,5.1
PMT-0015,F-02,2022-12-01,11722.8,95.55,5.4
PMT-0015,F-02,2023-01-01,12501.98,98.32,5.6
PMT-0015,F-02,2023-02-01,15202.68,95.4,8.7
PMT-0015,F-02,2023-03-01,17709.63,100.0,18.1
PMT-0015,F-02,2023-04-01,21729.47,97.92,25.4
PMT-0015,F-02,2023-05-01,23500.74,100.0,29.2
PMT-0015,F-02,2023-06-01,23776.32,100.0,32.0
PMT-0015,F-02,2023-07-01,24629.75,100.0,29.6
PMT-0015,F-02,2023-08-01,21235.5,100.0,24.2
PMT-0015,F-02,2023-09-01,18019.27,95.52,17.4
PMT-0015,F-02,2023-10-01,14829.71,100.0,11.8
PMT-0015,F-02,2023-11-01,12334.32,100.0,5.4
PMT-0015,F-02,2023-12-01,11697.1,100.0,4.4
PMT-0015,F-02,2024-01-01,12796.62,100.0,5.1
PMT-0015,F-02,2024-02-01,15160.81,100.0,11.3
PMT-0015,F-02,2024-03-01,19174.14,97.3,17.0
PMT-0015,F-02,2024-04-01,21718.8,100.0,23.7
PMT-0015,F-02,2024-05-01,23070.33,96.61,30.4
PMT-0015,F-02,2024-06-01,24261.06,100.0,33.1
PMT-0015,F-02,2024-07-01,24188.86,98.18,29.5
PMT-0015,F-02,2024-08-01,21441.49,97.4,24.2
PMT-0015,F-02,2024-09-01,17696.37,96.34,18.8
PMT-0015,F-02,2024-10-01,15089.32,94.66,9.7
PMT-0015,F-02,2024-11-01,12658.8,97.38,7.4
PMT-0015,F-02,2024-12-01,11494.48,98.93,4.3
PMT-0016,F-02,2022-01-01,12256.83,100.0,6.1
PMT-0016,F-02,2022-02-01,13887.99,96.58,9.8
PMT-0016,F-02,2022-03-01,17013.39,100.0,18.5
PMT-0016,F-02,2022-04-01,20901.51,99.73,25.9
PMT-0016,F-02,2022-05-01,22291.89,99.83,29.5
PMT-0016,F-02,2022-06-01,23961.02,100.0,32.2
PMT-0016,F-02,2022-07-01,22586.08,100.0,28.2
PMT-0016,F-02,2022-08-01,20015.75,100.0,25.6
PMT-0016,F-02,2022-09-01,17611.84,100.0,19.1
PMT-0016,F-02,2022-10-01,14308.37,90.9,8.8
PMT-0016,F-02,2022-11-01,12119.78,99.31,4.9
PMT-0016,F-02,2022-12-01,11260.77,99.97,2.9
PMT-0016,F-02,2023-01-01,11961.2,95.31,5.0
PMT-0016,F-02,2023-02-01,14265.53,100.0,13.2
PMT-0016,F-02,2023-03-01,18095.95,100.0,17.5
PMT-0016,F-02,2023-04-01,20109.57,96.52,24.5
PMT-0016,F-02,2023-05-01,22431.37,99.08,29.5
PMT-0016,F-02,2023-06-01,23941.44,100.0,31.1
PMT-0016,F-02,2023-07-01,22942.57,99.74,28.9
PMT-0016,F-02,2023-08-01,21292.25,98.54,24.7
PMT-0016,F-02,2023-09-01,17234.83,95.5,17.4
PMT-0016,F-02,2023-10-01,14754.53,100.0,11.6
PMT-0016,F-02,2023-11-01,11859.41,93.85,5.0
PMT-0016,F-02,2023-12-01,11096.0,97.74,2.1
PMT-0016,F-02,2024-01-01,12006.74,100.0,4.8
PMT-0016,F-02,2024-02-01,14296.06,98.88,10.4
PMT-0016,F-02,2024-03-01,18372.59,100.0,18.7
PMT-0016,F-02,2024-04-01,21031.36,100.0,23.7
PMT-0016,F-02,2024-05-01,21828.79,98.39,30.0
PMT-0016,F-02,2024-06-01,23458.53,100.0,31.3
PMT-0016,F-02,2024-07-01,22324.97,98.93,29.1
PMT-0016,F-02,2024-08-01,21077.9,97.39,25.5
PMT-0016,F-02,2024-09-01,17899.09,99.53,19.1
PMT-0016,F-02,2024-10-01,14252.52,100.0,11.2
PMT-0016,F-02,2024-11-01,12425.19,100.0,5.5
PMT-0016,F-02,2024-12-01,11072.43,100.0,5.7
PMT-0017,F-02,2022-01-01,8140.85,98.59,6.8
PMT-0017,F-02,2022-02-01,9644.09,99.93,9.6
PMT-0017,F-02,2022-03-01,12040.55,96.64,17.9
PMT-0017,F-02,2022-04-01,14527.15,98.73,25.3
PMT-0017,F-02,2022-05-01,15367.77,99.14,31.1
PMT-0017,F-02,2022-06-01,15842.8,97.24,34.2
PMT-0017,F-02,2022-07-01,15320.46,99.67,29.5
PMT-0017,F-02,2022-08-01,13842.34,100.0,24.6
PMT-0017,F-02,2022-09-01,11749.66,100.0,20.0
PMT-0017,F-02,2022-10-01,10096.9,99.46,12.0
PMT-0017,F-02,2022-11-01,8666.98,92.0,5.9
PMT-0017,F-02,2022-12-01,7697.04,100.0,3.7
PMT-0017,F-02,2023-01-01,8597.13,98.61,4.6
PMT-0017,F-02,2023-02-01,9396.71,99.51,11.0
PMT-0017,F-02,2023-03-01,12114.53,97.64,16.7
PMT-0017,F-02,2023-04-01,13441.09,100.0,26.4
PMT-0017,F-02,2023-05-01,15379.27,92.19,28.8
PMT-0017,F-02,2023-06-01,15957.92,99.44,32.9
PMT-0017,F-02,2023-07-01,14709.79,100.0,31.1
PMT-0017,F-02,2023-08-01,14100.11,98.1,25.9
PMT-0017,F-02,2023-09-01,11866.31,100.0,16.6
PMT-0017,F-02,2023-10-01,9649.54,96.27,9.9
PMT-0017,F-02,2023-11-01,8328.87,99.62,6.8
PMT-0017,F-02,2023-12-01,7628.08,100.0,4.5
PMT-0017,F-02,2024-01-01,8154.52,98.28,6.1
PMT-0017,F-02,2024-02-01,9693.79,100.0,10.7
PMT-0017,F-02,2024-03-01,11648.89,96.79,17.3
PMT-0017,F-02,2024-04-01,13420.58,100.0,24.6
PMT-0017,F-02,2024-05-01,15489.03,99.24,29.5
PMT-0017,F-02,2024-06-01,15869.89,100.0,33.0
PMT-0017,F-02,2024-07-01,15482.25,97.67,30.6
PMT-0017,F-02,2024-08-01,13720.38,94.25,23.9
PMT-0017,F-02,2024-09-01,11784.82,98.47,18.0
PMT-0017,F-02,2024-10-01,9259.44,100.0,10.3
PMT-0017,F-02,2024-11-01,8612.72,99.33,5.9
PMT-0017,F-02,2024-12-01,7734.42,98.84,3.3
PMT-0018,F-02,2022-01-01,12827.23,98.67,5.0
PMT-0018,F-02,2022-02-01,15128.16,97.66,10.7
PMT-0018,F-02,2022-03-01,18621.02,99.35,17.4
PMT-0018,F-02,2022-04-01,22299.05,93.72,25.2
PMT-0018,F-02,2022-05-01,24564.87,100.0,33.0
PMT-0018,F-02,2022-06-01,24600.98,100.0,32.6
PMT-0018,F-02,2022-07-01,24374.16,100.0,30.3
PMT-0018,F-02,2022-08-01,21469.16,100.0,23.6
PMT-0018,F-02,2022-09-01,18830.51,98.39,19.3
PMT-0018,F-02,2022-10-01,15624.77,100.0,8.9
PMT-0018,F-02,2022-11-01,13225.94,100.0,4.1
PMT-0018,F-02,2022-12-01,12284.82,97.24,3.8
PMT-0018,F-02,2023-01-01,12996.61,100.0,4.6
PMT-0018,F-02,2023-02-01,15565.89,99.07,14.0
PMT-0018,F-02,2023-03-01,19198.83,100.0,16.4
PMT-0018,F-02,2023-04-01,22311.77,98.84,25.5
PMT-0018,F-02,2023-05-01,24303.31,99.57,30.2
PMT-0018,F-02,2023-06-01,25848.48,100.0,30.9
PMT-0018,F-02,2023-07-01,24278.09,100.0,28.6
PMT-0018,F-02,2023-08-01,21853.08,100.0,26.2
PMT-0018,F-02,2023-09-01,18677.0,96.92,19.8
PMT-0018,F-02,2023-10-01,15606.84,93.6,11.4
PMT-0018,F-02,2023-11-01,13115.17,100.0,5.4
PMT-0018,F-02,2023-12-01,12019.61,95.68,4.7
PMT-0018,F-02,2024-01-01,13367.28,96.58,5.6
PMT-0018,F-02,2024-02-01,15710.53,98.98,12.6
PMT-0018,F-02,2024-03-01,18309.18,100.0,18.6
PMT-0018,F-02,2024-04-01,22019.31,98.87,25.1
PMT-0018,F-02,2024-05-01,23999.67,98.82,29.7
PMT-0018,F-02,2024-06-01,25472.19,96.99,32.5
PMT-0018,F-02,2024-07-01,24780.74,100.0,29.9
PMT-0018,F-02,2024-08-01,21813.75,100.0,24.8
PMT-0018,F-02,2024-09-01,18743.89,98.53,18.2
PMT-0018,F-02,2024-10-01,15698.06,96.28,12.0
PMT-0018,F-02,2024-11-01,13153.14,94.63,7.3
PMT-0018,F-02,2024-12-01,12342.69,100.0,3.1
PMT-0019,F-02,2022-01-01,7288.08,99.22,5.5
PMT-0019,F-02,2022-02-01,8584.76,98.27,11.5
PMT-0019,F-02,2022-03-01,10378.71,100.0,19.6
PMT-0019,F-02,2022-04-01,12746.03,99.54,26.7
PMT-0019,F-02,2022-05-01,13760.2,100.0,30.2
PMT-0019,F-02,2022-06-01,14831.51,100.0,31.7
PMT-0019,F-02,2022-07-01,13229.41,99.39,29.5
PMT-0019,F-02,2022-08-01,12093.28,100.0,23.9
PMT-0019,F-02,2022-09-01,10647.5,96.29,16.8
PMT-0019,F-02,2022-10-01,8528.46,96.18,11.7
PMT-0019,F-02,2022-11-01,7050.3,100.0,6.7
PMT-0019,F-02,2022-12-01,6684.78,100.0,4.0
PMT-0019,F-02,2023-01-01,7156.4,99.48,6.0
PMT-0019,F-02,2023-02-01,8483.05,100.0,11.6
PMT-0019,F-02,2023-03-01,10519.79,95.52,15.6
PMT-0019,F-02,2023-04-01,12222.82,100.0,25.9
PMT-0019,F-02,2023-05-01,13810.06,100.0,31.2
PMT-0019,F-02,2023-06-01,14402.44,100.0,31.4
PMT-0019,F-02,2023-07-01,13549.89,99.78,31.0
PMT-0019,F-02,2023-08-01,12089.6,96.68,24.0
PMT-0019,F-02,2023-09-01,10358.2,98.25,19.9
PMT-0019,F-02,2023-10-01,8691.26,100.0,10.2
PMT-0019,F-02,2023-11-01,7328.5,100.0,7.3
PMT-0019,F-02,2023-12-01,6829.84,100.0,3.4
PMT-0019,F-02,2024-01-01,7213.03,100.0,6.0
PMT-0019,F-02,2024-02-01,8618.34,99.91,11.1
PMT-0019,F-02,2024-03-01,10584.43,99.91,18.3
PMT-0019,F-02,2024-04-01,12567.54,100.0,25.3
PMT-0019,F-02,2024-05-01,13820.92,100.0,30.0
PMT-0019,F-02,2024-06-01,14303.35,100.0,31.6
PMT-0019,F-02,2024-07-01,13054.77,98.36,29.5
PMT-0019,F-02,2024-08-01,12241.54,98.34,25.3
PMT-0019,F-02,2024-09-01,10765.06,100.0,14.6
PMT-0019,F-02,2024-10-01,8567.13,97.04,11.2
PMT-0019,F-02,2024-11-01,7279.36,99.81,6.8
PMT-0019,F-02,2024-12-01,6824.46,100.0,3.4
PMT-0020,F-02,2022-01-01,10003.2,100.0,5.0
PMT-0020,F-02,2022-02-01,11820.68,99.51,11.5
PMT-0020,F-02,2022-03-01,14615.54,97.6,19.0
PMT-0020,F-02,2022-04-01,16938.46,100.0,23.6
PMT-0020,F-02,2022-05-01,19505.11,99.43,30.3
PMT-0020,F-02,2022-06-01,18992.02,98.37,31.3
PMT-0020,F-02,2022-07-01,18834.26,95.39,29.9
PMT-0020,F-02,2022-08-01,16462.38,100.0,27.2
PMT-0020,F-02,2022-09-01,14266.96,100.0,17.1
PMT-0020,F-02,2022-10-01,12097.59,96.44,10.7
PMT-0020,F-02,2022-11-01,10069.2,100.0,8.4
PMT-0020,F-02,2022-12-01,9300.06,100.0,3.6
PMT-0020,F-02,2023-01-01,10324.23,100.0,6.1
PMT-0020,F-02,2023-02-01,11811.98,96.44,9.9
PMT-0020,F-02,2023-03-01,14010.82,100.0,17.0
PMT-0020,F-02,2023-04-01,17105.58,100.0,24.4
PMT-0020,F-02,2023-05-01,18545.16,100.0,30.6
PMT-0020,F-02,2023-06-01,19897.39,96.87,31.8
PMT-0020,F-02,2023-07-01,18671.03,100.0,28.4
PMT-0020,F-02,2023-08-01,17416.78,97.26,25.8
PMT-0020,F-02,2023-09-01,14093.94,100.0,16.2
PMT-0020,F-02,2023-10-01,11930.21,98.99,13.2
PMT-0020,F-02,2023-11-01,9772.58,100.0,6.7
PMT-0020,F-02,2023-12-01,9668.81,100.0,2.8
PMT-0020,F-02,2024-01-01,10102.55,100.0,8.3
PMT-0020,F-02,2024-02-01,11747.83,100.0,10.1
PMT-0020,F-02,2024-03-01,14014.64,97.32,18.2
PMT-0020,F-02,2024-04-01,17098.04,100.0,25.9
PMT-0020,F-02,2024-05-01,19267.52,98.9,30.0
PMT-0020,F-02,2024-06-01,19443.64,100.0,33.1
PMT-0020,F-02,2024-07-01,19106.2,97.16,31.1
PMT-0020,F-02,2024-08-01,17043.81,100.0,25.8
PMT-0020,F-02,2024-09-01,14299.51,100.0,17.1
PMT-0020,F-02,2024-10-01,12290.17,100.0,11.3
PMT-0020,F-02,2024-11-01,9914.57,100.0,5.5
PMT-0020,F-02,2024-12-01,9394.88,98.51,5.9
PMT-0021,F-03,2022-01-01,8408.07,97.07,5.0
PMT-0021,F-03,2022-02-01,10051.08,90.51,12.0
PMT-0021,F-03,2022-03-01,11861.87,97.1,18.2
PMT-0021,F-03,2022-04-01,14166.98,94.7,26.5
PMT-0021,F-03,2022-05-01,15362.81,100.0,26.5
PMT-0021,F-03,2022-06-01,16150.29,98.06,31.2
PMT-0021,F-03,2022-07-01,15360.62,95.26,29.8
PMT-0021,F-03,2022-08-01,14309.0,93.38,23.4
PMT-0021,F-03,2022-09-01,12208.79,99.62,19.6
PMT-0021,F-03,2022-10-01,10070.92,94.42,11.1
PMT-0021,F-03,2022-11-01,8292.23,94.3,4.2
PMT-0021,F-03,2022-12-01,7914.62,96.13,0.6
PMT-0021,F-03,2023-01-01,8385.74,100.0,5.5
PMT-0021,F-03,2023-02-01,9846.74,98.25,8.8
PMT-0021,F-03,2023-03-01,12065.95,95.11,17.6
PMT-0021,F-03,2023-04-01,14173.99,96.72,23.6
PMT-0021,F-03,2023-05-01,15584.13,94.71,31.3
PMT-0021,F-03,2023-06-01,16441.0,92.58,32.1
PMT-0021,F-03,2023-07-01,15611.89,97.62,29.7
PMT-0021,F-03,2023-08-01,14265.11,92.02,23.2
PMT-0021,F-03,2023-09-01,12120.95,99.5,19.0
PMT-0021,F-03,2023-10-01,9870.89,96.29,10.2
PMT-0021,F-03,2023-11-01,8230.68,93.85,4.6
PMT-0021,F-03,2023-12-01,7665.28,98.53,1.4
PMT-0021,F-03,2024-01-01,8470.15,99.29,6.2
PMT-0021,F-03,2024-02-01,10003.71,94.86,9.9
PMT-0021,F-03,2024-03-01,11982.37,97.76,18.5
PMT-0021,F-03,2024-04-01,14381.16,96.54,24.6
PMT-0021,F-03,2024-05-01,15879.35,99.64,32.0
PMT-0021,F-03,2024-06-01,16234.25,93.3,30.4
PMT-0021,F-03,2024-07-01,15731.95,96.13,30.9
PMT-0021,F-03,2024-08-01,14357.56,96.38,23.9
PMT-0021,F-03,2024-09-01,11968.6,95.78,19.0
PMT-0021,F-03,2024-10-01,9997.09,94.85,7.7
PMT-0021,F-03,2024-11-01,8395.65,97.34,6.9
PMT-0021,F-03,2024-12-01,7673.02,99.79,4.9
PMT-0022,F-03,2022-01-01,18136.17,94.77,7.6
PMT-0022,F-03,2022-02-01,21980.46,98.61,13.1
PMT-0022,F-03,2022-03-01,26030.93,100.0,17.1
PMT-0022,F-03,2022-04-01,30975.47,100.0,24.4
PMT-0022,F-03,2022-05-01,35105.57,96.94,29.5
PMT-0022,F-03,2022-06-01,36403.15,97.23,30.6
PMT-0022,F-03,2022-07-01,34190.28,94.36,28.0
PMT-0022,F-03,2022-08-01,30828.99,98.59,21.7
PMT-0022,F-03,2022-09-01,26419.79,91.72,19.3
PMT-0022,F-03,2022-10-01,21310.64,99.41,10.4
PMT-0022,F-03,2022-11-01,18468.03,99.79,5.1
PMT-0022,F-03,2022-12-01,16718.13,93.81,5.7
PMT-0022,F-03,2023-01-01,18573.09,94.26,6.3
PMT-0022,F-03,2023-02-01,22154.86,97.13,9.0
PMT-0022,F-03,2023-03-01,26434.99,94.78,18.6
PMT-0022,F-03,2023-04-01,31357.22,98.21,25.8
PMT-0022,F-03,2023-05-01,34486.49,93.63,30.4
PMT-0022,F-03,2023-06-01,35630.91,91.66,30.5
PMT-0022,F-03,2023-07-01,35020.41,97.68,30.3
PMT-0022,F-03,2023-08-01,30753.03,95.94,22.0
PMT-0022,F-03,2023-09-01,26224.09,100.0,18.7
PMT-0022,F-03,2023-10-01,22776.3,93.12,12.6
PMT-0022,F-03,2023-11-01,18634.32,98.05,4.6
PMT-0022,F-03,2023-12-01,16943.03,96.13,1.1
PMT-0022,F-03,2024-01-01,17904.01,99.69,6.2
PMT-0022,F-03,2024-02-01,21609.67,99.07,13.2
PMT-0022,F-03,2024-03-01,26409.32,95.65,18.4
PMT-0022,F-03,2024-04-01,31759.2,93.2,26.3
PMT-0022,F-03,2024-05-01,34787.31,100.0,29.0
PMT-0022,F-03,2024-06-01,35776.87,100.0,32.9
PMT-0022,F-03,2024-07-01,33950.89,98.28,31.1
PMT-0022,F-03,2024-08-01,30902.37,99.51,22.5
PMT-0022,F-03,2024-09-01,26321.32,98.81,18.0
PMT-0022,F-03,2024-10-01,22142.19,93.27,9.3
PMT-0022,F-03,2024-11-01,17862.68,94.13,7.1
PMT-0022,F-03,2024-12-01,16440.24,96.17,4.3
PMT-0023,F-03,2022-01-01,9128.68,97.89,7.2
PMT-0023,F-03,2022-02-01,10741.01,98.44,9.3
PMT-0023,F-03,2022-03-01,13185.93,100.0,17.7
PMT-0023,F-03,2022-04-01,15334.85,93.13,24.3
PMT-0023,F-03,2022-05-01,17460.44,100.0,29.3
PMT-0023,F-03,2022-06-01,17651.1,99.69,32.0
PMT-0023,F-03,2022-07-01,17155.28,97.4,30.5
PMT-0023,F-03,2022-08-01,15315.32,97.02,25.0
PMT-0023,F-03,2022-09-01,13360.48,100.0,16.9
PMT-0023,F-03,2022-10-01,10914.9,93.16,9.6
PMT-0023,F-03,2022-11-01,8955.46,95.96,7.9
PMT-0023,F-03,2022-12-01,8783.13,97.19,3.3
PMT-0023,F-03,2023-01-01,9336.95,95.02,5.8
PMT-0023,F-03,2023-02-01,10971.02,100.0,10.4
PMT-0023,F-03,2023-03-01,13293.15,97.93,17.8
PMT-0023,F-03,2023-04-01,15181.65,96.83,24.1
PMT-0023,F-03,2023-05-01,17134.24,99.02,30.6
PMT-0023,F-03,2023-06-01,17503.82,96.25,33.8
PMT-0023,F-03,2023-07-01,17477.64,92.83,29.4
PMT-0023,F-03,2023-08-01,15147.72,100.0,27.4
PMT-0023,F-03,2023-09-01,13219.36,98.16,16.1
PMT-0023,F-03,2023-10-01,10930.09,99.43,10.9
PMT-0023,F-03,2023-11-01,8949.98,94.32,6.5
PMT-0023,F-03,2023-12-01,8558.88,99.74,3.7
PMT-0023,F-03,2024-01-01,9494.33,91.84,8.0
PMT-0023,F-03,2024-02-01,10871.17,99.84,10.1
PMT-0023,F-03,2024-03-01,13377.41,94.39,18.7
PMT-0023,F-03,2024-04-01,15601.02,92.05,24.4
PMT-0023,F-03,2024-05-01,16992.41,98.47,29.9
PMT-0023,F-03,2024-06-01,18174.47,93.87,33.5
PMT-0023,F-03,2024-07-01,17387.28,97.26,29.9
PMT-0023,F-03,2024-08-01,15180.28,95.66,24.1
PMT-0023,F-03,2024-09-01,13514.66,99.34,20.0
PMT-0023,F-03,2024-10-01,11132.04,97.02,10.0
PMT-0023,F-03,2024-11-01,9387.97,95.04,4.9
PMT-0023,F-03,2024-12-01,8747.71,97.96,3.7
PMT-0024,F-03,2022-01-01,15907.07,98.77,3.3
PMT-0024,F-03,2022-02-01,18339.02,98.14,11.9
PMT-0024,F-03,2022-03-01,23537.84,95.52,17.8
PMT-0024,F-03,2022-04-01,25906.14,95.01,26.3
PMT-0024,F-03,2022-05-01,30185.86,94.1,27.9
PMT-0024,F-03,2022-06-01,30558.21,100.0,32.8
PMT-0024,F-03,2022-07-01,28751.89,96.56,29.5
PMT-0024,F-03,2022-08-01,27558.74,95.06,25.6
PMT-0024,F-03,2022-09-01,22194.37,98.34,18.5
PMT-0024,F-03,2022-10-01,18873.86,95.81,12.2
PMT-0024,F-03,2022-11-01,16345.55,94.91,5.5
PMT-0024,F-03,2022-12-01,14312.11,96.99,5.5
PMT-0024,F-03,2023-01-01,16162.19,100.0,3.9
PMT-0024,F-03,2023-02-01,18944.94,97.06,10.3
PMT-0024,F-03,2023-03-01,23119.16,92.08,18.0
PMT-0024,F-03,2023-04-01,26258.18,96.45,23.0
PMT-0024,F-03,2023-05-01,30205.72,97.44,29.1
PMT-0024,F-03,2023-06-01,31135.81,94.03,32.4
PMT-0024,F-03,2023-07-01,30069.53,99.36,28.6
PMT-0024,F-03,2023-08-01,27793.54,91.58,25.3
PMT-0024,F-03,2023-09-01,23981.99,91.87,18.5
PMT-0024,F-03,2023-10-01,18569.62,93.48,11.0
PMT-0024,F-03,2023-11-01,15272.9,99.69,5.3
PMT-0024,F-03,2023-12-01,15005.14,95.77,2.7
PMT-0024,F-03,2024-01-01,15433.42,98.24,3.6
PMT-0024,F-03,2024-02-01,18711.97,98.26,9.7
PMT-0024,F-03,2024-03-01,23835.67,94.67,18.3
PMT-0024,F-03,2024-04-01,26510.82,96.16,26.8
PMT-0024,F-03,2024-05-01,31311.16,93.8,31.1
PMT-0024,F-03,2024-06-01,31078.33,98.09,32.3
PMT-0024,F-03,2024-07-01,29649.82,94.33,30.6
PMT-0024,F-03,2024-08-01,26743.1,95.12,23.8
PMT-0024,F-03,2024-09-01,23629.45,91.84,17.2
PMT-0024,F-03,2024-10-01,19055.99,96.94,11.9
PMT-0024,F-03,2024-11-01,15598.18,97.44,7.9
PMT-0024,F-03,2024-12-01,15105.98,89.88,2.7
PMT-0025,F-03,2022-01-01,8298.98,95.34,6.5
PMT-0025,F-03,2022-02-01,9697.63,95.18,10.0
PMT-0025,F-03,2022-03-01,12331.1,97.85,17.6
PMT-0025,F-03,2022-04-01,14269.95,96.3,25.1
PMT-0025,F-03,2022-05-01,15575.87,98.74,29.8
PMT-0025,F-03,2022-06-01,14801.32,98.19,30.8
PMT-0025,F-03,2022-07-01,15718.69,92.84,28.8
PMT-0025,F-03,2022-08-01,14648.66,100.0,25.2
PMT-0025,F-03,2022-09-01,11656.22,95.27,17.0
PMT-0025,F-03,2022-10-01,10141.78,98.73,10.9
PMT-0025,F-03,2022-11-01,8404.65,96.71,6.6
PMT-0025,F-03,2022-12-01,7957.1,92.61,5.4
PMT-0025,F-03,2023-01-01,8600.45,96.47,5.8
PMT-0025,F-03,2023-02-01,9920.08,91.97,12.7
PMT-0025,F-03,2023-03-01,11282.36,100.0,17.4
PMT-0025,F-03,2023-04-01,13792.27,100.0,25.0
PMT-0025,F-03,2023-05-01,14497.08,96.32,32.0
PMT-0025,F-03,2023-06-01,16592.75,93.74,31.0
PMT-0025,F-03,2023-07-01,15541.76,100.0,29.1
PMT-0025,F-03,2023-08-01,12898.08,100.0,28.1
PMT-0025,F-03,2023-09-01,11125.9,91.93,18.1
PMT-0025,F-03,2023-10-01,9514.86,94.04,11.5
PMT-0025,F-03,2023-11-01,8031.48,97.92,6.7
PMT-0025,F-03,2023-12-01,7910.19,92.26,3.4
PMT-0025,F-03,2024-01-01,8354.48,97.97,5.9
PMT-0025,F-03,2024-02-01,9603.36,96.35,8.4
PMT-0025,F-03,2024-03-01,12579.22,98.18,17.5
PMT-0025,F-03,2024-04-01,14928.3,97.41,25.4
PMT-0025,F-03,2024-05-01,14643.88,93.01,30.1
PMT-0025,F-03,2024-06-01,15241.3,98.92,34.0
PMT-0025,F-03,2024-07-01,14327.68,97.25,29.4
PMT-0025,F-03,2024-08-01,14079.6,98.31,25.7
PMT-0025,F-03,2024-09-01,12353.77,94.89,17.0
PMT-0025,F-03,2024-10-01,9163.36,96.03,12.1
PMT-0025,F-03,2024-11-01,8148.57,99.61,7.8
PMT-0025,F-03,2024-12-01,7411.9,95.94,4.9
PMT-0026,F-03,2022-01-01,11096.23,100.0,4.3
PMT-0026,F-03,2022-02-01,13224.79,96.58,10.9
PMT-0026,F-03,2022-03-01,16111.39,99.82,18.3
PMT-0026,F-03,2022-04-01,19175.83,94.95,25.0
PMT-0026,F-03,2022-05-01,21579.58,96.92,30.5
PMT-0026,F-03,2022-06-01,22020.92,89.56,30.1
PMT-0026,F-03,2022-07-01,20970.18,93.91,30.3
PMT-0026,F-03,2022-08-01,18536.75,95.57,25.1
PMT-0026,F-03,2022-09-01,16501.18,97.53,18.2
PMT-0026,F-03,2022-10-01,13390.55,96.61,11.2
PMT-0026,F-03,2022-11-01,11754.97,96.25,6.2
PMT-0026,F-03,2022-12-01,10379.11,99.34,3.7
PMT-0026,F-03,2023-01-01,11028.11,100.0,4.8
PMT-0026,F-03,2023-02-01,12947.9,99.18,12.7
PMT-0026,F-03,2023-03-01,16114.67,94.01,18.8
PMT-0026,F-03,2023-04-01,18971.03,95.05,28.0
PMT-0026,F-03,2023-05-01,21471.77,93.29,28.5
PMT-0026,F-03,2023-06-01,21913.26,96.17,33.1
PMT-0026,F-03,2023-07-01,21955.07,97.12,29.3
PMT-0026,F-03,2023-08-01,19744.95,98.54,22.9
PMT-0026,F-03,2023-09-01,16088.04,96.77,17.2
PMT-0026,F-03,2023-10-01,13579.49,92.71,11.9
PMT-0026,F-03,2023-11-01,11522.55,97.66,4.1
PMT-0026,F-03,2023-12-01,10412.92,100.0,4.3
PMT-0026,F-03,2024-01-01,11349.7,96.35,3.7
PMT-0026,F-03,2024-02-01,13212.91,99.95,11.8
PMT-0026,F-03,2024-03-01,16636.49,100.0,19.4
PMT-0026,F-03,2024-04-01,19509.9,99.87,23.7
PMT-0026,F-03,2024-05-01,20900.08,93.56,31.5
PMT-0026,F-03,2024-06-01,21701.49,97.47,32.3
PMT-0026,F-03,2024-07-01,21766.89,100.0,29.5
PMT-0026,F-03,2024-08-01,19590.15,98.11,24.3
PMT-0026,F-03,2024-09-01,15975.34,94.14,19.2
PMT-0026,F-03,2024-10-01,13677.86,94.51,10.4
PMT-0026,F-03,2024-11-01,11348.45,94.24,6.0
PMT-0026,F-03,2024-12-01,10428.58,96.43,5.6
PMT-0027,F-03,2022-01-01,8825.86,93.47,4.9
PMT-0027,F-03,2022-02-01,10008.51,93.24,9.8
PMT-0027,F-03,2022-03-01,12262.68,93.05,18.5
PMT-0027,F-03,2022-04-01,14623.47,96.21,25.9
PMT-0027,F-03,2022-05-01,16365.71,99.3,31.1
PMT-0027,F-03,2022-06-01,16586.61,97.64,30.1
PMT-0027,F-03,2022-07-01,16236.51,98.67,29.9
PMT-0027,F-03,2022-08-01,14647.79,95.85,25.0
PMT-0027,F-03,2022-09-01,12735.0,95.87,17.3
PMT-0027,F-03,2022-10-01,10642.72,100.0,9.5
PMT-0027,F-03,2022-11-01,8662.44,98.31,6.9
PMT-0027,F-03,2022-12-01,8062.46,98.09,5.8
PMT-0027,F-03,2023-01-01,8753.35,96.56,6.6
PMT-0027,F-03,2023-02-01,10264.49,97.26,12.3
PMT-0027,F-03,2023-03-01,12232.48,98.02,17.6
PMT-0027,F-03,2023-04-01,14326.54,94.93,24.7
PMT-0027,F-03,2023-05-01,16632.59,99.78,30.1
PMT-0027,F-03,2023-06-01,17076.64,96.42,31.3
PMT-0027,F-03,2023-07-01,16274.45,100.0,27.9
PMT-0027,F-03,2023-08-01,14146.08,96.33,24.4
PMT-0027,F-03,2023-09-01,12473.91,95.31,16.9
PMT-0027,F-03,2023-10-01,10203.93,95.44,10.9
PMT-0027,F-03,2023-11-01,9029.58,99.76,5.0
PMT-0027,F-03,2023-12-01,8291.92,94.11,3.1
PMT-0027,F-03,2024-01-01,8769.64,95.56,4.7
PMT-0027,F-03,2024-02-01,10345.69,95.37,10.8
PMT-0027,F-03,2024-03-01,12459.98,98.91,17.4
PMT-0027,F-03,2024-04-01,14459.22,97.32,24.6
PMT-0027,F-03,2024-05-01,16370.04,91.4,29.2
PMT-0027,F-03,2024-06-01,17191.68,94.8,33.3
PMT-0027,F-03,2024-07-01,16330.68,97.09,31.1
PMT-0027,F-03,2024-08-01,14847.04,96.65,24.2
PMT-0027,F-03,2024-09-01,12669.1,97.36,14.8
PMT-0027,F-03,2024-10-01,10277.1,100.0,11.7
PMT-0027,F-03,2024-11-01,9088.51,95.35,6.8
PMT-0027,F-03,2024-12-01,8267.19,97.6,6.1
PMT-0028,F-03,2022-01-01,6452.11,95.55,8.4
PMT-0028,F-03,2022-02-01,7379.73,94.76,9.3
PMT-0028,F-03,2022-03-01,9514.45,95.4,18.7
PMT-0028,F-03,2022-04-01,10564.56,94.71,23.8
PMT-0028,F-03,2022-05-01,12562.37,98.71,30.5
PMT-0028,F-03,2022-06-01,13394.37,95.41,29.9
PMT-0028,F-03,2022-07-01,12796.81,96.67,31.2
PMT-0028,F-03,2022-08-01,11870.46,100.0,25.7
PMT-0028,F-03,2022-09-01,9111.33,95.74,18.8
PMT-0028,F-03,2022-10-01,7526.17,93.79,10.6
PMT-0028,F-03,2022-11-01,6591.28,93.43,7.7
PMT-0028,F-03,2022-12-01,6277.84,98.48,4.0
PMT-0028,F-03,2023-01-01,6889.4,95.28,6.0
PMT-0028,F-03,2023-02-01,8151.32,97.37,11.1
PMT-0028,F-03,2023-03-01,9517.45,91.9,18.6
PMT-0028,F-03,2023-04-01,10731.42,100.0,23.2
PMT-0028,F-03,2023-05-01,11659.23,97.36,32.6
PMT-0028,F-03,2023-06-01,12599.27,97.62,31.8
PMT-0028,F-03,2023-07-01,11822.66,97.08,30.2
PMT-0028,F-03,2023-08-01,10522.66,93.23,24.1
PMT-0028,F-03,2023-09-01,10031.11,95.55,17.8
PMT-0028,F-03,2023-10-01,7924.95,93.57,10.6
PMT-0028,F-03,2023-11-01,6544.66,95.54,6.5
PMT-0028,F-03,2023-12-01,6245.55,96.78,5.1
PMT-0028,F-03,2024-01-01,6626.32,98.97,3.8
PMT-0028,F-03,2024-02-01,7631.04,95.4,12.5
PMT-0028,F-03,2024-03-01,9024.18,96.54,19.0
PMT-0028,F-03,2024-04-01,11566.25,97.03,26.7
PMT-0028,F-03,2024-05-01,12421.66,99.6,29.3
PMT-0028,F-03,2024-06-01,12016.06,94.38,31.6
PMT-0028,F-03,2024-07-01,12403.2,99.76,30.8
PMT-0028,F-03,2024-08-01,11906.22,95.89,24.3
PMT-0028,F-03,2024-09-01,9426.78,99.53,17.9
PMT-0028,F-03,2024-10-01,7216.69,93.62,9.9
PMT-0028,F-03,2024-11-01,6986.92,100.0,5.7
PMT-0028,F-03,2024-12-01,6743.38,94.31,3.4
PMT-0029,F-03,2022-01-01,9249.69,100.0,5.9
PMT-0029,F-03,2022-02-01,10680.45,97.54,8.1
PMT-0029,F-03,2022-03-01,12914.08,100.0,17.1
PMT-0029,F-03,2022-04-01,15149.68,100.0,24.3
PMT-0029,F-03,2022-05-01,17547.51,96.46,27.4
PMT-0029,F-03,2022-06-01,17657.86,96.37,31.0
PMT-0029,F-03,2022-07-01,16571.33,95.39,30.7
PMT-0029,F-03,2022-08-01,15332.94,95.33,23.5
PMT-0029,F-03,2022-09-01,13218.58,93.94,17.0
PMT-0029,F-03,2022-10-01,10656.83,92.96,9.7
PMT-0029,F-03,2022-11-01,8938.39,89.42,5.4
PMT-0029,F-03,2022-12-01,8420.78,93.11,3.5
PMT-0029,F-03,2023-01-01,9391.55,92.51,5.0
PMT-0029,F-03,2023-02-01,10895.01,96.66,8.3
PMT-0029,F-03,2023-03-01,13067.49,99.95,17.9
PMT-0029,F-03,2023-04-01,15353.2,98.21,24.0
PMT-0029,F-03,2023-05-01,17212.14,98.82,28.0
PMT-0029,F-03,2023-06-01,17765.12,91.7,31.3
PMT-0029,F-03,2023-07-01,17021.68,96.76,29.1
PMT-0029,F-03,2023-08-01,15526.75,100.0,26.1
PMT-0029,F-03,2023-09-01,13187.39,97.38,15.2
PMT-0029,F-03,2023-10-01,10783.06,91.59,10.5
PMT-0029,F-03,2023-11-01,9247.46,97.89,6.9
PMT-0029,F-03,2023-12-01,8648.03,95.01,7.0
PMT-0029,F-03,2024-01-01,8981.85,92.67,6.3
PMT-0029,F-03,2024-02-01,10704.11,96.28,12.5
PMT-0029,F-03,2024-03-01,12924.63,93.86,19.3
PMT-0029,F-03,2024-04-01,15230.93,96.99,24.8
PMT-0029,F-03,2024-05-01,16898.84,100.0,29.8
PMT-0029,F-03,2024-06-01,17690.77,99.58,30.4
PMT-0029,F-03,2024-07-01,17603.0,96.81,29.7
PMT-0029,F-03,2024-08-01,14904.63,97.77,26.7
PMT-0029,F-03,2024-09-01,13127.96,100.0,19.2
PMT-0029,F-03,2024-10-01,11065.6,100.0,11.3
PMT-0029,F-03,2024-11-01,9089.4,94.14,7.0
PMT-0029,F-03,2024-12-01,8495.18,100.0,3.2
PMT-0030,F-03,2022-01-01,9136.69,94.21,7.3
PMT-0030,F-03,2022-02-01,10950.38,98.68,9.7
PMT-0030,F-03,2022-03-01,13270.51,94.71,18.6
PMT-0030,F-03,2022-04-01,15831.39,99.38,23.4
PMT-0030,F-03,2022-05-01,17215.27,95.63,30.0
PMT-0030,F-03,2022-06-01,17879.64,95.86,30.2
PMT-0030,F-03,2022-07-01,17478.93,99.42,29.6
PMT-0030,F-03,2022-08-01,15796.83,95.86,25.4
PMT-0030,F-03,2022-09-01,13343.29,95.56,19.2
PMT-0030,F-03,2022-10-01,10977.53,93.14,12.4
PMT-0030,F-03,2022-11-01,9082.91,98.49,4.9
PMT-0030,F-03,2022-12-01,8614.16,97.2,4.0
PMT-0030,F-03,2023-01-01,9475.09,98.51,5.7
PMT-0030,F-03,2023-02-01,10690.63,92.44,10.9
PMT-0030,F-03,2023-03-01,12901.67,95.26,17.1
PMT-0030,F-03,2023-04-01,15678.31,95.62,25.9
PMT-0030,F-03,2023-05-01,17394.41,95.5,29.8
PMT-0030,F-03,2023-06-01,17754.25,96.72,32.5
PMT-0030,F-03,2023-07-01,17643.15,97.4,30.9
PMT-0030,F-03,2023-08-01,15361.98,100.0,25.9
PMT-0030,F-03,2023-09-01,13619.57,96.99,19.1
PMT-0030,F-03,2023-10-01,11163.98,96.35,13.1
PMT-0030,F-03,2023-11-01,9047.94,96.48,7.2
PMT-0030,F-03,2023-12-01,8684.52,98.18,5.0
PMT-0030,F-03,2024-01-01,9332.92,93.82,6.6
PMT-0030,F-03,2024-02-01,10682.3,92.37,12.0
PMT-0030,F-03,2024-03-01,13398.52,93.55,15.4
PMT-0030,F-03,2024-04-01,15532.53,97.88,25.4
PMT-0030,F-03,2024-05-01,16948.17,100.0,31.5
PMT-0030,F-03,2024-06-01,17841.6,99.54,33.4
PMT-0030,F-03,2024-07-01,17566.39,96.99,30.3
PMT-0030,F-03,2024-08-01,15674.62,100.0,24.8
PMT-0030,F-03,2024-09-01,12933.18,95.22,19.9
PMT-0030,F-03,2024-10-01,11045.15,97.02,12.2
PMT-0030,F-03,2024-11-01,9242.14,93.49,6.4
PMT-0030,F-03,2024-12-01,8616.46,96.21,5.3
PMT-0031,F-04,2022-01-01,5740.02,91.52,5.8
PMT-0031,F-04,2022-02-01,6730.43,91.3,10.2
PMT-0031,F-04,2022-03-01,8222.15,84.24,17.6
PMT-0031,F-04,2022-04-01,9852.46,93.49,26.5
PMT-0031,F-04,2022-05-01,10839.27,89.47,29.6
PMT-0031,F-04,2022-06-01,11326.61,86.72,33.0
PMT-0031,F-04,2022-07-01,10774.31,88.0,32.2
PMT-0031,F-04,2022-08-01,9828.74,90.25,24.5
PMT-0031,F-04,2022-09-01,8183.52,88.06,17.7
PMT-0031,F-04,2022-10-01,6722.51,84.9,11.6
PMT-0031,F-04,2022-11-01,5725.22,93.17,5.9
PMT-0031,F-04,2022-12-01,5376.65,82.35,5.6
PMT-0031,F-04,2023-01-01,5712.13,95.23,7.4
PMT-0031,F-04,2023-02-01,6772.14,88.15,10.6
PMT-0031,F-04,2023-03-01,8199.52,89.92,17.3
PMT-0031,F-04,2023-04-01,9636.83,87.03,24.9
PMT-0031,F-04,2023-05-01,10626.86,92.71,29.0
PMT-0031,F-04,2023-06-01,10838.12,87.97,30.7
PMT-0031,F-04,2023-07-01,11096.91,91.43,32.6
PMT-0031,F-04,2023-08-01,9681.62,90.68,25.5
PMT-0031,F-04,2023-09-01,8011.68,87.23,15.6
PMT-0031,F-04,2023-10-01,6755.16,87.7,9.5
PMT-0031,F-04,2023-11-01,5701.04,86.47,4.3
PMT-0031,F-04,2023-12-01,5361.27,88.1,2.5
PMT-0031,F-04,2024-01-01,5850.65,90.26,3.9
PMT-0031,F-04,2024-02-01,6850.86,86.71,10.0
PMT-0031,F-04,2024-03-01,8364.87,92.45,19.1
PMT-0031,F-04,2024-04-01,9579.37,92.81,24.9
PMT-0031,F-04,2024-05-01,10908.1,89.18,30.3
PMT-0031,F-04,2024-06-01,10976.94,90.4,31.8
PMT-0031,F-04,2024-07-01,10603.47,89.74,29.9
PMT-0031,F-04,2024-08-01,9782.91,85.93,25.4
PMT-0031,F-04,2024-09-01,8466.46,93.74,17.2
PMT-0031,F-04,2024-10-01,6750.68,87.46,11.3
PMT-0031,F-04,2024-11-01,5762.05,85.97,6.7
PMT-0031,F-04,2024-12-01,5385.64,88.51,3.7
PMT-0032,F-04,2022-01-01,12239.72,86.48,4.9
PMT-0032,F-04,2022-02-01,14694.68,94.63,11.3
PMT-0032,F-04,2022-03-01,17280.27,85.41,15.9
PMT-0032,F-04,2022-04-01,20668.54,92.65,24.0
PMT-0032,F-04,2022-05-01,23917.42,87.8,30.1
PMT-0032,F-04,2022-06-01,25086.55,88.25,32.4
PMT-0032,F-04,2022-07-01,23486.73,89.92,30.0
PMT-0032,F-04,2022-08-01,21219.19,87.54,27.2
PMT-0032,F-04,2022-09-01,18761.73,92.68,18.5
PMT-0032,F-04,2022-10-01,13813.98,92.2,9.4
PMT-0032,F-04,2022-11-01,12544.36,88.52,6.1
PMT-0032,F-04,2022-12-01,11858.39,89.14,4.2
PMT-0032,F-04,2023-01-01,12679.12,90.92,8.4
PMT-0032,F-04,2023-02-01,14563.52,89.76,11.4
PMT-0032,F-04,2023-03-01,17798.48,93.43,17.3
PMT-0032,F-04,2023-04-01,21538.09,90.81,23.9
PMT-0032,F-04,2023-05-01,22713.09,95.81,29.3
PMT-0032,F-04,2023-06-01,24321.2,88.6,31.9
PMT-0032,F-04,2023-07-01,23084.51,91.29,31.7
PMT-0032,F-04,2023-08-01,20434.48,84.75,25.1
PMT-0032,F-04,2023-09-01,17625.4,83.16,19.1
PMT-0032,F-04,2023-10-01,13863.75,88.16,11.0
PMT-0032,F-04,2023-11-01,12347.1,87.1,5.2
PMT-0032,F-04,2023-12-01,11762.08,89.37,6.2
PMT-0032,F-04,2024-01-01,12207.89,87.13,6.6
PMT-0032,F-04,2024-02-01,14228.59,85.28,9.9
PMT-0032,F-04,2024-03-01,17893.07,94.72,17.1
PMT-0032,F-04,2024-04-01,20421.58,89.87,23.5
PMT-0032,F-04,2024-05-01,22822.33,93.02,28.8
PMT-0032,F-04,2024-06-01,24197.29,89.43,31.2
PMT-0032,F-04,2024-07-01,22789.33,91.3,30.7
PMT-0032,F-04,2024-08-01,21239.17,89.47,24.7
PMT-0032,F-04,2024-09-01,17484.58,86.28,17.8
PMT-0032,F-04,2024-10-01,13985.95,94.38,11.4
PMT-0032,F-04,2024-11-01,11837.92,86.54,7.5
PMT-0032,F-04,2024-12-01,11427.28,89.27,6.0
PMT-0033,F-04,2022-01-01,9773.98,92.32,5.9
PMT-0033,F-04,2022-02-01,11313.84,89.27,11.5
PMT-0033,F-04,2022-03-01,13190.32,89.83,18.8
PMT-0033,F-04,2022-04-01,15739.8,90.48,25.0
PMT-0033,F-04,2022-05-01,17946.61,90.37,31.6
PMT-0033,F-04,2022-06-01,18954.14,89.47,33.1
PMT-0033,F-04,2022-07-01,18093.66,91.06,28.8
PMT-0033,F-04,2022-08-01,15576.91,95.06,23.4
PMT-0033,F-04,2022-09-01,13752.97,89.75,17.4
PMT-0033,F-04,2022-10-01,11291.07,84.94,9.5
PMT-0033,F-04,2022-11-01,9882.4,92.77,6.2
PMT-0033,F-04,2022-12-01,8846.79,93.34,4.3
PMT-0033,F-04,2023-01-01,9865.68,87.4,6.8
PMT-0033,F-04,2023-02-01,10986.75,91.3,12.9
PMT-0033,F-04,2023-03-01,13380.0,92.61,18.3
PMT-0033,F-04,2023-04-01,16112.72,88.21,26.3
PMT-0033,F-04,2023-05-01,18253.14,88.84,29.6
PMT-0033,F-04,2023-06-01,18056.81,87.93,33.2
PMT-0033,F-04,2023-07-01,17253.91,91.03,30.9
PMT-0033,F-04,2023-08-01,15957.69,86.9,23.7
PMT-0033,F-04,2023-09-01,12926.76,84.95,18.8
PMT-0033,F-04,2023-10-01,11708.75,92.72,12.5
PMT-0033,F-04,2023-11-01,9845.86,86.37,5.7
PMT-0033,F-04,2023-12-01,8944.44,92.94,5.4
PMT-0033,F-04,2024-01-01,9593.25,93.78,4.4
PMT-0033,F-04,2024-02-01,11728.5,95.0,10.6
PMT-0033,F-04,2024-03-01,13748.16,89.33,18.6
PMT-0033,F-04,2024-04-01,15389.75,90.22,24.2
PMT-0033,F-04,2024-05-01,17903.23,87.39,31.3
PMT-0033,F-04,2024-06-01,18342.61,91.67,33.3
PMT-0033,F-04,2024-07-01,17255.54,87.39,30.8
PMT-0033,F-04,2024-08-01,15780.11,94.29,24.6
PMT-0033,F-04,2024-09-01,13105.86,89.81,18.0
PMT-0033,F-04,2024-10-01,10977.75,93.1,9.3
PMT-0033,F-04,2024-11-01,9778.29,92.37,5.9
PMT-0033,F-04,2024-12-01,8732.74,89.23,3.8
PMT-0034,F-04,2022-01-01,14759.63,90.48,6.9
PMT-0034,F-04,2022-02-01,18017.02,90.21,11.1
PMT-0034,F-04,2022-03-01,22467.99,90.67,20.2
PMT-0034,F-04,2022-04-01,24885.36,92.25,24.0
PMT-0034,F-04,2022-05-01,28460.7,88.26,28.6
PMT-0034,F-04,2022-06-01,28541.89,96.16,31.0
PMT-0034,F-04,2022-07-01,27644.57,86.43,28.5
PMT-0034,F-04,2022-08-01,24955.04,90.5,22.0
PMT-0034,F-04,2022-09-01,21817.91,89.62,16.4
PMT-0034,F-04,2022-10-01,17642.63,88.5,12.8
PMT-0034,F-04,2022-11-01,15080.03,92.38,5.6
PMT-0034,F-04,2022-12-01,13450.47,87.09,6.0
PMT-0034,F-04,2023-01-01,14487.33,84.89,5.5
PMT-0034,F-04,2023-02-01,16813.77,91.52,12.0
PMT-0034,F-04,2023-03-01,21642.28,87.07,19.8
PMT-0034,F-04,2023-04-01,24146.2,89.4,23.9
PMT-0034,F-04,2023-05-01,27938.58,91.16,30.8
PMT-0034,F-04,2023-06-01,28082.72,94.32,32.9
PMT-0034,F-04,2023-07-01,26399.3,93.51,30.6
PMT-0034,F-04,2023-08-01,25634.74,82.16,24.8
PMT-0034,F-04,2023-09-01,21834.84,89.25,19.6
PMT-0034,F-04,2023-10-01,17046.1,92.48,9.8
PMT-0034,F-04,2023-11-01,14316.93,88.17,5.7
PMT-0034,F-04,2023-12-01,13735.8,89.64,3.3
PMT-0034,F-04,2024-01-01,15077.42,92.03,6.6
PMT-0034,F-04,2024-02-01,18060.7,85.29,10.2
PMT-0034,F-04,2024-03-01,20828.92,93.4,15.3
PMT-0034,F-04,2024-04-01,23686.59,84.24,24.2
PMT-0034,F-04,2024-05-01,28078.33,87.89,31.4
PMT-0034,F-04,2024-06-01,27283.15,86.47,32.0
PMT-0034,F-04,2024-07-01,27064.25,90.86,30.5
PMT-0034,F-04,2024-08-01,24460.16,85.96,24.1
PMT-0034,F-04,2024-09-01,21503.1,85.38,18.2
PMT-0034,F-04,2024-10-01,17170.28,89.87,11.1
PMT-0034,F-04,2024-11-01,15523.94,94.46,6.4
PMT-0034,F-04,2024-12-01,13597.29,89.51,5.3
PMT-0035,F-04,2022-01-01,9078.4,82.5,5.5
PMT-0035,F-04,2022-02-01,10813.06,94.11,9.7
PMT-0035,F-04,2022-03-01,13091.12,93.71,17.4
PMT-0035,F-04,2022-04-01,15736.23,86.52,24.2
PMT-0035,F-04,2022-05-01,17507.95,91.83,28.7
PMT-0035,F-04,2022-06-01,17642.51,90.07,32.9
PMT-0035,F-04,2022-07-01,16761.14,89.31,30.8
PMT-0035,F-04,2022-08-01,15260.06,93.78,26.0
PMT-0035,F-04,2022-09-01,13451.17,85.65,19.4
PMT-0035,F-04,2022-10-01,11135.56,84.21,9.9
PMT-0035,F-04,2022-11-01,8982.68,87.61,5.1
PMT-0035,F-04,2022-12-01,8078.21,89.6,1.8
PMT-0035,F-04,2023-01-01,9061.68,91.67,4.7
PMT-0035,F-04,2023-02-01,11151.28,84.88,10.4
PMT-0035,F-04,2023-03-01,13423.03,88.59,16.6
PMT-0035,F-04,2023-04-01,15904.2,89.46,24.2
PMT-0035,F-04,2023-05-01,16313.55,90.77,29.5
PMT-0035,F-04,2023-06-01,17718.52,93.98,33.0
PMT-0035,F-04,2023-07-01,16682.77,84.97,29.6
PMT-0035,F-04,2023-08-01,15434.99,84.59,25.8
PMT-0035,F-04,2023-09-01,12900.0,84.87,19.2
PMT-0035,F-04,2023-10-01,10989.72,92.93,10.9
PMT-0035,F-04,2023-11-01,9437.4,90.6,6.5
PMT-0035,F-04,2023-12-01,8330.17,89.73,4.4
PMT-0035,F-04,2024-01-01,9205.92,84.25,5.5
PMT-0035,F-04,2024-02-01,11182.66,83.45,8.0
PMT-0035,F-04,2024-03-01,13130.39,91.74,19.0
PMT-0035,F-04,2024-04-01,15206.03,94.32,24.2
PMT-0035,F-04,2024-05-01,16876.2,93.54,28.3
PMT-0035,F-04,2024-06-01,17880.42,83.11,32.0
PMT-0035,F-04,2024-07-01,16783.18,95.03,30.6
PMT-0035,F-04,2024-08-01,15460.41,88.81,26.3
PMT-0035,F-04,2024-09-01,13021.67,86.09,19.7
PMT-0035,F-04,2024-10-01,10951.59,90.45,12.8
PMT-0035,F-04,2024-11-01,8857.8,91.33,5.6
PMT-0035,F-04,2024-12-01,8545.32,86.86,3.2
PMT-0036,F-04,2022-01-01,17763.73,82.99,6.8
PMT-0036,F-04,2022-02-01,21952.09,92.58,9.3
PMT-0036,F-04,2022-03-01,25329.45,95.18,19.6
PMT-0036,F-04,2022-04-01,29896.3,89.05,22.8
PMT-0036,F-04,2022-05-01,33938.75,87.8,30.5
PMT-0036,F-04,2022-06-01,32881.6,91.6,33.0
PMT-0036,F-04,2022-07-01,34168.23,92.01,30.2
PMT-0036,F-04,2022-08-01,29993.96,89.52,25.2
PMT-0036,F-04,2022-09-01,25561.5,95.27,16.3
PMT-0036,F-04,2022-10-01,22052.36,87.91,11.0
PMT-0036,F-04,2022-11-01,18449.87,90.52,6.1
PMT-0036,F-04,2022-12-01,17314.75,90.07,3.0
PMT-0036,F-04,2023-01-01,17736.18,86.77,7.4
PMT-0036,F-04,2023-02-01,21457.24,90.0,11.4
PMT-0036,F-04,2023-03-01,25523.09,94.54,17.9
PMT-0036,F-04,2023-04-01,30069.98,86.4,25.4
PMT-0036,F-04,2023-05-01,33428.02,92.59,28.9
PMT-0036,F-04,2023-06-01,35393.16,92.89,35.3
PMT-0036,F-04,2023-07-01,32616.6,89.34,30.0
PMT-0036,F-04,2023-08-01,31486.99,92.81,24.9
PMT-0036,F-04,2023-09-01,26252.61,92.24,17.1
PMT-0036,F-04,2023-10-01,20753.11,90.99,11.6
PMT-0036,F-04,2023-11-01,18265.99,92.12,6.4
PMT-0036,F-04,2023-12-01,16575.74,88.19,5.4
PMT-0036,F-04,2024-01-01,18547.01,88.17,3.1
PMT-0036,F-04,2024-02-01,21214.34,92.78,10.6
PMT-0036,F-04,2024-03-01,25442.75,87.01,16.7
PMT-0036,F-04,2024-04-01,30154.84,92.25,25.3
PMT-0036,F-04,2024-05-01,34475.68,87.89,28.0
PMT-0036,F-04,2024-06-01,35473.63,90.29,31.2
PMT-0036,F-04,2024-07-01,33664.61,88.51,30.5
PMT-0036,F-04,2024-08-01,29999.39,85.79,25.3
PMT-0036,F-04,2024-09-01,26181.01,88.37,18.6
PMT-0036,F-04,2024-10-01,21069.98,89.9,12.8
PMT-0036,F-04,2024-11-01,17619.89,85.73,6.7
PMT-0036,F-04,2024-12-01,16487.22,86.36,2.7
PMT-0037,F-04,2022-01-01,7895.75,88.66,7.4
PMT-0037,F-04,2022-02-01,9972.97,88.49,12.2
PMT-0037,F-04,2022-03-01,11962.12,90.96,17.6
PMT-0037,F-04,2022-04-01,13880.86,89.28,24.6
PMT-0037,F-04,2022-05-01,15873.2,91.33,31.7
PMT-0037,F-04,2022-06-01,16163.53,90.47,31.7
PMT-0037,F-04,2022-07-01,15982.73,83.43,30.1
PMT-0037,F-04,2022-08-01,13911.71,84.16,26.1
PMT-0037,F-04,2022-09-01,11136.34,85.8,20.4
PMT-0037,F-04,2022-10-01,9624.13,88.23,10.9
PMT-0037,F-04,2022-11-01,8088.91,86.53,4.5
PMT-0037,F-04,2022-12-01,7971.98,94.62,5.8
PMT-0037,F-04,2023-01-01,8839.91,92.81,6.7
PMT-0037,F-04,2023-02-01,10130.87,92.32,8.9
PMT-0037,F-04,2023-03-01,11636.63,89.21,17.2
PMT-0037,F-04,2023-04-01,13554.97,82.8,25.9
PMT-0037,F-04,2023-05-01,15683.25,92.78,30.8
PMT-0037,F-04,2023-06-01,15972.65,87.43,34.5
PMT-0037,F-04,2023-07-01,15630.15,93.18,29.2
PMT-0037,F-04,2023-08-01,14190.39,90.91,23.9
PMT-0037,F-04,2023-09-01,11447.45,90.32,19.7
PMT-0037,F-04,2023-10-01,10017.01,91.66,12.4
PMT-0037,F-04,2023-11-01,8276.61,84.98,6.4
PMT-0037,F-04,2023-12-01,7877.29,86.93,3.5
PMT-0037,F-04,2024-01-01,8565.64,93.64,4.6
PMT-0037,F-04,2024-02-01,10481.53,88.67,8.7
PMT-0037,F-04,2024-03-01,11891.26,90.87,17.1
PMT-0037,F-04,2024-04-01,14542.73,88.79,25.1
PMT-0037,F-04,2024-05-01,15244.23,90.01,28.8
PMT-0037,F-04,2024-06-01,16509.74,90.86,31.2
PMT-0037,F-04,2024-07-01,15394.15,91.05,29.3
PMT-0037,F-04,2024-08-01,13836.51,85.65,25.0
PMT-0037,F-04,2024-09-01,11849.41,98.91,18.5
PMT-0037,F-04,2024-10-01,9984.48,88.01,11.5
PMT-0037,F-04,2024-11-01,8110.61,90.65,5.4
PMT-0037,F-04,2024-12-01,7748.33,94.66,4.6
PMT-0038,F-04,2022-01-01,7861.81,87.44,5.6
PMT-0038,F-04,2022-02-01,9255.46,90.1,11.3
PMT-0038,F-04,2022-03-01,11232.89,87.37,18.6
PMT-0038,F-04,2022-04-01,13041.92,91.07,25.0
PMT-0038,F-04,2022-05-01,14921.06,93.01,29.7
PMT-0038,F-04,2022-06-01,15200.93,84.57,30.8
PMT-0038,F-04,2022-07-01,14886.86,94.75,30.6
PMT-0038,F-04,2022-08-01,13174.8,90.53,23.6
PMT-0038,F-04,2022-09-01,11217.47,89.81,19.2
PMT-0038,F-04,2022-10-01,9251.31,85.12,10.3
PMT-0038,F-04,2022-11-01,7813.5,89.24,6.7
PMT-0038,F-04,2022-12-01,7243.77,91.3,4.7
PMT-0038,F-04,2023-01-01,7829.72,91.29,5.7
PMT-0038,F-04,2023-02-01,9300.98,88.83,12.0
PMT-0038,F-04,2023-03-01,11253.1,86.74,18.5
PMT-0038,F-04,2023-04-01,13266.1,90.99,25.3
PMT-0038,F-04,2023-05-01,14781.98,89.84,29.8
PMT-0038,F-04,2023-06-01,14602.08,88.45,32.4
PMT-0038,F-04,2023-07-01,14778.43,96.43,29.0
PMT-0038,F-04,2023-08-01,13507.42,94.09,23.9
PMT-0038,F-04,2023-09-01,11538.61,88.03,18.2
PMT-0038,F-04,2023-10-01,9344.81,89.56,10.8
PMT-0038,F-04,2023-11-01,8135.53,89.15,6.5
PMT-0038,F-04,2023-12-01,7154.61,90.17,5.7
PMT-0038,F-04,2024-01-01,7841.58,90.73,5.9
PMT-0038,F-04,2024-02-01,9372.57,85.95,11.6
PMT-0038,F-04,2024-03-01,11506.34,95.31,17.8
PMT-0038,F-04,2024-04-01,13047.81,91.96,24.3
PMT-0038,F-04,2024-05-01,14847.22,93.22,28.5
PMT-0038,F-04,2024-06-01,15574.27,86.46,32.4
PMT-0038,F-04,2024-07-01,14653.58,84.92,30.4
PMT-0038,F-04,2024-08-01,13432.16,91.15,23.4
PMT-0038,F-04,2024-09-01,11297.39,94.21,18.8
PMT-0038,F-04,2024-10-01,9259.37,90.87,9.8
PMT-0038,F-04,2024-11-01,8023.46,86.61,7.4
PMT-0038,F-04,2024-12-01,7079.77,90.06,2.2
PMT-0039,F-04,2022-01-01,13934.04,86.56,5.4
PMT-0039,F-04,2022-02-01,16599.31,84.91,12.1
PMT-0039,F-04,2022-03-01,19969.35,86.63,18.9
PMT-0039,F-04,2022-04-01,24023.87,87.33,25.8
PMT-0039,F-04,2022-05-01,27111.87,84.78,32.8
PMT-0039,F-04,2022-06-01,27939.67,86.27,33.4
PMT-0039,F-04,2022-07-01,26428.4,90.69,30.3
PMT-0039,F-04,2022-08-01,24720.93,91.05,24.1
PMT-0039,F-04,2022-09-01,20782.88,88.65,20.9
PMT-0039,F-04,2022-10-01,16912.24,90.5,11.0
PMT-0039,F-04,2022-11-01,14219.6,93.41,7.3
PMT-0039,F-04,2022-12-01,13232.83,85.95,4.9
PMT-0039,F-04,2023-01-01,13917.23,89.95,7.0
PMT-0039,F-04,2023-02-01,16586.68,89.42,9.7
PMT-0039,F-04,2023-03-01,20257.49,86.67,16.7
PMT-0039,F-04,2023-04-01,23482.09,89.86,24.9
PMT-0039,F-04,2023-05-01,26948.84,86.27,30.3
PMT-0039,F-04,2023-06-01,28435.14,89.32,31.9
PMT-0039,F-04,2023-07-01,26001.23,95.15,31.3
PMT-0039,F-04,2023-08-01,23367.42,88.44,25.7
PMT-0039,F-04,2023-09-01,20465.03,93.29,19.1
PMT-0039,F-04,2023-10-01,16609.65,88.44,9.8
PMT-0039,F-04,2023-11-01,14062.72,91.68,6.9
PMT-0039,F-04,2023-12-01,13391.27,81.93,3.9
PMT-0039,F-04,2024-01-01,14565.86,92.77,6.2
PMT-0039,F-04,2024-02-01,16758.31,86.35,11.5
PMT-0039,F-04,2024-03-01,20443.18,86.4,16.0
PMT-0039,F-04,2024-04-01,23639.58,87.26,25.9
PMT-0039,F-04,2024-05-01,27347.21,87.71,30.3
PMT-0039,F-04,2024-06-01,28135.09,91.25,31.7
PMT-0039,F-04,2024-07-01,26185.19,88.39,30.4
PMT-0039,F-04,2024-08-01,23826.84,87.35,25.0
PMT-0039,F-04,2024-09-01,20540.65,89.54,18.4
PMT-0039,F-04,2024-10-01,16685.09,90.09,13.2
PMT-0039,F-04,2024-11-01,14076.57,90.74,5.7
PMT-0039,F-04,2024-12-01,12980.87,83.16,3.2
PMT-0040,F-04,2022-01-01,9037.94,86.56,6.0
PMT-0040,F-04,2022-02-01,10815.29,90.19,12.2
PMT-0040,F-04,2022-03-01,12886.0,91.06,19.0
PMT-0040,F-04,2022-04-01,15186.16,86.64,25.8
PMT-0040,F-04,2022-05-01,17120.75,96.27,29.0
PMT-0040,F-04,2022-06-01,17743.4,91.6,31.0
PMT-0040,F-04,2022-07-01,17012.93,88.92,29.5
PMT-0040,F-04,2022-08-01,15289.34,92.84,25.1
PMT-0040,F-04,2022-09-01,13166.98,90.63,18.4
PMT-0040,F-04,2022-10-01,10688.4,90.58,9.5
PMT-0040,F-04,2022-11-01,8925.4,88.15,5.6
PMT-0040,F-04,2022-12-01,8466.06,88.13,4.8
PMT-0040,F-04,2023-01-01,9015.97,84.19,4.6
PMT-0040,F-04,2023-02-01,10784.1,93.19,13.2
PMT-0040,F-04,2023-03-01,12604.71,90.1,18.5
PMT-0040,F-04,2023-04-01,15266.46,91.13,23.1
PMT-0040,F-04,2023-05-01,17163.95,92.98,30.4
PMT-0040,F-04,2023-06-01,17166.41,90.06,33.9
PMT-0040,F-04,2023-07-01,16994.15,91.08,30.2
PMT-0040,F-04,2023-08-01,14882.81,90.28,24.8
PMT-0040,F-04,2023-09-01,13031.13,87.06,16.5
PMT-0040,F-04,2023-10-01,10800.84,91.0,10.9
PMT-0040,F-04,2023-11-01,8837.98,91.37,3.5
PMT-0040,F-04,2023-12-01,8562.02,91.09,3.8
PMT-0040,F-04,2024-01-01,9071.38,89.73,7.2
PMT-0040,F-04,2024-02-01,10733.61,89.45,10.6
PMT-0040,F-04,2024-03-01,12599.77,90.14,18.5
PMT-0040,F-04,2024-04-01,15203.92,92.0,21.4
PMT-0040,F-04,2024-05-01,16862.75,93.7,28.4
PMT-0040,F-04,2024-06-01,17181.46,91.55,33.2
PMT-0040,F-04,2024-07-01,16486.27,90.79,30.3
PMT-0040,F-04,2024-08-01,15102.95,89.84,26.1
PMT-0040,F-04,2024-09-01,12823.22,91.04,18.8
PMT-0040,F-04,2024-10-01,10626.16,86.03,9.3
PMT-0040,F-04,2024-11-01,8851.2,88.38,7.7
PMT-0040,F-04,2024-12-01,8251.11,85.73,3.9
PMT-0041,F-05,2022-01-01,8523.06,90.48,5.1
PMT-0041,F-05,2022-02-01,10401.53,90.69,10.8
PMT-0041,F-05,2022-03-01,12413.06,90.51,17.9
PMT-0041,F-05,2022-04-01,14663.26,91.38,24.5
PMT-0041,F-05,2022-05-01,15997.37,97.57,30.2
PMT-0041,F-05,2022-06-01,16645.54,91.38,31.1
PMT-0041,F-05,2022-07-01,16214.83,93.29,31.3
PMT-0041,F-05,2022-08-01,14774.42,97.03,24.1
PMT-0041,F-05,2022-09-01,12299.52,94.55,20.4
PMT-0041,F-05,2022-10-01,9844.53,92.43,10.1
PMT-0041,F-05,2022-11-01,8510.58,93.29,5.0
PMT-0041,F-05,2022-12-01,8206.73,96.32,3.3
PMT-0041,F-05,2023-01-01,8878.25,92.24,4.9
PMT-0041,F-05,2023-02-01,10202.43,86.26,10.6
PMT-0041,F-05,2023-03-01,12448.06,95.04,18.8
PMT-0041,F-05,2023-04-01,14462.7,94.27,25.2
PMT-0041,F-05,2023-05-01,16229.02,92.7,31.6
PMT-0041,F-05,2023-06-01,16751.27,91.25,31.7
PMT-0041,F-05,2023-07-01,16184.78,99.5,30.8
PMT-0041,F-05,2023-08-01,14377.25,93.37,26.8
PMT-0041,F-05,2023-09-01,12305.68,98.19,19.2
PMT-0041,F-05,2023-10-01,10389.19,96.82,10.4
PMT-0041,F-05,2023-11-01,8691.89,91.16,6.8
PMT-0041,F-05,2023-12-01,7779.22,98.5,3.1
PMT-0041,F-05,2024-01-01,8837.92,94.98,7.8
PMT-0041,F-05,2024-02-01,10031.3,92.34,11.2
PMT-0041,F-05,2024-03-01,12324.6,94.67,18.5
PMT-0041,F-05,2024-04-01,14459.12,88.92,24.4
PMT-0041,F-05,2024-05-01,15818.23,91.57,29.3
PMT-0041,F-05,2024-06-01,16814.8,91.85,32.2
PMT-0041,F-05,2024-07-01,16427.77,94.31,28.4
PMT-0041,F-05,2024-08-01,14632.01,95.76,22.6
PMT-0041,F-05,2024-09-01,12305.19,95.58,19.1
PMT-0041,F-05,2024-10-01,10207.1,91.22,10.4
PMT-0041,F-05,2024-11-01,8523.21,91.36,4.3
PMT-0041,F-05,2024-12-01,7848.77,91.37,3.9
PMT-0042,F-05,2022-01-01,19517.82,94.13,4.5
PMT-0042,F-05,2022-02-01,22896.61,93.87,12.1
PMT-0042,F-05,2022-03-01,29009.21,97.11,17.1
PMT-0042,F-05,2022-04-01,32138.36,95.96,21.8
PMT-0042,F-05,2022-05-01,36757.02,92.0,32.2
PMT-0042,F-05,2022-06-01,36463.22,96.99,30.1
PMT-0042,F-05,2022-07-01,36537.67,97.07,31.1
PMT-0042,F-05,2022-08-01,31924.37,94.02,28.3
PMT-0042,F-05,2022-09-01,28262.68,96.36,20.1
PMT-0042,F-05,2022-10-01,23000.32,92.16,10.7
PMT-0042,F-05,2022-11-01,18697.12,100.0,4.5
PMT-0042,F-05,2022-12-01,17728.77,92.67,4.6
PMT-0042,F-05,2023-01-01,19616.73,88.94,6.7
PMT-0042,F-05,2023-02-01,22753.44,94.69,11.1
PMT-0042,F-05,2023-03-01,28316.78,95.99,19.2
PMT-0042,F-05,2023-04-01,32602.17,93.48,25.4
PMT-0042,F-05,2023-05-01,36965.72,98.15,30.7
PMT-0042,F-05,2023-06-01,39221.08,88.03,31.8
PMT-0042,F-05,2023-07-01,35743.63,93.36,29.0
PMT-0042,F-05,2023-08-01,32768.39,91.53,25.0
PMT-0042,F-05,2023-09-01,27114.11,93.85,19.0
PMT-0042,F-05,2023-10-01,22979.11,100.0,10.0
PMT-0042,F-05,2023-11-01,19480.5,96.9,4.6
PMT-0042,F-05,2023-12-01,17454.28,90.73,5.8
PMT-0042,F-05,2024-01-01,19449.24,90.4,8.1
PMT-0042,F-05,2024-02-01,23922.68,94.87,11.7
PMT-0042,F-05,2024-03-01,27675.87,94.28,17.6
PMT-0042,F-05,2024-04-01,32663.39,97.71,22.6
PMT-0042,F-05,2024-05-01,36626.98,92.08,31.0
PMT-0042,F-05,2024-06-01,35797.56,90.04,32.3
PMT-0042,F-05,2024-07-01,36416.89,93.71,30.3
PMT-0042,F-05,2024-08-01,33724.16,96.24,26.6
PMT-0042,F-05,2024-09-01,28008.51,97.34,19.4
PMT-0042,F-05,2024-10-01,22516.26,92.89,10.5
PMT-0042,F-05,2024-11-01,19176.09,93.03,5.8
PMT-0042,F-05,2024-12-01,18466.35,93.14,3.3
PMT-0043,F-05,2022-01-01,10206.62,94.87,7.0
PMT-0043,F-05,2022-02-01,11444.17,93.74,11.4
PMT-0043,F-05,2022-03-01,14046.61,92.46,16.7
PMT-0043,F-05,2022-04-01,16829.74,91.94,26.9
PMT-0043,F-05,2022-05-01,18485.54,93.43,29.8
PMT-0043,F-05,2022-06-01,18822.19,99.84,31.2
PMT-0043,F-05,2022-07-01,18367.39,95.95,30.7
PMT-0043,F-05,2022-08-01,16677.81,89.25,26.8
PMT-0043,F-05,2022-09-01,14260.25,90.28,18.7
PMT-0043,F-05,2022-10-01,11631.15,91.01,10.9
PMT-0043,F-05,2022-11-01,9913.1,100.0,7.6
PMT-0043,F-05,2022-12-01,9448.98,89.49,5.3
PMT-0043,F-05,2023-01-01,9521.81,95.14,6.5
PMT-0043,F-05,2023-02-01,11756.6,94.83,13.5
PMT-0043,F-05,2023-03-01,14205.34,97.18,17.5
PMT-0043,F-05,2023-04-01,16996.71,91.22,24.4
PMT-0043,F-05,2023-05-01,18220.7,94.75,28.9
PMT-0043,F-05,2023-06-01,19200.87,93.4,31.8
PMT-0043,F-05,2023-07-01,17985.38,95.63,31.9
PMT-0043,F-05,2023-08-01,16497.27,93.83,26.4
PMT-0043,F-05,2023-09-01,14135.1,96.26,16.8
PMT-0043,F-05,2023-10-01,11676.3,92.86,11.2
PMT-0043,F-05,2023-11-01,10218.27,94.71,5.6
PMT-0043,F-05,2023-12-01,9400.26,91.97,5.0
PMT-0043,F-05,2024-01-01,9933.77,93.28,8.0
PMT-0043,F-05,2024-02-01,11558.84,93.13,11.3
PMT-0043,F-05,2024-03-01,14084.63,93.35,19.9
PMT-0043,F-05,2024-04-01,16877.13,91.82,24.9
PMT-0043,F-05,2024-05-01,18341.99,95.83,29.4
PMT-0043,F-05,2024-06-01,19752.61,98.05,33.4
PMT-0043,F-05,2024-07-01,18043.76,94.89,29.4
PMT-0043,F-05,2024-08-01,16352.6,92.53,24.5
PMT-0043,F-05,2024-09-01,13712.13,96.78,16.9
PMT-0043,F-05,2024-10-01,11260.54,96.4,13.1
PMT-0043,F-05,2024-11-01,9645.04,91.71,4.1
PMT-0043,F-05,2024-12-01,8984.97,93.5,4.7
PMT-0044,F-05,2022-01-01,6097.42,92.52,5.6
PMT-0044,F-05,2022-02-01,6843.59,95.73,9.2
PMT-0044,F-05,2022-03-01,8157.13,94.65,17.9
PMT-0044,F-05,2022-04-01,9939.44,90.45,24.4
PMT-0044,F-05,2022-05-01,10757.89,93.96,31.0
PMT-0044,F-05,2022-06-01,11194.23,94.2,32.5
PMT-0044,F-05,2022-07-01,10724.02,87.62,29.3
PMT-0044,F-05,2022-08-01,9910.71,93.51,24.9
PMT-0044,F-05,2022-09-01,8499.27,92.66,17.1
PMT-0044,F-05,2022-10-01,6680.64,98.17,9.6
PMT-0044,F-05,2022-11-01,5783.44,95.66,5.5
PMT-0044,F-05,2022-12-01,5478.57,86.05,3.5
PMT-0044,F-05,2023-01-01,5943.68,94.88,4.7
PMT-0044,F-05,2023-02-01,7078.82,94.4,11.8
PMT-0044,F-05,2023-03-01,8276.64,96.4,18.3
PMT-0044,F-05,2023-04-01,9361.66,96.96,22.2
PMT-0044,F-05,2023-05-01,10722.29,88.59,30.0
PMT-0044,F-05,2023-06-01,11264.28,95.36,31.0
PMT-0044,F-05,2023-07-01,10644.01,92.15,31.5
PMT-0044,F-05,2023-08-01,9941.13,97.25,26.7
PMT-0044,F-05,2023-09-01,8096.81,94.11,17.8
PMT-0044,F-05,2023-10-01,6923.11,95.7,12.5
PMT-0044,F-05,2023-11-01,5843.36,89.41,6.2
PMT-0044,F-05,2023-12-01,5426.07,94.66,2.2
PMT-0044,F-05,2024-01-01,5793.31,97.01,7.7
PMT-0044,F-05,2024-02-01,7008.53,94.32,12.7
PMT-0044,F-05,2024-03-01,8196.68,89.36,18.1
PMT-0044,F-05,2024-04-01,9750.37,88.81,24.4
PMT-0044,F-05,2024-05-01,11025.64,91.41,30.4
PMT-0044,F-05,2024-06-01,11619.5,96.19,32.0
PMT-0044,F-05,2024-07-01,11060.05,96.32,30.3
PMT-0044,F-05,2024-08-01,9913.16,88.04,25.1
PMT-0044,F-05,2024-09-01,8427.3,97.34,16.2
PMT-0044,F-05,2024-10-01,6961.07,96.21,10.0
PMT-0044,F-05,2024-11-01,5965.13,88.49,6.6
PMT-0044,F-05,2024-12-01,5501.92,93.99,5.2
PMT-0045,F-05,2022-01-01,9008.35,95.91,6.3
PMT-0045,F-05,2022-02-01,10339.89,97.62,11.8
PMT-0045,F-05,2022-03-01,12231.95,96.71,19.9
PMT-0045,F-05,2022-04-01,14822.03,95.61,24.7
PMT-0045,F-05,2022-05-01,16332.92,93.78,32.5
PMT-0045,F-05,2022-06-01,17517.32,89.35,31.5
PMT-0045,F-05,2022-07-01,16795.52,92.97,29.6
PMT-0045,F-05,2022-08-01,15057.72,95.37,26.0
PMT-0045,F-05,2022-09-01,12797.71,97.17,17.0
PMT-0045,F-05,2022-10-01,10447.01,95.39,7.9
PMT-0045,F-05,2022-11-01,8865.83,99.74,4.9
PMT-0045,F-05,2022-12-01,8097.76,91.51,0.9
PMT-0045,F-05,2023-01-01,8919.35,93.4,5.1
PMT-0045,F-05,2023-02-01,10294.0,97.46,10.2
PMT-0045,F-05,2023-03-01,12568.96,93.08,17.2
PMT-0045,F-05,2023-04-01,14954.25,99.62,24.5
PMT-0045,F-05,2023-05-01,16612.9,99.14,32.9
PMT-0045,F-05,2023-06-01,17243.97,96.38,31.2
PMT-0045,F-05,2023-07-01,16316.68,88.64,30.3
PMT-0045,F-05,2023-08-01,14522.16,91.46,24.7
PMT-0045,F-05,2023-09-01,13095.24,98.06,16.4
PMT-0045,F-05,2023-10-01,10707.56,99.1,10.5
PMT-0045,F-05,2023-11-01,8835.7,92.37,8.0
PMT-0045,F-05,2023-12-01,8161.54,94.39,4.8
PMT-0045,F-05,2024-01-01,8812.36,94.32,6.5
PMT-0045,F-05,2024-02-01,10416.85,93.27,11.4
PMT-0045,F-05,2024-03-01,12930.58,91.35,18.0
PMT-0045,F-05,2024-04-01,14756.96,92.82,25.5
PMT-0045,F-05,2024-05-01,16926.08,90.76,28.3
PMT-0045,F-05,2024-06-01,17150.39,94.1,32.6
PMT-0045,F-05,2024-07-01,16205.66,90.61,31.1
PMT-0045,F-05,2024-08-01,15374.59,96.05,25.2
PMT-0045,F-05,2024-09-01,12507.06,95.78,18.5
PMT-0045,F-05,2024-10-01,10851.24,94.21,11.2
PMT-0045,F-05,2024-11-01,8872.38,93.95,7.1
PMT-0045,F-05,2024-12-01,8242.29,94.9,5.0
PMT-0046,F-05,2022-01-01,8858.13,91.6,5.5
PMT-0046,F-05,2022-02-01,10574.22,93.84,11.5
PMT-0046,F-05,2022-03-01,12741.51,88.79,16.6
PMT-0046,F-05,2022-04-01,14671.01,93.4,23.6
PMT-0046,F-05,2022-05-01,16867.68,89.78,31.2
PMT-0046,F-05,2022-06-01,17233.92,99.56,32.1
PMT-0046,F-05,2022-07-01,16071.2,95.69,29.6
PMT-0046,F-05,2022-08-01,14914.05,90.67,24.0
PMT-0046,F-05,2022-09-01,12565.5,92.67,17.2
PMT-0046,F-05,2022-10-01,10486.34,90.64,11.4
PMT-0046,F-05,2022-11-01,9014.82,97.0,8.6
PMT-0046,F-05,2022-12-01,8072.62,90.08,5.1
PMT-0046,F-05,2023-01-01,8721.75,95.29,5.9
PMT-0046,F-05,2023-02-01,10589.81,97.86,12.0
PMT-0046,F-05,2023-03-01,12529.31,98.4,20.1
PMT-0046,F-05,2023-04-01,15296.54,93.13,25.2
PMT-0046,F-05,2023-05-01,16112.31,92.45,29.5
PMT-0046,F-05,2023-06-01,17005.86,93.55,31.3
PMT-0046,F-05,2023-07-01,15912.03,96.79,26.9
PMT-0046,F-05,2023-08-01,14488.24,94.64,23.7
PMT-0046,F-05,2023-09-01,12385.54,89.37,17.8
PMT-0046,F-05,2023-10-01,10596.79,90.66,10.3
PMT-0046,F-05,2023-11-01,8728.84,94.71,7.0
PMT-0046,F-05,2023-12-01,8296.34,94.76,4.4
PMT-0046,F-05,2024-01-01,8978.88,95.62,5.9
PMT-0046,F-05,2024-02-01,10629.21,94.59,10.9
PMT-0046,F-05,2024-03-01,12356.77,91.53,18.1
PMT-0046,F-05,2024-04-01,14774.56,94.9,26.0
PMT-0046,F-05,2024-05-01,16229.07,89.16,30.1
PMT-0046,F-05,2024-06-01,17211.02,95.18,30.3
PMT-0046,F-05,2024-07-01,16209.56,96.63,30.8
PMT-0046,F-05,2024-08-01,14837.29,93.51,25.5
PMT-0046,F-05,2024-09-01,12783.52,94.26,19.8
PMT-0046,F-05,2024-10-01,10045.11,95.56,10.7
PMT-0046,F-05,2024-11-01,8688.37,90.84,5.2
PMT-0046,F-05,2024-12-01,8009.8,96.71,5.2
PMT-0047,F-05,2022-01-01,19652.15,95.78,4.8
PMT-0047,F-05,2022-02-01,22892.24,94.9,10.7
PMT-0047,F-05,2022-03-01,27446.46,90.08,17.0
PMT-0047,F-05,2022-04-01,33512.65,91.63,26.3
PMT-0047,F-05,2022-05-01,34992.08,94.8,30.4
PMT-0047,F-05,2022-06-01,36173.55,97.54,33.2
PMT-0047,F-05,2022-07-01,34729.0,90.17,33.0
PMT-0047,F-05,2022-08-01,30776.32,95.04,23.4
PMT-0047,F-05,2022-09-01,28076.31,90.61,17.8
PMT-0047,F-05,2022-10-01,22536.69,92.97,11.3
PMT-0047,F-05,2022-11-01,18991.34,95.28,5.8
PMT-0047,F-05,2022-12-01,17603.71,93.04,4.8
PMT-0047,F-05,2023-01-01,18374.85,93.99,5.2
PMT-0047,F-05,2023-02-01,23118.97,90.43,10.2
PMT-0047,F-05,2023-03-01,28448.0,93.26,16.8
PMT-0047,F-05,2023-04-01,32337.36,93.93,25.9
PMT-0047,F-05,2023-05-01,35197.49,93.32,30.4
PMT-0047,F-05,2023-06-01,38210.71,93.52,33.4
PMT-0047,F-05,2023-07-01,35759.64,91.06,29.8
PMT-0047,F-05,2023-08-01,32431.0,92.29,24.7
PMT-0047,F-05,2023-09-01,28133.11,97.05,19.1
PMT-0047,F-05,2023-10-01,23107.58,94.12,10.8
PMT-0047,F-05,2023-11-01,19005.04,95.65,6.1
PMT-0047,F-05,2023-12-01,17642.04,91.01,2.8
PMT-0047,F-05,2024-01-01,19427.33,92.27,7.0
PMT-0047,F-05,2024-02-01,22915.47,90.53,11.1
PMT-0047,F-05,2024-03-01,26899.9,93.87,17.5
PMT-0047,F-05,2024-04-01,32673.99,87.31,25.6
PMT-0047,F-05,2024-05-01,35599.76,95.79,29.5
PMT-0047,F-05,2024-06-01,37045.92,91.71,32.1
PMT-0047,F-05,2024-07-01,36146.95,90.65,29.8
PMT-0047,F-05,2024-08-01,33063.41,89.12,23.2
PMT-0047,F-05,2024-09-01,27893.16,89.75,17.2
PMT-0047,F-05,2024-10-01,22025.43,91.31,10.3
PMT-0047,F-05,2024-11-01,18850.05,91.26,6.1
PMT-0047,F-05,2024-12-01,17725.02,92.88,4.5
PMT-0048,F-05,2022-01-01,7174.88,93.48,5.1
PMT-0048,F-05,2022-02-01,8452.83,92.42,10.1
PMT-0048,F-05,2022-03-01,10955.25,95.39,18.9
PMT-0048,F-05,2022-04-01,11526.39,97.88,24.5
PMT-0048,F-05,2022-05-01,13700.35,95.83,30.6
PMT-0048,F-05,2022-06-01,14022.04,92.56,32.4
PMT-0048,F-05,2022-07-01,14215.65,93.7,31.2
PMT-0048,F-05,2022-08-01,12107.69,87.21,25.4
PMT-0048,F-05,2022-09-01,9751.91,89.21,18.3
PMT-0048,F-05,2022-10-01,7886.33,93.68,10.9
PMT-0048,F-05,2022-11-01,7148.68,100.0,6.4
PMT-0048,F-05,2022-12-01,6522.56,94.93,5.4
PMT-0048,F-05,2023-01-01,7344.8,91.0,5.8
PMT-0048,F-05,2023-02-01,8651.33,88.39,10.4
PMT-0048,F-05,2023-03-01,10144.61,89.68,15.4
PMT-0048,F-05,2023-04-01,12230.92,93.36,24.6
PMT-0048,F-05,2023-05-01,12878.33,93.57,31.7
PMT-0048,F-05,2023-06-01,14773.67,93.45,32.8
PMT-0048,F-05,2023-07-01,13779.91,96.38,29.0
PMT-0048,F-05,2023-08-01,11830.01,87.9,22.8
PMT-0048,F-05,2023-09-01,10215.12,94.2,18.7
PMT-0048,F-05,2023-10-01,7705.01,91.73,11.0
PMT-0048,F-05,2023-11-01,7360.84,95.92,5.0
PMT-0048,F-05,2023-12-01,6609.72,92.8,4.7
PMT-0048,F-05,2024-01-01,6832.25,90.77,6.2
PMT-0048,F-05,2024-02-01,8833.36,93.64,9.8
PMT-0048,F-05,2024-03-01,10723.63,92.06,17.8
PMT-0048,F-05,2024-04-01,11627.22,93.68,25.0
PMT-0048,F-05,2024-05-01,12930.68,95.81,31.6
PMT-0048,F-05,2024-06-01,13209.35,94.57,30.2
PMT-0048,F-05,2024-07-01,13380.81,94.23,29.3
PMT-0048,F-05,2024-08-01,11094.28,96.93,25.6
PMT-0048,F-05,2024-09-01,10009.95,96.69,16.1
PMT-0048,F-05,2024-10-01,8094.94,93.18,7.3
PMT-0048,F-05,2024-11-01,6929.7,94.71,6.4
PMT-0048,F-05,2024-12-01,6912.94,92.88,1.6
PMT-0049,F-05,2022-01-01,8845.99,92.27,6.9
PMT-0049,F-05,2022-02-01,10472.41,88.57,11.8
PMT-0049,F-05,2022-03-01,12373.22,99.13,16.7
PMT-0049,F-05,2022-04-01,14301.57,92.44,23.4
PMT-0049,F-05,2022-05-01,15587.76,96.02,33.5
PMT-0049,F-05,2022-06-01,16684.56,97.95,32.9
PMT-0049,F-05,2022-07-01,15673.79,93.58,30.3
PMT-0049,F-05,2022-08-01,14674.38,99.47,24.9
PMT-0049,F-05,2022-09-01,12461.67,90.7,19.6
PMT-0049,F-05,2022-10-01,10447.56,90.64,11.8
PMT-0049,F-05,2022-11-01,8486.67,99.86,5.9
PMT-0049,F-05,2022-12-01,8054.01,91.82,5.7
PMT-0049,F-05,2023-01-01,8602.33,94.33,5.7
PMT-0049,F-05,2023-02-01,10646.96,95.08,11.3
PMT-0049,F-05,2023-03-01,12571.72,92.63,17.3
PMT-0049,F-05,2023-04-01,14459.08,96.0,24.5
PMT-0049,F-05,2023-05-01,15884.7,96.96,28.2
PMT-0049,F-05,2023-06-01,16798.59,94.49,33.1
PMT-0049,F-05,2023-07-01,16284.24,88.55,31.1
PMT-0049,F-05,2023-08-01,14587.72,87.74,26.9
PMT-0049,F-05,2023-09-01,12481.96,95.51,16.4
PMT-0049,F-05,2023-10-01,10272.58,94.19,11.0
PMT-0049,F-05,2023-11-01,8958.46,93.77,7.0
PMT-0049,F-05,2023-12-01,8030.1,92.43,6.1
PMT-0049,F-05,2024-01-01,8722.47,96.02,5.5
PMT-0049,F-05,2024-02-01,10287.77,88.47,11.2
PMT-0049,F-05,2024-03-01,12180.17,90.82,16.4
PMT-0049,F-05,2024-04-01,14413.71,91.43,24.5
PMT-0049,F-05,2024-05-01,15961.56,94.1,28.8
PMT-0049,F-05,2024-06-01,16586.88,96.14,32.6
PMT-0049,F-05,2024-07-01,16340.82,92.27,32.5
PMT-0049,F-05,2024-08-01,14641.77,89.41,24.9
PMT-0049,F-05,2024-09-01,12520.46,96.37,17.9
PMT-0049,F-05,2024-10-01,10461.17,95.32,11.1
PMT-0049,F-05,2024-11-01,8628.93,93.83,6.0
PMT-0049,F-05,2024-12-01,8031.04,89.67,1.6
PMT-0050,F-05,2022-01-01,19888.83,91.6,5.8
PMT-0050,F-05,2022-02-01,23561.7,94.3,9.5
PMT-0050,F-05,2022-03-01,28879.14,98.43,19.2
PMT-0050,F-05,2022-04-01,33384.27,92.77,26.0
PMT-0050,F-05,2022-05-01,37878.82,95.76,28.1
PMT-0050,F-05,2022-06-01,39685.6,90.88,33.9
PMT-0050,F-05,2022-07-01,38365.66,98.29,29.9
PMT-0050,F-05,2022-08-01,33563.54,98.95,23.1
PMT-0050,F-05,2022-09-01,28424.94,97.05,18.7
PMT-0050,F-05,2022-10-01,24483.43,87.8,11.6
PMT-0050,F-05,2022-11-01,19492.47,97.28,6.7
PMT-0050,F-05,2022-12-01,18983.28,97.27,1.5
PMT-0050,F-05,2023-01-01,20014.26,94.1,7.2
PMT-0050,F-05,2023-02-01,24175.54,93.92,10.0
PMT-0050,F-05,2023-03-01,29003.66,93.79,17.9
PMT-0050,F-05,2023-04-01,33232.95,84.53,24.6
PMT-0050,F-05,2023-05-01,38564.46,94.1,31.9
PMT-0050,F-05,2023-06-01,38465.58,95.68,34.3
PMT-0050,F-05,2023-07-01,39927.68,94.53,29.4
PMT-0050,F-05,2023-08-01,34093.99,87.27,25.0
PMT-0050,F-05,2023-09-01,28007.62,89.26,20.2
PMT-0050,F-05,2023-10-01,23987.21,99.23,10.0
PMT-0050,F-05,2023-11-01,19457.16,100.0,6.3
PMT-0050,F-05,2023-12-01,19015.64,94.71,5.2
PMT-0050,F-05,2024-01-01,20615.31,98.43,5.8
PMT-0050,F-05,2024-02-01,25008.0,93.24,11.2
PMT-0050,F-05,2024-03-01,29040.71,90.74,18.0
PMT-0050,F-05,2024-04-01,34988.51,100.0,25.1
PMT-0050,F-05,2024-05-01,37216.21,98.57,32.6
PMT-0050,F-05,2024-06-01,41212.96,89.43,32.3
PMT-0050,F-05,2024-07-01,37317.84,92.12,29.4
PMT-0050,F-05,2024-08-01,33877.81,96.98,24.7
PMT-0050,F-05,2024-09-01,30055.61,96.23,18.1
PMT-0050,F-05,2024-10-01,24244.68,92.42,11.3
PMT-0050,F-05,2024-11-01,20159.92,89.18,6.2
PMT-0050,F-05,2024-12-01,18999.68,89.68,4.3
PMT-0051,F-06,2022-01-01,5912.59,97.54,5.5
PMT-0051,F-06,2022-02-01,6859.37,94.13,13.0
PMT-0051,F-06,2022-03-01,8262.59,92.11,18.1
PMT-0051,F-06,2022-04-01,9885.63,98.16,24.8
PMT-0051,F-06,2022-05-01,11085.4,99.14,30.3
PMT-0051,F-06,2022-06-01,10903.78,97.85,31.6
PMT-0051,F-06,2022-07-01,10994.07,94.07,29.2
PMT-0051,F-06,2022-08-01,9904.92,98.23,23.6
PMT-0051,F-06,2022-09-01,8298.52,94.12,17.3
PMT-0051,F-06,2022-10-01,7032.84,99.45,8.1
PMT-0051,F-06,2022-11-01,5972.25,93.44,7.1
PMT-0051,F-06,2022-12-01,5564.4,95.65,0.6
PMT-0051,F-06,2023-01-01,5983.36,92.22,6.8
PMT-0051,F-06,2023-02-01,7056.49,94.69,12.0
PMT-0051,F-06,2023-03-01,8237.99,97.32,17.7
PMT-0051,F-06,2023-04-01,9966.62,92.2,24.9
PMT-0051,F-06,2023-05-01,11150.33,93.14,30.9
PMT-0051,F-06,2023-06-01,10795.7,95.46,31.5
PMT-0051,F-06,2023-07-01,10820.46,98.44,32.0
PMT-0051,F-06,2023-08-01,9793.41,91.9,23.9
PMT-0051,F-06,2023-09-01,8597.9,95.09,18.8
PMT-0051,F-06,2023-10-01,6790.38,98.71,11.5
PMT-0051,F-06,2023-11-01,6052.2,95.97,6.8
PMT-0051,F-06,2023-12-01,5511.03,100.0,5.3
PMT-0051,F-06,2024-01-01,5936.11,93.04,6.9
PMT-0051,F-06,2024-02-01,6886.13,98.89,11.3
PMT-0051,F-06,2024-03-01,8325.83,96.91,16.9
PMT-0051,F-06,2024-04-01,9628.51,96.45,26.9
PMT-0051,F-06,2024-05-01,10683.29,99.21,31.5
PMT-0051,F-06,2024-06-01,11374.46,100.0,32.4
PMT-0051,F-06,2024-07-01,11139.57,94.17,30.9
PMT-0051,F-06,2024-08-01,9940.32,94.68,27.0
PMT-0051,F-06,2024-09-01,8174.98,95.74,18.5
PMT-0051,F-06,2024-10-01,6877.75,93.89,8.7
PMT-0051,F-06,2024-11-01,5887.3,95.31,6.6
PMT-0051,F-06,2024-12-01,5580.13,97.3,3.1
PMT-0052,F-06,2022-01-01,5203.25,93.92,6.7
PMT-0052,F-06,2022-02-01,6212.68,97.71,11.3
PMT-0052,F-06,2022-03-01,7582.53,100.0,15.8
PMT-0052,F-06,2022-04-01,8709.8,94.42,24.3
PMT-0052,F-06,2022-05-01,9579.87,99.7,30.8
PMT-0052,F-06,2022-06-01,10030.4,96.98,32.0
PMT-0052,F-06,2022-07-01,9817.37,100.0,32.3
PMT-0052,F-06,2022-08-01,8887.5,96.14,23.0
PMT-0052,F-06,2022-09-01,7546.61,95.85,16.0
PMT-0052,F-06,2022-10-01,6187.38,100.0,12.3
PMT-0052,F-06,2022-11-01,5246.07,89.41,5.9
PMT-0052,F-06,2022-12-01,4855.24,92.87,3.6
PMT-0052,F-06,2023-01-01,5342.12,96.37,6.6
PMT-0052,F-06,2023-02-01,6274.22,90.35,11.8
PMT-0052,F-06,2023-03-01,7410.42,90.56,16.3
PMT-0052,F-06,2023-04-01,8619.68,100.0,25.4
PMT-0052,F-06,2023-05-01,9824.32,97.49,29.7
PMT-0052,F-06,2023-06-01,10120.82,100.0,31.3
PMT-0052,F-06,2023-07-01,9748.76,97.88,30.4
PMT-0052,F-06,2023-08-01,8659.43,92.32,25.7
PMT-0052,F-06,2023-09-01,7562.68,96.01,17.2
PMT-0052,F-06,2023-10-01,6246.7,96.7,10.3
PMT-0052,F-06,2023-11-01,5216.51,100.0,6.2
PMT-0052,F-06,2023-12-01,4928.58,90.08,3.4
PMT-0052,F-06,2024-01-01,5180.27,93.8,6.3
PMT-0052,F-06,2024-02-01,6176.06,95.66,9.2
PMT-0052,F-06,2024-03-01,7574.1,95.1,20.0
PMT-0052,F-06,2024-04-01,8806.12,93.76,24.6
PMT-0052,F-06,2024-05-01,9871.17,95.34,27.6
PMT-0052,F-06,2024-06-01,10366.61,98.05,33.3
PMT-0052,F-06,2024-07-01,9612.94,100.0,29.8
PMT-0052,F-06,2024-08-01,8739.82,100.0,24.2
PMT-0052,F-06,2024-09-01,7503.69,94.58,17.2
PMT-0052,F-06,2024-10-01,6096.36,100.0,12.3
PMT-0052,F-06,2024-11-01,5240.88,100.0,7.7
PMT-0052,F-06,2024-12-01,4964.1,93.91,3.6
PMT-0053,F-06,2022-01-01,6498.88,98.63,5.0
PMT-0053,F-06,2022-02-01,7580.52,90.93,11.8
PMT-0053,F-06,2022-03-01,9339.88,95.64,18.5
PMT-0053,F-06,2022-04-01,10746.41,97.72,24.4
PMT-0053,F-06,2022-05-01,11879.89,95.27,30.0
PMT-0053,F-06,2022-06-01,12359.57,96.73,31.2
PMT-0053,F-06,2022-07-01,11915.21,100.0,30.4
PMT-0053,F-06,2022-08-01,10547.84,86.39,26.7
PMT-0053,F-06,2022-09-01,9232.09,98.17,18.7
PMT-0053,F-06,2022-10-01,7649.2,93.05,9.6
PMT-0053,F-06,2022-11-01,6467.49,92.79,7.1
PMT-0053,F-06,2022-12-01,5918.38,95.87,4.0
PMT-0053,F-06,2023-01-01,6422.99,96.16,6.5
PMT-0053,F-06,2023-02-01,7573.92,95.0,12.6
PMT-0053,F-06,2023-03-01,9158.42,98.09,17.3
PMT-0053,F-06,2023-04-01,10837.4,96.88,21.6
PMT-0053,F-06,2023-05-01,11741.28,93.75,30.0
PMT-0053,F-06,2023-06-01,12522.36,100.0,31.3
PMT-0053,F-06,2023-07-01,12174.29,94.74,29.7
PMT-0053,F-06,2023-08-01,10756.11,96.37,26.2
PMT-0053,F-06,2023-09-01,9294.0,93.14,19.5
PMT-0053,F-06,2023-10-01,7589.13,92.56,11.6
PMT-0053,F-06,2023-11-01,6300.08,92.38,5.3
PMT-0053,F-06,2023-12-01,6073.84,100.0,3.4
PMT-0053,F-06,2024-01-01,6377.39,100.0,6.7
PMT-0053,F-06,2024-02-01,7665.8,92.85,10.5
PMT-0053,F-06,2024-03-01,9239.47,100.0,19.0
PMT-0053,F-06,2024-04-01,10589.95,96.16,25.3
PMT-0053,F-06,2024-05-01,11953.34,99.19,32.1
PMT-0053,F-06,2024-06-01,12259.28,92.56,32.1
PMT-0053,F-06,2024-07-01,12116.92,91.46,32.5
PMT-0053,F-06,2024-08-01,10824.0,94.41,26.4
PMT-0053,F-06,2024-09-01,9207.8,93.51,15.5
PMT-0053,F-06,2024-10-01,7460.19,93.51,13.3
PMT-0053,F-06,2024-11-01,6300.28,98.12,4.5
PMT-0053,F-06,2024-12-01,5944.32,95.96,4.1
PMT-0054,F-06,2022-01-01,11272.01,97.25,5.3
PMT-0054,F-06,2022-02-01,12909.8,96.4,11.3
PMT-0054,F-06,2022-03-01,15833.75,100.0,21.0
PMT-0054,F-06,2022-04-01,18348.91,94.34,22.8
PMT-0054,F-06,2022-05-01,20765.21,97.0,30.8
PMT-0054,F-06,2022-06-01,21017.58,99.16,30.9
PMT-0054,F-06,2022-07-01,20084.52,91.92,30.0
PMT-0054,F-06,2022-08-01,18797.49,100.0,26.4
PMT-0054,F-06,2022-09-01,15354.61,97.15,17.1
PMT-0054,F-06,2022-10-01,13231.16,98.4,11.0
PMT-0054,F-06,2022-11-01,11108.23,96.26,6.4
PMT-0054,F-06,2022-12-01,9926.48,92.55,5.1
PMT-0054,F-06,2023-01-01,11044.58,94.65,8.6
PMT-0054,F-06,2023-02-01,12643.27,100.0,10.7
PMT-0054,F-06,2023-03-01,15290.32,97.4,18.0
PMT-0054,F-06,2023-04-01,18501.99,100.0,25.1
PMT-0054,F-06,2023-05-01,20637.96,100.0,29.6
PMT-0054,F-06,2023-06-01,21217.76,97.5,34.0
PMT-0054,F-06,2023-07-01,20487.89,94.84,31.2
PMT-0054,F-06,2023-08-01,17468.71,95.71,22.6
PMT-0054,F-06,2023-09-01,15515.57,97.71,18.7
PMT-0054,F-06,2023-10-01,12888.79,100.0,11.8
PMT-0054,F-06,2023-11-01,10573.41,93.83,5.1
PMT-0054,F-06,2023-12-01,10229.75,97.15,2.4
PMT-0054,F-06,2024-01-01,11330.01,96.65,5.5
PMT-0054,F-06,2024-02-01,12842.53,100.0,8.9
PMT-0054,F-06,2024-03-01,15203.54,93.36,16.3
PMT-0054,F-06,2024-04-01,18983.53,95.23,25.1
PMT-0054,F-06,2024-05-01,20865.04,100.0,31.6
PMT-0054,F-06,2024-06-01,20056.86,91.94,33.7
PMT-0054,F-06,2024-07-01,19321.24,92.77,30.2
PMT-0054,F-06,2024-08-01,18639.36,95.82,24.9
PMT-0054,F-06,2024-09-01,15128.91,95.37,16.3
PMT-0054,F-06,2024-10-01,13643.44,100.0,9.7
PMT-0054,F-06,2024-11-01,11332.3,94.41,5.2
PMT-0054,F-06,2024-12-01,9786.1,97.44,1.7
PMT-0055,F-06,2022-01-01,10539.34,100.0,5.6
PMT-0055,F-06,2022-02-01,12166.9,99.56,9.8
PMT-0055,F-06,2022-03-01,14464.72,99.02,18.9
PMT-0055,F-06,2022-04-01,16853.0,97.47,26.3
PMT-0055,F-06,2022-05-01,19704.4,94.84,30.0
PMT-0055,F-06,2022-06-01,20037.85,100.0,33.8
PMT-0055,F-06,2022-07-01,19466.51,95.26,30.9
PMT-0055,F-06,2022-08-01,17252.62,98.12,25.3
PMT-0055,F-06,2022-09-01,14667.88,89.99,18.0
PMT-0055,F-06,2022-10-01,12566.32,95.62,13.1
PMT-0055,F-06,2022-11-01,10431.13,97.86,5.7
PMT-0055,F-06,2022-12-01,9881.94,98.04,4.7
PMT-0055,F-06,2023-01-01,10403.7,100.0,6.4
PMT-0055,F-06,2023-02-01,12145.09,97.03,11.5
PMT-0055,F-06,2023-03-01,15107.31,100.0,18.1
PMT-0055,F-06,2023-04-01,17383.3,99.98,25.4
PMT-0055,F-06,2023-05-01,19484.25,90.08,30.9
PMT-0055,F-06,2023-06-01,20342.78,93.48,30.0
PMT-0055,F-06,2023-07-01,19784.14,100.0,30.6
PMT-0055,F-06,2023-08-01,17643.12,98.28,23.5
PMT-0055,F-06,2023-09-01,14896.14,94.34,18.0
PMT-0055,F-06,2023-10-01,12362.4,100.0,9.1
PMT-0055,F-06,2023-11-01,10280.49,98.15,7.7
PMT-0055,F-06,2023-12-01,9603.98,96.28,1.6
PMT-0055,F-06,2024-01-01,10635.46,95.55,6.0
PMT-0055,F-06,2024-02-01,12405.99,100.0,10.4
PMT-0055,F-06,2024-03-01,14861.89,94.7,17.8
PMT-0055,F-06,2024-04-01,17675.3,98.08,25.6
PMT-0055,F-06,2024-05-01,19735.41,95.89,29.9
PMT-0055,F-06,2024-06-01,20633.33,98.76,32.1
PMT-0055,F-06,2024-07-01,20020.45,99.64,31.8
PMT-0055,F-06,2024-08-01,17607.3,97.57,25.6
PMT-0055,F-06,2024-09-01,15288.84,97.15,18.4
PMT-0055,F-06,2024-10-01,12182.66,92.67,12.4
PMT-0055,F-06,2024-11-01,10574.29,92.56,6.9
PMT-0055,F-06,2024-12-01,9716.67,97.09,2.5
PMT-0056,F-06,2022-01-01,8945.01,100.0,7.5
PMT-0056,F-06,2022-02-01,10763.11,99.4,10.6
PMT-0056,F-06,2022-03-01,12858.75,95.28,17.8
PMT-0056,F-06,2022-04-01,15223.65,96.95,24.0
PMT-0056,F-06,2022-05-01,17246.25,100.0,31.2
PMT-0056,F-06,2022-06-01,17408.54,100.0,33.0
PMT-0056,F-06,2022-07-01,17073.36,95.05,29.5
PMT-0056,F-06,2022-08-01,14796.0,94.48,25.3
PMT-0056,F-06,2022-09-01,12606.63,97.13,18.5
PMT-0056,F-06,2022-10-01,10480.56,98.71,12.2
PMT-0056,F-06,2022-11-01,9000.14,96.63,3.1
PMT-0056,F-06,2022-12-01,8244.69,100.0,5.3
PMT-0056,F-06,2023-01-01,9032.26,93.68,5.9
PMT-0056,F-06,2023-02-01,10598.44,97.33,9.4
PMT-0056,F-06,2023-03-01,12761.79,99.78,17.9
PMT-0056,F-06,2023-04-01,14819.52,93.87,24.9
PMT-0056,F-06,2023-05-01,16309.84,98.64,30.6
PMT-0056,F-06,2023-06-01,17319.98,91.29,33.1
PMT-0056,F-06,2023-07-01,16793.8,95.73,30.3
PMT-0056,F-06,2023-08-01,14933.46,92.72,25.3
PMT-0056,F-06,2023-09-01,12567.28,96.0,19.1
PMT-0056,F-06,2023-10-01,10588.39,97.33,9.7
PMT-0056,F-06,2023-11-01,8950.57,98.83,6.3
PMT-0056,F-06,2023-12-01,8537.58,96.86,3.8
PMT-0056,F-06,2024-01-01,8781.84,97.75,7.1
PMT-0056,F-06,2024-02-01,10565.33,93.91,10.4
PMT-0056,F-06,2024-03-01,12686.02,99.62,16.3
PMT-0056,F-06,2024-04-01,15441.73,92.69,25.5
PMT-0056,F-06,2024-05-01,16625.2,95.84,29.9
PMT-0056,F-06,2024-06-01,17317.48,100.0,32.6
PMT-0056,F-06,2024-07-01,16671.38,92.38,29.8
PMT-0056,F-06,2024-08-01,15120.82,95.89,23.5
PMT-0056,F-06,2024-09-01,13122.83,93.28,17.8
PMT-0056,F-06,2024-10-01,10814.3,93.16,10.4
PMT-0056,F-06,2024-11-01,8894.88,95.04,3.7
PMT-0056,F-06,2024-12-01,8408.17,98.66,2.2
PMT-0057,F-06,2022-01-01,9962.39,100.0,5.5
PMT-0057,F-06,2022-02-01,12379.62,92.81,11.4
PMT-0057,F-06,2022-03-01,14990.56,94.12,17.1
PMT-0057,F-06,2022-04-01,16592.01,98.87,24.9
PMT-0057,F-06,2022-05-01,18682.2,100.0,30.2
PMT-0057,F-06,2022-06-01,19033.38,96.94,33.3
PMT-0057,F-06,2022-07-01,18887.87,92.17,28.5
PMT-0057,F-06,2022-08-01,16686.22,96.75,24.7
PMT-0057,F-06,2022-09-01,15585.81,96.71,19.6
PMT-0057,F-06,2022-10-01,11735.53,96.8,11.4
PMT-0057,F-06,2022-11-01,10354.59,98.48,4.3
PMT-0057,F-06,2022-12-01,9261.21,98.85,3.4
PMT-0057,F-06,2023-01-01,10028.44,95.53,8.0
PMT-0057,F-06,2023-02-01,11618.54,100.0,13.2
PMT-0057,F-06,2023-03-01,14733.26,100.0,16.0
PMT-0057,F-06,2023-04-01,17124.88,99.49,27.1
PMT-0057,F-06,2023-05-01,19630.96,97.82,28.8
PMT-0057,F-06,2023-06-01,20630.42,94.2,33.8
PMT-0057,F-06,2023-07-01,20106.68,99.95,28.3
PMT-0057,F-06,2023-08-01,17337.62,95.75,25.8
PMT-0057,F-06,2023-09-01,14348.47,95.9,17.3
PMT-0057,F-06,2023-10-01,12283.16,96.83,9.9
PMT-0057,F-06,2023-11-01,10632.99,96.38,6.2
PMT-0057,F-06,2023-12-01,9470.38,96.16,3.6
PMT-0057,F-06,2024-01-01,10273.78,95.1,4.7
PMT-0057,F-06,2024-02-01,11821.57,98.33,11.5
PMT-0057,F-06,2024-03-01,15072.04,96.76,17.4
PMT-0057,F-06,2024-04-01,17153.14,100.0,25.8
PMT-0057,F-06,2024-05-01,18926.67,94.99,27.3
PMT-0057,F-06,2024-06-01,19529.22,93.62,32.3
PMT-0057,F-06,2024-07-01,19508.17,90.53,28.4
PMT-0057,F-06,2024-08-01,18382.26,98.31,23.7
PMT-0057,F-06,2024-09-01,14180.18,96.36,17.4
PMT-0057,F-06,2024-10-01,11715.13,95.27,10.9
PMT-0057,F-06,2024-11-01,10221.82,91.71,4.6
PMT-0057,F-06,2024-12-01,9620.8,96.6,3.9
PMT-0058,F-06,2022-01-01,6074.55,96.43,5.9
PMT-0058,F-06,2022-02-01,7063.18,97.4,12.4
PMT-0058,F-06,2022-03-01,8563.87,97.44,17.7
PMT-0058,F-06,2022-04-01,10027.48,98.54,22.6
PMT-0058,F-06,2022-05-01,10991.12,91.54,29.5
PMT-0058,F-06,2022-06-01,11504.09,89.3,31.2
PMT-0058,F-06,2022-07-01,11154.1,99.58,31.1
PMT-0058,F-06,2022-08-01,10082.65,98.53,26.9
PMT-0058,F-06,2022-09-01,8488.71,100.0,19.0
PMT-0058,F-06,2022-10-01,6974.33,95.14,11.7
PMT-0058,F-06,2022-11-01,6001.16,97.66,7.5
PMT-0058,F-06,2022-12-01,5709.83,100.0,3.4
PMT-0058,F-06,2023-01-01,6063.53,100.0,5.0
PMT-0058,F-06,2023-02-01,6974.94,94.16,10.3
PMT-0058,F-06,2023-03-01,8580.31,95.72,17.8
PMT-0058,F-06,2023-04-01,10195.45,97.01,27.6
PMT-0058,F-06,2023-05-01,11159.38,97.55,30.4
PMT-0058,F-06,2023-06-01,11225.63,95.98,32.3
PMT-0058,F-06,2023-07-01,10904.11,91.69,30.7
PMT-0058,F-06,2023-08-01,9979.23,92.69,23.8
PMT-0058,F-06,2023-09-01,8517.0,92.77,19.4
PMT-0058,F-06,2023-10-01,7008.85,95.73,9.7
PMT-0058,F-06,2023-11-01,6027.64,97.45,5.8
PMT-0058,F-06,2023-12-01,5608.09,94.45,2.8
PMT-0058,F-06,2024-01-01,5997.3,100.0,6.4
PMT-0058,F-06,2024-02-01,7081.84,94.62,10.8
PMT-0058,F-06,2024-03-01,8685.83,94.61,17.8
PMT-0058,F-06,2024-04-01,10105.58,94.1,23.9
PMT-0058,F-06,2024-05-01,11119.87,100.0,30.5
PMT-0058,F-06,2024-06-01,11582.89,95.53,30.9
PMT-0058,F-06,2024-07-01,11137.83,99.66,29.6
PMT-0058,F-06,2024-08-01,10073.72,91.19,22.1
PMT-0058,F-06,2024-09-01,8449.78,97.41,16.7
PMT-0058,F-06,2024-10-01,7017.28,92.07,10.8
PMT-0058,F-06,2024-11-01,6017.38,91.63,8.0
PMT-0058,F-06,2024-12-01,5519.44,98.45,2.9
PMT-0059,F-06,2022-01-01,4648.54,96.7,5.8
PMT-0059,F-06,2022-02-01,5700.52,94.2,10.6
PMT-0059,F-06,2022-03-01,6912.85,92.46,17.7
PMT-0059,F-06,2022-04-01,7742.13,98.87,24.5
PMT-0059,F-06,2022-05-01,9054.96,92.71,28.7
PMT-0059,F-06,2022-06-01,9197.22,90.81,32.2
PMT-0059,F-06,2022-07-01,9032.9,96.28,28.6
PMT-0059,F-06,2022-08-01,7845.31,100.0,24.9
PMT-0059,F-06,2022-09-01,6801.52,97.94,17.5
PMT-0059,F-06,2022-10-01,5598.24,94.66,9.1
PMT-0059,F-06,2022-11-01,4662.91,95.34,5.7
PMT-0059,F-06,2022-12-01,4368.9,94.97,4.2
PMT-0059,F-06,2023-01-01,4680.33,98.67,6.4
PMT-0059,F-06,2023-02-01,5676.94,93.84,10.9
PMT-0059,F-06,2023-03-01,6854.71,92.57,18.6
PMT-0059,F-06,2023-04-01,8082.07,97.08,24.2
PMT-0059,F-06,2023-05-01,8674.27,94.34,30.4
PMT-0059,F-06,2023-06-01,9053.81,95.04,34.0
PMT-0059,F-06,2023-07-01,8941.63,97.9,31.3
PMT-0059,F-06,2023-08-01,7917.37,95.3,25.1
PMT-0059,F-06,2023-09-01,6883.91,93.41,17.3
PMT-0059,F-06,2023-10-01,5674.06,99.41,10.3
PMT-0059,F-06,2023-11-01,4775.26,97.21,7.1
PMT-0059,F-06,2023-12-01,4410.26,93.28,2.3
PMT-0059,F-06,2024-01-01,4818.86,96.57,5.8
PMT-0059,F-06,2024-02-01,5735.93,100.0,10.6
PMT-0059,F-06,2024-03-01,6922.27,93.54,17.3
PMT-0059,F-06,2024-04-01,7878.27,92.88,25.7
PMT-0059,F-06,2024-05-01,8654.07,94.97,29.9
PMT-0059,F-06,2024-06-01,9261.76,96.66,30.7
PMT-0059,F-06,2024-07-01,8573.49,92.23,30.8
PMT-0059,F-06,2024-08-01,7855.97,97.41,26.2
PMT-0059,F-06,2024-09-01,6819.45,100.0,16.8
PMT-0059,F-06,2024-10-01,5637.37,92.78,9.1
PMT-0059,F-06,2024-11-01,4770.21,99.7,6.0
PMT-0059,F-06,2024-12-01,4482.27,95.71,5.0
PMT-0060,F-06,2022-01-01,13927.53,94.03,4.9
PMT-0060,F-06,2022-02-01,16239.28,98.88,9.8
PMT-0060,F-06,2022-03-01,19866.45,100.0,17.3
PMT-0060,F-06,2022-04-01,23046.25,90.08,22.8
PMT-0060,F-06,2022-05-01,26219.62,93.21,29.3
PMT-0060,F-06,2022-06-01,26709.9,97.7,32.4
PMT-0060,F-06,2022-07-01,26082.09,94.49,31.0
PMT-0060,F-06,2022-08-01,23448.59,98.29,24.8
PMT-0060,F-06,2022-09-01,20124.84,94.46,19.5
PMT-0060,F-06,2022-10-01,16821.39,98.66,11.3
PMT-0060,F-06,2022-11-01,13179.07,100.0,6.9
PMT-0060,F-06,2022-12-01,13030.19,96.46,4.5
PMT-0060,F-06,2023-01-01,13794.14,96.0,6.1
PMT-0060,F-06,2023-02-01,16158.37,100.0,9.6
PMT-0060,F-06,2023-03-01,20000.59,98.03,18.7
PMT-0060,F-06,2023-04-01,23549.69,93.74,21.6
PMT-0060,F-06,2023-05-01,26146.4,97.74,27.5
PMT-0060,F-06,2023-06-01,27361.9,97.62,34.7
PMT-0060,F-06,2023-07-01,25218.15,97.13,31.1
PMT-0060,F-06,2023-08-01,23434.12,94.22,25.1
PMT-0060,F-06,2023-09-01,20112.49,87.96,15.1
PMT-0060,F-06,2023-10-01,15921.89,94.33,11.3
PMT-0060,F-06,2023-11-01,14078.68,94.76,5.4
PMT-0060,F-06,2023-12-01,12761.4,96.25,3.8
PMT-0060,F-06,2024-01-01,13448.22,92.54,4.6
PMT-0060,F-06,2024-02-01,16680.9,99.58,10.9
PMT-0060,F-06,2024-03-01,19468.23,97.22,20.0
PMT-0060,F-06,2024-04-01,22864.48,98.35,24.8
PMT-0060,F-06,2024-05-01,25290.49,93.52,28.9
PMT-0060,F-06,2024-06-01,26594.82,96.65,30.9
PMT-0060,F-06,2024-07-01,26204.56,100.0,29.5
PMT-0060,F-06,2024-08-01,23400.01,95.46,25.9
PMT-0060,F-06,2024-09-01,19544.8,97.19,18.7
PMT-0060,F-06,2024-10-01,15963.82,100.0,11.2
PMT-0060,F-06,2024-11-01,13842.74,96.67,5.2
PMT-0060,F-06,2024-12-01,12783.3,97.12,3.1
PMT-0061,F-07,2022-01-01,15134.81,90.65,5.7
PMT-0061,F-07,2022-02-01,18115.54,92.41,12.3
PMT-0061,F-07,2022-03-01,21991.09,92.22,20.0
PMT-0061,F-07,2022-04-01,25595.29,90.11,24.1
PMT-0061,F-07,2022-05-01,29584.88,93.25,29.3
PMT-0061,F-07,2022-06-01,30521.8,89.79,30.9
PMT-0061,F-07,2022-07-01,28877.32,93.24,32.4
PMT-0061,F-07,2022-08-01,26258.03,82.8,26.1
PMT-0061,F-07,2022-09-01,22099.9,88.2,18.1
PMT-0061,F-07,2022-10-01,17969.64,87.82,8.4
PMT-0061,F-07,2022-11-01,15649.82,94.23,5.5
PMT-0061,F-07,2022-12-01,14552.52,89.71,5.3
PMT-0061,F-07,2023-01-01,15313.22,92.53,5.4
PMT-0061,F-07,2023-02-01,17608.69,92.4,8.9
PMT-0061,F-07,2023-03-01,22400.69,87.41,18.1
PMT-0061,F-07,2023-04-01,25379.56,92.31,25.8
PMT-0061,F-07,2023-05-01,29450.93,88.07,28.9
PMT-0061,F-07,2023-06-01,30573.31,89.36,34.1
PMT-0061,F-07,2023-07-01,28600.78,91.94,32.0
PMT-0061,F-07,2023-08-01,26313.0,94.46,25.8
PMT-0061,F-07,2023-09-01,21873.99,93.2,17.8
PMT-0061,F-07,2023-10-01,18962.06,93.04,11.8
PMT-0061,F-07,2023-11-01,15214.62,86.29,6.3
PMT-0061,F-07,2023-12-01,14318.12,91.91,4.4
PMT-0061,F-07,2024-01-01,15706.0,90.26,6.6
PMT-0061,F-07,2024-02-01,18578.09,91.89,12.3
PMT-0061,F-07,2024-03-01,21739.62,88.09,16.8
PMT-0061,F-07,2024-04-01,25746.98,91.24,25.3
PMT-0061,F-07,2024-05-01,29566.63,94.51,28.8
PMT-0061,F-07,2024-06-01,30258.62,85.41,32.1
PMT-0061,F-07,2024-07-01,28803.69,93.15,28.3
PMT-0061,F-07,2024-08-01,25985.6,92.86,23.6
PMT-0061,F-07,2024-09-01,22466.77,88.87,19.8
PMT-0061,F-07,2024-10-01,17494.29,92.93,12.0
PMT-0061,F-07,2024-11-01,15628.93,91.85,6.5
PMT-0061,F-07,2024-12-01,14448.49,92.35,3.3
PMT-0062,F-07,2022-01-01,11972.6,89.91,3.5
PMT-0062,F-07,2022-02-01,14165.02,93.51,9.1
PMT-0062,F-07,2022-03-01,16875.56,88.47,17.6
PMT-0062,F-07,2022-04-01,20591.88,91.01,24.2
PMT-0062,F-07,2022-05-01,22542.65,92.71,29.3
PMT-0062,F-07,2022-06-01,23245.52,98.69,33.7
PMT-0062,F-07,2022-07-01,21362.61,90.44,28.4
PMT-0062,F-07,2022-08-01,20313.36,92.69,24.4
PMT-0062,F-07,2022-09-01,17217.65,94.71,15.8
PMT-0062,F-07,2022-10-01,14533.67,91.68,10.7
PMT-0062,F-07,2022-11-01,11791.09,95.39,3.9
PMT-0062,F-07,2022-12-01,10843.22,92.22,3.1
PMT-0062,F-07,2023-01-01,11773.49,91.33,7.7
PMT-0062,F-07,2023-02-01,14115.61,93.36,11.5
PMT-0062,F-07,2023-03-01,17011.18,91.61,18.3
PMT-0062,F-07,2023-04-01,20093.99,94.67,25.5
PMT-0062,F-07,2023-05-01,21902.32,95.22,30.0
PMT-0062,F-07,2023-06-01,23415.14,92.83,32.4
PMT-0062,F-07,2023-07-01,22582.21,92.06,29.2
PMT-0062,F-07,2023-08-01,20113.11,91.94,25.6
PMT-0062,F-07,2023-09-01,16583.92,94.48,18.4
PMT-0062,F-07,2023-10-01,14050.05,91.11,12.3
PMT-0062,F-07,2023-11-01,11793.17,91.04,5.2
PMT-0062,F-07,2023-12-01,11450.17,95.52,2.6
PMT-0062,F-07,2024-01-01,11914.21,92.62,6.8
PMT-0062,F-07,2024-02-01,13700.55,85.54,12.5
PMT-0062,F-07,2024-03-01,17418.89,89.55,16.5
PMT-0062,F-07,2024-04-01,20110.82,90.9,25.9
PMT-0062,F-07,2024-05-01,22825.64,89.77,30.4
PMT-0062,F-07,2024-06-01,23728.23,98.17,31.8
PMT-0062,F-07,2024-07-01,22525.44,87.04,30.1
PMT-0062,F-07,2024-08-01,20522.97,91.53,24.0
PMT-0062,F-07,2024-09-01,16842.11,88.91,21.0
PMT-0062,F-07,2024-10-01,14286.26,93.42,10.4
PMT-0062,F-07,2024-11-01,11916.37,92.47,2.6
PMT-0062,F-07,2024-12-01,11131.07,90.2,5.7
PMT-0063,F-07,2022-01-01,7194.04,95.13,8.9
PMT-0063,F-07,2022-02-01,8520.37,92.03,11.6
PMT-0063,F-07,2022-03-01,10102.38,86.44,18.4
PMT-0063,F-07,2022-04-01,11230.78,89.18,27.1
PMT-0063,F-07,2022-05-01,12863.06,91.15,27.1
PMT-0063,F-07,2022-06-01,13068.98,89.62,30.5
PMT-0063,F-07,2022-07-01,13938.89,90.36,26.9
PMT-0063,F-07,2022-08-01,12088.67,90.1,26.0
PMT-0063,F-07,2022-09-01,10954.09,91.49,17.6
PMT-0063,F-07,2022-10-01,8962.65,93.55,10.5
PMT-0063,F-07,2022-11-01,7191.93,88.46,7.2
PMT-0063,F-07,2022-12-01,7052.89,89.69,0.8
PMT-0063,F-07,2023-01-01,7641.18,92.98,5.7
PMT-0063,F-07,2023-02-01,9313.09,93.17,10.3
PMT-0063,F-07,2023-03-01,10454.1,96.5,18.4
PMT-0063,F-07,2023-04-01,13250.76,89.98,26.1
PMT-0063,F-07,2023-05-01,13281.84,95.74,29.7
PMT-0063,F-07,2023-06-01,13804.5,89.75,34.7
PMT-0063,F-07,2023-07-01,13782.75,92.34,29.0
PMT-0063,F-07,2023-08-01,11602.62,92.22,25.3
PMT-0063,F-07,2023-09-01,10046.09,90.52,16.6
PMT-0063,F-07,2023-10-01,8724.21,95.73,11.3
PMT-0063,F-07,2023-11-01,7416.05,94.03,6.0
PMT-0063,F-07,2023-12-01,6577.97,92.09,3.3
PMT-0063,F-07,2024-01-01,6782.09,95.11,5.7
PMT-0063,F-07,2024-02-01,9180.16,91.72,12.2
PMT-0063,F-07,2024-03-01,9992.29,89.87,17.0
PMT-0063,F-07,2024-04-01,12542.4,92.7,26.9
PMT-0063,F-07,2024-05-01,12885.21,91.95,29.6
PMT-0063,F-07,2024-06-01,13139.91,94.4,33.7
PMT-0063,F-07,2024-07-01,14095.92,92.05,29.8
PMT-0063,F-07,2024-08-01,12483.74,91.64,24.0
PMT-0063,F-07,2024-09-01,10200.28,92.53,19.2
PMT-0063,F-07,2024-10-01,8792.63,91.12,12.4
PMT-0063,F-07,2024-11-01,7331.66,92.68,7.3
PMT-0063,F-07,2024-12-01,6945.55,92.57,3.7
PMT-0064,F-07,2022-01-01,14712.12,91.17,4.7
PMT-0064,F-07,2022-02-01,18780.41,88.44,10.7
PMT-0064,F-07,2022-03-01,21091.04,93.06,18.4
PMT-0064,F-07,2022-04-01,25798.65,96.36,25.1
PMT-0064,F-07,2022-05-01,28210.51,89.69,31.4
PMT-0064,F-07,2022-06-01,29291.85,95.18,32.3
PMT-0064,F-07,2022-07-01,28974.39,87.18,29.8
PMT-0064,F-07,2022-08-01,25856.66,92.94,25.4
PMT-0064,F-07,2022-09-01,22760.0,90.36,19.7
PMT-0064,F-07,2022-10-01,17323.8,89.89,11.4
PMT-0064,F-07,2022-11-01,14393.3,85.92,7.1
PMT-0064,F-07,2022-12-01,14620.18,90.92,3.6
PMT-0064,F-07,2023-01-01,15858.16,90.3,6.9
PMT-0064,F-07,2023-02-01,17750.75,95.03,12.0
PMT-0064,F-07,2023-03-01,22339.01,90.0,17.9
PMT-0064,F-07,2023-04-01,26088.15,93.79,23.0
PMT-0064,F-07,2023-05-01,30219.36,91.51,32.1
PMT-0064,F-07,2023-06-01,29519.28,96.01,33.9
PMT-0064,F-07,2023-07-01,28431.08,93.47,29.2
PMT-0064,F-07,2023-08-01,26461.85,90.76,24.6
PMT-0064,F-07,2023-09-01,21865.71,90.16,17.4
PMT-0064,F-07,2023-10-01,16627.4,94.04,10.0
PMT-0064,F-07,2023-11-01,15153.58,91.85,7.6
PMT-0064,F-07,2023-12-01,14010.08,87.7,4.4
PMT-0064,F-07,2024-01-01,14906.01,96.61,5.6
PMT-0064,F-07,2024-02-01,17744.51,92.97,12.2
PMT-0064,F-07,2024-03-01,22153.8,90.3,17.5
PMT-0064,F-07,2024-04-01,26029.02,87.8,23.3
PMT-0064,F-07,2024-05-01,28791.68,96.5,32.9
PMT-0064,F-07,2024-06-01,29629.17,97.26,33.7
PMT-0064,F-07,2024-07-01,28973.53,96.21,32.1
PMT-0064,F-07,2024-08-01,26809.24,94.33,25.1
PMT-0064,F-07,2024-09-01,21764.25,86.33,19.6
PMT-0064,F-07,2024-10-01,18731.41,89.82,10.3
PMT-0064,F-07,2024-11-01,15059.22,88.59,7.0
PMT-0064,F-07,2024-12-01,13881.5,87.45,5.0
PMT-0065,F-07,2022-01-01,10824.65,95.96,5.6
PMT-0065,F-07,2022-02-01,13989.89,89.81,10.9
PMT-0065,F-07,2022-03-01,15925.07,91.99,20.0
PMT-0065,F-07,2022-04-01,18311.49,90.75,25.9
PMT-0065,F-07,2022-05-01,20230.79,96.5,29.2
PMT-0065,F-07,2022-06-01,21495.04,89.02,31.6
PMT-0065,F-07,2022-07-01,20532.45,94.64,31.2
PMT-0065,F-07,2022-08-01,18831.8,93.31,24.8
PMT-0065,F-07,2022-09-01,16555.02,96.18,18.9
PMT-0065,F-07,2022-10-01,12744.27,91.83,10.3
PMT-0065,F-07,2022-11-01,11105.14,91.72,6.9
PMT-0065,F-07,2022-12-01,10073.12,88.06,5.1
PMT-0065,F-07,2023-01-01,10964.35,91.93,5.7
PMT-0065,F-07,2023-02-01,13179.55,91.21,12.2
PMT-0065,F-07,2023-03-01,15893.23,91.84,18.7
PMT-0065,F-07,2023-04-01,18698.6,92.16,26.3
PMT-0065,F-07,2023-05-01,20294.22,91.61,29.5
PMT-0065,F-07,2023-06-01,21362.84,97.42,30.9
PMT-0065,F-07,2023-07-01,20637.82,92.59,30.0
PMT-0065,F-07,2023-08-01,18544.75,89.91,23.4
PMT-0065,F-07,2023-09-01,15387.06,94.48,16.4
PMT-0065,F-07,2023-10-01,13111.68,88.82,10.8
PMT-0065,F-07,2023-11-01,11128.93,89.08,6.0
PMT-0065,F-07,2023-12-01,10063.03,91.84,5.4
PMT-0065,F-07,2024-01-01,10799.96,93.42,4.6
PMT-0065,F-07,2024-02-01,13003.88,91.62,11.7
PMT-0065,F-07,2024-03-01,15825.17,89.18,18.4
PMT-0065,F-07,2024-04-01,18233.87,93.37,24.8
PMT-0065,F-07,2024-05-01,20170.89,96.11,31.7
PMT-0065,F-07,2024-06-01,21341.57,89.03,30.4
PMT-0065,F-07,2024-07-01,20935.65,95.81,29.4
PMT-0065,F-07,2024-08-01,19167.23,96.48,24.8
PMT-0065,F-07,2024-09-01,15794.51,93.38,19.6
PMT-0065,F-07,2024-10-01,13536.77,96.64,11.2
PMT-0065,F-07,2024-11-01,11160.05,97.63,7.3
PMT-0065,F-07,2024-12-01,10541.15,90.49,4.3
PMT-0066,F-07,2022-01-01,5052.3,86.24,4.0
PMT-0066,F-07,2022-02-01,5846.98,93.9,10.6
PMT-0066,F-07,2022-03-01,7268.41,92.75,18.7
PMT-0066,F-07,2022-04-01,8477.3,94.25,22.8
PMT-0066,F-07,2022-05-01,9058.78,95.02,28.6
PMT-0066,F-07,2022-06-01,9877.1,85.92,34.1
PMT-0066,F-07,2022-07-01,9509.59,91.02,29.2
PMT-0066,F-07,2022-08-01,8556.35,92.14,25.4
PMT-0066,F-07,2022-09-01,7261.87,90.11,17.4
PMT-0066,F-07,2022-10-01,6111.87,92.72,12.9
PMT-0066,F-07,2022-11-01,4961.55,98.58,5.7
PMT-0066,F-07,2022-12-01,4675.86,95.7,1.9
PMT-0066,F-07,2023-01-01,5105.72,92.25,4.9
PMT-0066,F-07,2023-02-01,5924.38,91.8,11.6
PMT-0066,F-07,2023-03-01,7071.12,88.85,16.2
PMT-0066,F-07,2023-04-01,8464.81,89.78,24.2
PMT-0066,F-07,2023-05-01,9382.4,90.13,30.1
PMT-0066,F-07,2023-06-01,9691.73,94.31,32.5
PMT-0066,F-07,2023-07-01,9379.99,88.91,31.5
PMT-0066,F-07,2023-08-01,8513.44,93.72,25.9
PMT-0066,F-07,2023-09-01,7156.36,91.15,18.5
PMT-0066,F-07,2023-10-01,6013.42,94.1,11.0
PMT-0066,F-07,2023-11-01,4898.65,93.5,8.0
PMT-0066,F-07,2023-12-01,4731.16,91.03,3.6
PMT-0066,F-07,2024-01-01,4995.94,94.42,7.3
PMT-0066,F-07,2024-02-01,5950.22,88.35,10.1
PMT-0066,F-07,2024-03-01,7317.46,92.16,17.3
PMT-0066,F-07,2024-04-01,8252.48,88.68,24.6
PMT-0066,F-07,2024-05-01,9556.42,95.2,31.3
PMT-0066,F-07,2024-06-01,9679.35,97.28,32.2
PMT-0066,F-07,2024-07-01,9121.65,89.88,29.6
PMT-0066,F-07,2024-08-01,8380.27,92.75,24.4
PMT-0066,F-07,2024-09-01,6978.03,93.36,18.8
PMT-0066,F-07,2024-10-01,5857.06,92.83,14.1
PMT-0066,F-07,2024-11-01,5039.91,94.79,5.3
PMT-0066,F-07,2024-12-01,4803.2,95.84,4.7
PMT-0067,F-07,2022-01-01,14067.98,94.34,5.6
PMT-0067,F-07,2022-02-01,17493.56,92.84,9.3
PMT-0067,F-07,2022-03-01,20059.42,91.71,17.0
PMT-0067,F-07,2022-04-01,23741.49,90.98,24.4
PMT-0067,F-07,2022-05-01,26687.97,83.4,29.4
PMT-0067,F-07,2022-06-01,27157.33,95.68,30.2
PMT-0067,F-07,2022-07-01,26912.99,90.67,31.0
PMT-0067,F-07,2022-08-01,24204.85,90.33,23.7
PMT-0067,F-07,2022-09-01,19927.25,93.03,18.6
PMT-0067,F-07,2022-10-01,15956.21,91.26,13.3
PMT-0067,F-07,2022-11-01,13642.53,92.46,6.0
PMT-0067,F-07,2022-12-01,12984.06,92.05,3.7
PMT-0067,F-07,2023-01-01,14356.83,89.16,7.0
PMT-0067,F-07,2023-02-01,17303.47,94.37,9.5
PMT-0067,F-07,2023-03-01,20017.24,93.07,19.0
PMT-0067,F-07,2023-04-01,23112.15,96.04,26.4
PMT-0067,F-07,2023-05-01,25744.46,92.28,29.3
PMT-0067,F-07,2023-06-01,27569.74,88.48,30.9
PMT-0067,F-07,2023-07-01,27035.57,90.59,29.6
PMT-0067,F-07,2023-08-01,23584.05,88.84,25.1
PMT-0067,F-07,2023-09-01,19744.02,89.7,18.0
PMT-0067,F-07,2023-10-01,16708.06,88.67,11.4
PMT-0067,F-07,2023-11-01,13830.41,100.0,7.9
PMT-0067,F-07,2023-12-01,12998.14,90.2,1.5
PMT-0067,F-07,2024-01-01,14088.84,94.51,4.0
PMT-0067,F-07,2024-02-01,16542.83,92.47,13.6
PMT-0067,F-07,2024-03-01,20339.18,86.92,18.3
PMT-0067,F-07,2024-04-01,23598.05,92.33,23.9
PMT-0067,F-07,2024-05-01,27323.16,92.41,31.2
PMT-0067,F-07,2024-06-01,28619.13,93.57,33.3
PMT-0067,F-07,2024-07-01,27036.27,87.66,29.4
PMT-0067,F-07,2024-08-01,24204.97,88.88,22.0
PMT-0067,F-07,2024-09-01,21075.84,90.9,15.8
PMT-0067,F-07,2024-10-01,17504.8,86.91,11.4
PMT-0067,F-07,2024-11-01,13991.55,93.95,5.2
PMT-0067,F-07,2024-12-01,13379.18,92.85,5.5
PMT-0068,F-07,2022-01-01,14138.63,93.56,5.6
PMT-0068,F-07,2022-02-01,16836.88,89.98,12.0
PMT-0068,F-07,2022-03-01,21015.52,91.05,16.3
PMT-0068,F-07,2022-04-01,24206.66,86.86,22.3
PMT-0068,F-07,2022-05-01,27112.65,94.41,28.7
PMT-0068,F-07,2022-06-01,27595.58,87.48,32.2
PMT-0068,F-07,2022-07-01,27872.14,94.37,29.6
PMT-0068,F-07,2022-08-01,24282.72,94.41,24.5
PMT-0068,F-07,2022-09-01,20302.24,93.83,19.4
PMT-0068,F-07,2022-10-01,16551.74,90.82,11.1
PMT-0068,F-07,2022-11-01,14230.38,92.27,6.3
PMT-0068,F-07,2022-12-01,13603.62,89.69,3.1
PMT-0068,F-07,2023-01-01,14376.05,87.15,5.6
PMT-0068,F-07,2023-02-01,16829.96,96.2,11.4
PMT-0068,F-07,2023-03-01,20681.09,92.28,15.8
PMT-0068,F-07,2023-04-01,25490.04,97.12,25.0
PMT-0068,F-07,2023-05-01,26685.09,94.88,30.1
PMT-0068,F-07,2023-06-01,28206.19,94.6,33.2
PMT-0068,F-07,2023-07-01,26665.56,96.36,30.0
PMT-0068,F-07,2023-08-01,23997.62,95.74,23.5
PMT-0068,F-07,2023-09-01,20306.33,92.76,18.5
PMT-0068,F-07,2023-10-01,16636.62,90.47,10.9
PMT-0068,F-07,2023-11-01,14389.27,91.81,5.9
PMT-0068,F-07,2023-12-01,13548.04,85.59,2.2
PMT-0068,F-07,2024-01-01,14709.12,89.45,5.9
PMT-0068,F-07,2024-02-01,16812.09,87.84,10.3
PMT-0068,F-07,2024-03-01,21181.09,89.09,17.7
PMT-0068,F-07,2024-04-01,23993.69,92.94,23.3
PMT-0068,F-07,2024-05-01,26970.51,89.08,28.3
PMT-0068,F-07,2024-06-01,28000.89,92.2,30.9
PMT-0068,F-07,2024-07-01,27566.07,92.54,31.1
PMT-0068,F-07,2024-08-01,24008.69,92.16,24.8
PMT-0068,F-07,2024-09-01,20397.3,89.4,17.0
PMT-0068,F-07,2024-10-01,17008.33,95.04,10.5
PMT-0068,F-07,2024-11-01,14635.24,88.87,6.3
PMT-0068,F-07,2024-12-01,13549.09,92.85,2.8
PMT-0069,F-07,2022-01-01,8416.84,94.64,6.1
PMT-0069,F-07,2022-02-01,10183.02,89.09,10.3
PMT-0069,F-07,2022-03-01,11633.32,90.57,17.1
PMT-0069,F-07,2022-04-01,14606.01,93.93,23.8
PMT-0069,F-07,2022-05-01,15254.74,90.45,30.8
PMT-0069,F-07,2022-06-01,16860.43,88.45,33.2
PMT-0069,F-07,2022-07-01,16275.09,99.64,30.2
PMT-0069,F-07,2022-08-01,14014.26,90.78,25.1
PMT-0069,F-07,2022-09-01,11735.0,85.8,16.6
PMT-0069,F-07,2022-10-01,10203.49,94.12,11.3
PMT-0069,F-07,2022-11-01,8692.46,92.7,6.0
PMT-0069,F-07,2022-12-01,8056.77,85.1,3.7
PMT-0069,F-07,2023-01-01,8623.1,87.53,5.9
PMT-0069,F-07,2023-02-01,10136.37,98.57,11.7
PMT-0069,F-07,2023-03-01,11766.67,93.67,16.6
PMT-0069,F-07,2023-04-01,13881.82,93.2,25.4
PMT-0069,F-07,2023-05-01,15377.52,87.16,31.5
PMT-0069,F-07,2023-06-01,15901.23,93.72,31.3
PMT-0069,F-07,2023-07-01,15762.57,95.08,32.1
PMT-0069,F-07,2023-08-01,13743.99,95.68,25.6
PMT-0069,F-07,2023-09-01,12639.61,83.87,17.8
PMT-0069,F-07,2023-10-01,9892.63,88.29,12.2
PMT-0069,F-07,2023-11-01,8625.38,91.55,6.5
PMT-0069,F-07,2023-12-01,8007.67,90.21,3.8
PMT-0069,F-07,2024-01-01,8600.02,85.3,7.0
PMT-0069,F-07,2024-02-01,10362.25,87.42,12.2
PMT-0069,F-07,2024-03-01,11932.98,94.28,17.1
PMT-0069,F-07,2024-04-01,13701.77,93.36,23.7
PMT-0069,F-07,2024-05-01,15750.03,90.69,30.1
PMT-0069,F-07,2024-06-01,16288.48,90.84,29.7
PMT-0069,F-07,2024-07-01,15079.24,95.04,31.1
PMT-0069,F-07,2024-08-01,14450.22,91.11,24.7
PMT-0069,F-07,2024-09-01,12369.41,91.5,17.9
PMT-0069,F-07,2024-10-01,10224.6,94.65,9.5
PMT-0069,F-07,2024-11-01,8940.4,91.68,4.9
PMT-0069,F-07,2024-12-01,7931.18,90.94,3.4
PMT-0070,F-07,2022-01-01,6440.14,97.38,4.7
PMT-0070,F-07,2022-02-01,7482.74,89.87,11.4
PMT-0070,F-07,2022-03-01,9021.27,94.39,17.1
PMT-0070,F-07,2022-04-01,10577.18,90.77,23.6
PMT-0070,F-07,2022-05-01,11761.96,89.72,29.2
PMT-0070,F-07,2022-06-01,12109.62,97.98,32.0
PMT-0070,F-07,2022-07-01,11497.77,87.52,29.8
PMT-0070,F-07,2022-08-01,10528.85,93.88,26.5
PMT-0070,F-07,2022-09-01,9291.05,97.82,19.0
PMT-0070,F-07,2022-10-01,7483.61,93.65,13.5
PMT-0070,F-07,2022-11-01,6489.26,92.38,6.7
PMT-0070,F-07,2022-12-01,5945.62,96.09,4.1
PMT-0070,F-07,2023-01-01,6277.21,86.27,5.9
PMT-0070,F-07,2023-02-01,7640.6,94.78,10.2
PMT-0070,F-07,2023-03-01,9061.38,99.77,17.8
PMT-0070,F-07,2023-04-01,10504.03,94.63,25.2
PMT-0070,F-07,2023-05-01,11651.11,92.42,29.9
PMT-0070,F-07,2023-06-01,12405.27,97.56,30.5
PMT-0070,F-07,2023-07-01,11957.0,97.0,32.2
PMT-0070,F-07,2023-08-01,10712.47,98.51,23.5
PMT-0070,F-07,2023-09-01,9108.55,94.06,17.7
PMT-0070,F-07,2023-10-01,7627.34,87.32,10.4
PMT-0070,F-07,2023-11-01,6301.82,93.62,7.4
PMT-0070,F-07,2023-12-01,6012.29,92.99,4.1
PMT-0070,F-07,2024-01-01,6341.05,91.91,7.4
PMT-0070,F-07,2024-02-01,7407.3,88.09,9.5
PMT-0070,F-07,2024-03-01,8948.15,94.95,16.8
PMT-0070,F-07,2024-04-01,10664.0,98.84,25.2
PMT-0070,F-07,2024-05-01,12054.81,89.6,29.2
PMT-0070,F-07,2024-06-01,12112.7,97.3,30.1
PMT-0070,F-07,2024-07-01,11687.77,89.41,28.9
PMT-0070,F-07,2024-08-01,10666.27,91.61,26.1
PMT-0070,F-07,2024-09-01,9014.37,90.03,17.5
PMT-0070,F-07,2024-10-01,7368.94,93.76,9.3
PMT-0070,F-07,2024-11-01,6322.32,94.03,5.1
PMT-0070,F-07,2024-12-01,6057.26,98.28,4.2
PMT-0071,F-08,2022-01-01,21555.12,85.55,4.7
PMT-0071,F-08,2022-02-01,25330.17,83.11,11.9
PMT-0071,F-08,2022-03-01,30662.57,92.95,18.6
PMT-0071,F-08,2022-04-01,37552.91,89.5,24.4
PMT-0071,F-08,2022-05-01,40132.36,86.63,30.7
PMT-0071,F-08,2022-06-01,41644.69,81.61,34.0
PMT-0071,F-08,2022-07-01,40613.79,93.76,29.3
PMT-0071,F-08,2022-08-01,36177.46,83.71,24.2
PMT-0071,F-08,2022-09-01,31035.59,85.71,19.7
PMT-0071,F-08,2022-10-01,25662.73,83.32,10.3
PMT-0071,F-08,2022-11-01,21418.09,82.61,6.6
PMT-0071,F-08,2022-12-01,20472.88,84.15,2.2
PMT-0071,F-08,2023-01-01,21471.84,82.3,4.8
PMT-0071,F-08,2023-02-01,25206.63,87.13,12.8
PMT-0071,F-08,2023-03-01,30328.53,86.89,18.7
PMT-0071,F-08,2023-04-01,37071.92,85.91,27.7
PMT-0071,F-08,2023-05-01,40180.78,84.13,29.4
PMT-0071,F-08,2023-06-01,41537.99,85.64,31.8
PMT-0071,F-08,2023-07-01,40446.03,83.55,28.9
PMT-0071,F-08,2023-08-01,35922.51,89.59,23.6
PMT-0071,F-08,2023-09-01,30605.42,85.91,18.2
PMT-0071,F-08,2023-10-01,26071.99,91.43,9.7
PMT-0071,F-08,2023-11-01,21166.39,84.42,7.8
PMT-0071,F-08,2023-12-01,19938.7,85.86,7.4
PMT-0071,F-08,2024-01-01,21407.77,90.32,5.7
PMT-0071,F-08,2024-02-01,25474.95,85.39,10.0
PMT-0071,F-08,2024-03-01,30755.88,81.11,19.2
PMT-0071,F-08,2024-04-01,36529.96,85.32,24.9
PMT-0071,F-08,2024-05-01,40577.73,89.75,26.9
PMT-0071,F-08,2024-06-01,42244.29,87.13,31.5
PMT-0071,F-08,2024-07-01,40720.03,84.66,29.4
PMT-0071,F-08,2024-08-01,36255.9,89.06,24.1
PMT-0071,F-08,2024-09-01,30505.14,88.16,19.6
PMT-0071,F-08,2024-10-01,25450.86,90.27,12.4
PMT-0071,F-08,2024-11-01,21859.18,88.26,4.7
PMT-0071,F-08,2024-12-01,20537.17,88.25,2.8
PMT-0072,F-08,2022-01-01,8823.01,86.21,7.5
PMT-0072,F-08,2022-02-01,9823.01,90.82,10.1
PMT-0072,F-08,2022-03-01,12636.32,89.82,18.6
PMT-0072,F-08,2022-04-01,14842.88,88.84,25.3
PMT-0072,F-08,2022-05-01,16437.38,90.82,30.5
PMT-0072,F-08,2022-06-01,16498.09,92.83,31.0
PMT-0072,F-08,2022-07-01,15742.64,89.8,30.3
PMT-0072,F-08,2022-08-01,14798.22,86.07,24.1
PMT-0072,F-08,2022-09-01,12118.77,86.27,17.5
PMT-0072,F-08,2022-10-01,10609.14,87.09,10.3
PMT-0072,F-08,2022-11-01,8558.82,91.03,4.8
PMT-0072,F-08,2022-12-01,7941.96,84.58,2.9
PMT-0072,F-08,2023-01-01,8584.12,89.21,4.5
PMT-0072,F-08,2023-02-01,10306.62,87.36,12.6
PMT-0072,F-08,2023-03-01,12563.62,91.33,19.9
PMT-0072,F-08,2023-04-01,14448.31,91.78,22.2
PMT-0072,F-08,2023-05-01,15797.23,84.35,31.1
PMT-0072,F-08,2023-06-01,16944.09,85.21,30.6
PMT-0072,F-08,2023-07-01,16191.39,88.37,30.5
PMT-0072,F-08,2023-08-01,14641.02,89.9,25.6
PMT-0072,F-08,2023-09-01,12644.71,84.38,19.2
PMT-0072,F-08,2023-10-01,10060.0,94.37,11.5
PMT-0072,F-08,2023-11-01,8716.2,89.71,7.8
PMT-0072,F-08,2023-12-01,8259.47,84.44,3.4
PMT-0072,F-08,2024-01-01,8678.6,87.39,6.7
PMT-0072,F-08,2024-02-01,10307.71,82.68,10.9
PMT-0072,F-08,2024-03-01,12094.25,89.25,21.8
PMT-0072,F-08,2024-04-01,14746.93,91.66,25.3
PMT-0072,F-08,2024-05-01,15579.03,89.65,32.1
PMT-0072,F-08,2024-06-01,16662.3,89.73,30.9
PMT-0072,F-08,2024-07-01,16316.96,89.32,31.1
PMT-0072,F-08,2024-08-01,14538.37,90.08,25.3
PMT-0072,F-08,2024-09-01,12521.23,92.99,17.8
PMT-0072,F-08,2024-10-01,10262.71,86.62,11.7
PMT-0072,F-08,2024-11-01,8740.96,87.21,7.5
PMT-0072,F-08,2024-12-01,8009.37,88.85,3.8
PMT-0073,F-08,2022-01-01,11061.95,90.84,5.1
PMT-0073,F-08,2022-02-01,13720.36,88.36,12.5
PMT-0073,F-08,2022-03-01,15791.65,91.22,18.8
PMT-0073,F-08,2022-04-01,18770.4,88.57,24.9
PMT-0073,F-08,2022-05-01,21320.67,90.19,29.9
PMT-0073,F-08,2022-06-01,22097.58,80.34,30.4
PMT-0073,F-08,2022-07-01,21298.37,88.67,29.5
PMT-0073,F-08,2022-08-01,19393.94,85.85,25.0
PMT-0073,F-08,2022-09-01,16538.74,85.05,20.1
PMT-0073,F-08,2022-10-01,13854.06,89.64,11.1
PMT-0073,F-08,2022-11-01,11609.48,92.68,5.2
PMT-0073,F-08,2022-12-01,10194.59,85.88,3.6
PMT-0073,F-08,2023-01-01,11430.46,88.39,5.0
PMT-0073,F-08,2023-02-01,13380.46,86.57,10.1
PMT-0073,F-08,2023-03-01,16241.01,87.28,18.2
PMT-0073,F-08,2023-04-01,19386.99,89.19,23.3
PMT-0073,F-08,2023-05-01,21145.66,85.81,28.9
PMT-0073,F-08,2023-06-01,22132.11,93.76,32.3
PMT-0073,F-08,2023-07-01,20928.44,83.9,28.7
PMT-0073,F-08,2023-08-01,19855.43,90.55,24.0
PMT-0073,F-08,2023-09-01,16340.09,87.94,16.6
PMT-0073,F-08,2023-10-01,13710.05,90.78,12.8
PMT-0073,F-08,2023-11-01,11339.38,87.94,6.0
PMT-0073,F-08,2023-12-01,10748.54,87.45,4.7
PMT-0073,F-08,2024-01-01,11609.61,86.69,6.0
PMT-0073,F-08,2024-02-01,13995.09,83.04,11.3
PMT-0073,F-08,2024-03-01,16388.95,88.63,16.9
PMT-0073,F-08,2024-04-01,19764.52,83.05,25.5
PMT-0073,F-08,2024-05-01,21452.53,83.77,30.2
PMT-0073,F-08,2024-06-01,22649.44,84.08,33.0
PMT-0073,F-08,2024-07-01,21522.55,85.76,31.3
PMT-0073,F-08,2024-08-01,18913.26,87.44,24.7
PMT-0073,F-08,2024-09-01,16618.77,89.37,17.8
PMT-0073,F-08,2024-10-01,13378.34,86.64,11.1
PMT-0073,F-08,2024-11-01,11836.6,90.65,7.3
PMT-0073,F-08,2024-12-01,10816.58,82.89,5.9
PMT-0074,F-08,2022-01-01,15683.81,88.98,4.1
PMT-0074,F-08,2022-02-01,18761.93,85.57,8.0
PMT-0074,F-08,2022-03-01,22290.25,89.21,18.1
PMT-0074,F-08,2022-04-01,25937.48,89.02,24.5
PMT-0074,F-08,2022-05-01,29560.54,87.29,29.5
PMT-0074,F-08,2022-06-01,30537.71,84.9,32.3
PMT-0074,F-08,2022-07-01,29353.72,88.53,29.3
PMT-0074,F-08,2022-08-01,26771.81,78.24,25.3
PMT-0074,F-08,2022-09-01,22551.78,93.77,21.2
PMT-0074,F-08,2022-10-01,18599.01,84.51,10.1
PMT-0074,F-08,2022-11-01,15116.03,89.59,6.6
PMT-0074,F-08,2022-12-01,14384.24,85.63,4.2
PMT-0074,F-08,2023-01-01,15373.26,87.35,5.5
PMT-0074,F-08,2023-02-01,18165.91,89.6,9.6
PMT-0074,F-08,2023-03-01,22405.26,82.97,17.7
PMT-0074,F-08,2023-04-01,26592.72,86.85,26.5
PMT-0074,F-08,2023-05-01,29242.16,89.54,30.5
PMT-0074,F-08,2023-06-01,30246.68,84.38,32.4
PMT-0074,F-08,2023-07-01,29265.23,91.93,29.4
PMT-0074,F-08,2023-08-01,25959.92,82.43,25.4
PMT-0074,F-08,2023-09-01,22166.98,90.84,18.2
PMT-0074,F-08,2023-10-01,18275.6,84.61,11.6
PMT-0074,F-08,2023-11-01,15564.49,86.42,3.8
PMT-0074,F-08,2023-12-01,14266.08,82.11,4.2
PMT-0074,F-08,2024-01-01,15631.24,87.78,5.3
PMT-0074,F-08,2024-02-01,18297.42,83.07,12.4
PMT-0074,F-08,2024-03-01,22319.23,85.41,15.2
PMT-0074,F-08,2024-04-01,26056.0,87.37,23.8
PMT-0074,F-08,2024-05-01,29210.11,88.57,32.2
PMT-0074,F-08,2024-06-01,30303.68,88.49,32.6
PMT-0074,F-08,2024-07-01,28408.32,83.9,29.0
PMT-0074,F-08,2024-08-01,26395.99,85.8,22.5
PMT-0074,F-08,2024-09-01,22642.08,87.33,19.7
PMT-0074,F-08,2024-10-01,18141.7,89.67,12.3
PMT-0074,F-08,2024-11-01,15902.96,83.08,6.7
PMT-0074,F-08,2024-12-01,14593.66,88.83,2.1
PMT-0075,F-08,2022-01-01,8057.09,84.71,5.9
PMT-0075,F-08,2022-02-01,9510.79,85.41,12.5
PMT-0075,F-08,2022-03-01,11553.88,84.49,16.5
PMT-0075,F-08,2022-04-01,13467.68,88.4,24.2
PMT-0075,F-08,2022-05-01,14706.55,89.4,30.5
PMT-0075,F-08,2022-06-01,15644.42,85.71,32.3
PMT-0075,F-08,2022-07-01,14921.54,90.4,28.8
PMT-0075,F-08,2022-08-01,13056.66,84.99,27.4
PMT-0075,F-08,2022-09-01,11459.04,84.87,17.4
PMT-0075,F-08,2022-10-01,9370.04,86.0,11.1
PMT-0075,F-08,2022-11-01,7991.88,85.25,5.3
PMT-0075,F-08,2022-12-01,7623.06,84.47,3.9
PMT-0075,F-08,2023-01-01,7927.84,86.61,8.1
PMT-0075,F-08,2023-02-01,9544.94,85.57,10.9
PMT-0075,F-08,2023-03-01,11311.97,85.29,17.0
PMT-0075,F-08,2023-04-01,13452.55,83.19,24.5
PMT-0075,F-08,2023-05-01,14695.14,85.6,26.6
PMT-0075,F-08,2023-06-01,15273.97,91.28,32.4
PMT-0075,F-08,2023-07-01,15039.31,83.79,29.5
PMT-0075,F-08,2023-08-01,13150.99,92.93,25.6
PMT-0075,F-08,2023-09-01,11466.89,90.01,19.1
PMT-0075,F-08,2023-10-01,9538.37,90.8,11.4
PMT-0075,F-08,2023-11-01,8107.87,88.11,5.8
PMT-0075,F-08,2023-12-01,7533.04,84.72,3.6
PMT-0075,F-08,2024-01-01,8064.15,88.97,4.7
PMT-0075,F-08,2024-02-01,9491.18,90.4,10.8
PMT-0075,F-08,2024-03-01,11617.74,83.93,18.3
PMT-0075,F-08,2024-04-01,13158.79,88.12,25.1
PMT-0075,F-08,2024-05-01,14990.9,88.39,29.9
PMT-0075,F-08,2024-06-01,15563.94,88.96,32.2
PMT-0075,F-08,2024-07-01,14867.95,90.24,30.3
PMT-0075,F-08,2024-08-01,13179.63,89.16,25.8
PMT-0075,F-08,2024-09-01,11327.78,88.03,19.3
PMT-0075,F-08,2024-10-01,9691.67,85.75,9.8
PMT-0075,F-08,2024-11-01,7855.06,87.71,7.2
PMT-0075,F-08,2024-12-01,7663.36,85.11,0.7
PMT-0076,F-08,2022-01-01,8371.73,83.96,5.7
PMT-0076,F-08,2022-02-01,10046.44,92.03,10.8
PMT-0076,F-08,2022-03-01,11875.62,81.99,18.2
PMT-0076,F-08,2022-04-01,14796.81,85.89,26.0
PMT-0076,F-08,2022-05-01,15399.07,89.69,30.8
PMT-0076,F-08,2022-06-01,16372.62,90.36,30.7
PMT-0076,F-08,2022-07-01,15524.73,85.12,31.2
PMT-0076,F-08,2022-08-01,14433.72,89.23,24.4
PMT-0076,F-08,2022-09-01,12168.85,84.68,18.1
PMT-0076,F-08,2022-10-01,10047.35,89.69,11.4
PMT-0076,F-08,2022-11-01,8477.8,87.47,4.5
PMT-0076,F-08,2022-12-01,7859.38,90.46,3.6
PMT-0076,F-08,2023-01-01,8601.02,91.08,7.2
PMT-0076,F-08,2023-02-01,9849.54,85.98,10.7
PMT-0076,F-08,2023-03-01,11850.35,91.74,18.7
PMT-0076,F-08,2023-04-01,14415.8,96.26,24.5
PMT-0076,F-08,2023-05-01,15177.42,86.64,29.6
PMT-0076,F-08,2023-06-01,16459.75,87.11,32.3
PMT-0076,F-08,2023-07-01,15784.79,85.23,28.6
PMT-0076,F-08,2023-08-01,13960.0,89.57,22.0
PMT-0076,F-08,2023-09-01,12159.58,86.07,18.2
PMT-0076,F-08,2023-10-01,9789.68,90.0,11.2
PMT-0076,F-08,2023-11-01,8486.61,89.91,4.4
PMT-0076,F-08,2023-12-01,7847.58,84.83,5.1
PMT-0076,F-08,2024-01-01,8725.1,94.82,6.6
PMT-0076,F-08,2024-02-01,9948.86,87.56,11.7
PMT-0076,F-08,2024-03-01,11900.8,86.17,16.0
PMT-0076,F-08,2024-04-01,14760.94,85.96,24.6
PMT-0076,F-08,2024-05-01,16286.29,83.91,29.8
PMT-0076,F-08,2024-06-01,15393.99,88.21,33.3
PMT-0076,F-08,2024-07-01,15806.03,91.42,30.9
PMT-0076,F-08,2024-08-01,13887.64,88.47,25.6
PMT-0076,F-08,2024-09-01,11773.74,90.01,16.9
PMT-0076,F-08,2024-10-01,10001.95,87.79,10.2
PMT-0076,F-08,2024-11-01,8123.32,84.86,4.7
PMT-0076,F-08,2024-12-01,7854.37,90.08,4.5
PMT-0077,F-08,2022-01-01,18900.5,86.61,5.8
PMT-0077,F-08,2022-02-01,21974.71,87.32,9.4
PMT-0077,F-08,2022-03-01,26840.56,85.19,19.6
PMT-0077,F-08,2022-04-01,29835.61,90.81,25.8
PMT-0077,F-08,2022-05-01,34631.34,89.66,28.1
PMT-0077,F-08,2022-06-01,34294.55,85.11,34.3
PMT-0077,F-08,2022-07-01,36093.97,84.65,29.2
PMT-0077,F-08,2022-08-01,32372.11,88.89,24.9
PMT-0077,F-08,2022-09-01,26229.83,88.51,18.1
PMT-0077,F-08,2022-10-01,22187.44,84.81,13.4
PMT-0077,F-08,2022-11-01,18503.78,89.16,7.4
PMT-0077,F-08,2022-12-01,16969.86,85.95,3.1
PMT-0077,F-08,2023-01-01,17953.31,87.37,5.1
PMT-0077,F-08,2023-02-01,21543.56,91.04,13.2
PMT-0077,F-08,2023-03-01,26537.56,80.38,18.9
PMT-0077,F-08,2023-04-01,31322.28,87.9,23.9
PMT-0077,F-08,2023-05-01,34448.31,87.28,31.6
PMT-0077,F-08,2023-06-01,36145.99,86.33,33.1
PMT-0077,F-08,2023-07-01,34836.03,90.17,30.8
PMT-0077,F-08,2023-08-01,30865.88,87.66,23.9
PMT-0077,F-08,2023-09-01,27589.44,83.51,18.0
PMT-0077,F-08,2023-10-01,21828.57,89.94,10.2
PMT-0077,F-08,2023-11-01,18270.68,89.3,5.7
PMT-0077,F-08,2023-12-01,16655.62,81.72,4.3
PMT-0077,F-08,2024-01-01,18517.83,88.46,5.1
PMT-0077,F-08,2024-02-01,21532.74,85.95,11.4
PMT-0077,F-08,2024-03-01,27084.11,89.08,19.7
PMT-0077,F-08,2024-04-01,30374.52,91.22,24.6
PMT-0077,F-08,2024-05-01,33816.63,91.47,29.9
PMT-0077,F-08,2024-06-01,34823.71,87.96,32.7
PMT-0077,F-08,2024-07-01,34789.56,85.15,30.2
PMT-0077,F-08,2024-08-01,30082.3,83.46,26.1
PMT-0077,F-08,2024-09-01,26510.97,86.26,17.4
PMT-0077,F-08,2024-10-01,21301.94,88.21,8.1
PMT-0077,F-08,2024-11-01,17867.61,88.0,5.4
PMT-0077,F-08,2024-12-01,17538.59,89.26,5.2
PMT-0078,F-08,2022-01-01,12341.1,89.26,3.8
PMT-0078,F-08,2022-02-01,14605.82,85.44,12.6
PMT-0078,F-08,2022-03-01,17688.57,91.17,18.8
PMT-0078,F-08,2022-04-01,20587.02,92.8,25.3
PMT-0078,F-08,2022-05-01,23208.04,86.36,28.5
PMT-0078,F-08,2022-06-01,24237.78,81.68,32.0
PMT-0078,F-08,2022-07-01,22206.33,81.99,29.4
PMT-0078,F-08,2022-08-01,20156.73,89.55,25.6
PMT-0078,F-08,2022-09-01,17959.78,90.89,17.5
PMT-0078,F-08,2022-10-01,14467.54,82.92,9.1
PMT-0078,F-08,2022-11-01,12514.62,77.94,5.8
PMT-0078,F-08,2022-12-01,11338.96,90.48,4.3
PMT-0078,F-08,2023-01-01,12089.68,92.28,4.9
PMT-0078,F-08,2023-02-01,14312.34,86.62,10.1
PMT-0078,F-08,2023-03-01,18130.34,84.64,16.4
PMT-0078,F-08,2023-04-01,20601.24,85.9,24.5
PMT-0078,F-08,2023-05-01,22749.91,93.54,31.7
PMT-0078,F-08,2023-06-01,23454.45,86.56,33.8
PMT-0078,F-08,2023-07-01,22895.58,87.08,28.2
PMT-0078,F-08,2023-08-01,19854.23,86.87,23.7
PMT-0078,F-08,2023-09-01,16951.13,87.3,18.1
PMT-0078,F-08,2023-10-01,14241.37,89.56,11.3
PMT-0078,F-08,2023-11-01,11601.66,91.14,5.2
PMT-0078,F-08,2023-12-01,11103.27,89.06,4.1
PMT-0078,F-08,2024-01-01,11801.92,87.12,5.9
PMT-0078,F-08,2024-02-01,14084.33,87.04,12.0
PMT-0078,F-08,2024-03-01,17070.65,89.16,18.0
PMT-0078,F-08,2024-04-01,20433.71,86.56,27.6
PMT-0078,F-08,2024-05-01,21791.78,87.53,30.2
PMT-0078,F-08,2024-06-01,23596.78,91.76,33.4
PMT-0078,F-08,2024-07-01,22098.59,85.2,30.3
PMT-0078,F-08,2024-08-01,20715.61,89.91,25.2
PMT-0078,F-08,2024-09-01,17313.49,84.78,17.8
PMT-0078,F-08,2024-10-01,14706.41,90.2,11.2
PMT-0078,F-08,2024-11-01,12194.71,88.07,4.8
PMT-0078,F-08,2024-12-01,10650.04,88.63,2.7
PMT-0079,F-08,2022-01-01,8622.98,90.96,7.6
PMT-0079,F-08,2022-02-01,9449.73,85.95,10.2
PMT-0079,F-08,2022-03-01,12469.05,89.77,18.6
PMT-0079,F-08,2022-04-01,13642.11,83.19,25.6
PMT-0079,F-08,2022-05-01,15194.92,87.33,27.9
PMT-0079,F-08,2022-06-01,15976.07,89.41,29.9
PMT-0079,F-08,2022-07-01,15112.49,87.16,30.5
PMT-0079,F-08,2022-08-01,14079.2,87.56,26.0
PMT-0079,F-08,2022-09-01,11784.47,84.44,17.5
PMT-0079,F-08,2022-10-01,9593.38,86.64,12.3
PMT-0079,F-08,2022-11-01,8474.57,84.46,6.2
PMT-0079,F-08,2022-12-01,8218.25,81.51,3.0
PMT-0079,F-08,2023-01-01,8697.96,93.0,5.5
PMT-0079,F-08,2023-02-01,10078.62,95.03,10.5
PMT-0079,F-08,2023-03-01,11752.94,84.8,18.0
PMT-0079,F-08,2023-04-01,14534.43,89.03,25.5
PMT-0079,F-08,2023-05-01,15921.24,87.39,31.6
PMT-0079,F-08,2023-06-01,16673.62,84.27,33.9
PMT-0079,F-08,2023-07-01,15926.93,84.4,29.4
PMT-0079,F-08,2023-08-01,14725.46,90.99,25.5
PMT-0079,F-08,2023-09-01,11758.82,88.45,17.5
PMT-0079,F-08,2023-10-01,9893.53,86.33,11.3
PMT-0079,F-08,2023-11-01,8741.59,85.35,5.9
PMT-0079,F-08,2023-12-01,7858.47,89.97,4.4
PMT-0079,F-08,2024-01-01,8621.76,87.67,5.5
PMT-0079,F-08,2024-02-01,9680.79,87.96,10.6
PMT-0079,F-08,2024-03-01,12066.79,90.14,17.7
PMT-0079,F-08,2024-04-01,14310.86,90.11,24.1
PMT-0079,F-08,2024-05-01,15574.58,86.36,28.8
PMT-0079,F-08,2024-06-01,17059.01,88.29,33.2
PMT-0079,F-08,2024-07-01,15936.31,87.12,28.9
PMT-0079,F-08,2024-08-01,15228.62,89.79,25.5
PMT-0079,F-08,2024-09-01,11801.79,87.6,16.6
PMT-0079,F-08,2024-10-01,9499.07,86.71,10.6
PMT-0079,F-08,2024-11-01,8080.2,89.19,6.5
PMT-0079,F-08,2024-12-01,8152.31,89.64,5.5
PMT-0080,F-08,2022-01-01,8186.58,90.12,5.2
PMT-0080,F-08,2022-02-01,9756.22,88.95,12.2
PMT-0080,F-08,2022-03-01,11817.44,93.13,19.3
PMT-0080,F-08,2022-04-01,14028.12,86.39,25.4
PMT-0080,F-08,2022-05-01,15435.69,86.53,29.8
PMT-0080,F-08,2022-06-01,16585.89,89.26,31.7
PMT-0080,F-08,2022-07-01,15935.63,91.89,28.5
PMT-0080,F-08,2022-08-01,13694.25,85.21,24.0
PMT-0080,F-08,2022-09-01,12236.83,87.84,16.5
PMT-0080,F-08,2022-10-01,9561.74,94.98,11.6
PMT-0080,F-08,2022-11-01,8311.2,88.2,7.9
PMT-0080,F-08,2022-12-01,7720.4,87.86,4.0
PMT-0080,F-08,2023-01-01,8039.26,87.27,7.5
PMT-0080,F-08,2023-02-01,9527.72,86.82,9.9
PMT-0080,F-08,2023-03-01,12289.68,86.9,18.1
PMT-0080,F-08,2023-04-01,13958.53,90.3,25.4
PMT-0080,F-08,2023-05-01,15564.94,85.95,31.5
PMT-0080,F-08,2023-06-01,16794.29,88.84,31.6
PMT-0080,F-08,2023-07-01,15367.67,90.16,28.5
PMT-0080,F-08,2023-08-01,14353.87,88.51,25.4
PMT-0080,F-08,2023-09-01,11752.67,90.66,17.4
PMT-0080,F-08,2023-10-01,9498.37,89.61,9.5
PMT-0080,F-08,2023-11-01,8063.01,85.78,4.2
PMT-0080,F-08,2023-12-01,8118.03,89.37,3.0
PMT-0080,F-08,2024-01-01,8549.35,91.1,5.3
PMT-0080,F-08,2024-02-01,9974.85,88.9,10.9
PMT-0080,F-08,2024-03-01,12009.29,83.9,17.3
PMT-0080,F-08,2024-04-01,13442.12,93.47,26.3
PMT-0080,F-08,2024-05-01,16018.29,88.2,31.3
PMT-0080,F-08,2024-06-01,15514.82,82.15,31.5
PMT-0080,F-08,2024-07-01,15223.16,90.89,29.7
PMT-0080,F-08,2024-08-01,13993.55,85.92,24.0
PMT-0080,F-08,2024-09-01,11646.05,87.84,15.6
PMT-0080,F-08,2024-10-01,9720.5,91.64,11.2
PMT-0080,F-08,2024-11-01,8552.31,89.1,6.6
PMT-0080,F-08,2024-12-01,7938.83,85.44,4.2
PMT-0081,F-09,2022-01-01,8138.31,98.63,6.9
PMT-0081,F-09,2022-02-01,9661.15,100.0,13.5
PMT-0081,F-09,2022-03-01,11356.14,99.57,18.7
PMT-0081,F-09,2022-04-01,13175.51,96.95,25.8
PMT-0081,F-09,2022-05-01,15364.58,97.25,28.8
PMT-0081,F-09,2022-06-01,15368.44,94.02,30.6
PMT-0081,F-09,2022-07-01,14932.47,100.0,30.1
PMT-0081,F-09,2022-08-01,12794.66,97.57,27.0
PMT-0081,F-09,2022-09-01,11062.68,99.79,18.2
PMT-0081,F-09,2022-10-01,9352.8,99.03,10.5
PMT-0081,F-09,2022-11-01,8018.09,97.88,6.7
PMT-0081,F-09,2022-12-01,7605.99,100.0,2.5
PMT-0081,F-09,2023-01-01,8474.45,97.97,7.4
PMT-0081,F-09,2023-02-01,9700.23,100.0,12.1
PMT-0081,F-09,2023-03-01,11251.52,97.34,15.7
PMT-0081,F-09,2023-04-01,13364.45,100.0,23.1
PMT-0081,F-09,2023-05-01,15038.89,98.24,30.6
PMT-0081,F-09,2023-06-01,15673.86,100.0,31.9
PMT-0081,F-09,2023-07-01,14642.03,96.82,29.2
PMT-0081,F-09,2023-08-01,13410.54,100.0,25.5
PMT-0081,F-09,2023-09-01,11336.72,99.45,18.5
PMT-0081,F-09,2023-10-01,9723.42,90.87,10.7
PMT-0081,F-09,2023-11-01,8129.54,95.32,6.6
PMT-0081,F-09,2023-12-01,7610.35,95.74,5.4
PMT-0081,F-09,2024-01-01,8019.27,94.73,8.6
PMT-0081,F-09,2024-02-01,9427.35,100.0,13.1
PMT-0081,F-09,2024-03-01,11706.28,98.45,19.6
PMT-0081,F-09,2024-04-01,13699.61,100.0,25.9
PMT-0081,F-09,2024-05-01,14819.45,96.7,30.6
PMT-0081,F-09,2024-06-01,16148.37,100.0,32.4
PMT-0081,F-09,2024-07-01,14963.31,99.05,30.5
PMT-0081,F-09,2024-08-01,13816.1,96.41,27.1
PMT-0081,F-09,2024-09-01,11396.47,100.0,16.7
PMT-0081,F-09,2024-10-01,9424.68,98.2,11.2
PMT-0081,F-09,2024-11-01,8016.39,100.0,7.7
PMT-0081,F-09,2024-12-01,7543.77,94.54,6.5
PMT-0082,F-09,2022-01-01,10185.91,100.0,6.0
PMT-0082,F-09,2022-02-01,12766.17,100.0,10.0
PMT-0082,F-09,2022-03-01,14644.1,96.26,17.0
PMT-0082,F-09,2022-04-01,17271.38,100.0,24.2
PMT-0082,F-09,2022-05-01,19912.44,100.0,29.3
PMT-0082,F-09,2022-06-01,19830.26,96.79,31.1
PMT-0082,F-09,2022-07-01,20048.41,97.29,30.6
PMT-0082,F-09,2022-08-01,18107.02,100.0,26.1
PMT-0082,F-09,2022-09-01,15105.75,99.34,17.8
PMT-0082,F-09,2022-10-01,12456.51,96.15,10.2
PMT-0082,F-09,2022-11-01,10556.54,100.0,2.1
PMT-0082,F-09,2022-12-01,9864.81,100.0,3.9
PMT-0082,F-09,2023-01-01,10478.28,100.0,6.2
PMT-0082,F-09,2023-02-01,12042.53,100.0,10.0
PMT-0082,F-09,2023-03-01,15090.59,99.54,18.2
PMT-0082,F-09,2023-04-01,17469.48,95.46,22.7
PMT-0082,F-09,2023-05-01,19349.32,100.0,30.1
PMT-0082,F-09,2023-06-01,20251.95,98.26,33.3
PMT-0082,F-09,2023-07-01,19184.45,100.0,31.1
PMT-0082,F-09,2023-08-01,17874.22,96.71,24.6
PMT-0082,F-09,2023-09-01,14899.45,100.0,17.1
PMT-0082,F-09,2023-10-01,11835.84,100.0,9.7
PMT-0082,F-09,2023-11-01,10323.97,100.0,5.4
PMT-0082,F-09,2023-12-01,9849.32,99.0,2.7
PMT-0082,F-09,2024-01-01,10399.97,97.92,7.2
PMT-0082,F-09,2024-02-01,12588.65,99.91,11.2
PMT-0082,F-09,2024-03-01,15213.66,100.0,17.2
PMT-0082,F-09,2024-04-01,18066.45,95.73,23.3
PMT-0082,F-09,2024-05-01,19311.92,96.23,31.1
PMT-0082,F-09,2024-06-01,20767.56,97.98,32.2
PMT-0082,F-09,2024-07-01,19178.85,95.32,28.3
PMT-0082,F-09,2024-08-01,18008.69,100.0,22.9
PMT-0082,F-09,2024-09-01,14689.83,97.55,15.9
PMT-0082,F-09,2024-10-01,12551.18,97.66,8.0
PMT-0082,F-09,2024-11-01,10303.8,95.81,5.7
PMT-0082,F-09,2024-12-01,10113.48,97.99,3.6
PMT-0083,F-09,2022-01-01,19946.28,98.67,5.5
PMT-0083,F-09,2022-02-01,24022.78,99.11,11.7
PMT-0083,F-09,2022-03-01,28217.9,99.79,20.0
PMT-0083,F-09,2022-04-01,33664.39,99.17,26.0
PMT-0083,F-09,2022-05-01,38849.8,96.78,31.3
PMT-0083,F-09,2022-06-01,39522.55,100.0,33.0
PMT-0083,F-09,2022-07-01,37731.1,94.45,29.7
PMT-0083,F-09,2022-08-01,35198.02,100.0,25.8
PMT-0083,F-09,2022-09-01,29496.08,98.51,16.1
PMT-0083,F-09,2022-10-01,23751.85,100.0,9.6
PMT-0083,F-09,2022-11-01,20147.67,98.51,5.3
PMT-0083,F-09,2022-12-01,18578.73,100.0,4.6
PMT-0083,F-09,2023-01-01,20186.52,100.0,6.2
PMT-0083,F-09,2023-02-01,23358.01,98.09,10.1
PMT-0083,F-09,2023-03-01,29244.86,100.0,17.7
PMT-0083,F-09,2023-04-01,34055.32,97.0,26.8
PMT-0083,F-09,2023-05-01,38671.67,97.26,30.4
PMT-0083,F-09,2023-06-01,39549.13,100.0,30.7
PMT-0083,F-09,2023-07-01,39535.0,100.0,30.0
PMT-0083,F-09,2023-08-01,35453.69,98.13,24.9
PMT-0083,F-09,2023-09-01,28772.22,100.0,17.4
PMT-0083,F-09,2023-10-01,23986.1,100.0,10.2
PMT-0083,F-09,2023-11-01,20235.44,95.21,6.6
PMT-0083,F-09,2023-12-01,18643.89,100.0,3.9
PMT-0083,F-09,2024-01-01,20389.4,100.0,6.8
PMT-0083,F-09,2024-02-01,23526.97,99.04,10.1
PMT-0083,F-09,2024-03-01,29718.79,99.45,18.3
PMT-0083,F-09,2024-04-01,33709.42,97.53,22.3
PMT-0083,F-09,2024-05-01,37213.2,96.42,31.0
PMT-0083,F-09,2024-06-01,39739.01,96.29,34.2
PMT-0083,F-09,2024-07-01,38046.15,98.7,28.5
PMT-0083,F-09,2024-08-01,33799.99,90.5,26.3
PMT-0083,F-09,2024-09-01,28142.39,96.14,16.2
PMT-0083,F-09,2024-10-01,23772.08,100.0,12.3
PMT-0083,F-09,2024-11-01,19807.07,100.0,6.8
PMT-0083,F-09,2024-12-01,19041.24,99.73,4.6
PMT-0084,F-09,2022-01-01,14152.94,100.0,6.4
PMT-0084,F-09,2022-02-01,16444.02,100.0,14.0
PMT-0084,F-09,2022-03-01,19476.29,95.27,17.8
PMT-0084,F-09,2022-04-01,23267.47,100.0,24.8
PMT-0084,F-09,2022-05-01,25699.94,95.09,28.6
PMT-0084,F-09,2022-06-01,26945.94,100.0,31.4
PMT-0084,F-09,2022-07-01,26662.11,98.6,30.2
PMT-0084,F-09,2022-08-01,24026.49,100.0,23.2
PMT-0084,F-09,2022-09-01,19665.31,99.36,19.9
PMT-0084,F-09,2022-10-01,16157.48,100.0,11.0
PMT-0084,F-09,2022-11-01,13738.16,100.0,7.0
PMT-0084,F-09,2022-12-01,12865.76,100.0,2.0
PMT-0084,F-09,2023-01-01,14071.91,100.0,6.1
PMT-0084,F-09,2023-02-01,15735.89,100.0,12.7
PMT-0084,F-09,2023-03-01,19843.99,97.13,16.7
PMT-0084,F-09,2023-04-01,23308.71,96.43,24.0
PMT-0084,F-09,2023-05-01,25530.5,100.0,32.5
PMT-0084,F-09,2023-06-01,27174.31,98.47,30.8
PMT-0084,F-09,2023-07-01,26051.55,96.78,28.8
PMT-0084,F-09,2023-08-01,22999.77,98.5,24.0
PMT-0084,F-09,2023-09-01,19610.26,92.84,17.2
PMT-0084,F-09,2023-10-01,15758.76,100.0,10.6
PMT-0084,F-09,2023-11-01,13275.13,99.67,6.6
PMT-0084,F-09,2023-12-01,12628.67,96.95,5.4
PMT-0084,F-09,2024-01-01,13576.26,100.0,4.9
PMT-0084,F-09,2024-02-01,16696.87,99.33,13.5
PMT-0084,F-09,2024-03-01,20305.89,98.61,16.6
PMT-0084,F-09,2024-04-01,23105.07,96.75,25.1
PMT-0084,F-09,2024-05-01,25064.69,100.0,29.8
PMT-0084,F-09,2024-06-01,25911.42,98.9,32.1
PMT-0084,F-09,2024-07-01,26611.17,100.0,27.7
PMT-0084,F-09,2024-08-01,23461.0,99.38,25.1
PMT-0084,F-09,2024-09-01,19316.15,100.0,16.4
PMT-0084,F-09,2024-10-01,16553.37,100.0,11.1
PMT-0084,F-09,2024-11-01,13665.28,95.69,6.5
PMT-0084,F-09,2024-12-01,12756.73,99.94,4.3
PMT-0085,F-09,2022-01-01,14177.79,100.0,5.6
PMT-0085,F-09,2022-02-01,17394.21,97.81,14.1
PMT-0085,F-09,2022-03-01,20890.93,100.0,19.2
PMT-0085,F-09,2022-04-01,25214.63,100.0,24.1
PMT-0085,F-09,2022-05-01,27322.08,98.73,28.1
PMT-0085,F-09,2022-06-01,28163.15,99.75,32.4
PMT-0085,F-09,2022-07-01,26652.67,98.52,28.5
PMT-0085,F-09,2022-08-01,24719.68,98.16,24.6
PMT-0085,F-09,2022-09-01,21336.48,100.0,18.5
PMT-0085,F-09,2022-10-01,17002.17,98.54,10.6
PMT-0085,F-09,2022-11-01,14822.61,98.82,4.7
PMT-0085,F-09,2022-12-01,13186.12,97.11,4.9
PMT-0085,F-09,2023-01-01,14239.81,98.33,5.9
PMT-0085,F-09,2023-02-01,17154.24,100.0,13.2
PMT-0085,F-09,2023-03-01,21195.52,99.72,19.6
PMT-0085,F-09,2023-04-01,24750.33,96.85,24.7
PMT-0085,F-09,2023-05-01,26971.84,97.62,31.1
PMT-0085,F-09,2023-06-01,28290.31,99.78,33.4
PMT-0085,F-09,2023-07-01,26836.36,98.02,28.2
PMT-0085,F-09,2023-08-01,23750.14,100.0,23.1
PMT-0085,F-09,2023-09-01,21102.55,100.0,19.0
PMT-0085,F-09,2023-10-01,17247.76,96.65,10.2
PMT-0085,F-09,2023-11-01,14972.66,100.0,8.5
PMT-0085,F-09,2023-12-01,13697.0,93.9,3.1
PMT-0085,F-09,2024-01-01,14345.79,97.37,6.2
PMT-0085,F-09,2024-02-01,16929.13,97.22,11.2
PMT-0085,F-09,2024-03-01,20294.25,99.44,19.1
PMT-0085,F-09,2024-04-01,24806.72,100.0,25.7
PMT-0085,F-09,2024-05-01,26868.12,96.08,29.8
PMT-0085,F-09,2024-06-01,28651.25,96.21,34.2
PMT-0085,F-09,2024-07-01,27283.16,100.0,33.0
PMT-0085,F-09,2024-08-01,24044.93,96.04,24.9
PMT-0085,F-09,2024-09-01,21493.76,100.0,17.4
PMT-0085,F-09,2024-10-01,17699.96,96.67,11.2
PMT-0085,F-09,2024-11-01,14759.24,98.32,6.6
PMT-0085,F-09,2024-12-01,13657.22,93.37,4.6
PMT-0086,F-09,2022-01-01,13788.89,100.0,5.8
PMT-0086,F-09,2022-02-01,16433.59,100.0,11.2
PMT-0086,F-09,2022-03-01,19570.99,100.0,18.2
PMT-0086,F-09,2022-04-01,23666.09,96.6,24.2
PMT-0086,F-09,2022-05-01,26397.01,95.66,32.2
PMT-0086,F-09,2022-06-01,27380.56,94.72,30.3
PMT-0086,F-09,2022-07-01,26639.36,100.0,30.2
PMT-0086,F-09,2022-08-01,22865.73,100.0,24.6
PMT-0086,F-09,2022-09-01,20389.6,100.0,19.1
PMT-0086,F-09,2022-10-01,16403.77,100.0,11.6
PMT-0086,F-09,2022-11-01,13933.25,100.0,6.5
PMT-0086,F-09,2022-12-01,13030.47,98.44,4.8
PMT-0086,F-09,2023-01-01,13886.65,93.8,5.1
PMT-0086,F-09,2023-02-01,16239.9,100.0,9.9
PMT-0086,F-09,2023-03-01,19749.4,100.0,17.4
PMT-0086,F-09,2023-04-01,23589.16,100.0,23.3
PMT-0086,F-09,2023-05-01,26054.97,100.0,32.5
PMT-0086,F-09,2023-06-01,26972.6,98.7,30.0
PMT-0086,F-09,2023-07-01,27072.25,99.62,28.3
PMT-0086,F-09,2023-08-01,23532.7,100.0,27.5
PMT-0086,F-09,2023-09-01,20178.94,95.88,17.2
PMT-0086,F-09,2023-10-01,16321.31,93.62,11.5
PMT-0086,F-09,2023-11-01,13839.16,100.0,6.4
PMT-0086,F-09,2023-12-01,12984.19,93.43,5.2
PMT-0086,F-09,2024-01-01,13889.46,100.0,8.0
PMT-0086,F-09,2024-02-01,16613.04,98.49,12.1
PMT-0086,F-09,2024-03-01,19475.73,100.0,17.8
PMT-0086,F-09,2024-04-01,23918.97,100.0,25.2
PMT-0086,F-09,2024-05-01,26059.34,99.66,29.0
PMT-0086,F-09,2024-06-01,26285.03,99.91,32.1
PMT-0086,F-09,2024-07-01,26519.39,98.68,30.2
PMT-0086,F-09,2024-08-01,23413.55,99.96,24.5
PMT-0086,F-09,2024-09-01,19958.98,100.0,20.4
PMT-0086,F-09,2024-10-01,16381.8,96.65,9.7
PMT-0086,F-09,2024-11-01,14117.07,98.92,4.9
PMT-0086,F-09,2024-12-01,13013.4,97.72,3.5
PMT-0087,F-09,2022-01-01,17191.7,97.9,7.1
PMT-0087,F-09,2022-02-01,19440.44,97.72,11.3
PMT-0087,F-09,2022-03-01,24051.47,100.0,16.1
PMT-0087,F-09,2022-04-01,28258.46,99.45,24.8
PMT-0087,F-09,2022-05-01,30372.78,94.55,28.0
PMT-0087,F-09,2022-06-01,32286.81,99.51,32.1
PMT-0087,F-09,2022-07-01,30687.2,100.0,29.9
PMT-0087,F-09,2022-08-01,28521.07,95.54,24.8
PMT-0087,F-09,2022-09-01,24156.13,99.55,20.1
PMT-0087,F-09,2022-10-01,19976.12,96.55,13.4
PMT-0087,F-09,2022-11-01,17027.75,95.7,3.3
PMT-0087,F-09,2022-12-01,15836.17,100.0,2.7
PMT-0087,F-09,2023-01-01,16358.11,99.17,6.7
PMT-0087,F-09,2023-02-01,19639.54,98.77,9.8
PMT-0087,F-09,2023-03-01,23649.33,95.64,15.8
PMT-0087,F-09,2023-04-01,28514.58,100.0,24.1
PMT-0087,F-09,2023-05-01,30682.67,98.84,34.0
PMT-0087,F-09,2023-06-01,32554.58,98.73,32.0
PMT-0087,F-09,2023-07-01,31626.0,100.0,31.8
PMT-0087,F-09,2023-08-01,28436.79,96.4,23.8
PMT-0087,F-09,2023-09-01,23542.14,97.71,17.8
PMT-0087,F-09,2023-10-01,20480.0,100.0,9.9
PMT-0087,F-09,2023-11-01,16615.03,97.17,6.3
PMT-0087,F-09,2023-12-01,15695.25,94.36,4.8
PMT-0087,F-09,2024-01-01,16865.03,95.94,6.0
PMT-0087,F-09,2024-02-01,19745.28,96.56,13.6
PMT-0087,F-09,2024-03-01,23626.41,100.0,19.5
PMT-0087,F-09,2024-04-01,28106.86,100.0,24.3
PMT-0087,F-09,2024-05-01,31608.91,100.0,30.1
PMT-0087,F-09,2024-06-01,32668.74,98.73,33.0
PMT-0087,F-09,2024-07-01,31571.34,97.4,29.0
PMT-0087,F-09,2024-08-01,28002.68,99.12,25.2
PMT-0087,F-09,2024-09-01,24296.66,94.2,17.4
PMT-0087,F-09,2024-10-01,20039.31,97.96,11.3
PMT-0087,F-09,2024-11-01,16520.08,100.0,4.2
PMT-0087,F-09,2024-12-01,15690.07,98.7,3.4
PMT-0088,F-09,2022-01-01,8043.49,91.35,6.3
PMT-0088,F-09,2022-02-01,9821.63,100.0,11.0
PMT-0088,F-09,2022-03-01,11763.33,100.0,18.9
PMT-0088,F-09,2022-04-01,13955.98,98.96,25.7
PMT-0088,F-09,2022-05-01,15352.39,100.0,30.0
PMT-0088,F-09,2022-06-01,15746.1,97.94,33.1
PMT-0088,F-09,2022-07-01,15054.42,100.0,29.6
PMT-0088,F-09,2022-08-01,13922.59,100.0,26.9
PMT-0088,F-09,2022-09-01,11819.02,100.0,16.9
PMT-0088,F-09,2022-10-01,9476.36,100.0,8.2
PMT-0088,F-09,2022-11-01,8427.93,95.26,6.7
PMT-0088,F-09,2022-12-01,7622.82,100.0,5.5
PMT-0088,F-09,2023-01-01,8193.0,98.03,6.7
PMT-0088,F-09,2023-02-01,10093.38,97.36,11.9
PMT-0088,F-09,2023-03-01,11806.38,100.0,17.5
PMT-0088,F-09,2023-04-01,13724.26,100.0,26.0
PMT-0088,F-09,2023-05-01,15389.88,100.0,30.4
PMT-0088,F-09,2023-06-01,16249.24,100.0,30.5
PMT-0088,F-09,2023-07-01,15246.68,94.26,31.1
PMT-0088,F-09,2023-08-01,13784.69,98.36,24.7
PMT-0088,F-09,2023-09-01,11271.93,100.0,19.1
PMT-0088,F-09,2023-10-01,9801.58,97.86,10.8
PMT-0088,F-09,2023-11-01,8208.25,97.99,2.9
PMT-0088,F-09,2023-12-01,7510.14,100.0,6.6
PMT-0088,F-09,2024-01-01,8357.56,100.0,5.9
PMT-0088,F-09,2024-02-01,9585.3,98.89,12.1
PMT-0088,F-09,2024-03-01,11650.99,98.55,18.8
PMT-0088,F-09,2024-04-01,13697.39,95.98,25.6
PMT-0088,F-09,2024-05-01,15493.06,93.81,30.0
PMT-0088,F-09,2024-06-01,15885.32,99.86,31.4
PMT-0088,F-09,2024-07-01,15429.91,97.43,27.3
PMT-0088,F-09,2024-08-01,13843.52,97.86,27.9
PMT-0088,F-09,2024-09-01,11633.24,100.0,19.9
PMT-0088,F-09,2024-10-01,9790.48,100.0,12.3
PMT-0088,F-09,2024-11-01,8272.53,95.64,6.7
PMT-0088,F-09,2024-12-01,7594.62,94.26,4.0
PMT-0089,F-09,2022-01-01,10484.68,100.0,6.9
PMT-0089,F-09,2022-02-01,12747.84,100.0,14.2
PMT-0089,F-09,2022-03-01,15067.93,98.6,17.0
PMT-0089,F-09,2022-04-01,17573.19,97.63,24.1
PMT-0089,F-09,2022-05-01,19463.09,100.0,29.9
PMT-0089,F-09,2022-06-01,20572.66,100.0,31.1
PMT-0089,F-09,2022-07-01,19084.49,98.33,30.9
PMT-0089,F-09,2022-08-01,18292.69,96.46,24.8
PMT-0089,F-09,2022-09-01,14895.15,99.13,17.4
PMT-0089,F-09,2022-10-01,12378.14,99.67,11.4
PMT-0089,F-09,2022-11-01,10472.53,99.86,7.2
PMT-0089,F-09,2022-12-01,9889.21,97.56,3.0
PMT-0089,F-09,2023-01-01,10229.27,96.66,4.5
PMT-0089,F-09,2023-02-01,12593.44,99.37,12.0
PMT-0089,F-09,2023-03-01,15209.85,100.0,20.5
PMT-0089,F-09,2023-04-01,17760.0,98.44,26.5
PMT-0089,F-09,2023-05-01,19993.89,99.2,29.6
PMT-0089,F-09,2023-06-01,20165.19,98.24,30.7
PMT-0089,F-09,2023-07-01,19809.02,97.01,30.4
PMT-0089,F-09,2023-08-01,17634.62,99.01,24.1
PMT-0089,F-09,2023-09-01,15416.77,100.0,17.4
PMT-0089,F-09,2023-10-01,12136.28,98.6,10.5
PMT-0089,F-09,2023-11-01,10734.51,95.61,6.6
PMT-0089,F-09,2023-12-01,10083.09,100.0,5.0
PMT-0089,F-09,2024-01-01,10396.92,100.0,5.9
PMT-0089,F-09,2024-02-01,12484.18,100.0,11.6
PMT-0089,F-09,2024-03-01,14968.7,97.65,18.4
PMT-0089,F-09,2024-04-01,17873.03,100.0,27.7
PMT-0089,F-09,2024-05-01,19515.52,100.0,28.8
PMT-0089,F-09,2024-06-01,20367.76,100.0,33.6
PMT-0089,F-09,2024-07-01,19849.32,100.0,29.6
PMT-0089,F-09,2024-08-01,17871.69,100.0,24.7
PMT-0089,F-09,2024-09-01,15217.52,98.91,17.1
PMT-0089,F-09,2024-10-01,12490.1,96.43,9.7
PMT-0089,F-09,2024-11-01,10493.76,100.0,5.6
PMT-0089,F-09,2024-12-01,9765.06,95.89,3.6
PMT-0090,F-09,2022-01-01,7793.03,100.0,4.2
PMT-0090,F-09,2022-02-01,9228.66,97.12,10.1
PMT-0090,F-09,2022-03-01,11175.09,100.0,19.3
PMT-0090,F-09,2022-04-01,13118.44,96.93,24.3
PMT-0090,F-09,2022-05-01,15077.94,97.39,28.8
PMT-0090,F-09,2022-06-01,15321.39,100.0,32.5
PMT-0090,F-09,2022-07-01,14592.04,91.38,31.7
PMT-0090,F-09,2022-08-01,13000.27,96.09,25.7
PMT-0090,F-09,2022-09-01,11522.25,100.0,20.7
PMT-0090,F-09,2022-10-01,8959.61,100.0,10.7
PMT-0090,F-09,2022-11-01,7756.58,96.43,6.5
PMT-0090,F-09,2022-12-01,7266.92,98.37,4.5
PMT-0090,F-09,2023-01-01,7877.25,95.9,6.9
PMT-0090,F-09,2023-02-01,9315.31,99.33,11.3
PMT-0090,F-09,2023-03-01,11113.84,100.0,18.0
PMT-0090,F-09,2023-04-01,13372.67,100.0,25.6
PMT-0090,F-09,2023-05-01,14447.63,97.59,29.5
PMT-0090,F-09,2023-06-01,15441.16,99.3,32.5
PMT-0090,F-09,2023-07-01,15033.69,98.75,30.0
PMT-0090,F-09,2023-08-01,13141.5,97.01,25.5
PMT-0090,F-09,2023-09-01,11126.26,94.41,15.4
PMT-0090,F-09,2023-10-01,9288.52,100.0,9.9
PMT-0090,F-09,2023-11-01,7806.58,100.0,5.8
PMT-0090,F-09,2023-12-01,7342.41,100.0,4.4
PMT-0090,F-09,2024-01-01,7744.47,98.6,4.5
PMT-0090,F-09,2024-02-01,9187.52,100.0,10.8
PMT-0090,F-09,2024-03-01,11340.04,97.46,16.5
PMT-0090,F-09,2024-04-01,12934.8,92.85,27.2
PMT-0090,F-09,2024-05-01,14233.88,100.0,30.2
PMT-0090,F-09,2024-06-01,14874.96,100.0,30.8
PMT-0090,F-09,2024-07-01,14742.8,100.0,30.7
PMT-0090,F-09,2024-08-01,13170.09,100.0,25.5
PMT-0090,F-09,2024-09-01,11361.02,96.83,18.1
PMT-0090,F-09,2024-10-01,9274.92,96.1,11.9
PMT-0090,F-09,2024-11-01,7761.01,94.32,5.9
PMT-0090,F-09,2024-12-01,7257.3,100.0,4.3
PMT-0091,F-10,2022-01-01,8742.12,94.16,6.7
PMT-0091,F-10,2022-02-01,10708.67,92.62,10.5
PMT-0091,F-10,2022-03-01,13305.92,88.66,17.4
PMT-0091,F-10,2022-04-01,15181.31,91.09,25.5
PMT-0091,F-10,2022-05-01,17160.08,94.6,30.5
PMT-0091,F-10,2022-06-01,17425.2,94.1,33.6
PMT-0091,F-10,2022-07-01,16826.2,91.57,28.8
PMT-0091,F-10,2022-08-01,15714.06,93.81,26.0
PMT-0091,F-10,2022-09-01,13185.14,93.36,18.9
PMT-0091,F-10,2022-10-01,10908.15,93.47,10.2
PMT-0091,F-10,2022-11-01,9345.85,85.88,8.1
PMT-0091,F-10,2022-12-01,8431.66,90.6,2.9
PMT-0091,F-10,2023-01-01,9306.91,92.06,5.8
PMT-0091,F-10,2023-02-01,10810.85,94.23,10.2
PMT-0091,F-10,2023-03-01,13023.94,88.86,19.9
PMT-0091,F-10,2023-04-01,15439.66,97.14,26.6
PMT-0091,F-10,2023-05-01,17318.75,88.6,29.5
PMT-0091,F-10,2023-06-01,17416.6,93.0,32.9
PMT-0091,F-10,2023-07-01,16916.91,89.69,30.5
PMT-0091,F-10,2023-08-01,14916.86,90.87,24.3
PMT-0091,F-10,2023-09-01,12891.64,100.0,17.2
PMT-0091,F-10,2023-10-01,10624.65,93.34,12.6
PMT-0091,F-10,2023-11-01,8994.63,88.76,8.6
PMT-0091,F-10,2023-12-01,8555.84,90.77,2.3
PMT-0091,F-10,2024-01-01,9050.31,89.86,3.5
PMT-0091,F-10,2024-02-01,10225.22,89.4,10.9
PMT-0091,F-10,2024-03-01,13137.13,94.27,18.3
PMT-0091,F-10,2024-04-01,15811.88,88.5,25.0
PMT-0091,F-10,2024-05-01,16477.85,86.37,28.7
PMT-0091,F-10,2024-06-01,18078.95,90.59,32.5
PMT-0091,F-10,2024-07-01,17657.95,94.04,32.3
PMT-0091,F-10,2024-08-01,15695.12,92.79,22.8
PMT-0091,F-10,2024-09-01,12644.59,94.91,19.8
PMT-0091,F-10,2024-10-01,11023.93,93.57,10.9
PMT-0091,F-10,2024-11-01,8756.85,91.65,8.2
PMT-0091,F-10,2024-12-01,8361.52,91.4,4.3
PMT-0092,F-10,2022-01-01,7772.29,91.04,6.6
PMT-0092,F-10,2022-02-01,9756.35,93.81,10.9
PMT-0092,F-10,2022-03-01,11631.59,95.58,17.5
PMT-0092,F-10,2022-04-01,14220.69,88.02,24.7
PMT-0092,F-10,2022-05-01,14500.77,88.89,29.8
PMT-0092,F-10,2022-06-01,15186.21,87.21,31.6
PMT-0092,F-10,2022-07-01,15951.56,90.68,31.1
PMT-0092,F-10,2022-08-01,14059.66,96.73,24.7
PMT-0092,F-10,2022-09-01,11806.83,99.02,17.0
PMT-0092,F-10,2022-10-01,9376.29,91.12,10.3
PMT-0092,F-10,2022-11-01,7983.75,89.85,7.6
PMT-0092,F-10,2022-12-01,7546.66,90.66,3.9
PMT-0092,F-10,2023-01-01,8124.61,98.15,3.9
PMT-0092,F-10,2023-02-01,9558.76,87.94,12.5
PMT-0092,F-10,2023-03-01,11417.33,91.33,18.7
PMT-0092,F-10,2023-04-01,13486.89,88.55,25.1
PMT-0092,F-10,2023-05-01,15008.19,93.92,31.3
PMT-0092,F-10,2023-06-01,15573.1,93.58,32.2
PMT-0092,F-10,2023-07-01,14858.81,91.9,30.7
PMT-0092,F-10,2023-08-01,12951.15,88.79,23.6
PMT-0092,F-10,2023-09-01,11699.05,97.35,18.1
PMT-0092,F-10,2023-10-01,9598.98,93.18,8.6
PMT-0092,F-10,2023-11-01,8173.68,91.72,6.2
PMT-0092,F-10,2023-12-01,7305.24,95.78,3.5
PMT-0092,F-10,2024-01-01,8112.78,91.43,6.4
PMT-0092,F-10,2024-02-01,9880.34,89.41,9.4
PMT-0092,F-10,2024-03-01,11686.73,94.12,16.4
PMT-0092,F-10,2024-04-01,13343.44,94.89,27.2
PMT-0092,F-10,2024-05-01,15354.9,94.16,31.4
PMT-0092,F-10,2024-06-01,14887.21,91.57,30.9
PMT-0092,F-10,2024-07-01,15290.72,91.61,29.0
PMT-0092,F-10,2024-08-01,13803.54,91.21,23.3
PMT-0092,F-10,2024-09-01,11316.39,86.67,18.2
PMT-0092,F-10,2024-10-01,9527.16,91.95,11.2
PMT-0092,F-10,2024-11-01,7994.8,93.03,5.8
PMT-0092,F-10,2024-12-01,7495.69,94.66,4.5
PMT-0093,F-10,2022-01-01,10521.59,90.13,4.3
PMT-0093,F-10,2022-02-01,11998.09,91.44,9.6
PMT-0093,F-10,2022-03-01,15113.47,93.35,17.1
PMT-0093,F-10,2022-04-01,17735.89,95.19,24.5
PMT-0093,F-10,2022-05-01,19322.36,93.43,29.7
PMT-0093,F-10,2022-06-01,19627.74,92.51,31.8
PMT-0093,F-10,2022-07-01,19980.87,91.51,31.1
PMT-0093,F-10,2022-08-01,17434.22,88.75,24.2
PMT-0093,F-10,2022-09-01,14810.72,89.53,18.7
PMT-0093,F-10,2022-10-01,12260.37,87.11,12.2
PMT-0093,F-10,2022-11-01,10280.65,94.77,6.6
PMT-0093,F-10,2022-12-01,9497.36,89.45,3.4
PMT-0093,F-10,2023-01-01,10256.53,86.1,7.6
PMT-0093,F-10,2023-02-01,12380.45,93.01,12.6
PMT-0093,F-10,2023-03-01,14863.4,83.97,17.5
PMT-0093,F-10,2023-04-01,17568.72,88.35,23.7
PMT-0093,F-10,2023-05-01,19333.48,90.42,29.6
PMT-0093,F-10,2023-06-01,20803.87,90.17,32.5
PMT-0093,F-10,2023-07-01,19125.13,91.15,27.7
PMT-0093,F-10,2023-08-01,17309.11,91.47,23.0
PMT-0093,F-10,2023-09-01,14564.84,90.07,18.1
PMT-0093,F-10,2023-10-01,12271.86,91.47,12.0
PMT-0093,F-10,2023-11-01,10300.65,89.99,6.0
PMT-0093,F-10,2023-12-01,9716.75,89.44,3.5
PMT-0093,F-10,2024-01-01,10743.58,92.55,4.1
PMT-0093,F-10,2024-02-01,11853.63,94.47,10.6
PMT-0093,F-10,2024-03-01,14544.34,96.42,18.8
PMT-0093,F-10,2024-04-01,17031.55,95.61,24.5
PMT-0093,F-10,2024-05-01,20051.85,100.0,31.1
PMT-0093,F-10,2024-06-01,20674.82,96.19,33.2
PMT-0093,F-10,2024-07-01,19671.74,93.24,30.7
PMT-0093,F-10,2024-08-01,17682.63,90.69,25.4
PMT-0093,F-10,2024-09-01,14810.16,89.33,18.4
PMT-0093,F-10,2024-10-01,12529.7,88.15,11.3
PMT-0093,F-10,2024-11-01,10354.99,87.22,5.9
PMT-0093,F-10,2024-12-01,9525.83,90.64,4.2
PMT-0094,F-10,2022-01-01,9574.92,87.54,6.2
PMT-0094,F-10,2022-02-01,11331.15,91.69,11.2
PMT-0094,F-10,2022-03-01,14241.18,88.53,19.0
PMT-0094,F-10,2022-04-01,16543.03,92.69,25.0
PMT-0094,F-10,2022-05-01,17871.92,89.1,28.5
PMT-0094,F-10,2022-06-01,19446.09,90.34,32.8
PMT-0094,F-10,2022-07-01,18023.84,90.58,31.5
PMT-0094,F-10,2022-08-01,16950.45,89.48,25.5
PMT-0094,F-10,2022-09-01,14458.58,89.01,17.0
PMT-0094,F-10,2022-10-01,11275.81,94.43,11.2
PMT-0094,F-10,2022-11-01,9811.88,93.24,3.3
PMT-0094,F-10,2022-12-01,9368.24,93.32,3.5
PMT-0094,F-10,2023-01-01,10176.81,90.2,6.1
PMT-0094,F-10,2023-02-01,10803.57,94.41,12.3
PMT-0094,F-10,2023-03-01,13092.2,93.0,17.0
PMT-0094,F-10,2023-04-01,16151.21,93.28,25.8
PMT-0094,F-10,2023-05-01,19095.5,91.35,28.1
PMT-0094,F-10,2023-06-01,18236.51,89.47,31.8
PMT-0094,F-10,2023-07-01,18734.09,88.11,29.2
PMT-0094,F-10,2023-08-01,16614.72,91.07,24.1
PMT-0094,F-10,2023-09-01,14522.91,95.31,16.1
PMT-0094,F-10,2023-10-01,11504.62,93.98,9.9
PMT-0094,F-10,2023-11-01,9677.11,96.81,5.5
PMT-0094,F-10,2023-12-01,8689.03,95.11,2.4
PMT-0094,F-10,2024-01-01,10311.85,88.6,4.7
PMT-0094,F-10,2024-02-01,12132.21,89.82,13.8
PMT-0094,F-10,2024-03-01,13965.6,88.97,18.8
PMT-0094,F-10,2024-04-01,16238.17,96.31,24.7
PMT-0094,F-10,2024-05-01,17325.07,94.63,31.0
PMT-0094,F-10,2024-06-01,18969.8,88.63,32.9
PMT-0094,F-10,2024-07-01,17823.98,91.23,29.8
PMT-0094,F-10,2024-08-01,16802.05,97.32,23.2
PMT-0094,F-10,2024-09-01,14744.75,95.09,18.6
PMT-0094,F-10,2024-10-01,10973.78,92.43,12.4
PMT-0094,F-10,2024-11-01,9341.84,97.17,7.1
PMT-0094,F-10,2024-12-01,9672.81,85.46,0.9
PMT-0095,F-10,2022-01-01,11162.32,88.37,6.3
PMT-0095,F-10,2022-02-01,13197.5,90.44,10.9
PMT-0095,F-10,2022-03-01,15034.87,94.24,15.3
PMT-0095,F-10,2022-04-01,18630.76,96.51,24.9
PMT-0095,F-10,2022-05-01,21156.25,90.36,31.0
PMT-0095,F-10,2022-06-01,20198.93,91.23,31.4
PMT-0095,F-10,2022-07-01,20220.48,89.58,29.6
PMT-0095,F-10,2022-08-01,17528.84,87.63,26.4
PMT-0095,F-10,2022-09-01,15111.32,91.44,16.4
PMT-0095,F-10,2022-10-01,13425.5,90.27,12.7
PMT-0095,F-10,2022-11-01,10900.08,91.05,5.5
PMT-0095,F-10,2022-12-01,9944.06,89.49,4.7
PMT-0095,F-10,2023-01-01,11122.92,96.74,7.0
PMT-0095,F-10,2023-02-01,13042.24,90.5,12.1
PMT-0095,F-10,2023-03-01,15758.26,92.37,18.2
PMT-0095,F-10,2023-04-01,17330.78,93.4,23.6
PMT-0095,F-10,2023-05-01,19657.07,87.17,30.4
PMT-0095,F-10,2023-06-01,21675.12,89.9,28.6
PMT-0095,F-10,2023-07-01,20933.46,92.95,29.9
PMT-0095,F-10,2023-08-01,18893.89,95.33,24.1
PMT-0095,F-10,2023-09-01,15669.42,92.87,14.3
PMT-0095,F-10,2023-10-01,12808.53,87.35,10.1
PMT-0095,F-10,2023-11-01,11014.11,95.85,5.6
PMT-0095,F-10,2023-12-01,9717.68,94.91,3.3
PMT-0095,F-10,2024-01-01,11346.89,89.63,6.2
PMT-0095,F-10,2024-02-01,13027.24,91.21,9.5
PMT-0095,F-10,2024-03-01,14469.29,97.69,19.0
PMT-0095,F-10,2024-04-01,18891.09,94.77,27.4
PMT-0095,F-10,2024-05-01,20116.73,91.13,27.5
PMT-0095,F-10,2024-06-01,21223.86,83.34,32.6
PMT-0095,F-10,2024-07-01,20576.41,94.8,30.8
PMT-0095,F-10,2024-08-01,18669.7,88.64,25.2
PMT-0095,F-10,2024-09-01,15301.13,96.59,17.9
PMT-0095,F-10,2024-10-01,13185.77,92.93,11.1
PMT-0095,F-10,2024-11-01,10965.66,91.1,4.9
PMT-0095,F-10,2024-12-01,9982.79,88.54,2.5
PMT-0096,F-10,2022-01-01,15147.0,90.84,7.2
PMT-0096,F-10,2022-02-01,17178.61,91.76,10.6
PMT-0096,F-10,2022-03-01,21300.7,91.97,18.6
PMT-0096,F-10,2022-04-01,25594.33,92.62,24.4
PMT-0096,F-10,2022-05-01,27942.69,91.37,29.9
PMT-0096,F-10,2022-06-01,29632.85,87.31,32.1
PMT-0096,F-10,2022-07-01,28380.54,87.0,31.4
PMT-0096,F-10,2022-08-01,25247.83,91.03,23.6
PMT-0096,F-10,2022-09-01,21674.25,89.33,18.0
PMT-0096,F-10,2022-10-01,17220.93,90.39,11.1
PMT-0096,F-10,2022-11-01,15651.64,89.62,5.5
PMT-0096,F-10,2022-12-01,14229.01,88.75,2.6
PMT-0096,F-10,2023-01-01,14612.49,93.14,8.3
PMT-0096,F-10,2023-02-01,17387.28,90.13,12.0
PMT-0096,F-10,2023-03-01,21322.42,89.83,20.5
PMT-0096,F-10,2023-04-01,24967.34,87.33,27.4
PMT-0096,F-10,2023-05-01,28765.42,92.29,28.9
PMT-0096,F-10,2023-06-01,29814.48,89.53,32.9
PMT-0096,F-10,2023-07-01,28411.32,90.15,29.9
PMT-0096,F-10,2023-08-01,24933.93,89.88,26.0
PMT-0096,F-10,2023-09-01,20920.18,94.21,18.0
PMT-0096,F-10,2023-10-01,17493.98,93.93,12.7
PMT-0096,F-10,2023-11-01,14912.32,90.4,5.3
PMT-0096,F-10,2023-12-01,14132.57,89.15,2.7
PMT-0096,F-10,2024-01-01,14375.68,90.71,5.5
PMT-0096,F-10,2024-02-01,17570.36,92.37,9.9
PMT-0096,F-10,2024-03-01,20489.94,93.09,14.9
PMT-0096,F-10,2024-04-01,25145.27,91.94,23.3
PMT-0096,F-10,2024-05-01,28168.29,94.34,28.9
PMT-0096,F-10,2024-06-01,29073.63,92.46,33.1
PMT-0096,F-10,2024-07-01,28313.5,88.95,30.6
PMT-0096,F-10,2024-08-01,24872.37,90.76,24.5
PMT-0096,F-10,2024-09-01,21564.34,92.32,17.8
PMT-0096,F-10,2024-10-01,17763.47,87.18,11.8
PMT-0096,F-10,2024-11-01,14439.83,89.29,5.4
PMT-0096,F-10,2024-12-01,13902.46,91.88,5.0
PMT-0097,F-10,2022-01-01,10711.73,91.96,3.8
PMT-0097,F-10,2022-02-01,12293.25,92.94,9.7
PMT-0097,F-10,2022-03-01,15421.33,89.38,19.7
PMT-0097,F-10,2022-04-01,18380.83,92.04,26.5
PMT-0097,F-10,2022-05-01,19796.21,91.47,29.7
PMT-0097,F-10,2022-06-01,20813.36,90.66,32.5
PMT-0097,F-10,2022-07-01,20137.16,93.76,30.9
PMT-0097,F-10,2022-08-01,17648.8,87.93,25.7
PMT-0097,F-10,2022-09-01,15668.58,94.19,18.1
PMT-0097,F-10,2022-10-01,13133.02,89.94,11.1
PMT-0097,F-10,2022-11-01,10819.54,92.43,5.8
PMT-0097,F-10,2022-12-01,10097.38,92.72,4.7
PMT-0097,F-10,2023-01-01,10388.18,92.95,4.6
PMT-0097,F-10,2023-02-01,12685.27,90.48,10.8
PMT-0097,F-10,2023-03-01,15578.89,91.08,17.2
PMT-0097,F-10,2023-04-01,17665.88,89.9,25.0
PMT-0097,F-10,2023-05-01,20399.17,90.17,30.7
PMT-0097,F-10,2023-06-01,20160.95,86.5,31.3
PMT-0097,F-10,2023-07-01,20191.23,92.54,31.7
PMT-0097,F-10,2023-08-01,17840.84,91.22,25.3
PMT-0097,F-10,2023-09-01,15850.44,92.2,18.8
PMT-0097,F-10,2023-10-01,12765.62,96.23,11.6
PMT-0097,F-10,2023-11-01,10866.79,93.98,4.6
PMT-0097,F-10,2023-12-01,10343.6,92.51,5.1
PMT-0097,F-10,2024-01-01,10380.58,90.06,4.9
PMT-0097,F-10,2024-02-01,12736.15,93.76,11.6
PMT-0097,F-10,2024-03-01,15853.38,88.49,17.8
PMT-0097,F-10,2024-04-01,17428.08,97.01,25.9
PMT-0097,F-10,2024-05-01,19970.63,95.32,28.3
PMT-0097,F-10,2024-06-01,20733.54,89.18,31.6
PMT-0097,F-10,2024-07-01,19611.75,100.0,30.1
PMT-0097,F-10,2024-08-01,17967.05,92.84,25.6
PMT-0097,F-10,2024-09-01,15588.74,88.06,18.5
PMT-0097,F-10,2024-10-01,12475.04,90.26,11.6
PMT-0097,F-10,2024-11-01,10871.16,93.3,7.6
PMT-0097,F-10,2024-12-01,10271.47,92.46,2.9
PMT-0098,F-10,2022-01-01,7260.26,93.52,4.8
PMT-0098,F-10,2022-02-01,8600.56,87.78,10.3
PMT-0098,F-10,2022-03-01,10338.25,89.89,19.2
PMT-0098,F-10,2022-04-01,12139.52,87.64,24.1
PMT-0098,F-10,2022-05-01,13322.27,95.27,30.6
PMT-0098,F-10,2022-06-01,13889.74,91.5,31.4
PMT-0098,F-10,2022-07-01,13308.24,93.43,30.5
PMT-0098,F-10,2022-08-01,12136.4,91.04,24.6
PMT-0098,F-10,2022-09-01,10304.64,88.07,17.7
PMT-0098,F-10,2022-10-01,8243.87,90.92,11.7
PMT-0098,F-10,2022-11-01,7250.6,86.49,6.2
PMT-0098,F-10,2022-12-01,6744.54,97.74,3.4
PMT-0098,F-10,2023-01-01,7318.31,88.95,5.0
PMT-0098,F-10,2023-02-01,8659.84,93.62,11.4
PMT-0098,F-10,2023-03-01,10472.05,87.38,18.7
PMT-0098,F-10,2023-04-01,11919.85,93.71,26.4
PMT-0098,F-10,2023-05-01,13321.04,91.44,30.2
PMT-0098,F-10,2023-06-01,14128.29,87.09,32.7
PMT-0098,F-10,2023-07-01,13397.17,89.7,28.8
PMT-0098,F-10,2023-08-01,12205.19,92.67,23.8
PMT-0098,F-10,2023-09-01,10403.95,85.55,18.7
PMT-0098,F-10,2023-10-01,8515.2,88.1,12.3
PMT-0098,F-10,2023-11-01,7355.81,89.19,5.2
PMT-0098,F-10,2023-12-01,6823.5,91.93,3.6
PMT-0098,F-10,2024-01-01,7294.22,85.71,4.7
PMT-0098,F-10,2024-02-01,8531.21,91.94,7.7
PMT-0098,F-10,2024-03-01,10322.4,90.62,15.9
PMT-0098,F-10,2024-04-01,11833.46,91.24,23.4
PMT-0098,F-10,2024-05-01,13918.43,90.23,31.3
PMT-0098,F-10,2024-06-01,13792.14,93.19,29.6
PMT-0098,F-10,2024-07-01,13417.18,85.69,30.1
PMT-0098,F-10,2024-08-01,12331.41,85.69,24.9
PMT-0098,F-10,2024-09-01,10203.73,97.61,18.7
PMT-0098,F-10,2024-10-01,8692.81,89.44,9.0
PMT-0098,F-10,2024-11-01,7195.98,90.2,4.7
PMT-0098,F-10,2024-12-01,6762.84,91.55,2.7
PMT-0099,F-10,2022-01-01,13817.53,88.09,4.2
PMT-0099,F-10,2022-02-01,16521.5,86.18,9.7
PMT-0099,F-10,2022-03-01,20372.92,99.44,16.3
PMT-0099,F-10,2022-04-01,23347.76,90.22,27.3
PMT-0099,F-10,2022-05-01,26080.99,94.51,30.5
PMT-0099,F-10,2022-06-01,26524.14,97.25,31.4
PMT-0099,F-10,2022-07-01,25186.47,86.88,32.7
PMT-0099,F-10,2022-08-01,22980.07,93.7,26.7
PMT-0099,F-10,2022-09-01,19151.83,89.36,17.6
PMT-0099,F-10,2022-10-01,16553.26,90.6,11.0
PMT-0099,F-10,2022-11-01,13614.0,90.99,8.2
PMT-0099,F-10,2022-12-01,12982.09,92.11,3.1
PMT-0099,F-10,2023-01-01,13773.87,91.77,6.6
PMT-0099,F-10,2023-02-01,16060.34,92.74,10.8
PMT-0099,F-10,2023-03-01,19503.63,90.6,17.6
PMT-0099,F-10,2023-04-01,22479.35,89.77,25.5
PMT-0099,F-10,2023-05-01,26174.17,90.27,29.8
PMT-0099,F-10,2023-06-01,27101.86,90.8,31.8
PMT-0099,F-10,2023-07-01,25413.18,89.73,30.6
PMT-0099,F-10,2023-08-01,23237.24,93.79,25.3
PMT-0099,F-10,2023-09-01,20251.84,93.52,16.4
PMT-0099,F-10,2023-10-01,16239.97,89.59,9.9
PMT-0099,F-10,2023-11-01,13139.59,95.87,7.2
PMT-0099,F-10,2023-12-01,12496.86,90.89,4.1
PMT-0099,F-10,2024-01-01,13744.27,94.6,5.9
PMT-0099,F-10,2024-02-01,16772.13,92.05,7.8
PMT-0099,F-10,2024-03-01,19593.99,93.63,15.0
PMT-0099,F-10,2024-04-01,23450.92,88.01,24.4
PMT-0099,F-10,2024-05-01,25970.76,89.55,29.3
PMT-0099,F-10,2024-06-01,26641.99,88.07,33.4
PMT-0099,F-10,2024-07-01,26246.49,91.74,29.3
PMT-0099,F-10,2024-08-01,23504.08,93.24,25.7
PMT-0099,F-10,2024-09-01,20041.8,99.12,17.6
PMT-0099,F-10,2024-10-01,16238.41,93.05,11.3
PMT-0099,F-10,2024-11-01,13420.68,94.41,4.4
PMT-0099,F-10,2024-12-01,12579.14,93.53,3.5
PMT-0100,F-10,2022-01-01,12387.62,89.9,6.4
PMT-0100,F-10,2022-02-01,14898.26,92.9,11.5
PMT-0100,F-10,2022-03-01,18132.01,93.77,15.3
PMT-0100,F-10,2022-04-01,20931.48,91.19,24.1
PMT-0100,F-10,2022-05-01,24013.75,87.48,30.3
PMT-0100,F-10,2022-06-01,24516.92,90.67,31.7
PMT-0100,F-10,2022-07-01,24568.66,85.48,30.0
PMT-0100,F-10,2022-08-01,21701.22,92.68,25.9
PMT-0100,F-10,2022-09-01,17976.47,90.08,17.1
PMT-0100,F-10,2022-10-01,14773.53,93.03,11.7
PMT-0100,F-10,2022-11-01,12233.52,90.63,5.4
PMT-0100,F-10,2022-12-01,11512.13,89.33,2.8
PMT-0100,F-10,2023-01-01,12455.05,89.16,7.6
PMT-0100,F-10,2023-02-01,14488.17,85.1,10.9
PMT-0100,F-10,2023-03-01,18229.61,90.47,17.3
PMT-0100,F-10,2023-04-01,20510.46,92.0,26.1
PMT-0100,F-10,2023-05-01,23577.86,88.81,29.9
PMT-0100,F-10,2023-06-01,25064.79,91.96,32.1
PMT-0100,F-10,2023-07-01,23280.47,91.12,31.2
PMT-0100,F-10,2023-08-01,21062.68,89.42,25.9
PMT-0100,F-10,2023-09-01,17757.09,95.68,17.6
PMT-0100,F-10,2023-10-01,14889.81,94.17,12.4
PMT-0100,F-10,2023-11-01,12122.26,90.28,5.2
PMT-0100,F-10,2023-12-01,11845.52,89.09,5.2
PMT-0100,F-10,2024-01-01,12307.13,87.12,7.3
PMT-0100,F-10,2024-02-01,14540.19,91.93,11.9
PMT-0100,F-10,2024-03-01,18455.44,89.4,19.3
PMT-0100,F-10,2024-04-01,21398.92,90.22,25.1
PMT-0100,F-10,2024-05-01,23476.91,85.94,28.2
PMT-0100,F-10,2024-06-01,24185.54,87.29,32.2
PMT-0100,F-10,2024-07-01,24476.44,93.0,28.7
PMT-0100,F-10,2024-08-01,20810.08,93.08,23.3
PMT-0100,F-10,2024-09-01,17891.67,86.82,18.5
PMT-0100,F-10,2024-10-01,14926.92,89.98,10.4
PMT-0100,F-10,2024-11-01,12598.12,90.74,6.6
PMT-0100,F-10,2024-12-01,11737.42,88.88,4.2
PMT-0101,F-11,2022-01-01,11305.55,89.94,7.3
PMT-0101,F-11,2022-02-01,13662.73,84.12,10.5
PMT-0101,F-11,2022-03-01,16867.54,82.25,18.6
PMT-0101,F-11,2022-04-01,19538.93,87.23,25.3
PMT-0101,F-11,2022-05-01,21314.5,88.23,30.5
PMT-0101,F-11,2022-06-01,22410.61,86.86,31.4
PMT-0101,F-11,2022-07-01,20825.09,84.73,31.5
PMT-0101,F-11,2022-08-01,19566.86,88.59,27.0
PMT-0101,F-11,2022-09-01,16436.22,81.4,18.7
PMT-0101,F-11,2022-10-01,13406.5,88.6,10.6
PMT-0101,F-11,2022-11-01,11539.23,92.06,6.5
PMT-0101,F-11,2022-12-01,10608.88,82.75,5.1
PMT-0101,F-11,2023-01-01,11238.03,88.42,6.9
PMT-0101,F-11,2023-02-01,13677.26,84.47,10.2
PMT-0101,F-11,2023-03-01,16871.17,86.62,18.4
PMT-0101,F-11,2023-04-01,19884.68,85.42,26.7
PMT-0101,F-11,2023-05-01,21680.99,91.43,30.8
PMT-0101,F-11,2023-06-01,22930.14,88.21,29.7
PMT-0101,F-11,2023-07-01,21126.55,87.37,29.0
PMT-0101,F-11,2023-08-01,19900.5,86.13,24.6
PMT-0101,F-11,2023-09-01,15915.09,86.34,16.4
PMT-0101,F-11,2023-10-01,13478.56,92.86,12.5
PMT-0101,F-11,2023-11-01,11642.21,92.51,3.7
PMT-0101,F-11,2023-12-01,10719.93,89.8,5.1
PMT-0101,F-11,2024-01-01,11580.04,91.4,5.4
PMT-0101,F-11,2024-02-01,13685.27,92.21,9.7
PMT-0101,F-11,2024-03-01,16213.72,89.31,18.0
PMT-0101,F-11,2024-04-01,19677.46,90.89,26.1
PMT-0101,F-11,2024-05-01,21984.27,92.39,29.4
PMT-0101,F-11,2024-06-01,22190.54,92.13,32.2
PMT-0101,F-11,2024-07-01,22225.04,88.41,28.0
PMT-0101,F-11,2024-08-01,19804.03,91.14,21.7
PMT-0101,F-11,2024-09-01,16414.66,85.2,17.9
PMT-0101,F-11,2024-10-01,13813.13,83.98,11.2
PMT-0101,F-11,2024-11-01,11908.76,93.78,6.3
PMT-0101,F-11,2024-12-01,10705.24,92.6,2.9
PMT-0102,F-11,2022-01-01,9689.58,89.36,6.7
PMT-0102,F-11,2022-02-01,11303.18,89.16,11.5
PMT-0102,F-11,2022-03-01,13685.61,91.58,19.4
PMT-0102,F-11,2022-04-01,16749.69,83.17,26.8
PMT-0102,F-11,2022-05-01,17805.48,90.41,32.3
PMT-0102,F-11,2022-06-01,18196.71,89.06,31.8
PMT-0102,F-11,2022-07-01,17915.35,88.48,30.1
PMT-0102,F-11,2022-08-01,16495.53,80.04,24.5
PMT-0102,F-11,2022-09-01,13503.37,86.28,17.1
PMT-0102,F-11,2022-10-01,11498.06,86.54,11.1
PMT-0102,F-11,2022-11-01,9532.48,92.41,5.7
PMT-0102,F-11,2022-12-01,8384.17,82.83,3.6
PMT-0102,F-11,2023-01-01,9555.93,84.58,6.6
PMT-0102,F-11,2023-02-01,11408.74,87.69,11.1
PMT-0102,F-11,2023-03-01,13485.36,90.28,17.5
PMT-0102,F-11,2023-04-01,15923.45,94.01,23.5
PMT-0102,F-11,2023-05-01,18068.37,84.74,28.5
PMT-0102,F-11,2023-06-01,18805.61,87.62,31.3
PMT-0102,F-11,2023-07-01,18033.08,90.87,28.6
PMT-0102,F-11,2023-08-01,15826.13,85.66,22.8
PMT-0102,F-11,2023-09-01,13957.54,86.42,18.9
PMT-0102,F-11,2023-10-01,11697.76,87.26,10.5
PMT-0102,F-11,2023-11-01,9224.65,86.78,5.4
PMT-0102,F-11,2023-12-01,8626.78,90.41,5.2
PMT-0102,F-11,2024-01-01,9457.03,81.72,4.7
PMT-0102,F-11,2024-02-01,11520.1,88.11,11.8
PMT-0102,F-11,2024-03-01,13816.42,86.06,17.3
PMT-0102,F-11,2024-04-01,16260.56,90.27,23.9
PMT-0102,F-11,2024-05-01,17631.85,88.9,31.0
PMT-0102,F-11,2024-06-01,18733.93,84.14,33.7
PMT-0102,F-11,2024-07-01,17996.43,88.38,31.0
PMT-0102,F-11,2024-08-01,16036.04,83.08,22.9
PMT-0102,F-11,2024-09-01,13808.84,89.32,15.9
PMT-0102,F-11,2024-10-01,11100.64,90.3,10.3
PMT-0102,F-11,2024-11-01,9544.55,88.88,6.3
PMT-0102,F-11,2024-12-01,9030.96,86.9,4.5
PMT-0103,F-11,2022-01-01,21795.44,90.21,7.0
PMT-0103,F-11,2022-02-01,26635.72,91.82,13.1
PMT-0103,F-11,2022-03-01,31711.94,89.09,17.0
PMT-0103,F-11,2022-04-01,36589.64,90.59,24.3
PMT-0103,F-11,2022-05-01,41179.33,86.35,30.1
PMT-0103,F-11,2022-06-01,44258.01,84.94,31.5
PMT-0103,F-11,2022-07-01,41116.65,92.46,29.8
PMT-0103,F-11,2022-08-01,37785.55,86.54,23.8
PMT-0103,F-11,2022-09-01,31898.64,88.21,19.4
PMT-0103,F-11,2022-10-01,25967.83,87.78,10.8
PMT-0103,F-11,2022-11-01,21912.46,91.77,5.5
PMT-0103,F-11,2022-12-01,21123.94,82.67,5.9
PMT-0103,F-11,2023-01-01,22499.7,92.97,4.5
PMT-0103,F-11,2023-02-01,26231.34,88.48,11.6
PMT-0103,F-11,2023-03-01,32206.39,89.58,15.6
PMT-0103,F-11,2023-04-01,37142.04,90.15,24.1
PMT-0103,F-11,2023-05-01,43047.97,88.94,29.0
PMT-0103,F-11,2023-06-01,43632.56,89.5,31.7
PMT-0103,F-11,2023-07-01,41403.74,86.29,30.3
PMT-0103,F-11,2023-08-01,36204.52,88.61,26.3
PMT-0103,F-11,2023-09-01,31485.74,88.7,17.3
PMT-0103,F-11,2023-10-01,26385.68,88.67,11.0
PMT-0103,F-11,2023-11-01,22380.12,89.64,5.8
PMT-0103,F-11,2023-12-01,21186.29,87.37,3.6
PMT-0103,F-11,2024-01-01,22446.31,91.75,6.6
PMT-0103,F-11,2024-02-01,26736.76,87.35,11.6
PMT-0103,F-11,2024-03-01,31932.67,87.91,18.1
PMT-0103,F-11,2024-04-01,37499.98,90.72,27.1
PMT-0103,F-11,2024-05-01,41628.43,89.19,31.6
PMT-0103,F-11,2024-06-01,43069.82,93.05,34.0
PMT-0103,F-11,2024-07-01,41256.69,87.11,30.2
PMT-0103,F-11,2024-08-01,37398.63,85.62,26.4
PMT-0103,F-11,2024-09-01,32272.75,91.73,19.4
PMT-0103,F-11,2024-10-01,26880.56,87.1,11.6
PMT-0103,F-11,2024-11-01,21873.62,93.95,4.0
PMT-0103,F-11,2024-12-01,20790.7,96.04,3.1
PMT-0104,F-11,2022-01-01,8364.27,90.99,7.3
PMT-0104,F-11,2022-02-01,9858.71,84.43,10.9
PMT-0104,F-11,2022-03-01,12307.97,89.48,16.7
PMT-0104,F-11,2022-04-01,13923.34,86.53,25.3
PMT-0104,F-11,2022-05-01,15797.63,91.59,29.4
PMT-0104,F-11,2022-06-01,15961.97,89.95,33.0
PMT-0104,F-11,2022-07-01,15545.31,86.25,31.1
PMT-0104,F-11,2022-08-01,14063.14,84.34,24.9
PMT-0104,F-11,2022-09-01,12168.31,83.99,19.0
PMT-0104,F-11,2022-10-01,9898.5,82.55,10.5
PMT-0104,F-11,2022-11-01,8282.37,89.59,5.1
PMT-0104,F-11,2022-12-01,7973.66,89.98,5.6
PMT-0104,F-11,2023-01-01,8455.0,85.24,5.1
PMT-0104,F-11,2023-02-01,10049.58,90.36,9.6
PMT-0104,F-11,2023-03-01,12175.54,84.38,18.1
PMT-0104,F-11,2023-04-01,14310.63,85.72,22.9
PMT-0104,F-11,2023-05-01,15778.87,87.56,29.8
PMT-0104,F-11,2023-06-01,16423.99,85.99,31.5
PMT-0104,F-11,2023-07-01,15953.34,88.67,29.9
PMT-0104,F-11,2023-08-01,14168.43,89.06,25.9
PMT-0104,F-11,2023-09-01,12059.08,95.67,18.3
PMT-0104,F-11,2023-10-01,9914.46,86.39,10.6
PMT-0104,F-11,2023-11-01,8354.99,91.72,6.4
PMT-0104,F-11,2023-12-01,7834.82,87.07,2.5
PMT-0104,F-11,2024-01-01,8499.85,83.08,3.3
PMT-0104,F-11,2024-02-01,9827.32,88.87,11.6
PMT-0104,F-11,2024-03-01,12033.17,89.17,16.1
PMT-0104,F-11,2024-04-01,14439.38,88.59,25.9
PMT-0104,F-11,2024-05-01,15558.79,87.38,33.3
PMT-0104,F-11,2024-06-01,16023.64,92.56,31.8
PMT-0104,F-11,2024-07-01,15527.28,88.12,28.3
PMT-0104,F-11,2024-08-01,14305.17,88.43,24.7
PMT-0104,F-11,2024-09-01,12127.85,94.78,17.8
PMT-0104,F-11,2024-10-01,10052.04,95.38,7.8
PMT-0104,F-11,2024-11-01,8459.52,85.24,6.6
PMT-0104,F-11,2024-12-01,7724.85,92.35,5.1
PMT-0105,F-11,2022-01-01,17314.58,87.93,3.7
PMT-0105,F-11,2022-02-01,21425.87,89.41,12.6
PMT-0105,F-11,2022-03-01,24003.78,90.14,18.5
PMT-0105,F-11,2022-04-01,30083.13,86.97,23.5
PMT-0105,F-11,2022-05-01,32275.53,92.98,29.3
PMT-0105,F-11,2022-06-01,33899.81,87.02,32.6
PMT-0105,F-11,2022-07-01,32906.52,84.11,33.3
PMT-0105,F-11,2022-08-01,29716.89,87.21,25.4
PMT-0105,F-11,2022-09-01,25082.64,86.47,17.7
PMT-0105,F-11,2022-10-01,21279.13,85.19,11.3
PMT-0105,F-11,2022-11-01,17595.63,83.55,6.3
PMT-0105,F-11,2022-12-01,15806.66,85.99,3.5
PMT-0105,F-11,2023-01-01,17470.43,90.38,7.0
PMT-0105,F-11,2023-02-01,20946.95,89.06,11.8
PMT-0105,F-11,2023-03-01,25183.53,86.82,16.3
PMT-0105,F-11,2023-04-01,29643.63,84.43,22.9
PMT-0105,F-11,2023-05-01,33953.66,84.82,28.7
PMT-0105,F-11,2023-06-01,33456.66,88.62,33.8
PMT-0105,F-11,2023-07-01,33563.95,89.81,28.5
PMT-0105,F-11,2023-08-01,30078.38,87.32,25.8
PMT-0105,F-11,2023-09-01,24989.81,86.69,16.0
PMT-0105,F-11,2023-10-01,21091.77,89.24,10.9
PMT-0105,F-11,2023-11-01,17145.4,83.94,5.7
PMT-0105,F-11,2023-12-01,17020.29,85.97,4.1
PMT-0105,F-11,2024-01-01,17967.89,85.75,5.8
PMT-0105,F-11,2024-02-01,21304.56,87.28,10.6
PMT-0105,F-11,2024-03-01,24889.41,92.9,19.0
PMT-0105,F-11,2024-04-01,29347.35,84.68,26.8
PMT-0105,F-11,2024-05-01,32702.16,88.37,30.6
PMT-0105,F-11,2024-06-01,34381.46,87.6,32.2
PMT-0105,F-11,2024-07-01,32634.31,88.63,27.4
PMT-0105,F-11,2024-08-01,27642.0,91.2,24.2
PMT-0105,F-11,2024-09-01,26173.99,90.75,17.8
PMT-0105,F-11,2024-10-01,20756.45,92.6,11.7
PMT-0105,F-11,2024-11-01,17684.95,91.91,4.9
PMT-0105,F-11,2024-12-01,16321.28,84.43,5.4
PMT-0106,F-11,2022-01-01,10806.55,87.4,8.1
PMT-0106,F-11,2022-02-01,12355.16,90.18,11.0
PMT-0106,F-11,2022-03-01,15577.17,87.74,17.1
PMT-0106,F-11,2022-04-01,18112.13,88.85,23.5
PMT-0106,F-11,2022-05-01,20091.65,92.62,29.0
PMT-0106,F-11,2022-06-01,20675.42,86.79,34.2
PMT-0106,F-11,2022-07-01,20039.99,87.85,30.2
PMT-0106,F-11,2022-08-01,18277.94,91.94,25.2
PMT-0106,F-11,2022-09-01,15443.95,91.77,17.4
PMT-0106,F-11,2022-10-01,12498.36,89.78,12.0
PMT-0106,F-11,2022-11-01,10666.61,91.5,5.2
PMT-0106,F-11,2022-12-01,9693.24,85.85,3.2
PMT-0106,F-11,2023-01-01,10813.43,90.19,5.5
PMT-0106,F-11,2023-02-01,12987.63,91.87,10.0
PMT-0106,F-11,2023-03-01,15505.63,92.37,16.8
PMT-0106,F-11,2023-04-01,18500.53,82.16,24.1
PMT-0106,F-11,2023-05-01,19537.58,93.48,27.8
PMT-0106,F-11,2023-06-01,21098.84,88.16,33.0
PMT-0106,F-11,2023-07-01,19808.46,92.38,29.0
PMT-0106,F-11,2023-08-01,18136.25,93.03,24.3
PMT-0106,F-11,2023-09-01,15257.98,87.37,20.1
PMT-0106,F-11,2023-10-01,12551.12,87.16,13.8
PMT-0106,F-11,2023-11-01,10633.28,84.19,7.0
PMT-0106,F-11,2023-12-01,10099.33,88.72,3.3
PMT-0106,F-11,2024-01-01,10494.99,85.03,6.5
PMT-0106,F-11,2024-02-01,12859.64,82.91,9.7
PMT-0106,F-11,2024-03-01,15493.17,85.17,19.7
PMT-0106,F-11,2024-04-01,17492.57,90.62,24.6
PMT-0106,F-11,2024-05-01,20113.39,90.98,28.7
PMT-0106,F-11,2024-06-01,20268.49,92.39,30.7
PMT-0106,F-11,2024-07-01,19893.75,90.3,30.5
PMT-0106,F-11,2024-08-01,18158.76,85.12,26.1
PMT-0106,F-11,2024-09-01,14859.37,88.24,18.5
PMT-0106,F-11,2024-10-01,12654.94,82.11,7.9
PMT-0106,F-11,2024-11-01,10848.72,89.64,5.6
PMT-0106,F-11,2024-12-01,10185.02,88.73,3.6
PMT-0107,F-11,2022-01-01,12962.86,88.12,6.4
PMT-0107,F-11,2022-02-01,15838.25,88.22,11.8
PMT-0107,F-11,2022-03-01,19447.89,90.51,19.0
PMT-0107,F-11,2022-04-01,21277.7,89.24,27.5
PMT-0107,F-11,2022-05-01,25466.15,89.11,29.3
PMT-0107,F-11,2022-06-01,24959.48,91.5,31.8
PMT-0107,F-11,2022-07-01,24500.11,87.56,28.6
PMT-0107,F-11,2022-08-01,22994.77,91.45,24.3
PMT-0107,F-11,2022-09-01,19044.25,87.93,17.1
PMT-0107,F-11,2022-10-01,16280.07,87.62,11.7
PMT-0107,F-11,2022-11-01,12857.96,88.63,5.0
PMT-0107,F-11,2022-12-01,11983.06,85.62,3.9
PMT-0107,F-11,2023-01-01,12726.97,85.46,4.2
PMT-0107,F-11,2023-02-01,15876.02,88.29,10.8
PMT-0107,F-11,2023-03-01,18939.64,86.94,18.5
PMT-0107,F-11,2023-04-01,22279.81,90.44,24.2
PMT-0107,F-11,2023-05-01,24451.11,92.77,29.7
PMT-0107,F-11,2023-06-01,26043.43,83.42,31.0
PMT-0107,F-11,2023-07-01,24537.33,87.11,29.4
PMT-0107,F-11,2023-08-01,22555.56,89.33,28.4
PMT-0107,F-11,2023-09-01,18796.07,86.01,18.0
PMT-0107,F-11,2023-10-01,15719.59,86.17,9.2
PMT-0107,F-11,2023-11-01,12595.5,88.58,4.6
PMT-0107,F-11,2023-12-01,12990.99,87.19,4.2
PMT-0107,F-11,2024-01-01,13399.25,88.63,5.8
PMT-0107,F-11,2024-02-01,15274.15,88.43,11.6
PMT-0107,F-11,2024-03-01,18246.18,88.32,16.7
PMT-0107,F-11,2024-04-01,21445.25,91.08,25.3
PMT-0107,F-11,2024-05-01,24568.91,90.32,30.8
PMT-0107,F-11,2024-06-01,26528.56,92.49,32.2
PMT-0107,F-11,2024-07-01,23942.45,89.22,29.2
PMT-0107,F-11,2024-08-01,21987.91,90.7,24.6
PMT-0107,F-11,2024-09-01,18418.81,84.31,17.5
PMT-0107,F-11,2024-10-01,15347.82,91.32,11.8
PMT-0107,F-11,2024-11-01,13412.02,88.31,5.0
PMT-0107,F-11,2024-12-01,11996.07,91.89,3.3
PMT-0108,F-11,2022-01-01,7514.86,88.63,7.4
PMT-0108,F-11,2022-02-01,8534.72,87.18,12.2
PMT-0108,F-11,2022-03-01,10445.92,91.76,18.2
PMT-0108,F-11,2022-04-01,12655.06,89.94,25.0
PMT-0108,F-11,2022-05-01,14071.63,88.62,30.1
PMT-0108,F-11,2022-06-01,14521.07,91.22,32.0
PMT-0108,F-11,2022-07-01,14195.88,83.74,28.5
PMT-0108,F-11,2022-08-01,12387.56,86.68,26.1
PMT-0108,F-11,2022-09-01,10742.47,86.58,16.5
PMT-0108,F-11,2022-10-01,8565.22,90.75,11.3
PMT-0108,F-11,2022-11-01,7499.19,86.02,7.1
PMT-0108,F-11,2022-12-01,7085.53,90.15,2.5
PMT-0108,F-11,2023-01-01,7215.08,86.53,5.5
PMT-0108,F-11,2023-02-01,8816.66,86.39,11.5
PMT-0108,F-11,2023-03-01,10864.0,90.94,21.1
PMT-0108,F-11,2023-04-01,12146.34,88.18,26.1
PMT-0108,F-11,2023-05-01,14077.15,88.59,31.3
PMT-0108,F-11,2023-06-01,14353.48,88.18,33.0
PMT-0108,F-11,2023-07-01,14195.4,85.6,30.4
PMT-0108,F-11,2023-08-01,12856.89,87.84,22.2
PMT-0108,F-11,2023-09-01,10701.7,92.55,16.5
PMT-0108,F-11,2023-10-01,8732.43,85.22,11.8
PMT-0108,F-11,2023-11-01,7522.64,88.34,7.7
PMT-0108,F-11,2023-12-01,6854.04,80.73,4.1
PMT-0108,F-11,2024-01-01,7389.49,88.19,5.7
PMT-0108,F-11,2024-02-01,8834.51,88.67,12.1
PMT-0108,F-11,2024-03-01,10525.01,87.96,20.3
PMT-0108,F-11,2024-04-01,12569.59,84.76,21.3
PMT-0108,F-11,2024-05-01,13448.33,86.48,29.3
PMT-0108,F-11,2024-06-01,14761.05,84.78,29.8
PMT-0108,F-11,2024-07-01,13803.46,87.84,28.6
PMT-0108,F-11,2024-08-01,12475.19,92.45,25.3
PMT-0108,F-11,2024-09-01,10864.32,91.43,17.3
PMT-0108,F-11,2024-10-01,9173.32,85.36,12.8
PMT-0108,F-11,2024-11-01,7602.19,85.65,6.1
PMT-0108,F-11,2024-12-01,6953.77,91.4,2.5
PMT-0109,F-11,2022-01-01,4557.91,85.63,7.8
PMT-0109,F-11,2022-02-01,5388.24,89.53,13.0
PMT-0109,F-11,2022-03-01,6414.99,88.33,17.0
PMT-0109,F-11,2022-04-01,7939.25,89.97,23.8
PMT-0109,F-11,2022-05-01,8642.73,86.53,31.1
PMT-0109,F-11,2022-06-01,9023.97,84.15,31.5
PMT-0109,F-11,2022-07-01,8889.31,91.47,30.4
PMT-0109,F-11,2022-08-01,7899.08,87.48,24.2
PMT-0109,F-11,2022-09-01,6533.06,86.89,19.9
PMT-0109,F-11,2022-10-01,5450.88,92.7,12.0
PMT-0109,F-11,2022-11-01,4689.73,92.24,8.3
PMT-0109,F-11,2022-12-01,4400.41,87.29,2.7
PMT-0109,F-11,2023-01-01,4614.95,92.45,4.4
PMT-0109,F-11,2023-02-01,5565.75,85.12,9.5
PMT-0109,F-11,2023-03-01,6517.65,81.42,18.0
PMT-0109,F-11,2023-04-01,7793.99,88.87,22.9
PMT-0109,F-11,2023-05-01,8685.04,93.5,27.5
PMT-0109,F-11,2023-06-01,8947.57,87.02,31.6
PMT-0109,F-11,2023-07-01,8540.38,90.6,29.9
PMT-0109,F-11,2023-08-01,7801.72,87.54,24.4
PMT-0109,F-11,2023-09-01,6385.69,90.45,17.7
PMT-0109,F-11,2023-10-01,5688.64,92.62,12.6
PMT-0109,F-11,2023-11-01,4592.22,91.56,7.9
PMT-0109,F-11,2023-12-01,4406.79,86.52,4.0
PMT-0109,F-11,2024-01-01,4516.4,94.56,5.1
PMT-0109,F-11,2024-02-01,5516.26,88.38,11.1
PMT-0109,F-11,2024-03-01,6552.94,87.63,18.6
PMT-0109,F-11,2024-04-01,7676.72,94.15,24.9
PMT-0109,F-11,2024-05-01,8769.84,87.85,29.7
PMT-0109,F-11,2024-06-01,9019.56,85.4,31.7
PMT-0109,F-11,2024-07-01,8403.92,88.3,29.4
PMT-0109,F-11,2024-08-01,7829.88,86.78,24.5
PMT-0109,F-11,2024-09-01,6963.65,87.37,18.4
PMT-0109,F-11,2024-10-01,5287.84,89.63,9.9
PMT-0109,F-11,2024-11-01,4600.32,93.22,5.1
PMT-0109,F-11,2024-12-01,4284.17,88.81,5.4
PMT-0110,F-11,2022-01-01,7759.81,86.93,7.3
PMT-0110,F-11,2022-02-01,9288.02,92.35,11.6
PMT-0110,F-11,2022-03-01,11541.79,88.28,16.8
PMT-0110,F-11,2022-04-01,13184.54,87.12,23.9
PMT-0110,F-11,2022-05-01,14699.84,80.93,32.7
PMT-0110,F-11,2022-06-01,14975.91,92.06,31.9
PMT-0110,F-11,2022-07-01,14556.94,87.97,28.6
PMT-0110,F-11,2022-08-01,13424.35,82.52,26.0
PMT-0110,F-11,2022-09-01,11422.12,87.59,16.9
PMT-0110,F-11,2022-10-01,9451.7,90.62,10.6
PMT-0110,F-11,2022-11-01,7873.34,88.23,6.6
PMT-0110,F-11,2022-12-01,7615.59,85.74,4.0
PMT-0110,F-11,2023-01-01,7906.06,87.42,5.8
PMT-0110,F-11,2023-02-01,9363.02,85.34,11.3
PMT-0110,F-11,2023-03-01,11467.33,88.03,18.2
PMT-0110,F-11,2023-04-01,13592.01,88.41,25.4
PMT-0110,F-11,2023-05-01,14821.23,86.96,29.7
PMT-0110,F-11,2023-06-01,15001.21,86.67,29.1
PMT-0110,F-11,2023-07-01,14545.48,89.82,27.8
PMT-0110,F-11,2023-08-01,13522.03,89.4,25.6
PMT-0110,F-11,2023-09-01,11491.11,90.18,19.2
PMT-0110,F-11,2023-10-01,9615.41,91.74,11.1
PMT-0110,F-11,2023-11-01,8022.67,88.54,4.6
PMT-0110,F-11,2023-12-01,7254.4,93.48,4.8
PMT-0110,F-11,2024-01-01,7777.13,87.57,5.5
PMT-0110,F-11,2024-02-01,9488.07,83.15,9.6
PMT-0110,F-11,2024-03-01,11224.22,88.37,17.5
PMT-0110,F-11,2024-04-01,13428.58,90.08,23.4
PMT-0110,F-11,2024-05-01,14531.36,84.13,30.3
PMT-0110,F-11,2024-06-01,14967.95,90.9,30.3
PMT-0110,F-11,2024-07-01,14681.64,88.47,29.8
PMT-0110,F-11,2024-08-01,13389.54,86.93,25.5
PMT-0110,F-11,2024-09-01,11137.78,92.1,20.1
PMT-0110,F-11,2024-10-01,9354.77,79.52,10.6
PMT-0110,F-11,2024-11-01,7877.34,84.64,6.2
PMT-0110,F-11,2024-12-01,7557.91,83.34,4.8
PMT-0111,F-12,2022-01-01,15125.08,95.04,5.0
PMT-0111,F-12,2022-02-01,17676.17,91.61,11.0
PMT-0111,F-12,2022-03-01,21667.74,98.41,18.7
PMT-0111,F-12,2022-04-01,24526.02,96.88,26.7
PMT-0111,F-12,2022-05-01,27906.9,90.6,30.0
PMT-0111,F-12,2022-06-01,29124.63,97.93,32.1
PMT-0111,F-12,2022-07-01,27054.38,91.56,29.1
PMT-0111,F-12,2022-08-01,24603.23,91.14,24.7
PMT-0111,F-12,2022-09-01,20965.74,92.73,17.8
PMT-0111,F-12,2022-10-01,17998.32,96.03,11.5
PMT-0111,F-12,2022-11-01,15482.6,95.1,5.0
PMT-0111,F-12,2022-12-01,14203.36,93.95,5.9
PMT-0111,F-12,2023-01-01,15336.96,98.2,4.4
PMT-0111,F-12,2023-02-01,17678.1,94.6,10.7
PMT-0111,F-12,2023-03-01,21990.17,91.46,18.1
PMT-0111,F-12,2023-04-01,25070.48,93.25,25.9
PMT-0111,F-12,2023-05-01,28731.69,97.49,29.1
PMT-0111,F-12,2023-06-01,30264.87,93.29,32.4
PMT-0111,F-12,2023-07-01,28864.58,90.73,29.8
PMT-0111,F-12,2023-08-01,26034.86,93.0,24.1
PMT-0111,F-12,2023-09-01,21418.65,90.14,18.9
PMT-0111,F-12,2023-10-01,17403.48,97.96,10.3
PMT-0111,F-12,2023-11-01,14722.56,93.74,5.5
PMT-0111,F-12,2023-12-01,14195.61,94.3,4.7
PMT-0111,F-12,2024-01-01,15281.12,91.39,6.6
PMT-0111,F-12,2024-02-01,17384.53,89.95,12.1
PMT-0111,F-12,2024-03-01,21566.53,91.02,18.6
PMT-0111,F-12,2024-04-01,26167.47,94.06,24.7
PMT-0111,F-12,2024-05-01,28503.35,90.87,30.5
PMT-0111,F-12,2024-06-01,28985.56,92.77,31.4
PMT-0111,F-12,2024-07-01,27983.68,93.51,30.1
PMT-0111,F-12,2024-08-01,26406.73,93.07,24.1
PMT-0111,F-12,2024-09-01,22942.1,89.17,18.2
PMT-0111,F-12,2024-10-01,17984.64,95.55,10.1
PMT-0111,F-12,2024-11-01,15296.06,91.2,5.7
PMT-0111,F-12,2024-12-01,14590.06,99.61,6.2
PMT-0112,F-12,2022-01-01,10116.14,99.36,6.3
PMT-0112,F-12,2022-02-01,11917.23,92.35,7.9
PMT-0112,F-12,2022-03-01,14518.38,93.41,18.0
PMT-0112,F-12,2022-04-01,16721.78,85.76,25.5
PMT-0112,F-12,2022-05-01,18930.81,92.31,29.8
PMT-0112,F-12,2022-06-01,19021.85,91.38,32.3
PMT-0112,F-12,2022-07-01,18798.32,89.86,28.2
PMT-0112,F-12,2022-08-01,17267.76,90.53,23.8
PMT-0112,F-12,2022-09-01,14379.71,95.01,19.1
PMT-0112,F-12,2022-10-01,12237.85,93.21,11.4
PMT-0112,F-12,2022-11-01,10443.14,91.8,7.4
PMT-0112,F-12,2022-12-01,9412.57,90.51,2.6
PMT-0112,F-12,2023-01-01,9913.52,89.95,5.9
PMT-0112,F-12,2023-02-01,12056.94,89.94,9.3
PMT-0112,F-12,2023-03-01,14881.68,97.24,16.1
PMT-0112,F-12,2023-04-01,17391.03,94.18,26.2
PMT-0112,F-12,2023-05-01,19065.83,95.79,29.8
PMT-0112,F-12,2023-06-01,20012.48,91.83,31.0
PMT-0112,F-12,2023-07-01,18688.52,91.04,29.3
PMT-0112,F-12,2023-08-01,17042.33,94.94,23.1
PMT-0112,F-12,2023-09-01,14902.72,93.48,18.8
PMT-0112,F-12,2023-10-01,12032.61,89.66,12.0
PMT-0112,F-12,2023-11-01,10030.06,95.83,7.5
PMT-0112,F-12,2023-12-01,9724.2,90.37,3.4
PMT-0112,F-12,2024-01-01,10026.26,89.08,6.6
PMT-0112,F-12,2024-02-01,12090.95,93.53,10.0
PMT-0112,F-12,2024-03-01,14430.87,94.93,17.9
PMT-0112,F-12,2024-04-01,17338.53,95.39,22.9
PMT-0112,F-12,2024-05-01,19577.41,95.14,30.9
PMT-0112,F-12,2024-06-01,19437.14,91.07,32.5
PMT-0112,F-12,2024-07-01,19019.12,91.69,30.0
PMT-0112,F-12,2024-08-01,17034.63,98.97,27.1
PMT-0112,F-12,2024-09-01,14674.12,95.23,17.8
PMT-0112,F-12,2024-10-01,12084.76,96.07,8.9
PMT-0112,F-12,2024-11-01,10534.21,97.65,4.9
PMT-0112,F-12,2024-12-01,9513.67,89.59,4.6
PMT-0113,F-12,2022-01-01,8676.87,95.47,4.9
PMT-0113,F-12,2022-02-01,9843.87,93.5,10.6
PMT-0113,F-12,2022-03-01,12134.76,92.82,17.1
PMT-0113,F-12,2022-04-01,14225.87,94.2,24.9
PMT-0113,F-12,2022-05-01,16432.73,94.92,30.9
PMT-0113,F-12,2022-06-01,16479.43,96.18,31.1
PMT-0113,F-12,2022-07-01,16287.9,93.84,29.2
PMT-0113,F-12,2022-08-01,14297.67,86.6,25.3
PMT-0113,F-12,2022-09-01,12459.79,94.91,16.8
PMT-0113,F-12,2022-10-01,10205.12,89.07,12.3
PMT-0113,F-12,2022-11-01,8375.2,91.8,4.6
PMT-0113,F-12,2022-12-01,8288.65,100.0,4.7
PMT-0113,F-12,2023-01-01,8711.86,95.38,4.7
PMT-0113,F-12,2023-02-01,10088.56,89.76,12.2
PMT-0113,F-12,2023-03-01,12216.45,96.1,17.6
PMT-0113,F-12,2023-04-01,14002.39,88.02,24.6
PMT-0113,F-12,2023-05-01,15988.87,88.04,30.2
PMT-0113,F-12,2023-06-01,16546.04,87.39,32.0
PMT-0113,F-12,2023-07-01,15814.87,86.76,29.5
PMT-0113,F-12,2023-08-01,14621.91,92.52,26.8
PMT-0113,F-12,2023-09-01,12596.52,94.32,17.5
PMT-0113,F-12,2023-10-01,10030.56,94.09,10.3
PMT-0113,F-12,2023-11-01,8636.28,95.39,5.3
PMT-0113,F-12,2023-12-01,7708.52,96.35,3.6
PMT-0113,F-12,2024-01-01,8741.14,89.19,5.4
PMT-0113,F-12,2024-02-01,10089.32,93.73,10.3
PMT-0113,F-12,2024-03-01,12572.26,96.16,16.9
PMT-0113,F-12,2024-04-01,14353.22,92.33,26.5
PMT-0113,F-12,2024-05-01,15845.5,88.3,29.4
PMT-0113,F-12,2024-06-01,16166.45,90.34,31.8
PMT-0113,F-12,2024-07-01,15810.51,93.6,29.3
PMT-0113,F-12,2024-08-01,14100.21,98.92,24.6
PMT-0113,F-12,2024-09-01,12424.96,94.84,19.8
PMT-0113,F-12,2024-10-01,10512.3,91.72,10.0
PMT-0113,F-12,2024-11-01,8484.13,94.7,5.2
PMT-0113,F-12,2024-12-01,8005.5,91.03,6.5
PMT-0114,F-12,2022-01-01,9249.25,90.81,7.7
PMT-0114,F-12,2022-02-01,10477.99,88.14,10.9
PMT-0114,F-12,2022-03-01,12130.79,91.34,17.1
PMT-0114,F-12,2022-04-01,14417.56,91.4,24.5
PMT-0114,F-12,2022-05-01,16238.66,93.51,31.7
PMT-0114,F-12,2022-06-01,18258.25,90.71,30.4
PMT-0114,F-12,2022-07-01,17368.86,99.14,30.3
PMT-0114,F-12,2022-08-01,14909.7,97.94,23.9
PMT-0114,F-12,2022-09-01,12041.21,97.91,19.6
PMT-0114,F-12,2022-10-01,10002.13,91.09,10.6
PMT-0114,F-12,2022-11-01,8512.9,92.89,5.2
PMT-0114,F-12,2022-12-01,8377.3,94.0,4.8
PMT-0114,F-12,2023-01-01,8608.75,88.65,3.9
PMT-0114,F-12,2023-02-01,10718.16,84.08,10.9
PMT-0114,F-12,2023-03-01,12345.88,92.83,16.9
PMT-0114,F-12,2023-04-01,15233.58,91.08,26.7
PMT-0114,F-12,2023-05-01,16987.46,93.31,28.8
PMT-0114,F-12,2023-06-01,18262.48,89.15,34.3
PMT-0114,F-12,2023-07-01,16405.71,87.07,33.1
PMT-0114,F-12,2023-08-01,15032.89,94.47,24.5
PMT-0114,F-12,2023-09-01,12139.49,89.43,17.0
PMT-0114,F-12,2023-10-01,10738.54,96.41,10.7
PMT-0114,F-12,2023-11-01,8738.35,92.46,5.5
PMT-0114,F-12,2023-12-01,8597.6,87.97,4.4
PMT-0114,F-12,2024-01-01,8476.86,100.0,5.1
PMT-0114,F-12,2024-02-01,10198.4,92.45,10.8
PMT-0114,F-12,2024-03-01,12229.92,90.22,17.5
PMT-0114,F-12,2024-04-01,14752.41,93.29,25.5
PMT-0114,F-12,2024-05-01,16719.46,95.95,29.7
PMT-0114,F-12,2024-06-01,17561.55,93.89,30.3
PMT-0114,F-12,2024-07-01,16289.46,93.74,28.1
PMT-0114,F-12,2024-08-01,15870.51,91.26,25.6
PMT-0114,F-12,2024-09-01,12498.03,90.7,17.1
PMT-0114,F-12,2024-10-01,10547.84,90.71,11.1
PMT-0114,F-12,2024-11-01,8482.77,92.3,5.5
PMT-0114,F-12,2024-12-01,8142.38,96.17,3.8
PMT-0115,F-12,2022-01-01,10879.47,99.48,6.5
PMT-0115,F-12,2022-02-01,13315.1,96.03,9.3
PMT-0115,F-12,2022-03-01,16243.38,94.31,18.3
PMT-0115,F-12,2022-04-01,19225.13,92.64,25.4
PMT-0115,F-12,2022-05-01,20912.3,91.29,30.2
PMT-0115,F-12,2022-06-01,21904.97,91.99,33.2
PMT-0115,F-12,2022-07-01,20016.38,93.93,30.5
PMT-0115,F-12,2022-08-01,19553.07,93.01,25.2
PMT-0115,F-12,2022-09-01,15804.24,89.3,15.1
PMT-0115,F-12,2022-10-01,13245.31,94.52,11.3
PMT-0115,F-12,2022-11-01,11492.89,90.61,5.4
PMT-0115,F-12,2022-12-01,10475.17,91.11,4.0
PMT-0115,F-12,2023-01-01,11067.39,95.73,5.7
PMT-0115,F-12,2023-02-01,13342.58,95.07,10.6
PMT-0115,F-12,2023-03-01,16222.03,97.59,18.8
PMT-0115,F-12,2023-04-01,19395.81,92.88,25.9
PMT-0115,F-12,2023-05-01,21076.9,96.46,31.8
PMT-0115,F-12,2023-06-01,21172.68,90.1,31.0
PMT-0115,F-12,2023-07-01,21609.83,94.3,30.5
PMT-0115,F-12,2023-08-01,19240.97,91.51,26.2
PMT-0115,F-12,2023-09-01,16346.32,88.53,16.4
PMT-0115,F-12,2023-10-01,13167.37,93.38,9.6
PMT-0115,F-12,2023-11-01,11083.95,94.98,8.2
PMT-0115,F-12,2023-12-01,10763.0,91.72,3.5
PMT-0115,F-12,2024-01-01,11555.12,97.29,6.1
PMT-0115,F-12,2024-02-01,13483.1,91.07,10.9
PMT-0115,F-12,2024-03-01,16672.22,91.45,19.0
PMT-0115,F-12,2024-04-01,18931.14,98.51,24.6
PMT-0115,F-12,2024-05-01,20045.95,91.58,29.3
PMT-0115,F-12,2024-06-01,21557.51,89.72,31.4
PMT-0115,F-12,2024-07-01,20901.34,92.91,31.6
PMT-0115,F-12,2024-08-01,18561.14,93.3,25.9
PMT-0115,F-12,2024-09-01,15912.97,95.68,16.8
PMT-0115,F-12,2024-10-01,13718.44,91.69,12.0
PMT-0115,F-12,2024-11-01,10746.6,88.94,5.9
PMT-0115,F-12,2024-12-01,10845.28,95.5,6.1
PMT-0116,F-12,2022-01-01,4874.06,94.23,4.9
PMT-0116,F-12,2022-02-01,5623.0,86.87,9.8
PMT-0116,F-12,2022-03-01,6816.43,89.07,17.0
PMT-0116,F-12,2022-04-01,7636.67,93.94,24.9
PMT-0116,F-12,2022-05-01,8911.51,91.39,29.3
PMT-0116,F-12,2022-06-01,9145.27,91.29,34.1
PMT-0116,F-12,2022-07-01,8713.74,94.61,30.9
PMT-0116,F-12,2022-08-01,8010.49,88.48,25.5
PMT-0116,F-12,2022-09-01,6590.86,90.25,16.0
PMT-0116,F-12,2022-10-01,5518.47,88.72,11.2
PMT-0116,F-12,2022-11-01,4753.92,95.11,3.3
PMT-0116,F-12,2022-12-01,4478.42,90.64,4.7
PMT-0116,F-12,2023-01-01,4687.27,91.1,6.7
PMT-0116,F-12,2023-02-01,5623.87,91.19,10.1
PMT-0116,F-12,2023-03-01,6855.51,94.83,12.7
PMT-0116,F-12,2023-04-01,7973.84,90.26,27.9
PMT-0116,F-12,2023-05-01,8545.53,91.18,29.2
PMT-0116,F-12,2023-06-01,9345.62,92.99,30.7
PMT-0116,F-12,2023-07-01,8593.67,91.08,31.6
PMT-0116,F-12,2023-08-01,7703.24,89.7,26.9
PMT-0116,F-12,2023-09-01,6717.56,93.47,19.1
PMT-0116,F-12,2023-10-01,5557.48,88.64,7.4
PMT-0116,F-12,2023-11-01,4715.37,90.42,7.1
PMT-0116,F-12,2023-12-01,4476.9,88.39,0.6
PMT-0116,F-12,2024-01-01,4796.07,94.49,4.7
PMT-0116,F-12,2024-02-01,5668.47,89.81,11.1
PMT-0116,F-12,2024-03-01,6801.35,91.9,16.6
PMT-0116,F-12,2024-04-01,7890.46,95.47,24.8
PMT-0116,F-12,2024-05-01,8987.03,93.51,29.6
PMT-0116,F-12,2024-06-01,8872.17,94.09,31.4
PMT-0116,F-12,2024-07-01,8669.51,98.05,29.2
PMT-0116,F-12,2024-08-01,7971.25,93.42,26.2
PMT-0116,F-12,2024-09-01,6904.02,87.54,17.4
PMT-0116,F-12,2024-10-01,5533.51,90.32,10.4
PMT-0116,F-12,2024-11-01,4738.26,90.21,7.0
PMT-0116,F-12,2024-12-01,4241.26,96.71,5.9
PMT-0117,F-12,2022-01-01,7880.2,98.28,5.2
PMT-0117,F-12,2022-02-01,9570.24,98.55,12.0
PMT-0117,F-12,2022-03-01,11244.93,96.95,17.7
PMT-0117,F-12,2022-04-01,13105.14,89.5,24.4
PMT-0117,F-12,2022-05-01,14555.95,87.5,32.3
PMT-0117,F-12,2022-06-01,15382.65,94.59,33.0
PMT-0117,F-12,2022-07-01,15250.13,92.36,30.5
PMT-0117,F-12,2022-08-01,13489.09,97.08,24.5
PMT-0117,F-12,2022-09-01,11808.17,90.8,20.3
PMT-0117,F-12,2022-10-01,9869.59,91.05,12.3
PMT-0117,F-12,2022-11-01,7918.04,89.24,5.7
PMT-0117,F-12,2022-12-01,7529.3,86.77,3.4
PMT-0117,F-12,2023-01-01,7966.57,94.13,6.9
PMT-0117,F-12,2023-02-01,9372.99,86.96,9.0
PMT-0117,F-12,2023-03-01,11267.53,88.18,17.1
PMT-0117,F-12,2023-04-01,13310.49,92.61,26.4
PMT-0117,F-12,2023-05-01,14695.48,88.38,30.3
PMT-0117,F-12,2023-06-01,15209.27,94.21,29.9
PMT-0117,F-12,2023-07-01,15080.33,92.03,30.9
PMT-0117,F-12,2023-08-01,13335.1,95.44,24.1
PMT-0117,F-12,2023-09-01,11479.96,95.03,17.6
PMT-0117,F-12,2023-10-01,9692.31,100.0,11.6
PMT-0117,F-12,2023-11-01,8154.99,93.16,4.8
PMT-0117,F-12,2023-12-01,7441.21,91.13,2.9
PMT-0117,F-12,2024-01-01,7974.35,91.5,6.7
PMT-0117,F-12,2024-02-01,9712.7,94.13,11.3
PMT-0117,F-12,2024-03-01,11482.44,93.62,18.8
PMT-0117,F-12,2024-04-01,13746.88,92.71,26.8
PMT-0117,F-12,2024-05-01,15089.27,90.51,28.6
PMT-0117,F-12,2024-06-01,15297.12,91.19,30.8
PMT-0117,F-12,2024-07-01,15076.59,85.65,29.9
PMT-0117,F-12,2024-08-01,13259.3,97.1,25.6
PMT-0117,F-12,2024-09-01,11510.89,90.64,19.2
PMT-0117,F-12,2024-10-01,9688.11,97.13,8.6
PMT-0117,F-12,2024-11-01,8092.98,93.97,4.8
PMT-0117,F-12,2024-12-01,7465.77,94.38,3.4
PMT-0118,F-12,2022-01-01,9740.39,93.03,6.5
PMT-0118,F-12,2022-02-01,11120.58,96.83,11.0
PMT-0118,F-12,2022-03-01,13767.88,93.56,18.1
PMT-0118,F-12,2022-04-01,15934.56,93.35,25.7
PMT-0118,F-12,2022-05-01,18153.57,92.75,32.3
PMT-0118,F-12,2022-06-01,18934.55,98.64,32.4
PMT-0118,F-12,2022-07-01,17477.81,93.94,30.5
PMT-0118,F-12,2022-08-01,16244.03,96.33,25.4
PMT-0118,F-12,2022-09-01,13875.75,95.25,20.9
PMT-0118,F-12,2022-10-01,11283.09,92.8,12.3
PMT-0118,F-12,2022-11-01,9700.33,97.51,8.3
PMT-0118,F-12,2022-12-01,9242.74,89.53,4.5
PMT-0118,F-12,2023-01-01,9630.71,88.87,6.1
PMT-0118,F-12,2023-02-01,11511.42,92.11,10.1
PMT-0118,F-12,2023-03-01,14053.94,89.74,17.1
PMT-0118,F-12,2023-04-01,16504.13,91.24,25.4
PMT-0118,F-12,2023-05-01,18361.49,94.91,29.7
PMT-0118,F-12,2023-06-01,19303.2,91.44,31.3
PMT-0118,F-12,2023-07-01,17749.53,96.33,30.5
PMT-0118,F-12,2023-08-01,16731.03,90.88,25.8
PMT-0118,F-12,2023-09-01,13542.72,89.0,15.5
PMT-0118,F-12,2023-10-01,11490.82,86.9,10.6
PMT-0118,F-12,2023-11-01,9485.89,93.7,5.1
PMT-0118,F-12,2023-12-01,9148.42,92.14,3.1
PMT-0118,F-12,2024-01-01,9724.74,98.11,6.2
PMT-0118,F-12,2024-02-01,11413.42,91.47,9.8
PMT-0118,F-12,2024-03-01,13423.98,93.9,18.6
PMT-0118,F-12,2024-04-01,16297.64,93.97,25.1
PMT-0118,F-12,2024-05-01,17851.37,89.25,30.9
PMT-0118,F-12,2024-06-01,18989.86,91.86,34.0
PMT-0118,F-12,2024-07-01,17908.82,95.2,30.4
PMT-0118,F-12,2024-08-01,16284.71,90.46,27.0
PMT-0118,F-12,2024-09-01,13664.1,95.99,19.7
PMT-0118,F-12,2024-10-01,11562.92,87.88,9.3
PMT-0118,F-12,2024-11-01,9534.3,87.67,6.0
PMT-0118,F-12,2024-12-01,9171.61,92.8,6.3
PMT-0119,F-12,2022-01-01,11106.78,92.1,4.9
PMT-0119,F-12,2022-02-01,12310.49,91.84,8.7
PMT-0119,F-12,2022-03-01,15564.19,94.14,18.1
PMT-0119,F-12,2022-04-01,19135.22,93.29,24.6
PMT-0119,F-12,2022-05-01,20135.23,92.62,30.4
PMT-0119,F-12,2022-06-01,21248.08,90.98,30.7
PMT-0119,F-12,2022-07-01,20300.97,90.63,29.6
PMT-0119,F-12,2022-08-01,18067.07,91.94,24.9
PMT-0119,F-12,2022-09-01,15830.68,92.29,20.4
PMT-0119,F-12,2022-10-01,13382.77,90.05,11.4
PMT-0119,F-12,2022-11-01,11171.06,93.45,5.6
PMT-0119,F-12,2022-12-01,10110.7,94.67,3.2
PMT-0119,F-12,2023-01-01,11006.31,91.58,6.8
PMT-0119,F-12,2023-02-01,12902.48,97.98,11.7
PMT-0119,F-12,2023-03-01,15722.43,90.56,18.0
PMT-0119,F-12,2023-04-01,18354.19,97.19,23.2
PMT-0119,F-12,2023-05-01,21228.87,91.37,31.5
PMT-0119,F-12,2023-06-01,21765.17,97.26,32.0
PMT-0119,F-12,2023-07-01,20946.28,94.85,30.0
PMT-0119,F-12,2023-08-01,18796.77,90.77,24.8
PMT-0119,F-12,2023-09-01,16001.1,93.33,18.4
PMT-0119,F-12,2023-10-01,12743.76,94.72,10.9
PMT-0119,F-12,2023-11-01,11407.44,97.65,6.3
PMT-0119,F-12,2023-12-01,10137.52,90.61,2.4
PMT-0119,F-12,2024-01-01,10930.38,93.73,5.6
PMT-0119,F-12,2024-02-01,12827.49,92.53,11.9
PMT-0119,F-12,2024-03-01,15232.66,94.55,18.4
PMT-0119,F-12,2024-04-01,18474.95,90.05,24.1
PMT-0119,F-12,2024-05-01,20842.5,88.77,28.3
PMT-0119,F-12,2024-06-01,21503.98,93.69,33.0
PMT-0119,F-12,2024-07-01,20235.41,85.83,32.2
PMT-0119,F-12,2024-08-01,18636.74,96.06,26.5
PMT-0119,F-12,2024-09-01,15778.91,90.12,16.4
PMT-0119,F-12,2024-10-01,13086.31,91.22,8.8
PMT-0119,F-12,2024-11-01,10976.98,93.89,5.2
PMT-0119,F-12,2024-12-01,10678.51,88.8,4.0
PMT-0120,F-12,2022-01-01,8547.26,92.05,5.5
PMT-0120,F-12,2022-02-01,10346.99,92.6,9.3
PMT-0120,F-12,2022-03-01,12383.7,93.47,18.7
PMT-0120,F-12,2022-04-01,14537.46,93.15,26.7
PMT-0120,F-12,2022-05-01,15866.13,94.53,30.7
PMT-0120,F-12,2022-06-01,16079.18,99.62,31.6
PMT-0120,F-12,2022-07-01,15720.5,92.37,29.9
PMT-0120,F-12,2022-08-01,15117.13,91.76,24.5
PMT-0120,F-12,2022-09-01,12422.17,92.67,18.0
PMT-0120,F-12,2022-10-01,9966.51,95.33,9.7
PMT-0120,F-12,2022-11-01,8804.79,89.94,6.5
PMT-0120,F-12,2022-12-01,8412.11,92.84,4.5
PMT-0120,F-12,2023-01-01,8539.83,90.65,6.8
PMT-0120,F-12,2023-02-01,10503.21,98.04,8.7
PMT-0120,F-12,2023-03-01,12581.0,94.79,18.9
PMT-0120,F-12,2023-04-01,14909.1,90.42,26.3
PMT-0120,F-12,2023-05-01,15676.98,94.16,29.6
PMT-0120,F-12,2023-06-01,17598.34,91.24,33.3
PMT-0120,F-12,2023-07-01,16791.27,93.22,30.0
PMT-0120,F-12,2023-08-01,14889.96,92.31,26.0
PMT-0120,F-12,2023-09-01,12549.85,93.39,17.2
PMT-0120,F-12,2023-10-01,10366.6,87.21,14.2
PMT-0120,F-12,2023-11-01,8799.45,98.73,5.4
PMT-0120,F-12,2023-12-01,8270.68,93.13,4.7
PMT-0120,F-12,2024-01-01,8718.54,97.84,4.0
PMT-0120,F-12,2024-02-01,10219.18,84.47,10.4
PMT-0120,F-12,2024-03-01,12213.46,90.36,16.2
PMT-0120,F-12,2024-04-01,14819.19,90.46,25.2
PMT-0120,F-12,2024-05-01,17111.48,89.41,29.8
PMT-0120,F-12,2024-06-01,18058.25,96.14,29.7
PMT-0120,F-12,2024-07-01,16607.6,94.13,28.4
PMT-0120,F-12,2024-08-01,14434.65,93.2,24.2
PMT-0120,F-12,2024-09-01,13035.17,95.5,18.1
PMT-0120,F-12,2024-10-01,10218.21,90.63,12.9
PMT-0120,F-12,2024-11-01,8554.88,92.56,5.5
PMT-0120,F-12,2024-12-01,8433.63,94.47,4.2
PMT-0121,F-13,2022-01-01,8319.01,92.17,8.6
PMT-0121,F-13,2022-02-01,9642.71,96.35,9.8
PMT-0121,F-13,2022-03-01,11749.77,91.5,18.8
PMT-0121,F-13,2022-04-01,14385.58,95.29,24.4
PMT-0121,F-13,2022-05-01,15627.93,95.08,29.7
PMT-0121,F-13,2022-06-01,16021.04,93.56,32.1
PMT-0121,F-13,2022-07-01,16087.88,98.61,27.8
PMT-0121,F-13,2022-08-01,13923.49,94.28,25.1
PMT-0121,F-13,2022-09-01,11784.74,97.18,18.3
PMT-0121,F-13,2022-10-01,9976.75,95.65,11.4
PMT-0121,F-13,2022-11-01,8972.96,91.15,8.1
PMT-0121,F-13,2022-12-01,8015.42,94.66,4.0
PMT-0121,F-13,2023-01-01,8449.81,93.49,7.4
PMT-0121,F-13,2023-02-01,10329.95,97.02,10.2
PMT-0121,F-13,2023-03-01,12104.72,95.14,17.4
PMT-0121,F-13,2023-04-01,14101.66,93.2,25.2
PMT-0121,F-13,2023-05-01,15452.74,98.6,31.0
PMT-0121,F-13,2023-06-01,15717.63,94.7,32.3
PMT-0121,F-13,2023-07-01,15397.59,98.1,30.1
PMT-0121,F-13,2023-08-01,14692.56,96.29,26.1
PMT-0121,F-13,2023-09-01,12357.04,95.71,18.4
PMT-0121,F-13,2023-10-01,9861.45,99.18,10.6
PMT-0121,F-13,2023-11-01,8276.37,97.18,5.4
PMT-0121,F-13,2023-12-01,7706.39,99.49,5.0
PMT-0121,F-13,2024-01-01,8345.92,99.64,8.1
PMT-0121,F-13,2024-02-01,9652.83,91.12,10.6
PMT-0121,F-13,2024-03-01,12134.29,92.46,16.4
PMT-0121,F-13,2024-04-01,13408.12,100.0,22.9
PMT-0121,F-13,2024-05-01,16186.32,96.42,28.8
PMT-0121,F-13,2024-06-01,16103.01,96.63,29.5
PMT-0121,F-13,2024-07-01,15664.21,99.68,30.3
PMT-0121,F-13,2024-08-01,13428.46,98.41,21.4
PMT-0121,F-13,2024-09-01,11623.37,93.5,15.4
PMT-0121,F-13,2024-10-01,10128.86,97.35,12.0
PMT-0121,F-13,2024-11-01,8489.34,97.98,7.6
PMT-0121,F-13,2024-12-01,7395.01,96.58,5.0
PMT-0122,F-13,2022-01-01,10641.71,98.3,6.8
PMT-0122,F-13,2022-02-01,12546.56,98.41,11.4
PMT-0122,F-13,2022-03-01,14565.7,96.0,17.0
PMT-0122,F-13,2022-04-01,17951.41,98.44,25.9
PMT-0122,F-13,2022-05-01,19235.15,93.53,29.6
PMT-0122,F-13,2022-06-01,20376.7,96.73,31.1
PMT-0122,F-13,2022-07-01,19758.29,98.26,28.3
PMT-0122,F-13,2022-08-01,17423.57,100.0,26.9
PMT-0122,F-13,2022-09-01,15120.15,92.55,20.1
PMT-0122,F-13,2022-10-01,12198.84,94.77,9.9
PMT-0122,F-13,2022-11-01,10477.14,97.22,5.0
PMT-0122,F-13,2022-12-01,9509.6,96.84,5.0
PMT-0122,F-13,2023-01-01,10215.97,100.0,6.1
PMT-0122,F-13,2023-02-01,12042.04,95.8,11.3
PMT-0122,F-13,2023-03-01,15179.08,95.46,18.8
PMT-0122,F-13,2023-04-01,18226.69,98.79,24.6
PMT-0122,F-13,2023-05-01,19641.05,100.0,30.9
PMT-0122,F-13,2023-06-01,19990.08,100.0,33.2
PMT-0122,F-13,2023-07-01,20291.31,95.81,30.1
PMT-0122,F-13,2023-08-01,17644.25,95.87,23.3
PMT-0122,F-13,2023-09-01,15003.42,94.36,17.3
PMT-0122,F-13,2023-10-01,12086.4,97.62,9.9
PMT-0122,F-13,2023-11-01,10134.27,94.54,5.5
PMT-0122,F-13,2023-12-01,9833.64,96.69,3.5
PMT-0122,F-13,2024-01-01,10950.45,97.6,4.6
PMT-0122,F-13,2024-02-01,12502.75,95.3,11.1
PMT-0122,F-13,2024-03-01,14896.69,95.53,18.5
PMT-0122,F-13,2024-04-01,17873.92,93.62,25.9
PMT-0122,F-13,2024-05-01,18761.97,97.89,28.7
PMT-0122,F-13,2024-06-01,20336.67,99.5,29.4
PMT-0122,F-13,2024-07-01,19055.55,92.8,32.7
PMT-0122,F-13,2024-08-01,17356.58,94.73,24.0
PMT-0122,F-13,2024-09-01,15215.62,98.75,16.6
PMT-0122,F-13,2024-10-01,12173.56,95.73,11.4
PMT-0122,F-13,2024-11-01,10704.34,95.84,1.4
PMT-0122,F-13,2024-12-01,9463.59,93.48,1.3
PMT-0123,F-13,2022-01-01,12978.24,94.2,5.6
PMT-0123,F-13,2022-02-01,14207.24,96.07,10.3
PMT-0123,F-13,2022-03-01,17715.13,89.28,17.3
PMT-0123,F-13,2022-04-01,20548.19,92.85,25.6
PMT-0123,F-13,2022-05-01,23881.18,97.78,28.9
PMT-0123,F-13,2022-06-01,24580.13,94.53,32.6
PMT-0123,F-13,2022-07-01,23083.17,94.42,30.8
PMT-0123,F-13,2022-08-01,21165.48,95.48,27.0
PMT-0123,F-13,2022-09-01,17840.83,97.19,19.2
PMT-0123,F-13,2022-10-01,14936.07,96.21,11.2
PMT-0123,F-13,2022-11-01,12569.41,92.87,8.2
PMT-0123,F-13,2022-12-01,11569.85,92.65,1.4
PMT-0123,F-13,2023-01-01,12600.81,97.34,2.9
PMT-0123,F-13,2023-02-01,14320.83,97.74,11.3
PMT-0123,F-13,2023-03-01,17986.8,97.24,17.6
PMT-0123,F-13,2023-04-01,20233.86,95.42,22.8
PMT-0123,F-13,2023-05-01,23406.56,95.55,32.0
PMT-0123,F-13,2023-06-01,24921.26,98.45,30.5
PMT-0123,F-13,2023-07-01,23017.5,97.79,28.9
PMT-0123,F-13,2023-08-01,21279.56,93.85,26.0
PMT-0123,F-13,2023-09-01,18120.64,93.52,17.6
PMT-0123,F-13,2023-10-01,14557.58,93.51,11.2
PMT-0123,F-13,2023-11-01,12156.83,96.1,6.0
PMT-0123,F-13,2023-12-01,11939.92,93.6,3.7
PMT-0123,F-13,2024-01-01,12968.37,94.43,4.6
PMT-0123,F-13,2024-02-01,14931.42,96.29,11.7
PMT-0123,F-13,2024-03-01,17820.18,91.58,18.2
PMT-0123,F-13,2024-04-01,21066.66,90.46,24.0
PMT-0123,F-13,2024-05-01,23998.35,97.09,31.4
PMT-0123,F-13,2024-06-01,24189.69,96.88,32.7
PMT-0123,F-13,2024-07-01,23829.75,96.51,29.8
PMT-0123,F-13,2024-08-01,20629.08,96.96,24.2
PMT-0123,F-13,2024-09-01,17880.2,100.0,19.4
PMT-0123,F-13,2024-10-01,14742.03,92.78,11.2
PMT-0123,F-13,2024-11-01,12992.0,95.4,5.1
PMT-0123,F-13,2024-12-01,11320.03,100.0,4.1
PMT-0124,F-13,2022-01-01,19304.17,91.96,7.6
PMT-0124,F-13,2022-02-01,22426.64,91.22,11.9
PMT-0124,F-13,2022-03-01,26872.76,92.01,19.0
PMT-0124,F-13,2022-04-01,32735.94,95.35,23.3
PMT-0124,F-13,2022-05-01,35794.53,96.83,28.5
PMT-0124,F-13,2022-06-01,38723.23,88.79,32.1
PMT-0124,F-13,2022-07-01,37692.14,94.02,29.1
PMT-0124,F-13,2022-08-01,31672.3,95.29,24.7
PMT-0124,F-13,2022-09-01,28508.39,94.6,16.5
PMT-0124,F-13,2022-10-01,23473.12,89.83,12.6
PMT-0124,F-13,2022-11-01,19472.36,98.13,7.9
PMT-0124,F-13,2022-12-01,18045.89,98.05,3.0
PMT-0124,F-13,2023-01-01,19927.77,100.0,5.9
PMT-0124,F-13,2023-02-01,23243.98,95.43,11.6
PMT-0124,F-13,2023-03-01,28507.81,97.38,16.9
PMT-0124,F-13,2023-04-01,32417.67,99.21,24.5
PMT-0124,F-13,2023-05-01,35724.29,98.34,27.7
PMT-0124,F-13,2023-06-01,36420.23,100.0,31.3
PMT-0124,F-13,2023-07-01,37046.99,94.76,30.7
PMT-0124,F-13,2023-08-01,32681.02,98.93,22.4
PMT-0124,F-13,2023-09-01,28385.01,98.2,18.4
PMT-0124,F-13,2023-10-01,22817.65,98.69,11.6
PMT-0124,F-13,2023-11-01,18714.03,93.37,6.4
PMT-0124,F-13,2023-12-01,18171.13,93.73,6.1
PMT-0124,F-13,2024-01-01,19598.15,100.0,4.9
PMT-0124,F-13,2024-02-01,22434.87,99.45,9.2
PMT-0124,F-13,2024-03-01,28931.82,94.88,18.1
PMT-0124,F-13,2024-04-01,33464.24,94.72,24.3
PMT-0124,F-13,2024-05-01,36994.82,93.9,28.6
PMT-0124,F-13,2024-06-01,36113.67,93.72,31.8
PMT-0124,F-13,2024-07-01,36758.02,97.54,31.0
PMT-0124,F-13,2024-08-01,32637.57,91.49,22.7
PMT-0124,F-13,2024-09-01,27331.76,92.72,20.7
PMT-0124,F-13,2024-10-01,23179.56,94.29,11.9
PMT-0124,F-13,2024-11-01,18821.02,93.68,3.9
PMT-0124,F-13,2024-12-01,18654.15,98.05,2.5
PMT-0125,F-13,2022-01-01,20859.85,91.07,5.1
PMT-0125,F-13,2022-02-01,25345.89,94.41,12.9
PMT-0125,F-13,2022-03-01,29568.59,98.37,18.7
PMT-0125,F-13,2022-04-01,37093.05,93.87,24.1
PMT-0125,F-13,2022-05-01,41070.47,95.73,31.5
PMT-0125,F-13,2022-06-01,42263.18,96.49,33.2
PMT-0125,F-13,2022-07-01,40542.25,97.29,30.5
PMT-0125,F-13,2022-08-01,35649.96,97.53,25.3
PMT-0125,F-13,2022-09-01,29259.16,100.0,18.2
PMT-0125,F-13,2022-10-01,25125.63,89.64,11.9
PMT-0125,F-13,2022-11-01,21274.98,99.35,6.4
PMT-0125,F-13,2022-12-01,19544.96,98.44,4.5
PMT-0125,F-13,2023-01-01,21318.79,98.95,3.1
PMT-0125,F-13,2023-02-01,26226.81,95.45,11.5
PMT-0125,F-13,2023-03-01,30618.84,92.33,18.0
PMT-0125,F-13,2023-04-01,36564.63,98.52,25.3
PMT-0125,F-13,2023-05-01,39666.3,87.65,27.0
PMT-0125,F-13,2023-06-01,40747.81,96.54,32.8
PMT-0125,F-13,2023-07-01,40451.54,94.51,30.5
PMT-0125,F-13,2023-08-01,35708.57,99.21,23.6
PMT-0125,F-13,2023-09-01,31054.35,97.59,17.7
PMT-0125,F-13,2023-10-01,24708.55,100.0,10.0
PMT-0125,F-13,2023-11-01,21301.59,98.4,6.1
PMT-0125,F-13,2023-12-01,19444.48,98.88,4.9
PMT-0125,F-13,2024-01-01,20665.08,95.48,8.0
PMT-0125,F-13,2024-02-01,25041.82,89.65,12.4
PMT-0125,F-13,2024-03-01,30276.56,95.96,17.7
PMT-0125,F-13,2024-04-01,35202.61,91.04,24.7
PMT-0125,F-13,2024-05-01,38629.1,97.7,29.2
PMT-0125,F-13,2024-06-01,41721.74,92.76,32.7
PMT-0125,F-13,2024-07-01,39339.79,95.25,28.2
PMT-0125,F-13,2024-08-01,35886.14,94.91,25.4
PMT-0125,F-13,2024-09-01,30635.44,99.16,16.8
PMT-0125,F-13,2024-10-01,24998.09,93.79,10.8
PMT-0125,F-13,2024-11-01,20782.64,97.12,6.4
PMT-0125,F-13,2024-12-01,18906.6,94.31,5.2
PMT-0126,F-13,2022-01-01,7780.69,97.06,4.3
PMT-0126,F-13,2022-02-01,9080.75,97.5,8.9
PMT-0126,F-13,2022-03-01,10940.88,94.25,18.5
PMT-0126,F-13,2022-04-01,13207.2,89.65,24.1
PMT-0126,F-13,2022-05-01,14490.66,91.7,31.2
PMT-0126,F-13,2022-06-01,14647.25,92.14,34.0
PMT-0126,F-13,2022-07-01,14223.1,92.82,29.7
PMT-0126,F-13,2022-08-01,13104.4,92.99,27.0
PMT-0126,F-13,2022-09-01,11163.86,94.81,18.3
PMT-0126,F-13,2022-10-01,9159.53,92.38,11.8
PMT-0126,F-13,2022-11-01,7786.33,90.09,6.0
PMT-0126,F-13,2022-12-01,7546.25,93.92,5.3
PMT-0126,F-13,2023-01-01,7781.98,94.86,5.4
PMT-0126,F-13,2023-02-01,9001.66,94.78,10.2
PMT-0126,F-13,2023-03-01,10875.47,95.59,20.6
PMT-0126,F-13,2023-04-01,12769.54,96.01,23.2
PMT-0126,F-13,2023-05-01,14104.56,99.55,30.4
PMT-0126,F-13,2023-06-01,14978.15,92.2,30.4
PMT-0126,F-13,2023-07-01,14098.08,90.49,29.3
PMT-0126,F-13,2023-08-01,12692.29,96.72,25.1
PMT-0126,F-13,2023-09-01,11189.03,96.17,17.2
PMT-0126,F-13,2023-10-01,9243.52,92.45,11.6
PMT-0126,F-13,2023-11-01,7905.12,100.0,4.1
PMT-0126,F-13,2023-12-01,7270.92,98.07,1.3
PMT-0126,F-13,2024-01-01,7642.76,88.51,7.3
PMT-0126,F-13,2024-02-01,9027.11,95.09,10.5
PMT-0126,F-13,2024-03-01,11410.43,93.02,16.8
PMT-0126,F-13,2024-04-01,12933.29,92.37,24.7
PMT-0126,F-13,2024-05-01,14744.15,96.4,31.2
PMT-0126,F-13,2024-06-01,15387.27,97.29,32.3
PMT-0126,F-13,2024-07-01,14156.85,96.05,32.9
PMT-0126,F-13,2024-08-01,13109.84,94.71,25.0
PMT-0126,F-13,2024-09-01,11100.8,92.13,16.9
PMT-0126,F-13,2024-10-01,9106.37,98.73,10.9
PMT-0126,F-13,2024-11-01,7695.62,97.85,4.9
PMT-0126,F-13,2024-12-01,7076.98,98.84,5.0
PMT-0127,F-13,2022-01-01,11739.58,98.53,5.2
PMT-0127,F-13,2022-02-01,13615.52,96.3,10.2
PMT-0127,F-13,2022-03-01,15927.62,99.01,19.6
PMT-0127,F-13,2022-04-01,19249.77,98.64,26.3
PMT-0127,F-13,2022-05-01,21623.54,93.64,30.0
PMT-0127,F-13,2022-06-01,22190.75,96.2,32.5
PMT-0127,F-13,2022-07-01,21574.14,95.45,32.2
PMT-0127,F-13,2022-08-01,19722.85,97.62,24.8
PMT-0127,F-13,2022-09-01,16342.64,92.24,16.6
PMT-0127,F-13,2022-10-01,13702.62,100.0,10.4
PMT-0127,F-13,2022-11-01,11440.43,95.11,7.7
PMT-0127,F-13,2022-12-01,10793.56,96.3,5.3
PMT-0127,F-13,2023-01-01,11355.74,92.6,5.3
PMT-0127,F-13,2023-02-01,13516.59,90.36,9.9
PMT-0127,F-13,2023-03-01,15909.04,90.7,15.8
PMT-0127,F-13,2023-04-01,19867.74,95.81,25.6
PMT-0127,F-13,2023-05-01,21658.06,94.68,28.2
PMT-0127,F-13,2023-06-01,22078.16,93.85,32.1
PMT-0127,F-13,2023-07-01,21046.02,94.58,31.0
PMT-0127,F-13,2023-08-01,19314.76,94.48,24.7
PMT-0127,F-13,2023-09-01,16421.58,98.62,18.1
PMT-0127,F-13,2023-10-01,13660.98,96.65,12.0
PMT-0127,F-13,2023-11-01,11522.85,95.84,6.4
PMT-0127,F-13,2023-12-01,10844.27,94.29,2.6
PMT-0127,F-13,2024-01-01,11481.1,92.26,6.2
PMT-0127,F-13,2024-02-01,13812.26,92.13,11.6
PMT-0127,F-13,2024-03-01,16512.83,92.6,16.2
PMT-0127,F-13,2024-04-01,19356.78,93.63,26.0
PMT-0127,F-13,2024-05-01,21307.91,98.45,30.7
PMT-0127,F-13,2024-06-01,21376.37,97.22,32.7
PMT-0127,F-13,2024-07-01,21671.32,96.28,29.4
PMT-0127,F-13,2024-08-01,20019.81,92.08,24.4
PMT-0127,F-13,2024-09-01,16331.27,91.63,18.7
PMT-0127,F-13,2024-10-01,13971.05,98.58,12.1
PMT-0127,F-13,2024-11-01,11667.27,95.22,7.4
PMT-0127,F-13,2024-12-01,10618.62,90.47,3.3
PMT-0128,F-13,2022-01-01,7981.06,96.48,7.0
PMT-0128,F-13,2022-02-01,9602.77,98.44,11.2
PMT-0128,F-13,2022-03-01,11432.09,94.58,15.7
PMT-0128,F-13,2022-04-01,13555.23,96.35,24.0
PMT-0128,F-13,2022-05-01,14936.1,98.77,29.8
PMT-0128,F-13,2022-06-01,15582.67,93.32,34.4
PMT-0128,F-13,2022-07-01,14820.12,97.88,30.6
PMT-0128,F-13,2022-08-01,13414.57,95.18,22.6
PMT-0128,F-13,2022-09-01,11453.58,94.05,18.8
PMT-0128,F-13,2022-10-01,9734.75,98.48,9.9
PMT-0128,F-13,2022-11-01,7880.01,93.72,6.0
PMT-0128,F-13,2022-12-01,7470.79,96.06,3.7
PMT-0128,F-13,2023-01-01,7872.92,97.79,4.8
PMT-0128,F-13,2023-02-01,9577.46,92.76,12.4
PMT-0128,F-13,2023-03-01,11293.52,95.19,17.6
PMT-0128,F-13,2023-04-01,13907.34,92.94,24.8
PMT-0128,F-13,2023-05-01,15097.69,95.92,29.8
PMT-0128,F-13,2023-06-01,15474.49,95.88,30.9
PMT-0128,F-13,2023-07-01,14780.29,97.06,25.7
PMT-0128,F-13,2023-08-01,13551.51,96.18,23.5
PMT-0128,F-13,2023-09-01,11537.93,93.99,17.4
PMT-0128,F-13,2023-10-01,9457.01,93.48,12.1
PMT-0128,F-13,2023-11-01,7865.73,93.48,5.8
PMT-0128,F-13,2023-12-01,7553.86,96.0,5.1
PMT-0128,F-13,2024-01-01,8055.27,98.22,6.8
PMT-0128,F-13,2024-02-01,9563.94,97.35,10.8
PMT-0128,F-13,2024-03-01,11412.21,95.76,17.5
PMT-0128,F-13,2024-04-01,13441.59,97.67,26.3
PMT-0128,F-13,2024-05-01,14918.63,97.16,30.1
PMT-0128,F-13,2024-06-01,15644.21,96.33,31.5
PMT-0128,F-13,2024-07-01,14892.73,99.85,29.2
PMT-0128,F-13,2024-08-01,13464.6,92.07,26.8
PMT-0128,F-13,2024-09-01,11593.8,97.81,18.3
PMT-0128,F-13,2024-10-01,9560.08,98.97,12.4
PMT-0128,F-13,2024-11-01,8076.73,93.49,8.2
PMT-0128,F-13,2024-12-01,7505.36,94.94,4.5
PMT-0129,F-13,2022-01-01,10042.82,94.23,5.8
PMT-0129,F-13,2022-02-01,12024.44,93.05,8.9
PMT-0129,F-13,2022-03-01,14490.84,92.32,16.9
PMT-0129,F-13,2022-04-01,17448.54,92.77,25.6
PMT-0129,F-13,2022-05-01,19423.49,93.81,30.0
PMT-0129,F-13,2022-06-01,19613.53,95.35,31.5
PMT-0129,F-13,2022-07-01,19532.15,96.26,29.1
PMT-0129,F-13,2022-08-01,17374.36,98.06,22.5
PMT-0129,F-13,2022-09-01,14710.54,94.59,16.5
PMT-0129,F-13,2022-10-01,12178.24,95.74,12.0
PMT-0129,F-13,2022-11-01,10174.04,94.86,5.7
PMT-0129,F-13,2022-12-01,9447.09,96.85,1.5
PMT-0129,F-13,2023-01-01,10074.98,100.0,4.3
PMT-0129,F-13,2023-02-01,12062.86,95.13,12.6
PMT-0129,F-13,2023-03-01,14791.47,89.42,17.6
PMT-0129,F-13,2023-04-01,16994.65,99.81,23.6
PMT-0129,F-13,2023-05-01,19579.76,97.98,30.9
PMT-0129,F-13,2023-06-01,19745.58,99.74,35.1
PMT-0129,F-13,2023-07-01,19363.11,98.84,31.3
PMT-0129,F-13,2023-08-01,17247.08,93.51,23.4
PMT-0129,F-13,2023-09-01,14488.36,91.22,19.0
PMT-0129,F-13,2023-10-01,12100.11,94.28,8.4
PMT-0129,F-13,2023-11-01,10177.65,95.62,6.2
PMT-0129,F-13,2023-12-01,9535.26,92.38,5.7
PMT-0129,F-13,2024-01-01,10199.71,97.88,7.5
PMT-0129,F-13,2024-02-01,12104.93,95.35,12.0
PMT-0129,F-13,2024-03-01,14460.43,95.27,18.5
PMT-0129,F-13,2024-04-01,17315.89,98.54,25.9
PMT-0129,F-13,2024-05-01,18732.19,93.12,28.5
PMT-0129,F-13,2024-06-01,20031.19,98.62,33.0
PMT-0129,F-13,2024-07-01,19393.02,96.89,30.5
PMT-0129,F-13,2024-08-01,16974.98,94.41,25.5
PMT-0129,F-13,2024-09-01,14649.85,92.46,17.3
PMT-0129,F-13,2024-10-01,11626.66,97.09,11.1
PMT-0129,F-13,2024-11-01,10156.61,98.42,6.0
PMT-0129,F-13,2024-12-01,9415.91,96.1,5.3
PMT-0130,F-13,2022-01-01,13457.78,92.36,7.2
PMT-0130,F-13,2022-02-01,15593.66,95.81,10.6
PMT-0130,F-13,2022-03-01,19107.29,91.26,17.3
PMT-0130,F-13,2022-04-01,22418.78,90.74,23.7
PMT-0130,F-13,2022-05-01,24615.02,92.87,30.5
PMT-0130,F-13,2022-06-01,26514.42,93.39,31.5
PMT-0130,F-13,2022-07-01,24269.19,100.0,29.9
PMT-0130,F-13,2022-08-01,22104.2,100.0,25.3
PMT-0130,F-13,2022-09-01,19327.51,94.53,18.7
PMT-0130,F-13,2022-10-01,15493.92,98.4,10.8
PMT-0130,F-13,2022-11-01,13545.75,92.39,6.4
PMT-0130,F-13,2022-12-01,12233.03,97.11,4.1
PMT-0130,F-13,2023-01-01,13237.12,95.97,7.4
PMT-0130,F-13,2023-02-01,15540.82,100.0,12.8
PMT-0130,F-13,2023-03-01,18930.75,96.13,18.3
PMT-0130,F-13,2023-04-01,22976.01,94.95,25.4
PMT-0130,F-13,2023-05-01,25460.11,96.2,30.6
PMT-0130,F-13,2023-06-01,26309.87,93.8,31.9
PMT-0130,F-13,2023-07-01,24633.21,96.15,28.2
PMT-0130,F-13,2023-08-01,22975.75,97.54,22.8
PMT-0130,F-13,2023-09-01,19887.29,99.04,18.3
PMT-0130,F-13,2023-10-01,15355.26,98.95,13.7
PMT-0130,F-13,2023-11-01,13515.91,93.49,5.7
PMT-0130,F-13,2023-12-01,12605.04,98.81,4.8
PMT-0130,F-13,2024-01-01,13336.85,96.53,5.8
PMT-0130,F-13,2024-02-01,15449.34,94.48,9.8
PMT-0130,F-13,2024-03-01,18769.66,98.6,17.6
PMT-0130,F-13,2024-04-01,22761.85,97.67,24.7
PMT-0130,F-13,2024-05-01,24852.53,92.57,30.8
PMT-0130,F-13,2024-06-01,25306.15,97.34,31.2
PMT-0130,F-13,2024-07-01,24651.67,96.0,31.6
PMT-0130,F-13,2024-08-01,22695.3,97.94,25.4
PMT-0130,F-13,2024-09-01,19102.92,95.91,19.3
PMT-0130,F-13,2024-10-01,15833.48,94.17,10.4
PMT-0130,F-13,2024-11-01,13224.73,94.74,5.9
PMT-0130,F-13,2024-12-01,11930.99,98.13,2.9
PMT-0131,F-14,2022-01-01,12372.1,93.78,6.5
PMT-0131,F-14,2022-02-01,14368.09,90.55,11.6
PMT-0131,F-14,2022-03-01,17586.88,84.44,19.5
PMT-0131,F-14,2022-04-01,20921.36,89.56,25.1
PMT-0131,F-14,2022-05-01,22519.2,92.52,29.1
PMT-0131,F-14,2022-06-01,24035.93,87.49,31.8
PMT-0131,F-14,2022-07-01,23023.36,91.98,30.0
PMT-0131,F-14,2022-08-01,20351.86,86.48,26.1
PMT-0131,F-14,2022-09-01,17114.13,88.15,17.0
PMT-0131,F-14,2022-10-01,14509.33,89.23,11.4
PMT-0131,F-14,2022-11-01,11851.71,87.41,3.9
PMT-0131,F-14,2022-12-01,11220.65,86.93,3.5
PMT-0131,F-14,2023-01-01,12097.8,86.6,8.0
PMT-0131,F-14,2023-02-01,14681.24,85.9,10.9
PMT-0131,F-14,2023-03-01,17930.63,88.07,20.0
PMT-0131,F-14,2023-04-01,20620.14,95.39,25.3
PMT-0131,F-14,2023-05-01,22376.19,92.99,31.6
PMT-0131,F-14,2023-06-01,24141.43,88.02,30.6
PMT-0131,F-14,2023-07-01,22711.43,87.78,29.8
PMT-0131,F-14,2023-08-01,20361.98,86.4,25.7
PMT-0131,F-14,2023-09-01,17451.29,88.67,17.4
PMT-0131,F-14,2023-10-01,14565.9,86.42,10.6
PMT-0131,F-14,2023-11-01,12175.74,93.33,5.4
PMT-0131,F-14,2023-12-01,11348.83,84.34,2.2
PMT-0131,F-14,2024-01-01,12277.65,83.2,5.4
PMT-0131,F-14,2024-02-01,14114.37,88.72,11.4
PMT-0131,F-14,2024-03-01,17289.73,87.97,19.3
PMT-0131,F-14,2024-04-01,20394.82,83.69,27.3
PMT-0131,F-14,2024-05-01,22963.61,88.6,30.3
PMT-0131,F-14,2024-06-01,23969.95,87.55,30.1
PMT-0131,F-14,2024-07-01,23248.42,90.86,29.5
PMT-0131,F-14,2024-08-01,20679.34,87.95,24.8
PMT-0131,F-14,2024-09-01,17178.56,90.42,17.7
PMT-0131,F-14,2024-10-01,14737.9,93.41,11.2
PMT-0131,F-14,2024-11-01,12094.19,85.7,5.7
PMT-0131,F-14,2024-12-01,11407.49,90.7,5.1
PMT-0132,F-14,2022-01-01,16785.59,90.41,4.8
PMT-0132,F-14,2022-02-01,19749.25,90.12,10.6
PMT-0132,F-14,2022-03-01,23817.28,90.92,16.6
PMT-0132,F-14,2022-04-01,28461.6,86.33,24.1
PMT-0132,F-14,2022-05-01,31401.02,90.6,30.7
PMT-0132,F-14,2022-06-01,33109.27,88.83,31.4
PMT-0132,F-14,2022-07-01,31361.31,87.9,29.9
PMT-0132,F-14,2022-08-01,28460.15,86.95,24.2
PMT-0132,F-14,2022-09-01,24620.48,92.93,21.3
PMT-0132,F-14,2022-10-01,19676.05,90.0,11.0
PMT-0132,F-14,2022-11-01,16681.76,89.61,4.1
PMT-0132,F-14,2022-12-01,15896.64,86.67,5.2
PMT-0132,F-14,2023-01-01,16604.7,92.17,6.6
PMT-0132,F-14,2023-02-01,20167.69,83.04,10.3
PMT-0132,F-14,2023-03-01,23865.77,88.38,15.8
PMT-0132,F-14,2023-04-01,27922.31,87.87,24.3
PMT-0132,F-14,2023-05-01,31324.25,88.43,32.3
PMT-0132,F-14,2023-06-01,32915.15,92.0,33.0
PMT-0132,F-14,2023-07-01,32359.98,92.45,28.9
PMT-0132,F-14,2023-08-01,27513.56,88.91,25.4
PMT-0132,F-14,2023-09-01,24474.57,82.63,16.8
PMT-0132,F-14,2023-10-01,20105.08,92.8,13.1
PMT-0132,F-14,2023-11-01,16561.82,95.26,7.0
PMT-0132,F-14,2023-12-01,15691.85,88.85,5.4
PMT-0132,F-14,2024-01-01,16678.6,99.11,6.6
PMT-0132,F-14,2024-02-01,19730.29,88.63,9.5
PMT-0132,F-14,2024-03-01,24299.31,88.27,17.0
PMT-0132,F-14,2024-04-01,29080.44,87.69,23.8
PMT-0132,F-14,2024-05-01,31389.63,88.83,30.8
PMT-0132,F-14,2024-06-01,32334.93,92.8,32.3
PMT-0132,F-14,2024-07-01,31559.36,90.42,32.1
PMT-0132,F-14,2024-08-01,28466.93,85.96,27.0
PMT-0132,F-14,2024-09-01,24055.91,92.35,16.4
PMT-0132,F-14,2024-10-01,19874.88,83.17,8.9
PMT-0132,F-14,2024-11-01,16883.91,92.2,7.0
PMT-0132,F-14,2024-12-01,15563.47,88.0,4.1
PMT-0133,F-14,2022-01-01,9932.89,89.77,7.0
PMT-0133,F-14,2022-02-01,11925.99,90.88,11.1
PMT-0133,F-14,2022-03-01,14266.73,87.32,18.5
PMT-0133,F-14,2022-04-01,16653.73,93.26,27.9
PMT-0133,F-14,2022-05-01,17340.04,91.49,30.1
PMT-0133,F-14,2022-06-01,18757.13,90.49,32.3
PMT-0133,F-14,2022-07-01,18233.12,84.57,30.9
PMT-0133,F-14,2022-08-01,15663.26,90.1,26.6
PMT-0133,F-14,2022-09-01,14358.21,87.41,18.1
PMT-0133,F-14,2022-10-01,11921.86,86.91,12.5
PMT-0133,F-14,2022-11-01,9885.99,90.08,5.8
PMT-0133,F-14,2022-12-01,9730.47,87.24,4.8
PMT-0133,F-14,2023-01-01,9701.27,89.78,7.1
PMT-0133,F-14,2023-02-01,11534.18,87.17,10.9
PMT-0133,F-14,2023-03-01,13979.56,91.94,17.1
PMT-0133,F-14,2023-04-01,16981.81,87.04,28.4
PMT-0133,F-14,2023-05-01,18216.73,84.91,32.3
PMT-0133,F-14,2023-06-01,18813.62,90.93,32.7
PMT-0133,F-14,2023-07-01,18489.22,87.79,30.2
PMT-0133,F-14,2023-08-01,17263.94,88.18,25.9
PMT-0133,F-14,2023-09-01,13888.88,89.29,18.7
PMT-0133,F-14,2023-10-01,11729.73,89.73,12.6
PMT-0133,F-14,2023-11-01,9914.42,90.55,7.6
PMT-0133,F-14,2023-12-01,9238.36,90.48,3.8
PMT-0133,F-14,2024-01-01,9661.17,86.7,5.3
PMT-0133,F-14,2024-02-01,11829.94,88.06,10.5
PMT-0133,F-14,2024-03-01,14437.75,91.22,17.9
PMT-0133,F-14,2024-04-01,16595.66,95.51,25.2
PMT-0133,F-14,2024-05-01,18753.38,87.12,29.5
PMT-0133,F-14,2024-06-01,18733.9,88.6,32.6
PMT-0133,F-14,2024-07-01,18634.35,90.32,31.6
PMT-0133,F-14,2024-08-01,17727.21,88.35,25.6
PMT-0133,F-14,2024-09-01,14644.42,87.79,15.5
PMT-0133,F-14,2024-10-01,11984.01,89.18,10.4
PMT-0133,F-14,2024-11-01,9905.98,92.45,6.6
PMT-0133,F-14,2024-12-01,9501.78,82.47,3.5
PMT-0134,F-14,2022-01-01,14001.73,88.14,7.4
PMT-0134,F-14,2022-02-01,16211.9,89.34,10.2
PMT-0134,F-14,2022-03-01,19634.51,93.28,16.6
PMT-0134,F-14,2022-04-01,23314.46,87.69,24.4
PMT-0134,F-14,2022-05-01,26306.41,94.82,30.8
PMT-0134,F-14,2022-06-01,26390.72,93.08,30.0
PMT-0134,F-14,2022-07-01,27037.83,85.4,31.5
PMT-0134,F-14,2022-08-01,23474.86,89.43,25.8
PMT-0134,F-14,2022-09-01,20284.7,98.36,18.3
PMT-0134,F-14,2022-10-01,16416.0,85.71,12.0
PMT-0134,F-14,2022-11-01,13894.12,86.46,4.8
PMT-0134,F-14,2022-12-01,12959.73,90.94,2.6
PMT-0134,F-14,2023-01-01,13530.39,89.58,6.4
PMT-0134,F-14,2023-02-01,15945.86,91.06,11.3
PMT-0134,F-14,2023-03-01,19575.87,87.94,16.3
PMT-0134,F-14,2023-04-01,23399.24,89.04,26.2
PMT-0134,F-14,2023-05-01,25995.33,89.32,30.2
PMT-0134,F-14,2023-06-01,27058.04,93.71,30.4
PMT-0134,F-14,2023-07-01,25564.97,89.72,31.2
PMT-0134,F-14,2023-08-01,23538.0,89.27,27.0
PMT-0134,F-14,2023-09-01,18875.4,90.75,20.2
PMT-0134,F-14,2023-10-01,16344.16,87.7,11.5
PMT-0134,F-14,2023-11-01,13704.54,93.65,4.9
PMT-0134,F-14,2023-12-01,12933.61,82.99,2.9
PMT-0134,F-14,2024-01-01,13893.34,85.88,6.1
PMT-0134,F-14,2024-02-01,16493.77,90.75,11.6
PMT-0134,F-14,2024-03-01,19838.0,85.4,19.9
PMT-0134,F-14,2024-04-01,22973.06,86.94,26.0
PMT-0134,F-14,2024-05-01,25553.93,90.38,28.8
PMT-0134,F-14,2024-06-01,27140.56,87.54,31.3
PMT-0134,F-14,2024-07-01,26515.37,87.31,29.0
PMT-0134,F-14,2024-08-01,23124.07,89.38,26.6
PMT-0134,F-14,2024-09-01,19839.09,92.29,16.9
PMT-0134,F-14,2024-10-01,15790.46,94.56,11.5
PMT-0134,F-14,2024-11-01,13953.9,89.43,5.0
PMT-0134,F-14,2024-12-01,13114.46,93.83,2.0
PMT-0135,F-14,2022-01-01,19689.11,90.71,4.2
PMT-0135,F-14,2022-02-01,22587.15,86.17,9.8
PMT-0135,F-14,2022-03-01,27087.33,88.39,17.7
PMT-0135,F-14,2022-04-01,32049.33,87.0,24.1
PMT-0135,F-14,2022-05-01,35387.52,97.02,29.4
PMT-0135,F-14,2022-06-01,37715.85,89.18,35.6
PMT-0135,F-14,2022-07-01,34885.17,93.58,30.8
PMT-0135,F-14,2022-08-01,32369.3,83.69,27.0
PMT-0135,F-14,2022-09-01,28218.76,87.1,17.5
PMT-0135,F-14,2022-10-01,22512.84,88.89,10.7
PMT-0135,F-14,2022-11-01,19220.2,82.64,6.8
PMT-0135,F-14,2022-12-01,17621.01,91.38,2.8
PMT-0135,F-14,2023-01-01,19111.05,91.91,5.5
PMT-0135,F-14,2023-02-01,22848.51,92.55,10.9
PMT-0135,F-14,2023-03-01,27854.24,87.57,18.5
PMT-0135,F-14,2023-04-01,32657.35,86.57,24.7
PMT-0135,F-14,2023-05-01,35682.69,85.59,28.5
PMT-0135,F-14,2023-06-01,37965.11,85.6,30.1
PMT-0135,F-14,2023-07-01,35603.99,88.85,29.9
PMT-0135,F-14,2023-08-01,32379.92,85.86,26.6
PMT-0135,F-14,2023-09-01,27500.61,88.22,17.0
PMT-0135,F-14,2023-10-01,22992.16,92.91,10.5
PMT-0135,F-14,2023-11-01,19237.79,81.9,5.3
PMT-0135,F-14,2023-12-01,17201.9,94.27,4.7
PMT-0135,F-14,2024-01-01,18911.79,89.89,7.4
PMT-0135,F-14,2024-02-01,22187.52,91.57,10.8
PMT-0135,F-14,2024-03-01,27111.08,89.6,15.9
PMT-0135,F-14,2024-04-01,31948.74,92.63,23.1
PMT-0135,F-14,2024-05-01,36524.99,89.27,30.6
PMT-0135,F-14,2024-06-01,39313.81,93.2,32.0
PMT-0135,F-14,2024-07-01,36112.42,87.24,29.0
PMT-0135,F-14,2024-08-01,31299.78,89.14,25.0
PMT-0135,F-14,2024-09-01,27639.92,88.16,18.3
PMT-0135,F-14,2024-10-01,22336.51,89.06,11.0
PMT-0135,F-14,2024-11-01,18653.4,94.21,4.0
PMT-0135,F-14,2024-12-01,17664.49,86.33,5.4
PMT-0136,F-14,2022-01-01,5581.57,90.66,5.8
PMT-0136,F-14,2022-02-01,6710.42,84.56,10.0
PMT-0136,F-14,2022-03-01,8292.94,92.6,16.1
PMT-0136,F-14,2022-04-01,9462.13,83.19,26.2
PMT-0136,F-14,2022-05-01,10698.79,92.9,29.4
PMT-0136,F-14,2022-06-01,10950.62,90.76,33.7
PMT-0136,F-14,2022-07-01,10374.3,88.26,31.4
PMT-0136,F-14,2022-08-01,9336.99,85.82,24.8
PMT-0136,F-14,2022-09-01,8213.37,91.94,18.5
PMT-0136,F-14,2022-10-01,6641.45,84.77,10.8
PMT-0136,F-14,2022-11-01,5776.8,88.13,4.5
PMT-0136,F-14,2022-12-01,5283.6,89.25,2.9
PMT-0136,F-14,2023-01-01,5702.95,87.91,5.7
PMT-0136,F-14,2023-02-01,6767.88,91.72,10.8
PMT-0136,F-14,2023-03-01,8138.56,87.68,16.2
PMT-0136,F-14,2023-04-01,9710.36,88.45,24.5
PMT-0136,F-14,2023-05-01,10622.29,86.37,29.2
PMT-0136,F-14,2023-06-01,11013.37,86.46,31.6
PMT-0136,F-14,2023-07-01,10534.33,85.4,31.1
PMT-0136,F-14,2023-08-01,9642.54,87.58,25.5
PMT-0136,F-14,2023-09-01,8070.94,93.73,20.3
PMT-0136,F-14,2023-10-01,6801.36,88.86,11.0
PMT-0136,F-14,2023-11-01,5718.67,85.94,5.3
PMT-0136,F-14,2023-12-01,5321.3,87.9,5.7
PMT-0136,F-14,2024-01-01,5847.86,87.56,5.7
PMT-0136,F-14,2024-02-01,6837.53,86.71,11.9
PMT-0136,F-14,2024-03-01,8102.98,88.5,15.9
PMT-0136,F-14,2024-04-01,9252.07,94.23,23.9
PMT-0136,F-14,2024-05-01,10669.24,95.19,28.9
PMT-0136,F-14,2024-06-01,10894.59,84.82,30.8
PMT-0136,F-14,2024-07-01,10736.94,84.36,31.9
PMT-0136,F-14,2024-08-01,9635.92,88.79,25.7
PMT-0136,F-14,2024-09-01,7955.27,88.45,17.8
PMT-0136,F-14,2024-10-01,6860.36,89.54,8.1
PMT-0136,F-14,2024-11-01,5863.92,86.94,6.3
PMT-0136,F-14,2024-12-01,5333.84,86.53,4.3
PMT-0137,F-14,2022-01-01,6682.26,88.67,7.1
PMT-0137,F-14,2022-02-01,8024.04,87.02,10.5
PMT-0137,F-14,2022-03-01,9526.66,86.35,18.3
PMT-0137,F-14,2022-04-01,11331.52,90.03,24.4
PMT-0137,F-14,2022-05-01,12725.39,87.73,30.6
PMT-0137,F-14,2022-06-01,13018.1,86.37,31.9
PMT-0137,F-14,2022-07-01,12565.41,86.39,29.5
PMT-0137,F-14,2022-08-01,11126.44,89.24,27.4
PMT-0137,F-14,2022-09-01,9520.18,91.78,19.5
PMT-0137,F-14,2022-10-01,7985.27,87.99,11.9
PMT-0137,F-14,2022-11-01,6623.79,84.65,5.1
PMT-0137,F-14,2022-12-01,6191.93,86.4,2.7
PMT-0137,F-14,2023-01-01,6767.75,87.07,5.1
PMT-0137,F-14,2023-02-01,7996.02,88.81,13.1
PMT-0137,F-14,2023-03-01,9535.93,88.53,18.1
PMT-0137,F-14,2023-04-01,11106.43,90.45,24.2
PMT-0137,F-14,2023-05-01,12575.64,91.18,28.8
PMT-0137,F-14,2023-06-01,13183.95,90.6,31.2
PMT-0137,F-14,2023-07-01,12649.02,90.15,29.1
PMT-0137,F-14,2023-08-01,11619.28,88.35,23.6
PMT-0137,F-14,2023-09-01,9865.4,88.61,18.1
PMT-0137,F-14,2023-10-01,7968.17,87.85,10.1
PMT-0137,F-14,2023-11-01,6839.11,91.11,5.8
PMT-0137,F-14,2023-12-01,6480.76,86.26,5.1
PMT-0137,F-14,2024-01-01,6778.16,89.7,5.1
PMT-0137,F-14,2024-02-01,7894.66,86.77,11.5
PMT-0137,F-14,2024-03-01,9632.82,92.14,18.8
PMT-0137,F-14,2024-04-01,11356.75,92.74,23.1
PMT-0137,F-14,2024-05-01,12666.91,89.47,30.3
PMT-0137,F-14,2024-06-01,13086.6,93.72,34.4
PMT-0137,F-14,2024-07-01,12649.87,89.95,30.1
PMT-0137,F-14,2024-08-01,11630.98,87.27,25.6
PMT-0137,F-14,2024-09-01,9786.47,85.32,17.2
PMT-0137,F-14,2024-10-01,8012.7,92.21,11.2
PMT-0137,F-14,2024-11-01,6857.39,87.52,3.6
PMT-0137,F-14,2024-12-01,6219.83,87.38,3.0
PMT-0138,F-14,2022-01-01,9087.28,88.27,4.1
PMT-0138,F-14,2022-02-01,10792.88,84.42,10.6
PMT-0138,F-14,2022-03-01,13366.24,91.16,18.5
PMT-0138,F-14,2022-04-01,15061.05,88.94,24.3
PMT-0138,F-14,2022-05-01,16617.22,90.33,29.3
PMT-0138,F-14,2022-06-01,16874.37,89.35,31.3
PMT-0138,F-14,2022-07-01,17411.06,90.18,30.7
PMT-0138,F-14,2022-08-01,15532.21,89.55,23.6
PMT-0138,F-14,2022-09-01,13236.69,87.83,18.9
PMT-0138,F-14,2022-10-01,10477.65,89.56,11.8
PMT-0138,F-14,2022-11-01,9062.5,85.83,6.5
PMT-0138,F-14,2022-12-01,8540.03,87.75,4.1
PMT-0138,F-14,2023-01-01,9027.32,87.81,9.8
PMT-0138,F-14,2023-02-01,10717.23,91.15,11.6
PMT-0138,F-14,2023-03-01,12663.74,87.8,18.3
PMT-0138,F-14,2023-04-01,15514.25,85.78,24.2
PMT-0138,F-14,2023-05-01,17598.95,90.13,30.8
PMT-0138,F-14,2023-06-01,17755.49,91.34,31.0
PMT-0138,F-14,2023-07-01,16422.36,91.82,30.4
PMT-0138,F-14,2023-08-01,15491.55,90.64,23.5
PMT-0138,F-14,2023-09-01,12947.68,87.96,18.6
PMT-0138,F-14,2023-10-01,10857.62,84.92,11.8
PMT-0138,F-14,2023-11-01,9227.37,88.07,5.7
PMT-0138,F-14,2023-12-01,8740.51,86.78,4.4
PMT-0138,F-14,2024-01-01,9265.52,87.54,8.8
PMT-0138,F-14,2024-02-01,10923.12,87.77,10.1
PMT-0138,F-14,2024-03-01,13346.55,84.35,18.7
PMT-0138,F-14,2024-04-01,15042.2,92.25,25.1
PMT-0138,F-14,2024-05-01,16900.56,92.59,31.6
PMT-0138,F-14,2024-06-01,17672.08,90.32,32.1
PMT-0138,F-14,2024-07-01,16755.95,84.92,30.7
PMT-0138,F-14,2024-08-01,15635.62,90.87,23.8
PMT-0138,F-14,2024-09-01,13512.74,91.46,17.5
PMT-0138,F-14,2024-10-01,10913.98,91.02,11.9
PMT-0138,F-14,2024-11-01,9265.73,92.88,5.4
PMT-0138,F-14,2024-12-01,8222.56,89.28,5.9
PMT-0139,F-14,2022-01-01,11871.57,92.31,5.7
PMT-0139,F-14,2022-02-01,12916.88,88.27,12.1
PMT-0139,F-14,2022-03-01,16759.18,93.66,17.2
PMT-0139,F-14,2022-04-01,19101.27,94.64,24.9
PMT-0139,F-14,2022-05-01,21405.41,92.78,30.3
PMT-0139,F-14,2022-06-01,22237.59,86.15,32.3
PMT-0139,F-14,2022-07-01,21458.27,90.64,30.3
PMT-0139,F-14,2022-08-01,19510.23,87.55,25.2
PMT-0139,F-14,2022-09-01,16336.91,89.0,15.4
PMT-0139,F-14,2022-10-01,13798.5,90.03,9.5
PMT-0139,F-14,2022-11-01,11313.51,84.33,5.4
PMT-0139,F-14,2022-12-01,10398.04,95.32,5.1
PMT-0139,F-14,2023-01-01,11418.52,89.08,5.4
PMT-0139,F-14,2023-02-01,13737.01,87.28,12.6
PMT-0139,F-14,2023-03-01,15946.18,88.26,19.9
PMT-0139,F-14,2023-04-01,19081.72,84.5,23.7
PMT-0139,F-14,2023-05-01,21205.68,92.01,30.0
PMT-0139,F-14,2023-06-01,22200.48,90.63,29.8
PMT-0139,F-14,2023-07-01,21608.98,85.92,29.0
PMT-0139,F-14,2023-08-01,18587.93,87.69,25.1
PMT-0139,F-14,2023-09-01,16343.17,90.49,19.1
PMT-0139,F-14,2023-10-01,13054.9,89.25,9.5
PMT-0139,F-14,2023-11-01,11557.43,86.99,8.7
PMT-0139,F-14,2023-12-01,11052.92,93.61,4.2
PMT-0139,F-14,2024-01-01,11321.61,93.42,5.3
PMT-0139,F-14,2024-02-01,13385.04,90.28,10.9
PMT-0139,F-14,2024-03-01,16096.36,88.77,17.9
PMT-0139,F-14,2024-04-01,19234.36,90.0,27.0
PMT-0139,F-14,2024-05-01,21495.4,89.73,29.7
PMT-0139,F-14,2024-06-01,21571.07,87.66,29.3
PMT-0139,F-14,2024-07-01,21273.81,90.61,29.7
PMT-0139,F-14,2024-08-01,19095.6,92.86,24.7
PMT-0139,F-14,2024-09-01,16176.25,92.41,16.9
PMT-0139,F-14,2024-10-01,13299.37,86.04,8.4
PMT-0139,F-14,2024-11-01,11633.64,90.07,4.6
PMT-0139,F-14,2024-12-01,10841.39,88.37,5.4
PMT-0140,F-14,2022-01-01,9827.48,89.68,5.1
PMT-0140,F-14,2022-02-01,11844.75,92.24,11.3
PMT-0140,F-14,2022-03-01,13514.86,90.42,16.0
PMT-0140,F-14,2022-04-01,16711.9,83.23,25.2
PMT-0140,F-14,2022-05-01,18079.09,89.64,31.9
PMT-0140,F-14,2022-06-01,18528.01,87.55,32.2
PMT-0140,F-14,2022-07-01,17276.28,89.07,31.7
PMT-0140,F-14,2022-08-01,15741.29,89.45,26.7
PMT-0140,F-14,2022-09-01,14494.12,90.71,18.7
PMT-0140,F-14,2022-10-01,11105.04,93.34,12.1
PMT-0140,F-14,2022-11-01,10119.8,90.44,6.5
PMT-0140,F-14,2022-12-01,8830.99,91.81,2.7
PMT-0140,F-14,2023-01-01,9709.26,92.38,5.1
PMT-0140,F-14,2023-02-01,11647.09,94.36,9.1
PMT-0140,F-14,2023-03-01,14361.21,92.22,19.1
PMT-0140,F-14,2023-04-01,16039.52,87.31,26.5
PMT-0140,F-14,2023-05-01,19098.93,85.75,30.0
PMT-0140,F-14,2023-06-01,18244.98,89.84,31.9
PMT-0140,F-14,2023-07-01,18668.27,89.9,29.3
PMT-0140,F-14,2023-08-01,15650.46,88.87,26.8
PMT-0140,F-14,2023-09-01,14084.55,91.46,17.0
PMT-0140,F-14,2023-10-01,11166.12,90.36,10.4
PMT-0140,F-14,2023-11-01,9972.82,87.98,6.6
PMT-0140,F-14,2023-12-01,9547.06,90.05,4.4
PMT-0140,F-14,2024-01-01,9587.14,91.26,5.6
PMT-0140,F-14,2024-02-01,11675.87,90.58,12.3
PMT-0140,F-14,2024-03-01,14773.37,86.69,20.2
PMT-0140,F-14,2024-04-01,15761.35,90.88,23.9
PMT-0140,F-14,2024-05-01,18682.64,89.47,29.2
PMT-0140,F-14,2024-06-01,18881.35,92.78,33.7
PMT-0140,F-14,2024-07-01,18492.82,89.3,28.9
PMT-0140,F-14,2024-08-01,16440.87,84.17,24.9
PMT-0140,F-14,2024-09-01,13770.14,90.2,16.2
PMT-0140,F-14,2024-10-01,11820.35,88.49,11.3
PMT-0140,F-14,2024-11-01,9438.83,87.59,4.5
PMT-0140,F-14,2024-12-01,9210.12,89.21,3.7
PMT-0141,F-15,2022-01-01,14956.49,96.67,7.6
PMT-0141,F-15,2022-02-01,17803.32,90.44,11.2
PMT-0141,F-15,2022-03-01,21699.47,92.34,18.6
PMT-0141,F-15,2022-04-01,25380.68,93.85,23.5
PMT-0141,F-15,2022-05-01,27146.61,97.41,29.7
PMT-0141,F-15,2022-06-01,28862.65,96.35,30.6
PMT-0141,F-15,2022-07-01,28137.52,91.41,29.7
PMT-0141,F-15,2022-08-01,25203.45,97.49,24.2
PMT-0141,F-15,2022-09-01,21985.35,95.25,17.5
PMT-0141,F-15,2022-10-01,18178.64,91.84,11.7
PMT-0141,F-15,2022-11-01,14939.83,93.16,8.6
PMT-0141,F-15,2022-12-01,13796.94,89.2,5.3
PMT-0141,F-15,2023-01-01,14514.73,94.41,6.8
PMT-0141,F-15,2023-02-01,17695.41,94.14,9.5
PMT-0141,F-15,2023-03-01,20996.09,100.0,17.3
PMT-0141,F-15,2023-04-01,26234.45,94.79,24.5
PMT-0141,F-15,2023-05-01,28280.13,92.44,29.6
PMT-0141,F-15,2023-06-01,29663.34,92.2,33.7
PMT-0141,F-15,2023-07-01,29103.89,98.85,28.9
PMT-0141,F-15,2023-08-01,24927.01,92.99,23.0
PMT-0141,F-15,2023-09-01,21348.91,92.3,17.4
PMT-0141,F-15,2023-10-01,18201.98,100.0,13.1
PMT-0141,F-15,2023-11-01,14972.14,93.52,8.0
PMT-0141,F-15,2023-12-01,13958.87,96.38,2.0
PMT-0141,F-15,2024-01-01,14570.68,88.66,6.3
PMT-0141,F-15,2024-02-01,17779.78,95.21,13.7
PMT-0141,F-15,2024-03-01,22274.67,99.05,17.8
PMT-0141,F-15,2024-04-01,25786.13,90.04,28.2
PMT-0141,F-15,2024-05-01,27725.74,93.48,29.1
PMT-0141,F-15,2024-06-01,28590.6,90.51,28.4
PMT-0141,F-15,2024-07-01,28991.64,91.12,30.7
PMT-0141,F-15,2024-08-01,25382.92,94.57,25.6
PMT-0141,F-15,2024-09-01,21194.92,92.27,19.1
PMT-0141,F-15,2024-10-01,16897.39,93.04,9.1
PMT-0141,F-15,2024-11-01,14980.46,94.03,2.7
PMT-0141,F-15,2024-12-01,13630.12,93.35,3.8
PMT-0142,F-15,2022-01-01,6922.6,96.0,6.7
PMT-0142,F-15,2022-02-01,8224.89,94.48,12.7
PMT-0142,F-15,2022-03-01,10179.83,91.05,16.5
PMT-0142,F-15,2022-04-01,11975.4,96.89,24.2
PMT-0142,F-15,2022-05-01,13251.99,96.77,29.0
PMT-0142,F-15,2022-06-01,13625.42,90.41,30.9
PMT-0142,F-15,2022-07-01,13326.49,97.09,28.8
PMT-0142,F-15,2022-08-01,11881.95,95.3,25.0
PMT-0142,F-15,2022-09-01,10367.59,93.22,17.7
PMT-0142,F-15,2022-10-01,8498.83,87.85,11.7
PMT-0142,F-15,2022-11-01,7222.07,94.41,4.0
PMT-0142,F-15,2022-12-01,6511.7,91.64,1.8
PMT-0142,F-15,2023-01-01,7113.33,95.96,6.9
PMT-0142,F-15,2023-02-01,8748.89,99.18,12.8
PMT-0142,F-15,2023-03-01,10116.82,87.7,19.3
PMT-0142,F-15,2023-04-01,11914.43,93.37,23.8
PMT-0142,F-15,2023-05-01,13488.44,96.11,32.3
PMT-0142,F-15,2023-06-01,13963.15,89.46,33.1
PMT-0142,F-15,2023-07-01,13155.95,90.55,28.4
PMT-0142,F-15,2023-08-01,12056.11,93.74,23.6
PMT-0142,F-15,2023-09-01,10217.44,93.14,17.2
PMT-0142,F-15,2023-10-01,8276.99,95.5,9.0
PMT-0142,F-15,2023-11-01,7075.41,95.21,5.4
PMT-0142,F-15,2023-12-01,6589.38,89.87,3.9
PMT-0142,F-15,2024-01-01,7148.85,91.43,4.4
PMT-0142,F-15,2024-02-01,8228.35,100.0,13.5
PMT-0142,F-15,2024-03-01,10074.75,92.09,19.9
PMT-0142,F-15,2024-04-01,12104.17,97.83,24.9
PMT-0142,F-15,2024-05-01,13072.14,90.76,30.6
PMT-0142,F-15,2024-06-01,13743.06,99.71,31.5
PMT-0142,F-15,2024-07-01,13154.9,93.27,27.6
PMT-0142,F-15,2024-08-01,12129.6,94.25,26.3
PMT-0142,F-15,2024-09-01,10082.07,92.2,18.3
PMT-0142,F-15,2024-10-01,8380.76,92.48,11.6
PMT-0142,F-15,2024-11-01,7075.25,94.3,6.9
PMT-0142,F-15,2024-12-01,6417.42,93.36,2.6
PMT-0143,F-15,2022-01-01,16910.74,92.81,5.9
PMT-0143,F-15,2022-02-01,19518.71,95.16,12.0
PMT-0143,F-15,2022-03-01,23003.55,91.32,19.8
PMT-0143,F-15,2022-04-01,28026.66,92.02,25.4
PMT-0143,F-15,2022-05-01,30706.14,95.82,29.8
PMT-0143,F-15,2022-06-01,32205.29,96.28,30.9
PMT-0143,F-15,2022-07-01,30398.06,87.89,31.7
PMT-0143,F-15,2022-08-01,26935.42,92.55,24.0
PMT-0143,F-15,2022-09-01,22865.12,96.59,17.3
PMT-0143,F-15,2022-10-01,19080.65,96.61,10.7
PMT-0143,F-15,2022-11-01,16554.59,89.7,5.3
PMT-0143,F-15,2022-12-01,15213.02,95.54,4.0
PMT-0143,F-15,2023-01-01,16059.29,96.45,5.0
PMT-0143,F-15,2023-02-01,19088.07,99.28,13.0
PMT-0143,F-15,2023-03-01,23240.4,94.05,17.3
PMT-0143,F-15,2023-04-01,27635.69,89.34,23.5
PMT-0143,F-15,2023-05-01,30783.68,94.41,29.4
PMT-0143,F-15,2023-06-01,30985.7,95.92,30.5
PMT-0143,F-15,2023-07-01,31137.27,91.33,29.4
PMT-0143,F-15,2023-08-01,27779.36,95.24,24.2
PMT-0143,F-15,2023-09-01,23438.29,92.32,15.8
PMT-0143,F-15,2023-10-01,19023.73,96.27,10.0
PMT-0143,F-15,2023-11-01,15821.57,91.73,6.7
PMT-0143,F-15,2023-12-01,15159.99,93.03,3.1
PMT-0143,F-15,2024-01-01,15974.54,96.23,5.7
PMT-0143,F-15,2024-02-01,18891.77,94.55,11.7
PMT-0143,F-15,2024-03-01,22975.46,90.54,16.8
PMT-0143,F-15,2024-04-01,27286.92,91.8,26.5
PMT-0143,F-15,2024-05-01,29949.25,94.7,30.3
PMT-0143,F-15,2024-06-01,31878.75,97.08,33.1
PMT-0143,F-15,2024-07-01,29935.67,94.74,29.1
PMT-0143,F-15,2024-08-01,27302.98,98.43,25.6
PMT-0143,F-15,2024-09-01,23802.89,95.66,19.7
PMT-0143,F-15,2024-10-01,18820.61,95.0,11.2
PMT-0143,F-15,2024-11-01,16291.36,91.95,6.3
PMT-0143,F-15,2024-12-01,15124.7,93.93,4.2
PMT-0144,F-15,2022-01-01,12753.35,92.34,4.4
PMT-0144,F-15,2022-02-01,14907.12,96.01,11.3
PMT-0144,F-15,2022-03-01,18071.95,99.64,17.5
PMT-0144,F-15,2022-04-01,21374.06,95.1,23.6
PMT-0144,F-15,2022-05-01,24195.94,97.55,30.4
PMT-0144,F-15,2022-06-01,24444.79,97.34,31.6
PMT-0144,F-15,2022-07-01,23396.65,91.62,29.4
PMT-0144,F-15,2022-08-01,21647.0,92.94,22.6
PMT-0144,F-15,2022-09-01,17823.61,94.15,18.3
PMT-0144,F-15,2022-10-01,15379.99,97.99,12.0
PMT-0144,F-15,2022-11-01,12871.83,95.16,4.3
PMT-0144,F-15,2022-12-01,11957.65,92.39,4.6
PMT-0144,F-15,2023-01-01,12599.92,96.63,4.3
PMT-0144,F-15,2023-02-01,14968.17,92.68,10.6
PMT-0144,F-15,2023-03-01,18067.88,92.3,16.5
PMT-0144,F-15,2023-04-01,22161.79,92.17,23.4
PMT-0144,F-15,2023-05-01,24014.86,87.34,29.9
PMT-0144,F-15,2023-06-01,24915.74,96.72,30.1
PMT-0144,F-15,2023-07-01,24817.83,94.98,29.7
PMT-0144,F-15,2023-08-01,22125.22,95.56,25.5
PMT-0144,F-15,2023-09-01,17966.01,94.5,17.5
PMT-0144,F-15,2023-10-01,15038.77,94.72,11.7
PMT-0144,F-15,2023-11-01,13005.74,95.99,8.1
PMT-0144,F-15,2023-12-01,11607.89,97.05,3.0
PMT-0144,F-15,2024-01-01,12805.96,97.1,6.4
PMT-0144,F-15,2024-02-01,14676.92,94.24,11.7
PMT-0144,F-15,2024-03-01,17884.17,94.61,16.9
PMT-0144,F-15,2024-04-01,21894.86,93.94,24.2
PMT-0144,F-15,2024-05-01,23937.63,97.91,32.2
PMT-0144,F-15,2024-06-01,24924.9,91.93,31.2
PMT-0144,F-15,2024-07-01,24062.24,95.79,30.9
PMT-0144,F-15,2024-08-01,21715.15,92.68,26.2
PMT-0144,F-15,2024-09-01,18273.05,94.17,17.6
PMT-0144,F-15,2024-10-01,15101.85,93.87,11.6
PMT-0144,F-15,2024-11-01,12776.84,95.4,5.7
PMT-0144,F-15,2024-12-01,11787.32,94.33,4.3
PMT-0145,F-15,2022-01-01,20172.76,93.07,4.9
PMT-0145,F-15,2022-02-01,23193.9,94.47,10.9
PMT-0145,F-15,2022-03-01,29239.69,93.84,19.7
PMT-0145,F-15,2022-04-01,33265.56,93.14,24.6
PMT-0145,F-15,2022-05-01,37185.03,99.7,30.5
PMT-0145,F-15,2022-06-01,39506.05,94.36,33.9
PMT-0145,F-15,2022-07-01,37244.45,93.36,28.8
PMT-0145,F-15,2022-08-01,32279.63,94.86,25.4
PMT-0145,F-15,2022-09-01,29169.89,93.03,16.0
PMT-0145,F-15,2022-10-01,22714.45,89.73,10.7
PMT-0145,F-15,2022-11-01,19086.42,95.19,5.9
PMT-0145,F-15,2022-12-01,18721.1,93.44,4.2
PMT-0145,F-15,2023-01-01,19850.05,94.13,5.9
PMT-0145,F-15,2023-02-01,23338.85,95.36,10.7
PMT-0145,F-15,2023-03-01,28518.12,95.94,16.9
PMT-0145,F-15,2023-04-01,33871.98,94.84,24.9
PMT-0145,F-15,2023-05-01,35747.01,96.45,30.3
PMT-0145,F-15,2023-06-01,38413.33,93.09,34.0
PMT-0145,F-15,2023-07-01,36999.31,94.31,31.6
PMT-0145,F-15,2023-08-01,34492.68,88.03,26.7
PMT-0145,F-15,2023-09-01,29057.71,94.92,18.0
PMT-0145,F-15,2023-10-01,22960.24,90.23,11.1
PMT-0145,F-15,2023-11-01,20476.78,90.17,6.5
PMT-0145,F-15,2023-12-01,18086.08,96.2,4.0
PMT-0145,F-15,2024-01-01,19956.64,92.28,5.7
PMT-0145,F-15,2024-02-01,22996.27,96.15,10.1
PMT-0145,F-15,2024-03-01,29233.36,95.4,18.0
PMT-0145,F-15,2024-04-01,33865.92,99.06,23.4
PMT-0145,F-15,2024-05-01,38622.21,96.33,30.5
PMT-0145,F-15,2024-06-01,40218.14,92.64,32.1
PMT-0145,F-15,2024-07-01,36798.82,95.45,30.1
PMT-0145,F-15,2024-08-01,33428.0,95.98,23.2
PMT-0145,F-15,2024-09-01,28749.2,89.15,17.6
PMT-0145,F-15,2024-10-01,24353.11,94.54,11.9
PMT-0145,F-15,2024-11-01,20298.96,96.67,6.5
PMT-0145,F-15,2024-12-01,19382.59,94.9,3.4
PMT-0146,F-15,2022-01-01,4472.92,97.48,6.3
PMT-0146,F-15,2022-02-01,5346.69,94.31,10.4
PMT-0146,F-15,2022-03-01,6447.07,94.94,18.5
PMT-0146,F-15,2022-04-01,7685.77,96.69,24.3
PMT-0146,F-15,2022-05-01,8436.36,99.85,28.2
PMT-0146,F-15,2022-06-01,8635.84,90.17,32.1
PMT-0146,F-15,2022-07-01,8488.31,98.22,29.1
PMT-0146,F-15,2022-08-01,7531.02,93.58,24.1
PMT-0146,F-15,2022-09-01,6481.79,97.15,18.0
PMT-0146,F-15,2022-10-01,5361.9,98.61,12.2
PMT-0146,F-15,2022-11-01,4494.31,94.0,5.1
PMT-0146,F-15,2022-12-01,4280.71,99.42,3.6
PMT-0146,F-15,2023-01-01,4583.57,93.55,6.3
PMT-0146,F-15,2023-02-01,5310.35,89.12,12.2
PMT-0146,F-15,2023-03-01,6521.29,92.64,17.1
PMT-0146,F-15,2023-04-01,7576.53,93.21,23.4
PMT-0146,F-15,2023-05-01,8368.27,93.99,28.8
PMT-0146,F-15,2023-06-01,8727.27,94.11,30.6
PMT-0146,F-15,2023-07-01,8475.68,98.64,31.4
PMT-0146,F-15,2023-08-01,7586.34,90.63,23.1
PMT-0146,F-15,2023-09-01,6364.59,98.17,18.5
PMT-0146,F-15,2023-10-01,5260.09,92.25,10.4
PMT-0146,F-15,2023-11-01,4492.43,98.0,5.2
PMT-0146,F-15,2023-12-01,4170.81,98.92,1.8
PMT-0146,F-15,2024-01-01,4534.06,86.9,7.1
PMT-0146,F-15,2024-02-01,5298.56,94.14,9.8
PMT-0146,F-15,2024-03-01,6748.95,90.23,19.8
PMT-0146,F-15,2024-04-01,7642.33,92.49,24.5
PMT-0146,F-15,2024-05-01,8410.19,95.03,28.7
PMT-0146,F-15,2024-06-01,8916.29,91.29,33.4
PMT-0146,F-15,2024-07-01,8469.75,92.81,29.1
PMT-0146,F-15,2024-08-01,7661.07,92.99,25.5
PMT-0146,F-15,2024-09-01,6318.21,92.53,20.4
PMT-0146,F-15,2024-10-01,5229.98,96.27,12.5
PMT-0146,F-15,2024-11-01,4457.6,95.59,7.2
PMT-0146,F-15,2024-12-01,4340.55,96.01,3.7
PMT-0147,F-15,2022-01-01,8191.52,90.68,5.2
PMT-0147,F-15,2022-02-01,9386.3,89.41,11.7
PMT-0147,F-15,2022-03-01,11708.03,90.18,15.4
PMT-0147,F-15,2022-04-01,14369.1,96.45,25.3
PMT-0147,F-15,2022-05-01,15577.4,97.41,31.1
PMT-0147,F-15,2022-06-01,15747.38,95.0,32.4
PMT-0147,F-15,2022-07-01,15129.34,94.09,31.5
PMT-0147,F-15,2022-08-01,14140.76,97.67,25.2
PMT-0147,F-15,2022-09-01,11623.09,93.87,18.2
PMT-0147,F-15,2022-10-01,9733.53,99.6,11.7
PMT-0147,F-15,2022-11-01,8294.13,89.08,6.8
PMT-0147,F-15,2022-12-01,7369.81,90.44,2.0
PMT-0147,F-15,2023-01-01,8541.91,94.48,4.3
PMT-0147,F-15,2023-02-01,9659.22,91.62,13.1
PMT-0147,F-15,2023-03-01,11498.68,96.39,19.6
PMT-0147,F-15,2023-04-01,13754.28,100.0,23.6
PMT-0147,F-15,2023-05-01,15155.49,89.17,30.3
PMT-0147,F-15,2023-06-01,16054.75,93.45,33.2
PMT-0147,F-15,2023-07-01,15440.52,92.75,30.7
PMT-0147,F-15,2023-08-01,13769.06,94.39,26.9
PMT-0147,F-15,2023-09-01,11512.24,97.9,15.3
PMT-0147,F-15,2023-10-01,9684.17,94.1,10.5
PMT-0147,F-15,2023-11-01,8358.27,97.06,4.6
PMT-0147,F-15,2023-12-01,7530.76,93.11,4.1
PMT-0147,F-15,2024-01-01,8087.97,94.08,3.7
PMT-0147,F-15,2024-02-01,9796.03,95.21,12.3
PMT-0147,F-15,2024-03-01,12041.63,89.51,20.0
PMT-0147,F-15,2024-04-01,13939.31,97.04,26.3
PMT-0147,F-15,2024-05-01,14709.89,95.03,29.4
PMT-0147,F-15,2024-06-01,15653.42,94.42,31.9
PMT-0147,F-15,2024-07-01,15095.13,93.47,30.8
PMT-0147,F-15,2024-08-01,13730.83,97.38,24.1
PMT-0147,F-15,2024-09-01,11957.59,90.95,18.6
PMT-0147,F-15,2024-10-01,9873.25,95.07,8.7
PMT-0147,F-15,2024-11-01,8477.53,87.87,5.4
PMT-0147,F-15,2024-12-01,7782.56,91.41,0.6
PMT-0148,F-15,2022-01-01,13477.11,92.01,6.0
PMT-0148,F-15,2022-02-01,16064.39,94.83,10.7
PMT-0148,F-15,2022-03-01,19492.42,89.69,17.3
PMT-0148,F-15,2022-04-01,22716.15,92.54,26.4
PMT-0148,F-15,2022-05-01,25144.07,89.78,29.8
PMT-0148,F-15,2022-06-01,26862.83,95.28,31.5
PMT-0148,F-15,2022-07-01,25247.18,87.8,29.0
PMT-0148,F-15,2022-08-01,23188.88,96.84,23.1
PMT-0148,F-15,2022-09-01,19594.36,97.72,16.6
PMT-0148,F-15,2022-10-01,16169.4,96.32,11.4
PMT-0148,F-15,2022-11-01,13199.94,86.9,5.7
PMT-0148,F-15,2022-12-01,12754.45,90.56,3.1
PMT-0148,F-15,2023-01-01,13660.26,92.16,5.2
PMT-0148,F-15,2023-02-01,16392.94,94.52,10.2
PMT-0148,F-15,2023-03-01,19747.22,94.15,16.9
PMT-0148,F-15,2023-04-01,22733.98,92.75,24.7
PMT-0148,F-15,2023-05-01,25706.42,95.89,32.4
PMT-0148,F-15,2023-06-01,26506.68,93.04,34.0
PMT-0148,F-15,2023-07-01,24913.03,96.52,30.2
PMT-0148,F-15,2023-08-01,23861.66,95.4,23.9
PMT-0148,F-15,2023-09-01,19315.8,91.14,15.5
PMT-0148,F-15,2023-10-01,15944.79,88.36,11.0
PMT-0148,F-15,2023-11-01,13559.8,100.0,4.5
PMT-0148,F-15,2023-12-01,12478.26,88.59,4.2
PMT-0148,F-15,2024-01-01,13950.75,92.66,3.5
PMT-0148,F-15,2024-02-01,16058.58,94.44,11.7
PMT-0148,F-15,2024-03-01,19997.23,97.23,17.2
PMT-0148,F-15,2024-04-01,22434.71,96.49,25.6
PMT-0148,F-15,2024-05-01,24853.35,98.01,28.9
PMT-0148,F-15,2024-06-01,26082.81,98.42,31.7
PMT-0148,F-15,2024-07-01,25539.79,89.93,31.5
PMT-0148,F-15,2024-08-01,22379.09,91.97,25.3
PMT-0148,F-15,2024-09-01,19546.22,94.9,16.4
PMT-0148,F-15,2024-10-01,16265.79,91.57,10.2
PMT-0148,F-15,2024-11-01,13866.32,96.63,5.8
PMT-0148,F-15,2024-12-01,12523.02,94.57,4.6
PMT-0149,F-15,2022-01-01,8795.56,90.86,6.7
PMT-0149,F-15,2022-02-01,11326.08,93.23,12.4
PMT-0149,F-15,2022-03-01,13098.77,95.91,19.1
PMT-0149,F-15,2022-04-01,15252.74,94.27,25.7
PMT-0149,F-15,2022-05-01,17470.15,95.15,29.3
PMT-0149,F-15,2022-06-01,17495.16,90.59,31.8
PMT-0149,F-15,2022-07-01,16844.13,95.06,29.6
PMT-0149,F-15,2022-08-01,15774.6,91.1,26.1
PMT-0149,F-15,2022-09-01,13050.49,95.77,18.1
PMT-0149,F-15,2022-10-01,11237.91,92.55,10.4
PMT-0149,F-15,2022-11-01,9514.74,98.96,8.0
PMT-0149,F-15,2022-12-01,8534.5,99.87,4.9
PMT-0149,F-15,2023-01-01,9446.4,98.88,6.2
PMT-0149,F-15,2023-02-01,11016.49,94.59,8.1
PMT-0149,F-15,2023-03-01,13243.24,97.89,16.3
PMT-0149,F-15,2023-04-01,15252.37,94.69,27.5
PMT-0149,F-15,2023-05-01,17330.54,98.58,30.3
PMT-0149,F-15,2023-06-01,18333.19,95.54,31.7
PMT-0149,F-15,2023-07-01,16829.3,97.95,28.8
PMT-0149,F-15,2023-08-01,15150.41,92.27,25.4
PMT-0149,F-15,2023-09-01,12818.97,97.62,14.7
PMT-0149,F-15,2023-10-01,10959.39,92.69,9.7
PMT-0149,F-15,2023-11-01,9248.69,94.23,6.7
PMT-0149,F-15,2023-12-01,8630.5,90.73,3.4
PMT-0149,F-15,2024-01-01,9318.61,91.31,5.4
PMT-0149,F-15,2024-02-01,10323.05,91.25,12.3
PMT-0149,F-15,2024-03-01,12871.94,92.55,17.7
PMT-0149,F-15,2024-04-01,15154.72,96.61,24.3
PMT-0149,F-15,2024-05-01,16962.05,93.1,29.5
PMT-0149,F-15,2024-06-01,18182.81,94.26,32.4
PMT-0149,F-15,2024-07-01,17189.44,91.04,29.6
PMT-0149,F-15,2024-08-01,15245.82,95.83,25.9
PMT-0149,F-15,2024-09-01,13254.07,95.29,17.6
PMT-0149,F-15,2024-10-01,10928.74,97.1,14.7
PMT-0149,F-15,2024-11-01,8989.56,94.63,3.7
PMT-0149,F-15,2024-12-01,8744.24,92.72,2.5
PMT-0150,F-15,2022-01-01,6844.76,91.81,7.4
PMT-0150,F-15,2022-02-01,8074.13,98.52,10.5
PMT-0150,F-15,2022-03-01,10028.36,96.68,17.5
PMT-0150,F-15,2022-04-01,11592.89,88.28,23.3
PMT-0150,F-15,2022-05-01,12788.83,89.27,33.1
PMT-0150,F-15,2022-06-01,13448.53,94.14,32.1
PMT-0150,F-15,2022-07-01,12924.44,97.77,29.9
PMT-0150,F-15,2022-08-01,11757.16,81.99,26.7
PMT-0150,F-15,2022-09-01,9779.83,90.82,18.9
PMT-0150,F-15,2022-10-01,8320.79,91.1,13.3
PMT-0150,F-15,2022-11-01,6922.96,91.46,5.1
PMT-0150,F-15,2022-12-01,6357.95,90.93,4.6
PMT-0150,F-15,2023-01-01,6732.12,95.8,8.4
PMT-0150,F-15,2023-02-01,8164.47,96.13,10.8
PMT-0150,F-15,2023-03-01,9745.08,94.38,15.5
PMT-0150,F-15,2023-04-01,11551.23,96.29,26.3
PMT-0150,F-15,2023-05-01,12495.98,95.36,26.5
PMT-0150,F-15,2023-06-01,13502.19,97.61,34.2
PMT-0150,F-15,2023-07-01,13057.97,98.26,30.0
PMT-0150,F-15,2023-08-01,11929.52,94.59,25.2
PMT-0150,F-15,2023-09-01,9741.89,87.97,17.3
PMT-0150,F-15,2023-10-01,8324.01,95.99,11.6
PMT-0150,F-15,2023-11-01,6694.32,93.65,7.0
PMT-0150,F-15,2023-12-01,6258.7,93.9,4.2
PMT-0150,F-15,2024-01-01,6936.76,91.2,5.4
PMT-0150,F-15,2024-02-01,8024.5,94.99,9.1
PMT-0150,F-15,2024-03-01,10154.02,94.26,17.1
PMT-0150,F-15,2024-04-01,11937.22,92.09,26.8
PMT-0150,F-15,2024-05-01,13107.15,93.14,29.7
PMT-0150,F-15,2024-06-01,13581.7,96.74,30.1
PMT-0150,F-15,2024-07-01,12793.12,97.59,28.6
PMT-0150,F-15,2024-08-01,11432.64,92.86,25.6
PMT-0150,F-15,2024-09-01,9857.6,95.4,15.8
PMT-0150,F-15,2024-10-01,8010.05,89.38,11.9
PMT-0150,F-15,2024-11-01,6632.23,92.07,6.0
PMT-0150,F-15,2024-12-01,6413.53,94.02,6.1
PMT-0151,F-16,2022-01-01,7058.43,93.46,5.6
PMT-0151,F-16,2022-02-01,8371.44,90.01,10.5
PMT-0151,F-16,2022-03-01,10130.46,95.48,17.8
PMT-0151,F-16,2022-04-01,11896.49,94.62,23.8
PMT-0151,F-16,2022-05-01,13082.32,94.41,29.3
PMT-0151,F-16,2022-06-01,13554.96,97.84,31.8
PMT-0151,F-16,2022-07-01,13069.77,92.58,29.0
PMT-0151,F-16,2022-08-01,11651.37,93.6,26.8
PMT-0151,F-16,2022-09-01,10088.52,93.78,18.3
PMT-0151,F-16,2022-10-01,8391.12,100.0,11.7
PMT-0151,F-16,2022-11-01,7028.91,100.0,6.2
PMT-0151,F-16,2022-12-01,6640.77,93.82,3.9
PMT-0151,F-16,2023-01-01,7111.35,93.43,5.9
PMT-0151,F-16,2023-02-01,8313.88,92.95,9.8
PMT-0151,F-16,2023-03-01,9973.97,92.89,16.9
PMT-0151,F-16,2023-04-01,11878.71,97.96,24.2
PMT-0151,F-16,2023-05-01,12949.45,94.28,30.0
PMT-0151,F-16,2023-06-01,13642.84,97.67,32.5
PMT-0151,F-16,2023-07-01,13042.2,95.83,33.1
PMT-0151,F-16,2023-08-01,11709.0,91.78,25.0
PMT-0151,F-16,2023-09-01,10037.29,97.38,17.4
PMT-0151,F-16,2023-10-01,8403.14,97.01,10.4
PMT-0151,F-16,2023-11-01,7162.35,97.54,6.9
PMT-0151,F-16,2023-12-01,6617.31,96.98,2.6
PMT-0151,F-16,2024-01-01,7210.48,94.49,5.4
PMT-0151,F-16,2024-02-01,8263.01,92.44,10.7
PMT-0151,F-16,2024-03-01,9826.08,94.21,18.1
PMT-0151,F-16,2024-04-01,12052.84,95.34,26.6
PMT-0151,F-16,2024-05-01,12911.17,95.47,31.9
PMT-0151,F-16,2024-06-01,13723.72,94.42,29.3
PMT-0151,F-16,2024-07-01,13168.79,96.45,29.2
PMT-0151,F-16,2024-08-01,11928.83,98.77,24.4
PMT-0151,F-16,2024-09-01,10266.16,98.19,19.3
PMT-0151,F-16,2024-10-01,8345.58,91.1,10.2
PMT-0151,F-16,2024-11-01,6885.31,99.71,5.6
PMT-0151,F-16,2024-12-01,6531.33,94.34,4.1
PMT-0152,F-16,2022-01-01,15059.91,100.0,3.5
PMT-0152,F-16,2022-02-01,17582.67,99.92,11.6
PMT-0152,F-16,2022-03-01,21635.41,95.65,18.4
PMT-0152,F-16,2022-04-01,25128.91,94.73,25.0
PMT-0152,F-16,2022-05-01,28634.14,93.93,28.1
PMT-0152,F-16,2022-06-01,28569.39,92.64,32.2
PMT-0152,F-16,2022-07-01,28115.8,90.66,30.3
PMT-0152,F-16,2022-08-01,24789.62,99.77,24.9
PMT-0152,F-16,2022-09-01,20919.07,95.79,18.2
PMT-0152,F-16,2022-10-01,17524.36,96.05,10.1
PMT-0152,F-16,2022-11-01,15039.27,100.0,7.4
PMT-0152,F-16,2022-12-01,13805.53,94.89,3.0
PMT-0152,F-16,2023-01-01,15023.58,93.16,5.3
PMT-0152,F-16,2023-02-01,17834.37,100.0,10.1
PMT-0152,F-16,2023-03-01,21845.78,96.14,18.9
PMT-0152,F-16,2023-04-01,25226.86,99.5,24.1
PMT-0152,F-16,2023-05-01,27019.83,95.8,31.5
PMT-0152,F-16,2023-06-01,29105.93,90.48,33.2
PMT-0152,F-16,2023-07-01,27030.93,95.76,30.4
PMT-0152,F-16,2023-08-01,24604.49,99.45,25.2
PMT-0152,F-16,2023-09-01,21519.26,92.09,17.6
PMT-0152,F-16,2023-10-01,18180.02,93.16,10.1
PMT-0152,F-16,2023-11-01,15292.92,98.49,7.0
PMT-0152,F-16,2023-12-01,13919.03,97.94,3.9
PMT-0152,F-16,2024-01-01,14785.5,96.2,7.3
PMT-0152,F-16,2024-02-01,17681.92,98.92,7.5
PMT-0152,F-16,2024-03-01,21676.39,95.52,16.7
PMT-0152,F-16,2024-04-01,25272.87,100.0,22.7
PMT-0152,F-16,2024-05-01,26731.29,98.24,29.6
PMT-0152,F-16,2024-06-01,29650.14,94.42,32.1
PMT-0152,F-16,2024-07-01,27856.27,97.34,29.8
PMT-0152,F-16,2024-08-01,26242.42,96.7,21.8
PMT-0152,F-16,2024-09-01,21654.0,97.92,18.7
PMT-0152,F-16,2024-10-01,16741.71,96.7,12.4
PMT-0152,F-16,2024-11-01,14621.39,91.03,7.6
PMT-0152,F-16,2024-12-01,13557.22,93.8,2.5
PMT-0153,F-16,2022-01-01,12251.84,96.02,6.8
PMT-0153,F-16,2022-02-01,14232.7,93.26,11.9
PMT-0153,F-16,2022-03-01,17069.28,97.53,21.6
PMT-0153,F-16,2022-04-01,20230.0,96.13,25.6
PMT-0153,F-16,2022-05-01,22623.69,90.55,30.6
PMT-0153,F-16,2022-06-01,22889.67,93.73,31.8
PMT-0153,F-16,2022-07-01,22682.62,92.0,29.3
PMT-0153,F-16,2022-08-01,19656.8,94.85,24.1
PMT-0153,F-16,2022-09-01,17549.8,90.41,20.8
PMT-0153,F-16,2022-10-01,13987.79,92.73,10.6
PMT-0153,F-16,2022-11-01,12299.78,93.01,6.8
PMT-0153,F-16,2022-12-01,11313.37,97.05,5.5
PMT-0153,F-16,2023-01-01,12219.01,100.0,8.9
PMT-0153,F-16,2023-02-01,14669.52,96.4,11.8
PMT-0153,F-16,2023-03-01,17317.57,93.48,16.1
PMT-0153,F-16,2023-04-01,20593.99,89.79,24.3
PMT-0153,F-16,2023-05-01,22788.45,93.53,29.9
PMT-0153,F-16,2023-06-01,23030.78,94.34,29.5
PMT-0153,F-16,2023-07-01,22741.7,96.33,29.4
PMT-0153,F-16,2023-08-01,20646.92,91.47,25.6
PMT-0153,F-16,2023-09-01,18184.71,96.38,17.8
PMT-0153,F-16,2023-10-01,14009.56,100.0,9.2
PMT-0153,F-16,2023-11-01,11586.41,97.45,6.9
PMT-0153,F-16,2023-12-01,11030.42,93.12,3.7
PMT-0153,F-16,2024-01-01,11648.87,93.37,5.9
PMT-0153,F-16,2024-02-01,14550.95,91.0,11.6
PMT-0153,F-16,2024-03-01,17079.38,95.2,19.4
PMT-0153,F-16,2024-04-01,20664.43,94.42,24.8
PMT-0153,F-16,2024-05-01,22012.99,100.0,29.1
PMT-0153,F-16,2024-06-01,24740.69,98.3,30.6
PMT-0153,F-16,2024-07-01,21921.07,89.98,31.7
PMT-0153,F-16,2024-08-01,20137.93,100.0,26.9
PMT-0153,F-16,2024-09-01,16910.87,95.95,17.4
PMT-0153,F-16,2024-10-01,14483.52,95.26,9.7
PMT-0153,F-16,2024-11-01,11804.15,97.99,6.6
PMT-0153,F-16,2024-12-01,11681.8,94.7,5.6
PMT-0154,F-16,2022-01-01,10566.31,93.74,4.7
PMT-0154,F-16,2022-02-01,12986.54,95.47,12.2
PMT-0154,F-16,2022-03-01,15002.28,98.46,19.5
PMT-0154,F-16,2022-04-01,17763.7,98.22,25.2
PMT-0154,F-16,2022-05-01,19768.65,99.22,32.1
PMT-0154,F-16,2022-06-01,20793.1,100.0,32.5
PMT-0154,F-16,2022-07-01,19610.87,96.38,30.8
PMT-0154,F-16,2022-08-01,17813.56,96.21,25.7
PMT-0154,F-16,2022-09-01,15208.92,91.21,19.0
PMT-0154,F-16,2022-10-01,12572.78,94.95,10.9
PMT-0154,F-16,2022-11-01,10700.98,95.04,6.5
PMT-0154,F-16,2022-12-01,9893.24,90.27,4.9
PMT-0154,F-16,2023-01-01,10486.81,94.8,5.8
PMT-0154,F-16,2023-02-01,12870.92,93.33,9.8
PMT-0154,F-16,2023-03-01,14804.37,94.84,15.6
PMT-0154,F-16,2023-04-01,18388.92,88.98,22.3
PMT-0154,F-16,2023-05-01,19429.75,97.56,30.5
PMT-0154,F-16,2023-06-01,20115.85,100.0,32.3
PMT-0154,F-16,2023-07-01,19768.06,97.69,29.7
PMT-0154,F-16,2023-08-01,17938.77,97.89,23.8
PMT-0154,F-16,2023-09-01,15122.86,96.67,18.0
PMT-0154,F-16,2023-10-01,12393.94,100.0,10.7
PMT-0154,F-16,2023-11-01,10771.16,91.29,7.7
PMT-0154,F-16,2023-12-01,9874.59,93.88,4.7
PMT-0154,F-16,2024-01-01,10754.03,92.23,6.6
PMT-0154,F-16,2024-02-01,12605.33,98.5,11.1
PMT-0154,F-16,2024-03-01,15243.33,91.05,17.3
PMT-0154,F-16,2024-04-01,17812.41,100.0,24.3
PMT-0154,F-16,2024-05-01,20071.57,91.69,30.9
PMT-0154,F-16,2024-06-01,20435.75,92.78,32.0
PMT-0154,F-16,2024-07-01,20308.44,95.66,28.2
PMT-0154,F-16,2024-08-01,17628.28,95.14,23.2
PMT-0154,F-16,2024-09-01,15477.01,95.49,18.8
PMT-0154,F-16,2024-10-01,12851.72,90.72,11.8
PMT-0154,F-16,2024-11-01,10652.45,99.57,7.8
PMT-0154,F-16,2024-12-01,9681.37,95.38,5.7
PMT-0155,F-16,2022-01-01,11376.93,100.0,6.1
PMT-0155,F-16,2022-02-01,14187.58,94.18,13.5
PMT-0155,F-16,2022-03-01,17251.69,93.03,16.8
PMT-0155,F-16,2022-04-01,19278.51,100.0,26.1
PMT-0155,F-16,2022-05-01,21331.7,95.41,31.1
PMT-0155,F-16,2022-06-01,21986.16,92.8,31.3
PMT-0155,F-16,2022-07-01,20927.09,92.9,31.5
PMT-0155,F-16,2022-08-01,18968.94,98.19,25.1
PMT-0155,F-16,2022-09-01,16674.0,95.35,17.6
PMT-0155,F-16,2022-10-01,13883.33,97.51,10.7
PMT-0155,F-16,2022-11-01,10852.57,97.68,4.5
PMT-0155,F-16,2022-12-01,11371.9,100.0,2.1
PMT-0155,F-16,2023-01-01,11931.33,97.49,5.8
PMT-0155,F-16,2023-02-01,13612.25,100.0,9.0
PMT-0155,F-16,2023-03-01,16030.59,94.7,17.9
PMT-0155,F-16,2023-04-01,19330.01,95.07,24.1
PMT-0155,F-16,2023-05-01,20664.28,89.52,31.3
PMT-0155,F-16,2023-06-01,21811.25,99.48,29.8
PMT-0155,F-16,2023-07-01,21707.1,98.87,28.7
PMT-0155,F-16,2023-08-01,19465.06,97.7,25.6
PMT-0155,F-16,2023-09-01,15928.13,99.56,18.2
PMT-0155,F-16,2023-10-01,13322.59,95.43,9.6
PMT-0155,F-16,2023-11-01,11580.76,99.75,5.5
PMT-0155,F-16,2023-12-01,10750.28,96.95,4.0
PMT-0155,F-16,2024-01-01,11423.29,95.91,5.2
PMT-0155,F-16,2024-02-01,13271.06,92.65,11.0
PMT-0155,F-16,2024-03-01,16469.26,99.55,18.2
PMT-0155,F-16,2024-04-01,18771.54,95.49,26.7
PMT-0155,F-16,2024-05-01,22265.22,93.65,31.6
PMT-0155,F-16,2024-06-01,21805.27,98.57,30.3
PMT-0155,F-16,2024-07-01,20769.3,96.76,31.6
PMT-0155,F-16,2024-08-01,19748.02,100.0,22.4
PMT-0155,F-16,2024-09-01,16224.97,99.08,20.2
PMT-0155,F-16,2024-10-01,13320.31,93.59,11.9
PMT-0155,F-16,2024-11-01,11715.3,96.59,5.6
PMT-0155,F-16,2024-12-01,10696.09,92.32,2.4
PMT-0156,F-16,2022-01-01,10841.08,93.88,4.2
PMT-0156,F-16,2022-02-01,13228.58,93.1,10.1
PMT-0156,F-16,2022-03-01,15691.77,91.29,17.4
PMT-0156,F-16,2022-04-01,18420.0,90.93,23.9
PMT-0156,F-16,2022-05-01,20755.57,94.05,29.6
PMT-0156,F-16,2022-06-01,21695.54,91.8,30.9
PMT-0156,F-16,2022-07-01,20208.0,95.66,30.3
PMT-0156,F-16,2022-08-01,18816.37,94.52,24.6
PMT-0156,F-16,2022-09-01,15199.35,96.07,16.2
PMT-0156,F-16,2022-10-01,12935.87,94.46,11.6
PMT-0156,F-16,2022-11-01,10902.66,100.0,7.7
PMT-0156,F-16,2022-12-01,10317.23,98.74,2.5
PMT-0156,F-16,2023-01-01,11172.75,97.07,7.2
PMT-0156,F-16,2023-02-01,13273.77,99.78,12.6
PMT-0156,F-16,2023-03-01,16088.48,95.32,17.9
PMT-0156,F-16,2023-04-01,18810.92,93.64,24.6
PMT-0156,F-16,2023-05-01,20207.96,100.0,32.1
PMT-0156,F-16,2023-06-01,20933.61,100.0,31.3
PMT-0156,F-16,2023-07-01,20626.56,95.83,30.8
PMT-0156,F-16,2023-08-01,18551.76,94.84,24.9
PMT-0156,F-16,2023-09-01,15542.28,90.72,16.4
PMT-0156,F-16,2023-10-01,12808.96,97.8,11.0
PMT-0156,F-16,2023-11-01,10902.37,93.78,5.2
PMT-0156,F-16,2023-12-01,10091.83,94.44,2.6
PMT-0156,F-16,2024-01-01,11235.4,96.35,6.4
PMT-0156,F-16,2024-02-01,13117.37,92.56,10.8
PMT-0156,F-16,2024-03-01,15690.09,99.29,17.7
PMT-0156,F-16,2024-04-01,18892.94,95.07,25.7
PMT-0156,F-16,2024-05-01,20710.79,100.0,29.6
PMT-0156,F-16,2024-06-01,21334.19,92.79,29.7
PMT-0156,F-16,2024-07-01,21247.54,93.88,28.5
PMT-0156,F-16,2024-08-01,18693.95,95.64,24.2
PMT-0156,F-16,2024-09-01,15504.82,100.0,16.4
PMT-0156,F-16,2024-10-01,12965.62,97.02,12.5
PMT-0156,F-16,2024-11-01,10927.97,89.9,6.8
PMT-0156,F-16,2024-12-01,10060.63,96.86,2.9
PMT-0157,F-16,2022-01-01,10405.38,96.77,6.2
PMT-0157,F-16,2022-02-01,12167.52,97.5,11.1
PMT-0157,F-16,2022-03-01,14920.03,94.21,18.3
PMT-0157,F-16,2022-04-01,17750.06,95.63,22.9
PMT-0157,F-16,2022-05-01,19628.74,99.51,30.9
PMT-0157,F-16,2022-06-01,20641.75,98.04,31.3
PMT-0157,F-16,2022-07-01,19696.6,94.26,28.3
PMT-0157,F-16,2022-08-01,17718.13,91.22,27.3
PMT-0157,F-16,2022-09-01,15352.43,98.56,18.4
PMT-0157,F-16,2022-10-01,12639.04,94.95,11.9
PMT-0157,F-16,2022-11-01,10827.29,94.66,4.0
PMT-0157,F-16,2022-12-01,10069.39,89.64,4.9
PMT-0157,F-16,2023-01-01,10449.24,93.65,5.0
PMT-0157,F-16,2023-02-01,12726.34,96.01,10.8
PMT-0157,F-16,2023-03-01,15148.02,97.57,18.5
PMT-0157,F-16,2023-04-01,17976.29,90.32,24.6
PMT-0157,F-16,2023-05-01,19901.69,92.92,30.6
PMT-0157,F-16,2023-06-01,21052.71,93.39,31.9
PMT-0157,F-16,2023-07-01,19880.16,92.53,31.3
PMT-0157,F-16,2023-08-01,17707.91,98.03,24.9
PMT-0157,F-16,2023-09-01,14792.84,99.92,19.5
PMT-0157,F-16,2023-10-01,12538.48,100.0,11.3
PMT-0157,F-16,2023-11-01,10412.88,95.85,5.9
PMT-0157,F-16,2023-12-01,9928.18,94.1,4.9
PMT-0157,F-16,2024-01-01,10917.61,96.35,2.6
PMT-0157,F-16,2024-02-01,12622.05,100.0,11.1
PMT-0157,F-16,2024-03-01,15373.02,92.79,16.1
PMT-0157,F-16,2024-04-01,17593.6,94.93,26.3
PMT-0157,F-16,2024-05-01,20593.77,95.51,30.7
PMT-0157,F-16,2024-06-01,21181.39,98.66,31.6
PMT-0157,F-16,2024-07-01,19489.25,96.96,28.6
PMT-0157,F-16,2024-08-01,18319.8,95.0,27.2
PMT-0157,F-16,2024-09-01,15228.58,100.0,17.0
PMT-0157,F-16,2024-10-01,12312.26,95.75,10.7
PMT-0157,F-16,2024-11-01,10502.94,97.23,6.7
PMT-0157,F-16,2024-12-01,9832.28,95.03,5.0
PMT-0158,F-16,2022-01-01,10850.15,96.5,3.0
PMT-0158,F-16,2022-02-01,12894.84,100.0,13.5
PMT-0158,F-16,2022-03-01,16193.97,97.54,17.1
PMT-0158,F-16,2022-04-01,19301.03,94.44,24.8
PMT-0158,F-16,2022-05-01,21929.7,94.28,30.0
PMT-0158,F-16,2022-06-01,22459.24,94.22,31.3
PMT-0158,F-16,2022-07-01,21410.57,93.97,28.6
PMT-0158,F-16,2022-08-01,20198.36,96.47,23.8
PMT-0158,F-16,2022-09-01,16442.31,96.96,16.7
PMT-0158,F-16,2022-10-01,13705.56,92.08,9.8
PMT-0158,F-16,2022-11-01,11416.41,98.88,7.5
PMT-0158,F-16,2022-12-01,10286.33,98.52,4.3
PMT-0158,F-16,2023-01-01,11549.66,91.51,7.5
PMT-0158,F-16,2023-02-01,13483.67,100.0,8.6
PMT-0158,F-16,2023-03-01,16585.03,93.61,17.2
PMT-0158,F-16,2023-04-01,18528.94,94.1,25.9
PMT-0158,F-16,2023-05-01,22374.33,100.0,29.9
PMT-0158,F-16,2023-06-01,21245.13,95.3,31.1
PMT-0158,F-16,2023-07-01,19643.25,97.85,30.3
PMT-0158,F-16,2023-08-01,17775.44,96.94,25.0
PMT-0158,F-16,2023-09-01,15509.5,93.12,17.8
PMT-0158,F-16,2023-10-01,14528.92,95.59,11.0
PMT-0158,F-16,2023-11-01,11955.81,90.03,8.8
PMT-0158,F-16,2023-12-01,10354.25,98.11,4.6
PMT-0158,F-16,2024-01-01,11163.35,98.06,5.0
PMT-0158,F-16,2024-02-01,13018.72,100.0,11.0
PMT-0158,F-16,2024-03-01,15679.07,94.22,18.7
PMT-0158,F-16,2024-04-01,19310.07,91.9,25.0
PMT-0158,F-16,2024-05-01,20438.16,98.07,31.0
PMT-0158,F-16,2024-06-01,21893.59,94.09,33.6
PMT-0158,F-16,2024-07-01,22154.61,96.06,30.4
PMT-0158,F-16,2024-08-01,18650.67,96.88,26.8
PMT-0158,F-16,2024-09-01,16114.42,92.76,17.7
PMT-0158,F-16,2024-10-01,13482.05,93.75,10.1
PMT-0158,F-16,2024-11-01,10555.46,90.91,5.8
PMT-0158,F-16,2024-12-01,10679.35,99.45,4.7
PMT-0159,F-16,2022-01-01,11670.5,91.86,6.3
PMT-0159,F-16,2022-02-01,14396.96,96.92,9.3
PMT-0159,F-16,2022-03-01,16862.76,96.88,18.7
PMT-0159,F-16,2022-04-01,21303.94,94.16,24.8
PMT-0159,F-16,2022-05-01,22263.62,95.89,28.7
PMT-0159,F-16,2022-06-01,23845.38,94.67,31.9
PMT-0159,F-16,2022-07-01,22952.86,95.65,28.7
PMT-0159,F-16,2022-08-01,20277.83,97.05,24.8
PMT-0159,F-16,2022-09-01,17762.35,94.5,18.1
PMT-0159,F-16,2022-10-01,14173.69,99.02,9.1
PMT-0159,F-16,2022-11-01,12332.84,93.66,8.0
PMT-0159,F-16,2022-12-01,11661.04,91.4,3.7
PMT-0159,F-16,2023-01-01,11694.62,100.0,4.9
PMT-0159,F-16,2023-02-01,14154.44,93.8,10.0
PMT-0159,F-16,2023-03-01,17615.83,88.41,17.3
PMT-0159,F-16,2023-04-01,20341.9,93.45,23.8
PMT-0159,F-16,2023-05-01,22602.37,96.42,29.2
PMT-0159,F-16,2023-06-01,23652.33,98.37,31.6
PMT-0159,F-16,2023-07-01,23041.43,90.62,28.9
PMT-0159,F-16,2023-08-01,20307.72,93.45,25.2
PMT-0159,F-16,2023-09-01,16823.32,98.84,16.9
PMT-0159,F-16,2023-10-01,14305.69,93.29,12.6
PMT-0159,F-16,2023-11-01,12016.65,98.81,7.0
PMT-0159,F-16,2023-12-01,11432.96,94.26,4.9
PMT-0159,F-16,2024-01-01,12028.84,95.98,6.7
PMT-0159,F-16,2024-02-01,14623.89,92.95,12.2
PMT-0159,F-16,2024-03-01,17749.79,99.22,17.6
PMT-0159,F-16,2024-04-01,20214.3,95.95,25.0
PMT-0159,F-16,2024-05-01,23355.21,98.77,31.2
PMT-0159,F-16,2024-06-01,22644.99,96.0,32.5
PMT-0159,F-16,2024-07-01,22851.45,93.38,29.6
PMT-0159,F-16,2024-08-01,20287.42,96.55,25.5
PMT-0159,F-16,2024-09-01,17174.93,96.68,15.4
PMT-0159,F-16,2024-10-01,14342.59,100.0,11.2
PMT-0159,F-16,2024-11-01,12135.93,93.86,7.3
PMT-0159,F-16,2024-12-01,11238.74,92.9,4.6
PMT-0160,F-16,2022-01-01,14620.66,98.55,5.4
PMT-0160,F-16,2022-02-01,17589.52,95.44,10.8
PMT-0160,F-16,2022-03-01,21324.71,97.07,17.4
PMT-0160,F-16,2022-04-01,25462.98,96.01,24.3
PMT-0160,F-16,2022-05-01,28482.72,96.22,31.8
PMT-0160,F-16,2022-06-01,28880.87,96.98,28.7
PMT-0160,F-16,2022-07-01,28679.8,98.48,30.2
PMT-0160,F-16,2022-08-01,25574.92,92.96,25.5
PMT-0160,F-16,2022-09-01,21258.13,96.3,18.8
PMT-0160,F-16,2022-10-01,18025.57,98.2,11.3
PMT-0160,F-16,2022-11-01,14477.35,98.14,5.4
PMT-0160,F-16,2022-12-01,13817.27,94.47,4.4
PMT-0160,F-16,2023-01-01,14910.76,94.42,7.8
PMT-0160,F-16,2023-02-01,17890.67,100.0,11.9
PMT-0160,F-16,2023-03-01,21469.33,96.94,17.9
PMT-0160,F-16,2023-04-01,25636.39,92.02,26.8
PMT-0160,F-16,2023-05-01,28562.69,96.06,30.1
PMT-0160,F-16,2023-06-01,29257.07,97.14,33.5
PMT-0160,F-16,2023-07-01,28799.11,94.91,30.4
PMT-0160,F-16,2023-08-01,24965.87,92.95,23.1
PMT-0160,F-16,2023-09-01,21138.05,98.04,18.9
PMT-0160,F-16,2023-10-01,18040.61,96.73,12.0
PMT-0160,F-16,2023-11-01,14692.46,93.51,7.5
PMT-0160,F-16,2023-12-01,13600.33,98.42,5.0
PMT-0160,F-16,2024-01-01,14626.36,95.52,5.6
PMT-0160,F-16,2024-02-01,17442.98,96.1,10.3
PMT-0160,F-16,2024-03-01,21081.66,97.68,17.3
PMT-0160,F-16,2024-04-01,25557.14,92.4,25.3
PMT-0160,F-16,2024-05-01,28427.78,93.89,31.7
PMT-0160,F-16,2024-06-01,28416.66,95.4,32.1
PMT-0160,F-16,2024-07-01,28073.93,96.97,29.1
PMT-0160,F-16,2024-08-01,25671.37,94.2,25.1
PMT-0160,F-16,2024-09-01,21057.24,96.04,19.4
PMT-0160,F-16,2024-10-01,17699.13,96.44,10.7
PMT-0160,F-16,2024-11-01,14645.24,94.93,4.5
PMT-0160,F-16,2024-12-01,13784.81,97.85,3.2
PMT-0161,F-17,2022-01-01,10896.54,88.03,5.7
PMT-0161,F-17,2022-02-01,13042.91,89.2,12.1
PMT-0161,F-17,2022-03-01,16129.36,89.57,17.8
PMT-0161,F-17,2022-04-01,17789.23,90.91,25.5
PMT-0161,F-17,2022-05-01,20622.54,91.13,29.6
PMT-0161,F-17,2022-06-01,21320.49,91.93,33.6
PMT-0161,F-17,2022-07-01,20624.18,89.82,29.3
PMT-0161,F-17,2022-08-01,18641.29,89.43,26.5
PMT-0161,F-17,2022-09-01,15526.32,87.2,18.0
PMT-0161,F-17,2022-10-01,13095.46,88.06,12.1
PMT-0161,F-17,2022-11-01,10746.27,92.32,7.7
PMT-0161,F-17,2022-12-01,9529.62,92.79,4.8
PMT-0161,F-17,2023-01-01,10995.76,81.33,6.0
PMT-0161,F-17,2023-02-01,12871.45,90.12,9.8
PMT-0161,F-17,2023-03-01,15473.56,88.94,18.9
PMT-0161,F-17,2023-04-01,17929.71,94.39,25.0
PMT-0161,F-17,2023-05-01,20057.5,89.84,31.3
PMT-0161,F-17,2023-06-01,20427.26,89.59,31.1
PMT-0161,F-17,2023-07-01,19763.1,94.24,31.6
PMT-0161,F-17,2023-08-01,17830.41,87.44,22.7
PMT-0161,F-17,2023-09-01,15374.14,88.86,17.6
PMT-0161,F-17,2023-10-01,12928.74,92.32,10.8
PMT-0161,F-17,2023-11-01,10564.9,88.01,5.8
PMT-0161,F-17,2023-12-01,9892.81,92.28,3.7
PMT-0161,F-17,2024-01-01,10685.03,90.85,7.0
PMT-0161,F-17,2024-02-01,12938.17,88.73,9.9
PMT-0161,F-17,2024-03-01,15143.72,90.72,19.6
PMT-0161,F-17,2024-04-01,17943.38,90.45,24.8
PMT-0161,F-17,2024-05-01,19854.32,96.59,32.0
PMT-0161,F-17,2024-06-01,20361.15,85.21,33.9
PMT-0161,F-17,2024-07-01,20518.2,90.31,30.7
PMT-0161,F-17,2024-08-01,17588.32,94.1,24.2
PMT-0161,F-17,2024-09-01,15637.47,86.21,16.1
PMT-0161,F-17,2024-10-01,13780.64,93.82,9.5
PMT-0161,F-17,2024-11-01,10930.89,90.17,6.5
PMT-0161,F-17,2024-12-01,9985.83,84.94,3.7
PMT-0162,F-17,2022-01-01,16084.35,92.59,4.6
PMT-0162,F-17,2022-02-01,18728.63,89.78,12.1
PMT-0162,F-17,2022-03-01,23462.67,93.55,17.7
PMT-0162,F-17,2022-04-01,27595.07,90.27,26.3
PMT-0162,F-17,2022-05-01,29204.36,89.78,30.8
PMT-0162,F-17,2022-06-01,31673.88,92.64,32.6
PMT-0162,F-17,2022-07-01,30554.18,88.47,29.8
PMT-0162,F-17,2022-08-01,27105.92,94.55,24.5
PMT-0162,F-17,2022-09-01,22920.54,93.82,15.9
PMT-0162,F-17,2022-10-01,18830.83,91.29,10.8
PMT-0162,F-17,2022-11-01,16340.86,87.08,5.3
PMT-0162,F-17,2022-12-01,14934.52,88.32,1.9
PMT-0162,F-17,2023-01-01,15410.85,82.78,7.4
PMT-0162,F-17,2023-02-01,19703.54,87.61,11.1
PMT-0162,F-17,2023-03-01,23155.96,89.92,16.8
PMT-0162,F-17,2023-04-01,27260.83,93.35,26.0
PMT-0162,F-17,2023-05-01,30520.53,89.06,32.1
PMT-0162,F-17,2023-06-01,30968.54,88.22,31.6
PMT-0162,F-17,2023-07-01,29919.5,92.68,29.8
PMT-0162,F-17,2023-08-01,27119.4,89.05,25.7
PMT-0162,F-17,2023-09-01,23061.01,90.09,19.2
PMT-0162,F-17,2023-10-01,18534.65,96.02,10.8
PMT-0162,F-17,2023-11-01,15813.33,88.72,6.8
PMT-0162,F-17,2023-12-01,14896.38,86.25,5.0
PMT-0162,F-17,2024-01-01,15947.98,92.8,6.4
PMT-0162,F-17,2024-02-01,18783.07,90.57,12.8
PMT-0162,F-17,2024-03-01,22561.19,87.94,17.4
PMT-0162,F-17,2024-04-01,26964.44,83.51,25.7
PMT-0162,F-17,2024-05-01,31490.42,90.52,29.2
PMT-0162,F-17,2024-06-01,31821.58,87.35,32.8
PMT-0162,F-17,2024-07-01,30028.81,87.73,27.5
PMT-0162,F-17,2024-08-01,27268.88,87.92,25.1
PMT-0162,F-17,2024-09-01,23304.79,86.4,18.0
PMT-0162,F-17,2024-10-01,18773.35,96.06,10.1
PMT-0162,F-17,2024-11-01,15919.04,90.5,6.1
PMT-0162,F-17,2024-12-01,14596.04,89.05,3.1
PMT-0163,F-17,2022-01-01,8007.24,93.66,4.9
PMT-0163,F-17,2022-02-01,9487.94,88.47,13.0
PMT-0163,F-17,2022-03-01,11407.56,92.24,17.5
PMT-0163,F-17,2022-04-01,13018.16,89.13,22.9
PMT-0163,F-17,2022-05-01,14754.14,84.13,30.3
PMT-0163,F-17,2022-06-01,15804.83,92.94,32.7
PMT-0163,F-17,2022-07-01,15066.01,89.43,29.7
PMT-0163,F-17,2022-08-01,13459.9,87.76,25.1
PMT-0163,F-17,2022-09-01,11459.03,91.3,17.9
PMT-0163,F-17,2022-10-01,9311.41,87.72,10.8
PMT-0163,F-17,2022-11-01,7971.08,86.16,5.4
PMT-0163,F-17,2022-12-01,7205.79,87.05,5.0
PMT-0163,F-17,2023-01-01,7837.09,88.63,4.7
PMT-0163,F-17,2023-02-01,9586.63,89.84,10.1
PMT-0163,F-17,2023-03-01,11077.56,88.41,17.0
PMT-0163,F-17,2023-04-01,12858.15,84.55,24.8
PMT-0163,F-17,2023-05-01,14910.49,87.45,29.0
PMT-0163,F-17,2023-06-01,15153.93,91.25,31.5
PMT-0163,F-17,2023-07-01,14584.75,91.25,29.3
PMT-0163,F-17,2023-08-01,13402.18,88.42,24.7
PMT-0163,F-17,2023-09-01,11418.26,91.86,18.2
PMT-0163,F-17,2023-10-01,9403.36,91.95,11.1
PMT-0163,F-17,2023-11-01,7913.07,94.16,4.9
PMT-0163,F-17,2023-12-01,7564.02,91.91,4.5
PMT-0163,F-17,2024-01-01,7961.64,88.93,7.0
PMT-0163,F-17,2024-02-01,9411.89,89.54,11.4
PMT-0163,F-17,2024-03-01,11433.74,93.43,16.4
PMT-0163,F-17,2024-04-01,13328.21,92.47,24.6
PMT-0163,F-17,2024-05-01,14444.85,90.16,28.8
PMT-0163,F-17,2024-06-01,15216.14,86.64,32.9
PMT-0163,F-17,2024-07-01,15160.65,89.42,30.7
PMT-0163,F-17,2024-08-01,13413.33,90.14,23.9
PMT-0163,F-17,2024-09-01,11136.29,87.15,17.4
PMT-0163,F-17,2024-10-01,9315.34,95.51,11.1
PMT-0163,F-17,2024-11-01,7953.48,85.0,4.9
PMT-0163,F-17,2024-12-01,7403.35,93.65,4.6
PMT-0164,F-17,2022-01-01,13275.76,89.11,6.4
PMT-0164,F-17,2022-02-01,15653.51,95.38,9.8
PMT-0164,F-17,2022-03-01,17988.38,89.09,18.1
PMT-0164,F-17,2022-04-01,22383.2,87.44,26.0
PMT-0164,F-17,2022-05-01,24724.7,84.58,28.3
PMT-0164,F-17,2022-06-01,24950.28,84.97,31.8
PMT-0164,F-17,2022-07-01,24389.5,83.68,29.7
PMT-0164,F-17,2022-08-01,21312.82,89.73,25.3
PMT-0164,F-17,2022-09-01,18747.36,91.09,19.4
PMT-0164,F-17,2022-10-01,15366.63,89.25,12.4
PMT-0164,F-17,2022-11-01,13254.96,92.8,7.9
PMT-0164,F-17,2022-12-01,11979.59,88.77,1.7
PMT-0164,F-17,2023-01-01,13153.1,89.33,5.2
PMT-0164,F-17,2023-02-01,15172.52,90.24,12.5
PMT-0164,F-17,2023-03-01,18287.37,85.81,15.7
PMT-0164,F-17,2023-04-01,22316.13,92.14,25.3
PMT-0164,F-17,2023-05-01,23408.05,91.39,30.6
PMT-0164,F-17,2023-06-01,24646.43,88.22,28.8
PMT-0164,F-17,2023-07-01,23236.35,88.47,29.7
PMT-0164,F-17,2023-08-01,22988.56,86.03,24.2
PMT-0164,F-17,2023-09-01,18017.36,96.7,17.6
PMT-0164,F-17,2023-10-01,14947.49,92.93,10.8
PMT-0164,F-17,2023-11-01,12899.43,85.57,7.6
PMT-0164,F-17,2023-12-01,12230.47,89.4,6.7
PMT-0164,F-17,2024-01-01,13074.4,88.69,5.1
PMT-0164,F-17,2024-02-01,15136.9,89.04,12.9
PMT-0164,F-17,2024-03-01,18421.71,92.31,17.3
PMT-0164,F-17,2024-04-01,21785.38,93.78,26.6
PMT-0164,F-17,2024-05-01,24264.78,89.62,30.4
PMT-0164,F-17,2024-06-01,24982.66,87.23,32.6
PMT-0164,F-17,2024-07-01,24624.41,84.13,28.4
PMT-0164,F-17,2024-08-01,21826.51,88.62,26.9
PMT-0164,F-17,2024-09-01,19327.23,88.44,18.6
PMT-0164,F-17,2024-10-01,14867.38,96.84,11.2
PMT-0164,F-17,2024-11-01,13076.95,92.38,5.4
PMT-0164,F-17,2024-12-01,12131.8,86.91,5.2
PMT-0165,F-17,2022-01-01,14520.1,87.45,6.5
PMT-0165,F-17,2022-02-01,17553.13,89.64,11.0
PMT-0165,F-17,2022-03-01,21380.24,90.73,18.2
PMT-0165,F-17,2022-04-01,25108.65,89.35,24.0
PMT-0165,F-17,2022-05-01,27003.02,94.89,29.2
PMT-0165,F-17,2022-06-01,28924.45,93.29,34.0
PMT-0165,F-17,2022-07-01,27953.17,88.96,31.2
PMT-0165,F-17,2022-08-01,25407.28,91.76,26.4
PMT-0165,F-17,2022-09-01,20411.57,86.78,18.1
PMT-0165,F-17,2022-10-01,17072.54,91.53,10.6
PMT-0165,F-17,2022-11-01,14416.88,90.72,5.7
PMT-0165,F-17,2022-12-01,13768.86,87.72,5.9
PMT-0165,F-17,2023-01-01,14170.99,87.78,3.9
PMT-0165,F-17,2023-02-01,17007.64,90.65,12.2
PMT-0165,F-17,2023-03-01,20965.18,89.02,18.0
PMT-0165,F-17,2023-04-01,24542.42,86.81,26.2
PMT-0165,F-17,2023-05-01,26639.07,89.42,32.1
PMT-0165,F-17,2023-06-01,27532.76,91.48,30.8
PMT-0165,F-17,2023-07-01,29096.51,85.21,30.6
PMT-0165,F-17,2023-08-01,25306.5,87.75,25.3
PMT-0165,F-17,2023-09-01,20275.31,81.28,18.5
PMT-0165,F-17,2023-10-01,17385.88,89.85,12.0
PMT-0165,F-17,2023-11-01,14784.29,94.83,6.4
PMT-0165,F-17,2023-12-01,13100.88,84.65,3.1
PMT-0165,F-17,2024-01-01,14304.38,92.28,7.3
PMT-0165,F-17,2024-02-01,17118.62,94.02,8.6
PMT-0165,F-17,2024-03-01,20968.51,90.76,15.6
PMT-0165,F-17,2024-04-01,24044.85,87.23,24.9
PMT-0165,F-17,2024-05-01,28650.74,88.54,30.3
PMT-0165,F-17,2024-06-01,28763.18,86.48,32.7
PMT-0165,F-17,2024-07-01,26702.74,91.44,29.6
PMT-0165,F-17,2024-08-01,24532.07,94.44,24.7
PMT-0165,F-17,2024-09-01,20752.08,91.85,19.0
PMT-0165,F-17,2024-10-01,17061.27,86.22,11.9
PMT-0165,F-17,2024-11-01,14040.87,92.6,5.6
PMT-0165,F-17,2024-12-01,13200.01,94.94,4.2
PMT-0166,F-17,2022-01-01,7604.19,88.59,4.0
PMT-0166,F-17,2022-02-01,8813.54,89.1,9.2
PMT-0166,F-17,2022-03-01,10945.28,90.84,17.8
PMT-0166,F-17,2022-04-01,12865.96,80.06,25.4
PMT-0166,F-17,2022-05-01,13906.97,87.41,29.0
PMT-0166,F-17,2022-06-01,14945.94,94.43,33.1
PMT-0166,F-17,2022-07-01,13988.67,91.63,30.3
PMT-0166,F-17,2022-08-01,13001.5,91.03,24.4
PMT-0166,F-17,2022-09-01,10862.9,95.96,18.3
PMT-0166,F-17,2022-10-01,9167.75,90.09,12.9
PMT-0166,F-17,2022-11-01,7460.2,91.77,5.1
PMT-0166,F-17,2022-12-01,7082.03,88.3,2.9
PMT-0166,F-17,2023-01-01,7457.43,85.86,5.3
PMT-0166,F-17,2023-02-01,8766.77,90.37,11.4
PMT-0166,F-17,2023-03-01,10721.88,91.05,18.0
PMT-0166,F-17,2023-04-01,12799.41,94.57,26.6
PMT-0166,F-17,2023-05-01,14303.38,87.85,28.5
PMT-0166,F-17,2023-06-01,14341.14,87.87,34.2
PMT-0166,F-17,2023-07-01,13875.07,83.24,30.2
PMT-0166,F-17,2023-08-01,12659.76,93.31,25.8
PMT-0166,F-17,2023-09-01,10749.92,89.13,18.2
PMT-0166,F-17,2023-10-01,8909.44,91.4,10.5
PMT-0166,F-17,2023-11-01,7667.9,93.88,5.7
PMT-0166,F-17,2023-12-01,6964.42,87.53,5.0
PMT-0166,F-17,2024-01-01,7690.61,90.33,7.5
PMT-0166,F-17,2024-02-01,8836.23,86.05,12.0
PMT-0166,F-17,2024-03-01,10736.4,93.33,19.4
PMT-0166,F-17,2024-04-01,12676.71,89.0,24.4
PMT-0166,F-17,2024-05-01,14306.6,88.5,28.1
PMT-0166,F-17,2024-06-01,14445.41,89.26,30.7
PMT-0166,F-17,2024-07-01,14308.58,88.93,27.7
PMT-0166,F-17,2024-08-01,12748.57,95.96,26.5
PMT-0166,F-17,2024-09-01,11031.49,90.94,20.0
PMT-0166,F-17,2024-10-01,8842.42,90.63,9.5
PMT-0166,F-17,2024-11-01,7474.4,92.61,6.8
PMT-0166,F-17,2024-12-01,7267.02,90.33,4.8
PMT-0167,F-17,2022-01-01,10372.41,91.0,7.2
PMT-0167,F-17,2022-02-01,12456.98,98.68,11.9
PMT-0167,F-17,2022-03-01,14583.53,90.86,17.4
PMT-0167,F-17,2022-04-01,17466.88,89.7,25.2
PMT-0167,F-17,2022-05-01,19372.21,89.2,28.5
PMT-0167,F-17,2022-06-01,20551.17,86.64,31.0
PMT-0167,F-17,2022-07-01,19487.76,91.73,27.7
PMT-0167,F-17,2022-08-01,17387.59,88.15,23.8
PMT-0167,F-17,2022-09-01,14777.42,91.94,17.3
PMT-0167,F-17,2022-10-01,12192.55,85.86,12.3
PMT-0167,F-17,2022-11-01,10256.17,84.51,6.8
PMT-0167,F-17,2022-12-01,9692.54,92.03,3.7
PMT-0167,F-17,2023-01-01,10403.97,85.55,6.1
PMT-0167,F-17,2023-02-01,12313.65,91.12,10.4
PMT-0167,F-17,2023-03-01,14596.03,93.11,18.1
PMT-0167,F-17,2023-04-01,17423.64,85.32,24.4
PMT-0167,F-17,2023-05-01,19787.9,92.94,29.8
PMT-0167,F-17,2023-06-01,20122.53,90.57,30.9
PMT-0167,F-17,2023-07-01,19507.09,91.77,29.7
PMT-0167,F-17,2023-08-01,17544.92,87.15,24.0
PMT-0167,F-17,2023-09-01,15039.68,90.87,17.7
PMT-0167,F-17,2023-10-01,12351.8,87.5,9.8
PMT-0167,F-17,2023-11-01,10600.59,86.29,6.6
PMT-0167,F-17,2023-12-01,9437.28,91.98,4.5
PMT-0167,F-17,2024-01-01,10623.8,93.19,8.3
PMT-0167,F-17,2024-02-01,12433.95,93.62,11.2
PMT-0167,F-17,2024-03-01,14251.78,87.24,17.9
PMT-0167,F-17,2024-04-01,17624.31,92.07,24.9
PMT-0167,F-17,2024-05-01,19855.56,89.07,30.1
PMT-0167,F-17,2024-06-01,20069.46,89.86,32.0
PMT-0167,F-17,2024-07-01,19860.57,97.41,31.1
PMT-0167,F-17,2024-08-01,17654.98,88.39,23.6
PMT-0167,F-17,2024-09-01,14890.69,92.31,16.9
PMT-0167,F-17,2024-10-01,12188.66,91.47,11.8
PMT-0167,F-17,2024-11-01,10496.65,85.19,7.0
PMT-0167,F-17,2024-12-01,9953.24,89.97,4.8
PMT-0168,F-17,2022-01-01,6670.16,89.13,6.0
PMT-0168,F-17,2022-02-01,8007.62,87.66,10.1
PMT-0168,F-17,2022-03-01,9668.96,93.95,18.7
PMT-0168,F-17,2022-04-01,11257.77,92.73,25.0
PMT-0168,F-17,2022-05-01,12344.02,87.14,31.3
PMT-0168,F-17,2022-06-01,12492.94,89.48,32.1
PMT-0168,F-17,2022-07-01,12102.94,91.82,30.7
PMT-0168,F-17,2022-08-01,11034.39,86.84,25.7
PMT-0168,F-17,2022-09-01,9475.09,91.17,19.3
PMT-0168,F-17,2022-10-01,7913.18,90.58,8.7
PMT-0168,F-17,2022-11-01,6781.64,88.3,5.5
PMT-0168,F-17,2022-12-01,6084.34,88.77,6.2
PMT-0168,F-17,2023-01-01,6582.25,89.57,6.1
PMT-0168,F-17,2023-02-01,7916.57,90.42,12.0
PMT-0168,F-17,2023-03-01,9533.2,89.71,19.1
PMT-0168,F-17,2023-04-01,11021.83,88.56,26.1
PMT-0168,F-17,2023-05-01,12356.3,86.89,30.5
PMT-0168,F-17,2023-06-01,12909.84,89.38,31.9
PMT-0168,F-17,2023-07-01,12282.54,86.63,29.6
PMT-0168,F-17,2023-08-01,11117.5,87.63,26.6
PMT-0168,F-17,2023-09-01,9353.83,97.6,18.3
PMT-0168,F-17,2023-10-01,7774.78,92.82,12.2
PMT-0168,F-17,2023-11-01,6534.24,93.14,4.0
PMT-0168,F-17,2023-12-01,6050.72,85.06,5.9
PMT-0168,F-17,2024-01-01,6626.29,87.6,4.4
PMT-0168,F-17,2024-02-01,7717.42,85.92,12.2
PMT-0168,F-17,2024-03-01,9502.91,83.15,17.3
PMT-0168,F-17,2024-04-01,11345.85,93.56,23.1
PMT-0168,F-17,2024-05-01,12588.99,86.63,29.1
PMT-0168,F-17,2024-06-01,12456.97,87.13,32.0
PMT-0168,F-17,2024-07-01,12454.79,91.46,28.1
PMT-0168,F-17,2024-08-01,11220.47,89.22,23.7
PMT-0168,F-17,2024-09-01,9565.11,90.24,15.6
PMT-0168,F-17,2024-10-01,7744.84,88.58,9.5
PMT-0168,F-17,2024-11-01,6690.77,90.18,5.5
PMT-0168,F-17,2024-12-01,6061.74,85.99,3.8
PMT-0169,F-17,2022-01-01,7194.89,91.15,5.0
PMT-0169,F-17,2022-02-01,8666.58,91.37,10.0
PMT-0169,F-17,2022-03-01,10730.13,91.08,18.4
PMT-0169,F-17,2022-04-01,12499.64,91.11,25.5
PMT-0169,F-17,2022-05-01,13496.57,90.78,29.0
PMT-0169,F-17,2022-06-01,13592.18,89.75,32.8
PMT-0169,F-17,2022-07-01,13463.74,87.2,28.3
PMT-0169,F-17,2022-08-01,12285.72,94.04,24.4
PMT-0169,F-17,2022-09-01,10839.37,93.03,18.2
PMT-0169,F-17,2022-10-01,8700.53,88.92,11.0
PMT-0169,F-17,2022-11-01,7441.87,95.59,8.3
PMT-0169,F-17,2022-12-01,6799.48,93.4,4.2
PMT-0169,F-17,2023-01-01,7256.43,87.87,5.9
PMT-0169,F-17,2023-02-01,8410.99,91.38,9.6
PMT-0169,F-17,2023-03-01,11680.02,88.35,17.8
PMT-0169,F-17,2023-04-01,12626.73,91.42,23.7
PMT-0169,F-17,2023-05-01,13381.94,86.57,31.3
PMT-0169,F-17,2023-06-01,13664.45,90.77,32.8
PMT-0169,F-17,2023-07-01,13245.09,91.29,30.7
PMT-0169,F-17,2023-08-01,11819.46,87.2,23.8
PMT-0169,F-17,2023-09-01,10054.17,97.04,18.7
PMT-0169,F-17,2023-10-01,8824.42,90.73,11.5
PMT-0169,F-17,2023-11-01,7359.09,97.86,6.9
PMT-0169,F-17,2023-12-01,6765.93,89.18,3.2
PMT-0169,F-17,2024-01-01,7022.74,94.39,4.5
PMT-0169,F-17,2024-02-01,8837.66,85.97,11.6
PMT-0169,F-17,2024-03-01,11068.46,86.94,17.2
PMT-0169,F-17,2024-04-01,11469.26,88.64,25.7
PMT-0169,F-17,2024-05-01,14420.98,86.35,30.4
PMT-0169,F-17,2024-06-01,14669.76,89.58,29.1
PMT-0169,F-17,2024-07-01,14096.23,87.05,30.9
PMT-0169,F-17,2024-08-01,12099.85,92.04,24.0
PMT-0169,F-17,2024-09-01,9808.33,93.78,21.0
PMT-0169,F-17,2024-10-01,8544.58,89.37,11.9
PMT-0169,F-17,2024-11-01,7685.29,89.78,6.4
PMT-0169,F-17,2024-12-01,6794.36,92.59,3.6
PMT-0170,F-17,2022-01-01,9232.09,86.16,5.0
PMT-0170,F-17,2022-02-01,11409.78,87.67,11.4
PMT-0170,F-17,2022-03-01,13656.69,88.86,18.2
PMT-0170,F-17,2022-04-01,15806.9,93.15,26.2
PMT-0170,F-17,2022-05-01,17825.28,87.31,29.5
PMT-0170,F-17,2022-06-01,18219.33,86.95,31.7
PMT-0170,F-17,2022-07-01,17588.13,92.16,33.4
PMT-0170,F-17,2022-08-01,15629.58,95.98,24.7
PMT-0170,F-17,2022-09-01,13577.31,92.71,18.2
PMT-0170,F-17,2022-10-01,11293.61,95.28,10.4
PMT-0170,F-17,2022-11-01,9556.18,85.86,5.9
PMT-0170,F-17,2022-12-01,8624.08,94.6,4.4
PMT-0170,F-17,2023-01-01,9392.6,89.69,5.6
PMT-0170,F-17,2023-02-01,11181.02,91.51,11.9
PMT-0170,F-17,2023-03-01,13586.88,91.57,17.2
PMT-0170,F-17,2023-04-01,15753.38,87.96,23.7
PMT-0170,F-17,2023-05-01,17591.3,90.28,31.7
PMT-0170,F-17,2023-06-01,18641.99,91.09,32.2
PMT-0170,F-17,2023-07-01,17639.75,84.05,28.0
PMT-0170,F-17,2023-08-01,15738.44,87.88,23.8
PMT-0170,F-17,2023-09-01,13569.1,92.02,18.4
PMT-0170,F-17,2023-10-01,11262.12,90.92,12.3
PMT-0170,F-17,2023-11-01,9476.81,91.84,4.8
PMT-0170,F-17,2023-12-01,8678.31,86.87,3.3
PMT-0170,F-17,2024-01-01,9243.79,84.72,6.7
PMT-0170,F-17,2024-02-01,11138.64,90.37,10.3
PMT-0170,F-17,2024-03-01,13753.92,92.72,18.1
PMT-0170,F-17,2024-04-01,15972.07,91.55,24.3
PMT-0170,F-17,2024-05-01,17569.97,85.88,29.9
PMT-0170,F-17,2024-06-01,18597.74,89.01,32.9
PMT-0170,F-17,2024-07-01,17694.46,84.28,31.6
PMT-0170,F-17,2024-08-01,15791.88,86.28,26.2
PMT-0170,F-17,2024-09-01,13273.33,87.76,16.0
PMT-0170,F-17,2024-10-01,11386.96,90.71,11.9
PMT-0170,F-17,2024-11-01,9404.76,90.31,8.2
PMT-0170,F-17,2024-12-01,8716.0,89.14,5.3
PMT-0171,F-18,2022-01-01,10827.46,86.78,5.8
PMT-0171,F-18,2022-02-01,12684.37,88.61,10.7
PMT-0171,F-18,2022-03-01,15721.0,91.34,17.6
PMT-0171,F-18,2022-04-01,18447.87,86.51,24.5
PMT-0171,F-18,2022-05-01,19814.37,92.33,31.5
PMT-0171,F-18,2022-06-01,20994.15,83.26,32.7
PMT-0171,F-18,2022-07-01,19979.22,90.88,29.2
PMT-0171,F-18,2022-08-01,17976.84,92.99,26.6
PMT-0171,F-18,2022-09-01,15160.12,90.71,19.2
PMT-0171,F-18,2022-10-01,13170.5,87.05,13.4
PMT-0171,F-18,2022-11-01,10836.68,88.07,4.1
PMT-0171,F-18,2022-12-01,9976.31,89.92,3.9
PMT-0171,F-18,2023-01-01,11144.21,86.32,7.2
PMT-0171,F-18,2023-02-01,12861.7,89.17,10.6
PMT-0171,F-18,2023-03-01,15626.29,86.68,17.2
PMT-0171,F-18,2023-04-01,17867.83,91.22,23.5
PMT-0171,F-18,2023-05-01,19821.5,86.79,29.2
PMT-0171,F-18,2023-06-01,20666.83,85.65,31.2
PMT-0171,F-18,2023-07-01,19918.34,88.5,32.3
PMT-0171,F-18,2023-08-01,17725.03,92.91,23.9
PMT-0171,F-18,2023-09-01,15356.95,81.63,16.2
PMT-0171,F-18,2023-10-01,12718.46,86.06,10.9
PMT-0171,F-18,2023-11-01,10843.91,98.28,6.4
PMT-0171,F-18,2023-12-01,9922.37,89.83,2.4
PMT-0171,F-18,2024-01-01,10899.55,85.62,6.6
PMT-0171,F-18,2024-02-01,13267.06,91.02,9.6
PMT-0171,F-18,2024-03-01,15597.02,90.57,19.7
PMT-0171,F-18,2024-04-01,18183.48,87.18,22.9
PMT-0171,F-18,2024-05-01,20222.3,94.22,32.0
PMT-0171,F-18,2024-06-01,21110.43,87.47,32.5
PMT-0171,F-18,2024-07-01,19858.66,91.93,28.9
PMT-0171,F-18,2024-08-01,18187.35,93.48,25.8
PMT-0171,F-18,2024-09-01,15803.82,84.35,20.5
PMT-0171,F-18,2024-10-01,12518.65,83.83,10.1
PMT-0171,F-18,2024-11-01,10808.3,85.05,5.0
PMT-0171,F-18,2024-12-01,10130.69,88.88,2.3
PMT-0172,F-18,2022-01-01,17845.11,92.18,6.1
PMT-0172,F-18,2022-02-01,22033.17,86.28,8.5
PMT-0172,F-18,2022-03-01,27149.06,95.23,16.9
PMT-0172,F-18,2022-04-01,31595.08,94.02,25.3
PMT-0172,F-18,2022-05-01,36668.11,85.98,29.1
PMT-0172,F-18,2022-06-01,36427.56,91.9,32.0
PMT-0172,F-18,2022-07-01,35404.19,93.24,29.5
PMT-0172,F-18,2022-08-01,31861.41,87.77,26.0
PMT-0172,F-18,2022-09-01,26974.43,83.71,18.4
PMT-0172,F-18,2022-10-01,23396.41,85.3,11.5
PMT-0172,F-18,2022-11-01,18380.78,85.35,4.9
PMT-0172,F-18,2022-12-01,16844.12,86.06,4.7
PMT-0172,F-18,2023-01-01,18998.18,94.2,5.0
PMT-0172,F-18,2023-02-01,23412.02,92.58,11.8
PMT-0172,F-18,2023-03-01,27587.31,91.41,17.8
PMT-0172,F-18,2023-04-01,33395.17,86.59,22.7
PMT-0172,F-18,2023-05-01,35245.58,92.59,29.0
PMT-0172,F-18,2023-06-01,36609.52,86.42,31.8
PMT-0172,F-18,2023-07-01,36597.69,90.42,27.8
PMT-0172,F-18,2023-08-01,31383.68,83.38,25.0
PMT-0172,F-18,2023-09-01,27737.72,90.53,18.6
PMT-0172,F-18,2023-10-01,21837.73,90.21,11.5
PMT-0172,F-18,2023-11-01,18141.24,87.84,5.3
PMT-0172,F-18,2023-12-01,18098.97,94.05,4.9
PMT-0172,F-18,2024-01-01,19532.56,87.48,4.8
PMT-0172,F-18,2024-02-01,22839.16,91.63,11.4
PMT-0172,F-18,2024-03-01,26763.29,87.7,16.3
PMT-0172,F-18,2024-04-01,32440.08,87.89,26.3
PMT-0172,F-18,2024-05-01,36129.04,88.73,31.6
PMT-0172,F-18,2024-06-01,38502.65,86.36,32.8
PMT-0172,F-18,2024-07-01,33904.05,85.55,29.8
PMT-0172,F-18,2024-08-01,31424.08,85.34,26.2
PMT-0172,F-18,2024-09-01,27612.66,84.08,17.5
PMT-0172,F-18,2024-10-01,21719.73,91.8,11.3
PMT-0172,F-18,2024-11-01,18971.47,86.36,6.4
PMT-0172,F-18,2024-12-01,18072.07,85.0,5.8
PMT-0173,F-18,2022-01-01,7704.75,84.27,6.4
PMT-0173,F-18,2022-02-01,9197.06,89.69,10.3
PMT-0173,F-18,2022-03-01,11100.57,82.6,18.6
PMT-0173,F-18,2022-04-01,12939.25,87.0,24.5
PMT-0173,F-18,2022-05-01,14901.39,85.65,30.2
PMT-0173,F-18,2022-06-01,14636.2,84.72,32.5
PMT-0173,F-18,2022-07-01,14305.21,90.02,30.1
PMT-0173,F-18,2022-08-01,13128.98,85.71,25.3
PMT-0173,F-18,2022-09-01,11617.23,85.86,19.9
PMT-0173,F-18,2022-10-01,9190.56,85.13,10.2
PMT-0173,F-18,2022-11-01,7748.75,81.66,7.4
PMT-0173,F-18,2022-12-01,7307.06,90.08,4.1
PMT-0173,F-18,2023-01-01,7653.69,85.37,7.9
PMT-0173,F-18,2023-02-01,9483.78,85.05,10.9
PMT-0173,F-18,2023-03-01,11084.61,90.55,19.0
PMT-0173,F-18,2023-04-01,13087.36,89.22,23.4
PMT-0173,F-18,2023-05-01,14544.84,86.16,31.1
PMT-0173,F-18,2023-06-01,15032.37,85.74,32.9
PMT-0173,F-18,2023-07-01,14779.89,89.45,29.7
PMT-0173,F-18,2023-08-01,13082.17,84.25,26.5
PMT-0173,F-18,2023-09-01,11522.32,87.02,20.0
PMT-0173,F-18,2023-10-01,8991.98,87.46,11.5
PMT-0173,F-18,2023-11-01,7788.29,92.15,5.3
PMT-0173,F-18,2023-12-01,7269.31,90.34,3.1
PMT-0173,F-18,2024-01-01,7692.02,86.5,6.4
PMT-0173,F-18,2024-02-01,9431.42,83.55,13.5
PMT-0173,F-18,2024-03-01,11081.65,87.85,18.5
PMT-0173,F-18,2024-04-01,13120.61,83.46,24.8
PMT-0173,F-18,2024-05-01,14519.71,88.05,30.8
PMT-0173,F-18,2024-06-01,15355.69,87.08,32.7
PMT-0173,F-18,2024-07-01,14486.47,90.33,29.1
PMT-0173,F-18,2024-08-01,13160.38,89.85,25.3
PMT-0173,F-18,2024-09-01,11302.53,84.24,17.1
PMT-0173,F-18,2024-10-01,9305.87,90.97,10.8
PMT-0173,F-18,2024-11-01,7767.44,88.17,6.4
PMT-0173,F-18,2024-12-01,7220.14,93.83,2.5
PMT-0174,F-18,2022-01-01,5945.56,84.4,6.5
PMT-0174,F-18,2022-02-01,6762.02,89.91,9.5
PMT-0174,F-18,2022-03-01,8392.17,90.94,18.2
PMT-0174,F-18,2022-04-01,10182.87,90.0,22.9
PMT-0174,F-18,2022-05-01,11027.45,93.38,30.8
PMT-0174,F-18,2022-06-01,11088.88,92.84,31.7
PMT-0174,F-18,2022-07-01,11114.71,88.97,30.5
PMT-0174,F-18,2022-08-01,9630.69,89.54,26.5
PMT-0174,F-18,2022-09-01,8196.57,91.83,18.8
PMT-0174,F-18,2022-10-01,7242.09,92.28,10.5
PMT-0174,F-18,2022-11-01,5877.8,85.86,5.5
PMT-0174,F-18,2022-12-01,5604.39,83.8,4.6
PMT-0174,F-18,2023-01-01,6099.96,81.79,7.9
PMT-0174,F-18,2023-02-01,6735.57,87.74,12.5
PMT-0174,F-18,2023-03-01,8667.96,85.78,18.0
PMT-0174,F-18,2023-04-01,9851.78,86.66,26.7
PMT-0174,F-18,2023-05-01,11189.66,93.61,31.1
PMT-0174,F-18,2023-06-01,11111.42,88.98,32.4
PMT-0174,F-18,2023-07-01,10726.01,85.67,29.8
PMT-0174,F-18,2023-08-01,9360.51,87.91,23.6
PMT-0174,F-18,2023-09-01,8775.07,88.49,16.5
PMT-0174,F-18,2023-10-01,6894.5,83.83,10.5
PMT-0174,F-18,2023-11-01,5816.89,89.91,5.1
PMT-0174,F-18,2023-12-01,5782.65,88.42,3.9
PMT-0174,F-18,2024-01-01,6031.57,85.85,5.0
PMT-0174,F-18,2024-02-01,6753.66,87.8,12.1
PMT-0174,F-18,2024-03-01,9059.78,86.74,17.8
PMT-0174,F-18,2024-04-01,9984.11,92.04,25.2
PMT-0174,F-18,2024-05-01,11268.74,89.9,30.1
PMT-0174,F-18,2024-06-01,11189.12,93.93,31.4
PMT-0174,F-18,2024-07-01,11272.22,89.87,30.9
PMT-0174,F-18,2024-08-01,10319.62,85.35,24.1
PMT-0174,F-18,2024-09-01,8258.71,85.37,19.5
PMT-0174,F-18,2024-10-01,7226.16,90.23,10.2
PMT-0174,F-18,2024-11-01,5625.24,84.79,7.4
PMT-0174,F-18,2024-12-01,5849.89,82.65,3.5
PMT-0175,F-18,2022-01-01,9009.86,84.98,7.5
PMT-0175,F-18,2022-02-01,11696.9,89.63,8.5
PMT-0175,F-18,2022-03-01,12705.09,87.12,18.1
PMT-0175,F-18,2022-04-01,16169.53,89.09,25.6
PMT-0175,F-18,2022-05-01,18422.95,81.56,30.5
PMT-0175,F-18,2022-06-01,18518.46,88.41,31.2
PMT-0175,F-18,2022-07-01,17714.79,87.2,30.9
PMT-0175,F-18,2022-08-01,16231.21,91.16,26.5
PMT-0175,F-18,2022-09-01,14186.09,87.72,16.6
PMT-0175,F-18,2022-10-01,11360.65,92.18,9.1
PMT-0175,F-18,2022-11-01,10185.31,87.69,4.3
PMT-0175,F-18,2022-12-01,8683.31,86.84,3.1
PMT-0175,F-18,2023-01-01,9749.29,91.2,6.2
PMT-0175,F-18,2023-02-01,11088.77,85.35,9.5
PMT-0175,F-18,2023-03-01,14279.53,89.02,19.2
PMT-0175,F-18,2023-04-01,16498.19,90.36,24.8
PMT-0175,F-18,2023-05-01,17280.32,89.13,33.9
PMT-0175,F-18,2023-06-01,19186.52,90.91,29.8
PMT-0175,F-18,2023-07-01,18046.51,91.38,30.2
PMT-0175,F-18,2023-08-01,15655.45,84.56,23.5
PMT-0175,F-18,2023-09-01,14316.51,86.28,17.0
PMT-0175,F-18,2023-10-01,11279.72,86.23,11.9
PMT-0175,F-18,2023-11-01,9263.44,90.48,4.0
PMT-0175,F-18,2023-12-01,9296.49,85.43,3.0
PMT-0175,F-18,2024-01-01,10286.21,85.48,6.7
PMT-0175,F-18,2024-02-01,11224.81,93.65,10.9
PMT-0175,F-18,2024-03-01,14425.49,87.78,18.2
PMT-0175,F-18,2024-04-01,16998.84,92.47,26.2
PMT-0175,F-18,2024-05-01,18071.78,88.86,30.5
PMT-0175,F-18,2024-06-01,19351.95,88.7,31.6
PMT-0175,F-18,2024-07-01,18726.05,90.44,30.0
PMT-0175,F-18,2024-08-01,16147.88,87.46,25.3
PMT-0175,F-18,2024-09-01,13638.48,95.56,16.2
PMT-0175,F-18,2024-10-01,10955.46,88.26,12.5
PMT-0175,F-18,2024-11-01,9836.98,83.39,6.3
PMT-0175,F-18,2024-12-01,8614.89,86.61,3.1
PMT-0176,F-18,2022-01-01,7718.69,88.55,4.3
PMT-0176,F-18,2022-02-01,9084.27,87.39,10.5
PMT-0176,F-18,2022-03-01,11533.78,91.03,20.1
PMT-0176,F-18,2022-04-01,13057.51,81.17,24.7
PMT-0176,F-18,2022-05-01,14966.72,95.12,29.2
PMT-0176,F-18,2022-06-01,14441.63,84.92,32.7
PMT-0176,F-18,2022-07-01,14947.28,90.09,29.2
PMT-0176,F-18,2022-08-01,13507.45,86.91,27.0
PMT-0176,F-18,2022-09-01,11035.45,95.7,17.6
PMT-0176,F-18,2022-10-01,9198.44,89.56,11.2
PMT-0176,F-18,2022-11-01,7884.99,88.68,5.3
PMT-0176,F-18,2022-12-01,7126.94,89.46,3.5
PMT-0176,F-18,2023-01-01,7539.48,92.25,5.9
PMT-0176,F-18,2023-02-01,9107.1,90.35,9.5
PMT-0176,F-18,2023-03-01,11205.29,86.25,15.7
PMT-0176,F-18,2023-04-01,12813.42,91.98,23.8
PMT-0176,F-18,2023-05-01,14356.98,88.77,29.1
PMT-0176,F-18,2023-06-01,14861.68,86.47,33.8
PMT-0176,F-18,2023-07-01,13823.9,90.33,30.8
PMT-0176,F-18,2023-08-01,13500.6,90.61,24.4
PMT-0176,F-18,2023-09-01,11026.95,94.97,20.3
PMT-0176,F-18,2023-10-01,9182.76,89.19,9.6
PMT-0176,F-18,2023-11-01,7584.03,87.05,8.0
PMT-0176,F-18,2023-12-01,7479.79,89.95,5.3
PMT-0176,F-18,2024-01-01,7686.25,89.65,5.3
PMT-0176,F-18,2024-02-01,9177.96,88.33,11.9
PMT-0176,F-18,2024-03-01,10924.96,87.02,18.1
PMT-0176,F-18,2024-04-01,12929.95,90.68,27.7
PMT-0176,F-18,2024-05-01,14796.27,87.07,32.3
PMT-0176,F-18,2024-06-01,14657.19,88.16,33.0
PMT-0176,F-18,2024-07-01,14457.39,87.56,30.7
PMT-0176,F-18,2024-08-01,13053.81,88.69,26.0
PMT-0176,F-18,2024-09-01,10859.29,92.87,17.2
PMT-0176,F-18,2024-10-01,9115.34,91.77,9.4
PMT-0176,F-18,2024-11-01,7956.5,85.63,4.7
PMT-0176,F-18,2024-12-01,7026.68,85.23,6.5
PMT-0177,F-18,2022-01-01,14511.66,82.64,6.7
PMT-0177,F-18,2022-02-01,17065.06,90.7,10.8
PMT-0177,F-18,2022-03-01,20689.64,89.72,17.6
PMT-0177,F-18,2022-04-01,24666.23,87.89,24.8
PMT-0177,F-18,2022-05-01,27124.53,92.08,32.2
PMT-0177,F-18,2022-06-01,28935.73,87.12,35.0
PMT-0177,F-18,2022-07-01,27445.16,93.27,28.9
PMT-0177,F-18,2022-08-01,25486.69,89.98,26.2
PMT-0177,F-18,2022-09-01,20954.42,90.24,18.1
PMT-0177,F-18,2022-10-01,17915.24,85.48,9.6
PMT-0177,F-18,2022-11-01,14765.39,90.16,6.1
PMT-0177,F-18,2022-12-01,13562.8,88.61,3.9
PMT-0177,F-18,2023-01-01,14482.7,85.77,4.4
PMT-0177,F-18,2023-02-01,17375.75,89.16,10.0
PMT-0177,F-18,2023-03-01,21706.36,92.88,15.9
PMT-0177,F-18,2023-04-01,24166.4,81.83,25.5
PMT-0177,F-18,2023-05-01,27716.62,84.26,29.3
PMT-0177,F-18,2023-06-01,29970.39,88.57,31.4
PMT-0177,F-18,2023-07-01,27272.87,84.4,29.5
PMT-0177,F-18,2023-08-01,24162.91,87.61,26.7
PMT-0177,F-18,2023-09-01,21226.38,90.4,18.2
PMT-0177,F-18,2023-10-01,17457.23,93.45,10.1
PMT-0177,F-18,2023-11-01,14665.68,84.42,5.2
PMT-0177,F-18,2023-12-01,13541.92,91.69,5.3
PMT-0177,F-18,2024-01-01,14484.21,88.49,8.3
PMT-0177,F-18,2024-02-01,17285.53,91.88,11.8
PMT-0177,F-18,2024-03-01,20728.26,89.87,17.1
PMT-0177,F-18,2024-04-01,24614.27,87.36,24.7
PMT-0177,F-18,2024-05-01,27144.27,86.23,27.8
PMT-0177,F-18,2024-06-01,27776.57,90.57,30.6
PMT-0177,F-18,2024-07-01,26563.72,92.05,30.1
PMT-0177,F-18,2024-08-01,25426.07,89.22,23.9
PMT-0177,F-18,2024-09-01,21357.09,82.75,17.6
PMT-0177,F-18,2024-10-01,17980.29,88.0,10.5
PMT-0177,F-18,2024-11-01,14535.62,90.62,6.2
PMT-0177,F-18,2024-12-01,13713.23,84.24,3.2
PMT-0178,F-18,2022-01-01,9576.03,90.78,6.6
PMT-0178,F-18,2022-02-01,11253.24,87.79,10.9
PMT-0178,F-18,2022-03-01,13431.15,90.26,19.1
PMT-0178,F-18,2022-04-01,15809.49,89.06,24.2
PMT-0178,F-18,2022-05-01,17985.97,87.34,29.8
PMT-0178,F-18,2022-06-01,18685.25,93.02,32.5
PMT-0178,F-18,2022-07-01,18179.94,90.34,30.0
PMT-0178,F-18,2022-08-01,16419.06,88.52,25.5
PMT-0178,F-18,2022-09-01,13702.92,91.47,17.8
PMT-0178,F-18,2022-10-01,11197.39,90.86,12.7
PMT-0178,F-18,2022-11-01,9531.7,90.57,4.3
PMT-0178,F-18,2022-12-01,9032.33,85.44,4.3
PMT-0178,F-18,2023-01-01,10012.36,87.45,7.7
PMT-0178,F-18,2023-02-01,11606.72,87.82,12.7
PMT-0178,F-18,2023-03-01,13660.83,91.95,17.0
PMT-0178,F-18,2023-04-01,16227.7,83.43,27.0
PMT-0178,F-18,2023-05-01,18051.82,89.48,30.0
PMT-0178,F-18,2023-06-01,19138.29,87.77,30.5
PMT-0178,F-18,2023-07-01,17989.8,91.62,30.8
PMT-0178,F-18,2023-08-01,16457.37,88.6,26.3
PMT-0178,F-18,2023-09-01,14070.53,89.83,17.4
PMT-0178,F-18,2023-10-01,11545.3,86.75,8.2
PMT-0178,F-18,2023-11-01,9557.06,83.49,5.8
PMT-0178,F-18,2023-12-01,9129.21,91.32,4.2
PMT-0178,F-18,2024-01-01,9362.9,81.04,8.8
PMT-0178,F-18,2024-02-01,11470.48,90.26,10.2
PMT-0178,F-18,2024-03-01,13676.31,86.7,17.8
PMT-0178,F-18,2024-04-01,16228.25,85.14,23.0
PMT-0178,F-18,2024-05-01,18128.83,86.9,30.7
PMT-0178,F-18,2024-06-01,18558.57,85.69,31.5
PMT-0178,F-18,2024-07-01,18182.25,85.52,29.5
PMT-0178,F-18,2024-08-01,16295.1,86.43,24.1
PMT-0178,F-18,2024-09-01,13881.57,92.79,18.4
PMT-0178,F-18,2024-10-01,11657.67,85.51,11.2
PMT-0178,F-18,2024-11-01,9499.53,88.22,6.3
PMT-0178,F-18,2024-12-01,8985.09,86.9,3.2
PMT-0179,F-18,2022-01-01,9199.48,94.42,6.7
PMT-0179,F-18,2022-02-01,10879.33,83.8,9.4
PMT-0179,F-18,2022-03-01,13556.62,89.5,16.1
PMT-0179,F-18,2022-04-01,15700.95,90.17,22.7
PMT-0179,F-18,2022-05-01,16562.0,92.02,31.1
PMT-0179,F-18,2022-06-01,18118.07,82.32,33.2
PMT-0179,F-18,2022-07-01,17116.55,87.84,32.1
PMT-0179,F-18,2022-08-01,15521.8,90.58,26.6
PMT-0179,F-18,2022-09-01,13241.69,91.19,18.5
PMT-0179,F-18,2022-10-01,10510.32,88.04,11.0
PMT-0179,F-18,2022-11-01,9170.55,85.31,4.2
PMT-0179,F-18,2022-12-01,8413.26,87.77,3.3
PMT-0179,F-18,2023-01-01,9168.22,85.43,8.5
PMT-0179,F-18,2023-02-01,11047.2,86.15,10.6
PMT-0179,F-18,2023-03-01,13294.3,87.28,19.5
PMT-0179,F-18,2023-04-01,15766.67,91.17,23.2
PMT-0179,F-18,2023-05-01,17639.04,84.98,29.6
PMT-0179,F-18,2023-06-01,18137.0,87.41,32.6
PMT-0179,F-18,2023-07-01,17379.01,89.61,30.0
PMT-0179,F-18,2023-08-01,15542.98,91.23,23.7
PMT-0179,F-18,2023-09-01,13367.88,83.21,19.3
PMT-0179,F-18,2023-10-01,10879.81,85.95,11.5
PMT-0179,F-18,2023-11-01,8961.52,81.82,5.9
PMT-0179,F-18,2023-12-01,8283.93,89.75,5.9
PMT-0179,F-18,2024-01-01,8911.63,90.62,5.2
PMT-0179,F-18,2024-02-01,10762.86,88.72,12.4
PMT-0179,F-18,2024-03-01,13440.82,93.46,21.0
PMT-0179,F-18,2024-04-01,15444.12,93.12,28.2
PMT-0179,F-18,2024-05-01,16975.72,85.71,29.0
PMT-0179,F-18,2024-06-01,17941.16,88.18,31.2
PMT-0179,F-18,2024-07-01,17586.7,87.5,28.5
PMT-0179,F-18,2024-08-01,15698.1,89.96,24.5
PMT-0179,F-18,2024-09-01,13070.6,91.72,18.0
PMT-0179,F-18,2024-10-01,10845.25,86.39,10.4
PMT-0179,F-18,2024-11-01,9519.72,93.26,4.8
PMT-0179,F-18,2024-12-01,8862.76,85.79,5.1
PMT-0180,F-18,2022-01-01,6343.1,92.24,6.0
PMT-0180,F-18,2022-02-01,7549.76,88.5,10.2
PMT-0180,F-18,2022-03-01,9124.72,86.5,18.4
PMT-0180,F-18,2022-04-01,10890.43,89.71,25.6
PMT-0180,F-18,2022-05-01,12038.62,89.54,29.5
PMT-0180,F-18,2022-06-01,12273.75,87.94,31.3
PMT-0180,F-18,2022-07-01,12103.37,90.54,29.0
PMT-0180,F-18,2022-08-01,10566.6,89.27,26.3
PMT-0180,F-18,2022-09-01,9294.19,89.37,17.2
PMT-0180,F-18,2022-10-01,7535.78,86.97,10.3
PMT-0180,F-18,2022-11-01,6428.45,87.62,7.4
PMT-0180,F-18,2022-12-01,6081.68,87.3,4.1
PMT-0180,F-18,2023-01-01,6603.04,91.36,7.2
PMT-0180,F-18,2023-02-01,7679.77,88.42,10.1
PMT-0180,F-18,2023-03-01,8952.28,84.43,17.7
PMT-0180,F-18,2023-04-01,11071.62,95.71,25.3
PMT-0180,F-18,2023-05-01,11750.6,88.26,29.0
PMT-0180,F-18,2023-06-01,11931.09,91.31,32.5
PMT-0180,F-18,2023-07-01,11803.99,88.41,30.3
PMT-0180,F-18,2023-08-01,10611.01,90.19,23.9
PMT-0180,F-18,2023-09-01,9289.94,82.54,17.1
PMT-0180,F-18,2023-10-01,7647.41,89.87,10.7
PMT-0180,F-18,2023-11-01,6379.67,87.18,4.4
PMT-0180,F-18,2023-12-01,5940.28,88.6,2.8
PMT-0180,F-18,2024-01-01,6360.14,91.61,4.4
PMT-0180,F-18,2024-02-01,7556.0,89.13,11.5
PMT-0180,F-18,2024-03-01,9333.88,86.81,16.9
PMT-0180,F-18,2024-04-01,10649.1,92.13,24.6
PMT-0180,F-18,2024-05-01,11761.71,85.64,30.3
PMT-0180,F-18,2024-06-01,12378.75,93.21,31.0
PMT-0180,F-18,2024-07-01,11980.95,89.77,30.1
PMT-0180,F-18,2024-08-01,10972.27,87.75,24.6
PMT-0180,F-18,2024-09-01,9327.39,91.33,18.7
PMT-0180,F-18,2024-10-01,7546.76,85.49,11.4
PMT-0180,F-18,2024-11-01,6477.23,88.25,5.9
PMT-0180,F-18,2024-12-01,5855.51,87.08,4.2
PMT-0181,F-19,2022-01-01,7209.65,90.51,6.3
PMT-0181,F-19,2022-02-01,8767.02,100.0,12.0
PMT-0181,F-19,2022-03-01,10556.9,98.41,18.0
PMT-0181,F-19,2022-04-01,12318.38,100.0,25.1
PMT-0181,F-19,2022-05-01,14119.0,95.7,28.1
PMT-0181,F-19,2022-06-01,13959.93,100.0,32.3
PMT-0181,F-19,2022-07-01,13518.62,95.83,30.5
PMT-0181,F-19,2022-08-01,12639.52,100.0,24.8
PMT-0181,F-19,2022-09-01,10478.91,100.0,21.5
PMT-0181,F-19,2022-10-01,8742.78,95.09,10.9
PMT-0181,F-19,2022-11-01,7172.86,95.83,7.0
PMT-0181,F-19,2022-12-01,6763.2,100.0,4.1
PMT-0181,F-19,2023-01-01,7554.52,99.79,6.2
PMT-0181,F-19,2023-02-01,8711.16,97.63,11.6
PMT-0181,F-19,2023-03-01,10620.24,99.28,16.4
PMT-0181,F-19,2023-04-01,11925.9,99.48,25.7
PMT-0181,F-19,2023-05-01,13832.84,97.74,28.3
PMT-0181,F-19,2023-06-01,14552.46,100.0,35.4
PMT-0181,F-19,2023-07-01,13384.18,97.99,29.6
PMT-0181,F-19,2023-08-01,12099.55,100.0,24.2
PMT-0181,F-19,2023-09-01,10795.35,99.85,17.5
PMT-0181,F-19,2023-10-01,8505.72,94.34,10.4
PMT-0181,F-19,2023-11-01,7551.25,96.14,5.9
PMT-0181,F-19,2023-12-01,6668.7,99.42,3.5
PMT-0181,F-19,2024-01-01,7323.11,98.96,4.5
PMT-0181,F-19,2024-02-01,8924.97,100.0,10.6
PMT-0181,F-19,2024-03-01,10385.43,94.56,17.6
PMT-0181,F-19,2024-04-01,12700.53,97.66,25.7
PMT-0181,F-19,2024-05-01,12928.21,99.36,31.1
PMT-0181,F-19,2024-06-01,13986.69,95.71,31.7
PMT-0181,F-19,2024-07-01,13754.14,95.99,29.8
PMT-0181,F-19,2024-08-01,12604.65,95.81,24.7
PMT-0181,F-19,2024-09-01,10708.26,95.14,17.7
PMT-0181,F-19,2024-10-01,9102.24,100.0,11.1
PMT-0181,F-19,2024-11-01,7501.25,100.0,6.1
PMT-0181,F-19,2024-12-01,7000.44,100.0,3.8
PMT-0182,F-19,2022-01-01,8033.0,96.43,6.0
PMT-0182,F-19,2022-02-01,9756.09,97.57,11.5
PMT-0182,F-19,2022-03-01,11091.31,99.25,16.7
PMT-0182,F-19,2022-04-01,13644.7,100.0,24.5
PMT-0182,F-19,2022-05-01,14929.64,98.0,29.9
PMT-0182,F-19,2022-06-01,15563.3,98.14,32.0
PMT-0182,F-19,2022-07-01,15076.39,100.0,28.6
PMT-0182,F-19,2022-08-01,13601.82,95.15,26.3
PMT-0182,F-19,2022-09-01,11641.78,96.36,18.8
PMT-0182,F-19,2022-10-01,9468.89,97.39,11.4
PMT-0182,F-19,2022-11-01,7968.12,97.78,4.2
PMT-0182,F-19,2022-12-01,7539.47,96.55,4.8
PMT-0182,F-19,2023-01-01,7968.24,96.16,5.8
PMT-0182,F-19,2023-02-01,9630.75,98.16,11.4
PMT-0182,F-19,2023-03-01,11554.39,97.03,19.0
PMT-0182,F-19,2023-04-01,13433.44,96.85,24.4
PMT-0182,F-19,2023-05-01,15197.31,99.53,32.7
PMT-0182,F-19,2023-06-01,15751.01,100.0,31.6
PMT-0182,F-19,2023-07-01,15364.19,99.22,29.6
PMT-0182,F-19,2023-08-01,13659.83,97.43,23.0
PMT-0182,F-19,2023-09-01,11401.39,100.0,19.1
PMT-0182,F-19,2023-10-01,9486.15,98.15,12.0
PMT-0182,F-19,2023-11-01,7949.98,98.41,6.1
PMT-0182,F-19,2023-12-01,7488.73,97.71,3.7
PMT-0182,F-19,2024-01-01,8015.48,100.0,5.7
PMT-0182,F-19,2024-02-01,9573.85,97.89,13.8
PMT-0182,F-19,2024-03-01,11347.59,96.09,18.4
PMT-0182,F-19,2024-04-01,13334.01,93.26,25.0
PMT-0182,F-19,2024-05-01,14843.5,98.44,30.2
PMT-0182,F-19,2024-06-01,15640.08,98.89,32.4
PMT-0182,F-19,2024-07-01,15111.57,99.23,29.9
PMT-0182,F-19,2024-08-01,13504.81,100.0,24.1
PMT-0182,F-19,2024-09-01,11699.93,99.86,19.4
PMT-0182,F-19,2024-10-01,9480.01,99.31,11.2
PMT-0182,F-19,2024-11-01,8031.53,98.57,4.0
PMT-0182,F-19,2024-12-01,7514.03,100.0,3.4
PMT-0183,F-19,2022-01-01,8060.04,96.23,5.4
PMT-0183,F-19,2022-02-01,9510.99,93.94,12.9
PMT-0183,F-19,2022-03-01,11254.36,92.85,16.8
PMT-0183,F-19,2022-04-01,12969.88,99.03,25.6
PMT-0183,F-19,2022-05-01,13978.8,96.42,30.7
PMT-0183,F-19,2022-06-01,15701.46,96.82,30.6
PMT-0183,F-19,2022-07-01,15101.37,95.85,29.4
PMT-0183,F-19,2022-08-01,12887.65,94.35,26.3
PMT-0183,F-19,2022-09-01,11811.92,96.04,17.7
PMT-0183,F-19,2022-10-01,9915.8,92.86,13.7
PMT-0183,F-19,2022-11-01,7983.97,100.0,6.3
PMT-0183,F-19,2022-12-01,7515.14,100.0,2.9
PMT-0183,F-19,2023-01-01,7627.67,98.78,4.3
PMT-0183,F-19,2023-02-01,9534.12,95.39,10.9
PMT-0183,F-19,2023-03-01,11485.43,95.68,16.7
PMT-0183,F-19,2023-04-01,13273.45,96.14,24.1
PMT-0183,F-19,2023-05-01,14816.53,99.22,28.9
PMT-0183,F-19,2023-06-01,15325.43,97.93,32.8
PMT-0183,F-19,2023-07-01,15117.14,96.95,31.1
PMT-0183,F-19,2023-08-01,13576.87,100.0,26.7
PMT-0183,F-19,2023-09-01,11090.51,100.0,17.6
PMT-0183,F-19,2023-10-01,9787.24,100.0,11.2
PMT-0183,F-19,2023-11-01,7951.26,96.81,5.1
PMT-0183,F-19,2023-12-01,7412.23,99.04,5.3
PMT-0183,F-19,2024-01-01,8391.96,99.06,6.0
PMT-0183,F-19,2024-02-01,9500.59,92.75,10.4
PMT-0183,F-19,2024-03-01,11356.05,100.0,18.1
PMT-0183,F-19,2024-04-01,13730.77,99.95,26.2
PMT-0183,F-19,2024-05-01,15113.32,95.5,29.0
PMT-0183,F-19,2024-06-01,15268.31,100.0,32.5
PMT-0183,F-19,2024-07-01,15337.01,98.85,31.9
PMT-0183,F-19,2024-08-01,13704.29,100.0,26.9
PMT-0183,F-19,2024-09-01,11407.28,100.0,17.9
PMT-0183,F-19,2024-10-01,9613.8,100.0,12.5
PMT-0183,F-19,2024-11-01,8205.37,100.0,4.3
PMT-0183,F-19,2024-12-01,7691.53,92.49,4.9
PMT-0184,F-19,2022-01-01,14961.92,97.72,5.8
PMT-0184,F-19,2022-02-01,17956.24,100.0,11.7
PMT-0184,F-19,2022-03-01,21062.55,97.13,17.2
PMT-0184,F-19,2022-04-01,25313.14,93.99,25.8
PMT-0184,F-19,2022-05-01,29048.6,96.45,29.7
PMT-0184,F-19,2022-06-01,29009.59,92.69,31.3
PMT-0184,F-19,2022-07-01,27705.96,100.0,29.5
PMT-0184,F-19,2022-08-01,24916.02,98.02,23.5
PMT-0184,F-19,2022-09-01,21234.08,96.45,18.6
PMT-0184,F-19,2022-10-01,18023.49,100.0,11.8
PMT-0184,F-19,2022-11-01,15189.5,100.0,6.2
PMT-0184,F-19,2022-12-01,14676.11,97.27,6.1
PMT-0184,F-19,2023-01-01,15185.8,100.0,6.3
PMT-0184,F-19,2023-02-01,18840.8,100.0,9.3
PMT-0184,F-19,2023-03-01,21949.0,100.0,19.5
PMT-0184,F-19,2023-04-01,25624.95,100.0,25.8
PMT-0184,F-19,2023-05-01,28857.84,100.0,29.5
PMT-0184,F-19,2023-06-01,29661.89,92.66,30.5
PMT-0184,F-19,2023-07-01,28639.99,99.77,30.9
PMT-0184,F-19,2023-08-01,26941.65,97.01,23.6
PMT-0184,F-19,2023-09-01,22674.85,96.46,18.8
PMT-0184,F-19,2023-10-01,18157.07,98.13,10.1
PMT-0184,F-19,2023-11-01,15325.45,100.0,5.2
PMT-0184,F-19,2023-12-01,13939.46,89.91,1.9
PMT-0184,F-19,2024-01-01,14988.15,100.0,5.8
PMT-0184,F-19,2024-02-01,18124.37,97.41,11.2
PMT-0184,F-19,2024-03-01,21312.17,99.92,17.8
PMT-0184,F-19,2024-04-01,25579.39,95.43,23.8
PMT-0184,F-19,2024-05-01,27884.16,100.0,31.6
PMT-0184,F-19,2024-06-01,29651.93,93.8,31.3
PMT-0184,F-19,2024-07-01,28205.29,95.52,29.9
PMT-0184,F-19,2024-08-01,26006.51,95.65,25.1
PMT-0184,F-19,2024-09-01,22553.75,100.0,16.4
PMT-0184,F-19,2024-10-01,18260.39,98.17,10.8
PMT-0184,F-19,2024-11-01,14797.48,100.0,6.1
PMT-0184,F-19,2024-12-01,14278.49,99.52,2.8
PMT-0185,F-19,2022-01-01,26527.18,100.0,2.9
PMT-0185,F-19,2022-02-01,31955.77,98.94,11.5
PMT-0185,F-19,2022-03-01,40375.52,100.0,16.5
PMT-0185,F-19,2022-04-01,48685.24,98.05,27.6
PMT-0185,F-19,2022-05-01,52445.22,96.35,28.7
PMT-0185,F-19,2022-06-01,54886.29,97.22,30.5
PMT-0185,F-19,2022-07-01,51812.94,97.93,30.2
PMT-0185,F-19,2022-08-01,46744.14,96.63,24.6
PMT-0185,F-19,2022-09-01,40949.14,97.03,18.5
PMT-0185,F-19,2022-10-01,33229.19,97.09,12.5
PMT-0185,F-19,2022-11-01,27517.11,94.93,5.0
PMT-0185,F-19,2022-12-01,25762.35,97.62,3.3
PMT-0185,F-19,2023-01-01,27702.11,97.72,4.9
PMT-0185,F-19,2023-02-01,33923.38,100.0,9.4
PMT-0185,F-19,2023-03-01,40880.91,97.0,17.4
PMT-0185,F-19,2023-04-01,45242.18,95.82,26.6
PMT-0185,F-19,2023-05-01,53775.57,96.85,31.0
PMT-0185,F-19,2023-06-01,54292.18,98.0,30.7
PMT-0185,F-19,2023-07-01,52282.64,95.14,28.9
PMT-0185,F-19,2023-08-01,47818.87,98.65,24.2
PMT-0185,F-19,2023-09-01,39291.71,94.23,17.7
PMT-0185,F-19,2023-10-01,32266.12,97.6,11.1
PMT-0185,F-19,2023-11-01,28443.84,95.71,8.0
PMT-0185,F-19,2023-12-01,25982.66,93.85,3.8
PMT-0185,F-19,2024-01-01,29856.62,100.0,7.2
PMT-0185,F-19,2024-02-01,32983.45,100.0,9.3
PMT-0185,F-19,2024-03-01,38832.11,99.31,17.7
PMT-0185,F-19,2024-04-01,46597.71,100.0,27.2
PMT-0185,F-19,2024-05-01,51901.15,96.34,30.9
PMT-0185,F-19,2024-06-01,54854.7,95.15,32.5
PMT-0185,F-19,2024-07-01,52961.8,100.0,30.8
PMT-0185,F-19,2024-08-01,47779.7,100.0,25.4
PMT-0185,F-19,2024-09-01,38718.83,99.09,17.9
PMT-0185,F-19,2024-10-01,32060.45,95.61,11.8
PMT-0185,F-19,2024-11-01,27836.89,93.47,7.1
PMT-0185,F-19,2024-12-01,25518.5,98.25,3.3
PMT-0186,F-19,2022-01-01,10786.6,100.0,7.7
PMT-0186,F-19,2022-02-01,12600.11,96.85,10.6
PMT-0186,F-19,2022-03-01,14947.06,100.0,18.7
PMT-0186,F-19,2022-04-01,17902.04,93.31,25.0
PMT-0186,F-19,2022-05-01,20475.78,96.93,29.0
PMT-0186,F-19,2022-06-01,19971.84,98.01,32.6
PMT-0186,F-19,2022-07-01,19758.38,95.51,32.0
PMT-0186,F-19,2022-08-01,17304.14,100.0,24.9
PMT-0186,F-19,2022-09-01,15595.18,99.44,18.4
PMT-0186,F-19,2022-10-01,12895.88,98.35,13.2
PMT-0186,F-19,2022-11-01,10631.65,92.3,6.4
PMT-0186,F-19,2022-12-01,9555.65,99.48,5.1
PMT-0186,F-19,2023-01-01,10868.59,92.53,4.6
PMT-0186,F-19,2023-02-01,12800.03,91.78,11.0
PMT-0186,F-19,2023-03-01,15133.76,99.56,17.6
PMT-0186,F-19,2023-04-01,17993.13,98.67,23.2
PMT-0186,F-19,2023-05-01,19811.17,97.7,30.1
PMT-0186,F-19,2023-06-01,21063.61,97.92,32.5
PMT-0186,F-19,2023-07-01,19508.85,99.12,28.8
PMT-0186,F-19,2023-08-01,18373.5,93.79,28.6
PMT-0186,F-19,2023-09-01,15054.6,100.0,17.6
PMT-0186,F-19,2023-10-01,12426.79,98.06,10.3
PMT-0186,F-19,2023-11-01,10913.05,97.81,4.6
PMT-0186,F-19,2023-12-01,10164.39,93.11,3.3
PMT-0186,F-19,2024-01-01,10809.34,98.96,8.0
PMT-0186,F-19,2024-02-01,12211.62,97.3,10.2
PMT-0186,F-19,2024-03-01,15020.67,100.0,18.6
PMT-0186,F-19,2024-04-01,17716.26,100.0,24.5
PMT-0186,F-19,2024-05-01,20410.63,91.98,30.9
PMT-0186,F-19,2024-06-01,20090.62,96.62,33.9
PMT-0186,F-19,2024-07-01,19460.05,92.93,30.5
PMT-0186,F-19,2024-08-01,18213.21,100.0,24.6
PMT-0186,F-19,2024-09-01,15281.88,99.64,17.4
PMT-0186,F-19,2024-10-01,12759.12,100.0,13.5
PMT-0186,F-19,2024-11-01,10406.27,100.0,6.4
PMT-0186,F-19,2024-12-01,9843.9,99.98,3.8
PMT-0187,F-19,2022-01-01,6948.22,94.97,3.1
PMT-0187,F-19,2022-02-01,8340.77,96.55,9.3
PMT-0187,F-19,2022-03-01,10336.6,92.91,17.7
PMT-0187,F-19,2022-04-01,11474.33,97.39,25.6
PMT-0187,F-19,2022-05-01,12856.81,100.0,31.6
PMT-0187,F-19,2022-06-01,13904.97,93.93,31.1
PMT-0187,F-19,2022-07-01,13140.27,97.48,27.8
PMT-0187,F-19,2022-08-01,12544.01,100.0,23.7
PMT-0187,F-19,2022-09-01,10090.9,100.0,19.1
PMT-0187,F-19,2022-10-01,8733.47,100.0,9.7
PMT-0187,F-19,2022-11-01,7264.16,98.67,5.2
PMT-0187,F-19,2022-12-01,6603.94,100.0,6.7
PMT-0187,F-19,2023-01-01,7275.14,92.66,6.5
PMT-0187,F-19,2023-02-01,8198.52,99.26,10.4
PMT-0187,F-19,2023-03-01,10182.22,100.0,18.2
PMT-0187,F-19,2023-04-01,12196.43,98.18,25.4
PMT-0187,F-19,2023-05-01,13191.82,95.28,30.3
PMT-0187,F-19,2023-06-01,13716.3,97.17,33.1
PMT-0187,F-19,2023-07-01,13516.37,98.53,30.8
PMT-0187,F-19,2023-08-01,12098.41,99.3,26.0
PMT-0187,F-19,2023-09-01,10136.98,100.0,16.8
PMT-0187,F-19,2023-10-01,8243.58,100.0,10.3
PMT-0187,F-19,2023-11-01,7019.14,93.93,5.6
PMT-0187,F-19,2023-12-01,6884.7,97.12,3.2
PMT-0187,F-19,2024-01-01,7190.47,97.85,5.9
PMT-0187,F-19,2024-02-01,8541.15,97.14,10.2
PMT-0187,F-19,2024-03-01,9905.76,100.0,19.6
PMT-0187,F-19,2024-04-01,11999.88,100.0,24.5
PMT-0187,F-19,2024-05-01,13188.17,99.88,29.4
PMT-0187,F-19,2024-06-01,13874.41,95.85,32.9
PMT-0187,F-19,2024-07-01,13127.26,98.37,30.9
PMT-0187,F-19,2024-08-01,11995.9,98.28,24.9
PMT-0187,F-19,2024-09-01,9853.81,96.05,17.6
PMT-0187,F-19,2024-10-01,8195.94,99.48,10.2
PMT-0187,F-19,2024-11-01,7339.62,100.0,7.1
PMT-0187,F-19,2024-12-01,6921.28,97.75,4.0
PMT-0188,F-19,2022-01-01,8088.34,91.16,5.5
PMT-0188,F-19,2022-02-01,9495.16,97.71,9.0
PMT-0188,F-19,2022-03-01,10773.65,100.0,18.2
PMT-0188,F-19,2022-04-01,13299.64,95.87,26.1
PMT-0188,F-19,2022-05-01,15178.74,95.14,29.1
PMT-0188,F-19,2022-06-01,15378.05,100.0,31.6
PMT-0188,F-19,2022-07-01,14022.84,98.36,32.1
PMT-0188,F-19,2022-08-01,13597.53,94.17,23.2
PMT-0188,F-19,2022-09-01,11449.71,89.88,17.3
PMT-0188,F-19,2022-10-01,9245.06,99.05,12.5
PMT-0188,F-19,2022-11-01,8180.82,100.0,5.1
PMT-0188,F-19,2022-12-01,7372.72,100.0,4.6
PMT-0188,F-19,2023-01-01,8039.51,100.0,7.1
PMT-0188,F-19,2023-02-01,9239.87,94.64,10.0
PMT-0188,F-19,2023-03-01,11891.02,98.03,17.7
PMT-0188,F-19,2023-04-01,13507.34,95.86,23.9
PMT-0188,F-19,2023-05-01,14726.18,98.83,31.2
PMT-0188,F-19,2023-06-01,15486.53,95.06,31.7
PMT-0188,F-19,2023-07-01,14631.31,95.16,30.2
PMT-0188,F-19,2023-08-01,13635.77,97.9,25.5
PMT-0188,F-19,2023-09-01,11451.01,98.14,16.6
PMT-0188,F-19,2023-10-01,9244.23,96.79,11.2
PMT-0188,F-19,2023-11-01,7606.9,97.8,5.0
PMT-0188,F-19,2023-12-01,7277.84,100.0,6.3
PMT-0188,F-19,2024-01-01,7961.55,96.92,4.1
PMT-0188,F-19,2024-02-01,9196.73,98.01,11.2
PMT-0188,F-19,2024-03-01,11437.99,95.98,18.5
PMT-0188,F-19,2024-04-01,13588.99,94.73,25.5
PMT-0188,F-19,2024-05-01,14968.48,99.32,30.7
PMT-0188,F-19,2024-06-01,15459.69,99.24,32.5
PMT-0188,F-19,2024-07-01,14381.25,96.96,30.8
PMT-0188,F-19,2024-08-01,13375.09,97.85,26.1
PMT-0188,F-19,2024-09-01,11165.08,98.74,18.5
PMT-0188,F-19,2024-10-01,9761.14,93.78,11.5
PMT-0188,F-19,2024-11-01,7910.93,92.63,6.0
PMT-0188,F-19,2024-12-01,7398.03,97.56,5.0
PMT-0189,F-19,2022-01-01,10962.85,99.33,6.2
PMT-0189,F-19,2022-02-01,13170.84,95.46,10.8
PMT-0189,F-19,2022-03-01,15844.38,97.86,18.3
PMT-0189,F-19,2022-04-01,18611.46,97.45,27.7
PMT-0189,F-19,2022-05-01,20791.22,98.98,30.1
PMT-0189,F-19,2022-06-01,21909.77,94.2,31.2
PMT-0189,F-19,2022-07-01,20182.53,98.84,30.3
PMT-0189,F-19,2022-08-01,18303.85,97.72,25.8
PMT-0189,F-19,2022-09-01,15864.55,96.06,17.3
PMT-0189,F-19,2022-10-01,13037.55,94.72,11.8
PMT-0189,F-19,2022-11-01,10717.8,99.37,5.3
PMT-0189,F-19,2022-12-01,10730.49,96.39,5.7
PMT-0189,F-19,2023-01-01,11591.98,98.88,6.0
PMT-0189,F-19,2023-02-01,13201.97,100.0,9.0
PMT-0189,F-19,2023-03-01,15942.58,96.03,17.6
PMT-0189,F-19,2023-04-01,18585.31,91.63,24.8
PMT-0189,F-19,2023-05-01,20694.39,100.0,30.3
PMT-0189,F-19,2023-06-01,22484.84,100.0,31.8
PMT-0189,F-19,2023-07-01,21668.05,95.47,29.8
PMT-0189,F-19,2023-08-01,18374.73,97.78,26.2
PMT-0189,F-19,2023-09-01,16684.79,93.99,17.4
PMT-0189,F-19,2023-10-01,13196.08,99.59,11.5
PMT-0189,F-19,2023-11-01,10425.01,100.0,4.7
PMT-0189,F-19,2023-12-01,10091.14,95.62,3.5
PMT-0189,F-19,2024-01-01,11432.63,94.1,5.7
PMT-0189,F-19,2024-02-01,12974.95,94.37,11.2
PMT-0189,F-19,2024-03-01,15211.1,100.0,16.9
PMT-0189,F-19,2024-04-01,18965.24,99.86,24.6
PMT-0189,F-19,2024-05-01,20509.23,92.28,30.4
PMT-0189,F-19,2024-06-01,21609.56,92.31,31.9
PMT-0189,F-19,2024-07-01,19863.91,97.28,29.0
PMT-0189,F-19,2024-08-01,19121.88,95.16,24.9
PMT-0189,F-19,2024-09-01,15261.52,95.79,17.9
PMT-0189,F-19,2024-10-01,12951.86,96.07,11.1
PMT-0189,F-19,2024-11-01,11332.39,98.56,4.5
PMT-0189,F-19,2024-12-01,10664.93,99.98,4.8
PMT-0190,F-19,2022-01-01,17768.88,100.0,4.4
PMT-0190,F-19,2022-02-01,21387.7,95.78,12.2
PMT-0190,F-19,2022-03-01,25507.58,100.0,18.3
PMT-0190,F-19,2022-04-01,30574.42,95.43,25.9
PMT-0190,F-19,2022-05-01,33149.37,100.0,32.2
PMT-0190,F-19,2022-06-01,33346.79,96.98,33.8
PMT-0190,F-19,2022-07-01,34091.72,98.9,28.5
PMT-0190,F-19,2022-08-01,28638.06,99.84,25.1
PMT-0190,F-19,2022-09-01,25750.13,91.38,18.4
PMT-0190,F-19,2022-10-01,21390.87,98.76,11.1
PMT-0190,F-19,2022-11-01,17076.84,93.33,6.8
PMT-0190,F-19,2022-12-01,17030.43,91.97,5.1
PMT-0190,F-19,2023-01-01,17085.03,91.93,7.1
PMT-0190,F-19,2023-02-01,20372.06,96.42,12.3
PMT-0190,F-19,2023-03-01,25447.76,100.0,18.7
PMT-0190,F-19,2023-04-01,31114.42,98.19,25.8
PMT-0190,F-19,2023-05-01,33195.75,99.82,28.6
PMT-0190,F-19,2023-06-01,33052.8,93.37,30.0
PMT-0190,F-19,2023-07-01,32506.36,100.0,30.8
PMT-0190,F-19,2023-08-01,31183.3,100.0,23.2
PMT-0190,F-19,2023-09-01,25917.63,92.59,16.3
PMT-0190,F-19,2023-10-01,21045.35,98.85,10.5
PMT-0190,F-19,2023-11-01,18006.23,97.21,4.9
PMT-0190,F-19,2023-12-01,16538.0,96.49,5.2
PMT-0190,F-19,2024-01-01,18093.83,100.0,3.9
PMT-0190,F-19,2024-02-01,21069.52,94.77,11.8
PMT-0190,F-19,2024-03-01,25341.66,99.7,18.9
PMT-0190,F-19,2024-04-01,30771.96,96.23,23.1
PMT-0190,F-19,2024-05-01,33217.29,98.89,31.2
PMT-0190,F-19,2024-06-01,33389.76,99.75,31.7
PMT-0190,F-19,2024-07-01,31840.47,100.0,29.3
PMT-0190,F-19,2024-08-01,29558.2,97.64,24.5
PMT-0190,F-19,2024-09-01,25072.04,92.81,17.4
PMT-0190,F-19,2024-10-01,21695.07,97.83,10.4
PMT-0190,F-19,2024-11-01,17091.38,94.92,2.8
PMT-0190,F-19,2024-12-01,16521.91,94.23,4.6
PMT-0191,F-20,2022-01-01,6631.55,90.95,5.9
PMT-0191,F-20,2022-02-01,7731.82,94.15,11.9
PMT-0191,F-20,2022-03-01,9740.79,91.33,17.7
PMT-0191,F-20,2022-04-01,10842.59,92.78,24.4
PMT-0191,F-20,2022-05-01,12277.62,86.05,31.1
PMT-0191,F-20,2022-06-01,12487.33,93.46,33.5
PMT-0191,F-20,2022-07-01,12222.6,92.76,30.4
PMT-0191,F-20,2022-08-01,10913.69,92.82,25.8
PMT-0191,F-20,2022-09-01,9451.5,92.86,15.5
PMT-0191,F-20,2022-10-01,7807.36,90.42,10.9
PMT-0191,F-20,2022-11-01,6595.69,95.34,6.2
PMT-0191,F-20,2022-12-01,5992.72,94.62,4.2
PMT-0191,F-20,2023-01-01,6616.1,93.38,6.0
PMT-0191,F-20,2023-02-01,7859.71,91.96,11.0
PMT-0191,F-20,2023-03-01,9532.63,95.24,19.0
PMT-0191,F-20,2023-04-01,10944.6,93.46,26.1
PMT-0191,F-20,2023-05-01,12284.1,91.56,30.7
PMT-0191,F-20,2023-06-01,12752.89,87.6,29.1
PMT-0191,F-20,2023-07-01,12222.1,93.08,28.8
PMT-0191,F-20,2023-08-01,11140.29,91.42,22.9
PMT-0191,F-20,2023-09-01,9607.53,89.36,18.9
PMT-0191,F-20,2023-10-01,7563.66,93.75,12.2
PMT-0191,F-20,2023-11-01,6532.86,92.87,6.9
PMT-0191,F-20,2023-12-01,5919.92,86.92,5.6
PMT-0191,F-20,2024-01-01,6592.95,98.71,5.3
PMT-0191,F-20,2024-02-01,7742.81,94.45,10.4
PMT-0191,F-20,2024-03-01,9252.73,97.38,16.7
PMT-0191,F-20,2024-04-01,11285.22,89.97,23.0
PMT-0191,F-20,2024-05-01,11786.02,100.0,29.1
PMT-0191,F-20,2024-06-01,12501.92,88.5,32.2
PMT-0191,F-20,2024-07-01,12259.4,92.6,28.2
PMT-0191,F-20,2024-08-01,10983.33,94.58,24.3
PMT-0191,F-20,2024-09-01,9138.91,89.42,17.4
PMT-0191,F-20,2024-10-01,7689.59,95.19,9.7
PMT-0191,F-20,2024-11-01,6637.82,94.02,6.1
PMT-0191,F-20,2024-12-01,6299.55,94.56,5.0
PMT-0192,F-20,2022-01-01,11576.7,92.47,5.1
PMT-0192,F-20,2022-02-01,13930.24,92.96,12.8
PMT-0192,F-20,2022-03-01,16460.02,89.8,17.1
PMT-0192,F-20,2022-04-01,19696.01,94.16,25.2
PMT-0192,F-20,2022-05-01,21469.02,98.32,29.4
PMT-0192,F-20,2022-06-01,23154.92,90.66,32.1
PMT-0192,F-20,2022-07-01,21653.77,94.47,27.7
PMT-0192,F-20,2022-08-01,20016.67,90.42,26.7
PMT-0192,F-20,2022-09-01,16709.58,90.5,15.8
PMT-0192,F-20,2022-10-01,14192.65,94.62,11.0
PMT-0192,F-20,2022-11-01,11660.01,95.68,8.2
PMT-0192,F-20,2022-12-01,11521.42,94.71,3.8
PMT-0192,F-20,2023-01-01,11475.89,95.75,6.0
PMT-0192,F-20,2023-02-01,13995.56,93.32,10.9
PMT-0192,F-20,2023-03-01,16201.16,96.17,18.5
PMT-0192,F-20,2023-04-01,20403.51,92.63,25.5
PMT-0192,F-20,2023-05-01,22321.37,94.38,29.3
PMT-0192,F-20,2023-06-01,23862.0,88.54,32.4
PMT-0192,F-20,2023-07-01,22828.41,92.69,32.1
PMT-0192,F-20,2023-08-01,20041.52,91.97,26.7
PMT-0192,F-20,2023-09-01,17263.79,89.2,18.2
PMT-0192,F-20,2023-10-01,13972.86,90.83,10.7
PMT-0192,F-20,2023-11-01,11983.95,92.21,7.3
PMT-0192,F-20,2023-12-01,10476.87,87.79,2.2
PMT-0192,F-20,2024-01-01,11980.83,89.53,6.7
PMT-0192,F-20,2024-02-01,14052.49,92.99,10.9
PMT-0192,F-20,2024-03-01,17353.04,93.22,18.0
PMT-0192,F-20,2024-04-01,20348.76,92.71,25.2
PMT-0192,F-20,2024-05-01,21643.62,93.54,30.4
PMT-0192,F-20,2024-06-01,23111.8,89.61,32.2
PMT-0192,F-20,2024-07-01,21770.86,89.3,29.8
PMT-0192,F-20,2024-08-01,19772.87,94.87,24.0
PMT-0192,F-20,2024-09-01,17541.01,92.21,20.4
PMT-0192,F-20,2024-10-01,14099.23,93.52,11.6
PMT-0192,F-20,2024-11-01,11835.46,93.7,6.3
PMT-0192,F-20,2024-12-01,10899.26,90.36,3.4
PMT-0193,F-20,2022-01-01,8196.13,89.49,6.2
PMT-0193,F-20,2022-02-01,9857.21,92.24,11.3
PMT-0193,F-20,2022-03-01,11663.77,95.39,16.8
PMT-0193,F-20,2022-04-01,14047.74,93.57,25.1
PMT-0193,F-20,2022-05-01,15045.08,93.2,31.0
PMT-0193,F-20,2022-06-01,16423.37,89.71,33.3
PMT-0193,F-20,2022-07-01,15895.08,94.55,30.2
PMT-0193,F-20,2022-08-01,14217.39,93.77,25.7
PMT-0193,F-20,2022-09-01,12491.11,91.67,18.1
PMT-0193,F-20,2022-10-01,9974.27,93.99,11.3
PMT-0193,F-20,2022-11-01,8196.38,94.95,5.3
PMT-0193,F-20,2022-12-01,7549.87,92.95,5.2
PMT-0193,F-20,2023-01-01,8415.78,94.7,6.1
PMT-0193,F-20,2023-02-01,9504.56,91.25,10.3
PMT-0193,F-20,2023-03-01,11825.39,88.01,16.6
PMT-0193,F-20,2023-04-01,13798.18,89.23,25.6
PMT-0193,F-20,2023-05-01,15376.43,95.31,29.2
PMT-0193,F-20,2023-06-01,16421.97,95.01,33.1
PMT-0193,F-20,2023-07-01,15920.43,88.27,28.4
PMT-0193,F-20,2023-08-01,14234.59,89.46,25.3
PMT-0193,F-20,2023-09-01,11790.84,88.78,19.2
PMT-0193,F-20,2023-10-01,9952.47,94.91,9.5
PMT-0193,F-20,2023-11-01,8256.06,90.7,7.0
PMT-0193,F-20,2023-12-01,7809.33,92.29,2.7
PMT-0193,F-20,2024-01-01,8352.55,93.84,4.6
PMT-0193,F-20,2024-02-01,9898.48,95.85,12.7
PMT-0193,F-20,2024-03-01,11817.12,91.04,15.5
PMT-0193,F-20,2024-04-01,13816.97,88.07,24.6
PMT-0193,F-20,2024-05-01,15543.11,92.22,28.1
PMT-0193,F-20,2024-06-01,15833.96,93.27,31.8
PMT-0193,F-20,2024-07-01,15694.13,92.08,32.0
PMT-0193,F-20,2024-08-01,13157.03,91.47,25.0
PMT-0193,F-20,2024-09-01,12412.51,93.71,18.1
PMT-0193,F-20,2024-10-01,10122.98,90.88,10.3
PMT-0193,F-20,2024-11-01,8661.93,95.83,5.4
PMT-0193,F-20,2024-12-01,7861.56,90.07,4.1
PMT-0194,F-20,2022-01-01,9261.92,95.57,6.8
PMT-0194,F-20,2022-02-01,11019.51,93.6,10.5
PMT-0194,F-20,2022-03-01,13770.97,91.75,20.2
PMT-0194,F-20,2022-04-01,15727.15,88.14,25.5
PMT-0194,F-20,2022-05-01,17434.34,94.76,32.2
PMT-0194,F-20,2022-06-01,17958.9,87.84,32.2
PMT-0194,F-20,2022-07-01,17214.45,93.59,32.1
PMT-0194,F-20,2022-08-01,14907.57,84.97,24.7
PMT-0194,F-20,2022-09-01,13099.04,91.15,18.7
PMT-0194,F-20,2022-10-01,10874.92,91.45,9.0
PMT-0194,F-20,2022-11-01,9441.77,91.78,6.1
PMT-0194,F-20,2022-12-01,8585.88,87.3,5.2
PMT-0194,F-20,2023-01-01,9162.94,97.52,5.8
PMT-0194,F-20,2023-02-01,11112.08,93.45,11.2
PMT-0194,F-20,2023-03-01,13564.18,95.91,18.3
PMT-0194,F-20,2023-04-01,15521.61,90.43,25.3
PMT-0194,F-20,2023-05-01,17247.2,87.89,30.1
PMT-0194,F-20,2023-06-01,17734.32,88.27,31.6
PMT-0194,F-20,2023-07-01,17825.12,92.9,29.4
PMT-0194,F-20,2023-08-01,15299.28,89.9,25.7
PMT-0194,F-20,2023-09-01,13161.19,93.79,19.8
PMT-0194,F-20,2023-10-01,10753.64,90.31,11.2
PMT-0194,F-20,2023-11-01,8890.46,91.44,6.4
PMT-0194,F-20,2023-12-01,8733.16,90.94,5.0
PMT-0194,F-20,2024-01-01,9305.66,89.04,6.7
PMT-0194,F-20,2024-02-01,11362.12,93.82,11.6
PMT-0194,F-20,2024-03-01,13366.65,89.99,18.6
PMT-0194,F-20,2024-04-01,14850.05,94.61,23.9
PMT-0194,F-20,2024-05-01,17281.21,92.93,31.1
PMT-0194,F-20,2024-06-01,17335.59,91.23,34.1
PMT-0194,F-20,2024-07-01,17529.35,91.29,30.8
PMT-0194,F-20,2024-08-01,15432.72,90.9,23.2
PMT-0194,F-20,2024-09-01,13259.33,91.99,18.8
PMT-0194,F-20,2024-10-01,10651.39,89.62,11.1
PMT-0194,F-20,2024-11-01,9753.02,92.47,9.8
PMT-0194,F-20,2024-12-01,8937.6,95.72,5.3
PMT-0195,F-20,2022-01-01,7105.53,92.12,6.0
PMT-0195,F-20,2022-02-01,8487.37,89.97,10.6
PMT-0195,F-20,2022-03-01,9976.67,93.78,19.2
PMT-0195,F-20,2022-04-01,12100.0,89.19,23.1
PMT-0195,F-20,2022-05-01,13355.16,88.49,30.9
PMT-0195,F-20,2022-06-01,13788.2,94.55,30.2
PMT-0195,F-20,2022-07-01,12987.24,91.87,29.0
PMT-0195,F-20,2022-08-01,12035.91,93.52,25.7
PMT-0195,F-20,2022-09-01,10240.56,98.2,17.2
PMT-0195,F-20,2022-10-01,8582.42,94.4,11.9
PMT-0195,F-20,2022-11-01,7011.82,90.76,5.6
PMT-0195,F-20,2022-12-01,6615.41,91.69,2.0
PMT-0195,F-20,2023-01-01,7045.42,88.78,6.3
PMT-0195,F-20,2023-02-01,8633.0,87.1,10.4
PMT-0195,F-20,2023-03-01,10242.9,93.51,19.8
PMT-0195,F-20,2023-04-01,11964.91,92.67,24.1
PMT-0195,F-20,2023-05-01,13490.49,88.65,27.5
PMT-0195,F-20,2023-06-01,13681.15,90.7,32.9
PMT-0195,F-20,2023-07-01,13198.3,91.23,30.0
PMT-0195,F-20,2023-08-01,12010.56,90.27,23.7
PMT-0195,F-20,2023-09-01,10084.47,90.27,17.6
PMT-0195,F-20,2023-10-01,8578.4,90.47,13.6
PMT-0195,F-20,2023-11-01,7233.95,93.18,5.5
PMT-0195,F-20,2023-12-01,6623.91,96.02,3.2
PMT-0195,F-20,2024-01-01,6998.51,90.86,8.2
PMT-0195,F-20,2024-02-01,8514.8,88.45,12.5
PMT-0195,F-20,2024-03-01,10520.96,95.6,19.1
PMT-0195,F-20,2024-04-01,12139.89,92.11,26.6
PMT-0195,F-20,2024-05-01,13327.08,90.64,29.8
PMT-0195,F-20,2024-06-01,13766.23,96.55,32.1
PMT-0195,F-20,2024-07-01,13155.01,94.38,31.0
PMT-0195,F-20,2024-08-01,12207.02,88.48,27.0
PMT-0195,F-20,2024-09-01,10015.82,87.49,18.1
PMT-0195,F-20,2024-10-01,8307.21,88.5,9.2
PMT-0195,F-20,2024-11-01,7202.81,94.8,5.6
PMT-0195,F-20,2024-12-01,6462.62,89.26,4.4
PMT-0196,F-20,2022-01-01,16902.53,84.59,6.3
PMT-0196,F-20,2022-02-01,21390.07,88.26,11.0
PMT-0196,F-20,2022-03-01,25297.15,91.06,16.4
PMT-0196,F-20,2022-04-01,28881.35,94.45,26.5
PMT-0196,F-20,2022-05-01,31800.69,94.95,30.7
PMT-0196,F-20,2022-06-01,33957.99,92.1,32.0
PMT-0196,F-20,2022-07-01,33583.77,92.4,30.8
PMT-0196,F-20,2022-08-01,28656.24,90.28,25.0
PMT-0196,F-20,2022-09-01,24993.73,90.57,18.8
PMT-0196,F-20,2022-10-01,20709.04,90.74,9.7
PMT-0196,F-20,2022-11-01,17701.21,94.95,6.1
PMT-0196,F-20,2022-12-01,15713.21,94.51,1.9
PMT-0196,F-20,2023-01-01,17540.33,92.92,6.9
PMT-0196,F-20,2023-02-01,20361.43,93.01,12.2
PMT-0196,F-20,2023-03-01,25230.87,95.95,18.8
PMT-0196,F-20,2023-04-01,29882.09,89.51,25.2
PMT-0196,F-20,2023-05-01,32001.44,91.75,32.4
PMT-0196,F-20,2023-06-01,33272.7,95.5,32.2
PMT-0196,F-20,2023-07-01,32092.21,89.88,30.8
PMT-0196,F-20,2023-08-01,29229.94,90.15,23.1
PMT-0196,F-20,2023-09-01,24632.3,93.22,17.8
PMT-0196,F-20,2023-10-01,20963.91,95.49,11.7
PMT-0196,F-20,2023-11-01,17150.31,89.25,5.2
PMT-0196,F-20,2023-12-01,16476.42,92.09,4.5
PMT-0196,F-20,2024-01-01,16813.87,94.75,5.5
PMT-0196,F-20,2024-02-01,20132.7,92.82,10.5
PMT-0196,F-20,2024-03-01,25196.48,92.68,16.2
PMT-0196,F-20,2024-04-01,29340.39,91.25,25.4
PMT-0196,F-20,2024-05-01,33057.53,91.63,28.7
PMT-0196,F-20,2024-06-01,34560.15,89.67,33.8
PMT-0196,F-20,2024-07-01,32103.72,91.95,29.3
PMT-0196,F-20,2024-08-01,29981.18,91.78,23.9
PMT-0196,F-20,2024-09-01,25180.04,91.89,19.0
PMT-0196,F-20,2024-10-01,20812.69,88.25,8.5
PMT-0196,F-20,2024-11-01,17230.05,91.29,7.5
PMT-0196,F-20,2024-12-01,15489.96,90.65,3.2
PMT-0197,F-20,2022-01-01,10283.58,92.89,4.4
PMT-0197,F-20,2022-02-01,12654.3,95.0,11.7
PMT-0197,F-20,2022-03-01,15875.97,89.12,18.9
PMT-0197,F-20,2022-04-01,18017.9,100.0,24.4
PMT-0197,F-20,2022-05-01,19828.88,97.19,29.8
PMT-0197,F-20,2022-06-01,20901.35,94.6,32.7
PMT-0197,F-20,2022-07-01,19614.13,87.12,30.5
PMT-0197,F-20,2022-08-01,18169.97,90.96,26.7
PMT-0197,F-20,2022-09-01,15470.6,92.67,18.1
PMT-0197,F-20,2022-10-01,12871.15,91.95,10.9
PMT-0197,F-20,2022-11-01,10930.01,88.48,4.4
PMT-0197,F-20,2022-12-01,9895.15,98.49,3.5
PMT-0197,F-20,2023-01-01,10805.07,87.79,4.3
PMT-0197,F-20,2023-02-01,12818.75,90.12,11.1
PMT-0197,F-20,2023-03-01,15453.34,92.83,18.1
PMT-0197,F-20,2023-04-01,18278.95,90.7,25.0
PMT-0197,F-20,2023-05-01,19529.97,94.59,31.6
PMT-0197,F-20,2023-06-01,20877.79,93.61,30.5
PMT-0197,F-20,2023-07-01,19611.75,95.92,30.6
PMT-0197,F-20,2023-08-01,18353.23,90.21,25.4
PMT-0197,F-20,2023-09-01,15661.39,93.52,18.2
PMT-0197,F-20,2023-10-01,12619.99,90.55,10.7
PMT-0197,F-20,2023-11-01,10672.58,97.41,5.7
PMT-0197,F-20,2023-12-01,10082.01,92.65,5.0
PMT-0197,F-20,2024-01-01,10742.65,96.79,5.5
PMT-0197,F-20,2024-02-01,12862.04,94.3,12.2
PMT-0197,F-20,2024-03-01,15427.1,93.69,17.8
PMT-0197,F-20,2024-04-01,18137.71,92.2,25.4
PMT-0197,F-20,2024-05-01,20067.87,90.14,28.2
PMT-0197,F-20,2024-06-01,20445.21,89.24,33.6
PMT-0197,F-20,2024-07-01,19975.74,88.05,29.9
PMT-0197,F-20,2024-08-01,17616.85,90.81,25.5
PMT-0197,F-20,2024-09-01,15182.33,87.53,16.7
PMT-0197,F-20,2024-10-01,12501.21,90.62,10.2
PMT-0197,F-20,2024-11-01,10843.03,95.71,7.3
PMT-0197,F-20,2024-12-01,9790.78,87.44,3.1
PMT-0198,F-20,2022-01-01,11683.51,91.81,3.8
PMT-0198,F-20,2022-02-01,13280.57,92.45,9.9
PMT-0198,F-20,2022-03-01,17091.12,95.33,16.9
PMT-0198,F-20,2022-04-01,18503.25,95.75,24.7
PMT-0198,F-20,2022-05-01,21807.08,94.55,31.9
PMT-0198,F-20,2022-06-01,22822.5,89.15,31.4
PMT-0198,F-20,2022-07-01,20993.11,94.86,30.7
PMT-0198,F-20,2022-08-01,19031.96,93.32,23.6
PMT-0198,F-20,2022-09-01,17130.49,93.5,18.7
PMT-0198,F-20,2022-10-01,13529.49,92.74,11.3
PMT-0198,F-20,2022-11-01,11761.22,85.52,5.9
PMT-0198,F-20,2022-12-01,11124.66,90.98,2.4
PMT-0198,F-20,2023-01-01,11403.91,86.78,6.6
PMT-0198,F-20,2023-02-01,13393.32,92.79,9.9
PMT-0198,F-20,2023-03-01,16672.64,93.01,18.1
PMT-0198,F-20,2023-04-01,18854.72,89.51,26.8
PMT-0198,F-20,2023-05-01,21067.54,90.6,30.9
PMT-0198,F-20,2023-06-01,22389.79,96.37,30.6
PMT-0198,F-20,2023-07-01,21577.01,89.89,29.9
PMT-0198,F-20,2023-08-01,19158.53,91.21,25.9
PMT-0198,F-20,2023-09-01,16158.76,92.79,18.0
PMT-0198,F-20,2023-10-01,13775.0,89.92,11.7
PMT-0198,F-20,2023-11-01,11566.19,90.87,6.6
PMT-0198,F-20,2023-12-01,10852.9,94.11,3.9
PMT-0198,F-20,2024-01-01,11421.22,88.62,5.5
PMT-0198,F-20,2024-02-01,13650.29,89.15,12.9
PMT-0198,F-20,2024-03-01,16870.09,93.51,18.0
PMT-0198,F-20,2024-04-01,19073.51,87.02,24.3
PMT-0198,F-20,2024-05-01,21988.83,93.45,29.9
PMT-0198,F-20,2024-06-01,22582.16,89.6,32.6
PMT-0198,F-20,2024-07-01,20990.2,87.21,31.3
PMT-0198,F-20,2024-08-01,19314.86,91.25,25.9
PMT-0198,F-20,2024-09-01,16686.93,93.04,17.0
PMT-0198,F-20,2024-10-01,13702.24,92.27,11.1
PMT-0198,F-20,2024-11-01,11606.78,90.21,6.4
PMT-0198,F-20,2024-12-01,10548.99,95.03,2.7
PMT-0199,F-20,2022-01-01,9657.37,89.98,4.8
PMT-0199,F-20,2022-02-01,11614.32,91.92,11.2
PMT-0199,F-20,2022-03-01,13752.97,96.5,18.0
PMT-0199,F-20,2022-04-01,16365.06,90.57,24.6
PMT-0199,F-20,2022-05-01,18018.74,92.57,30.1
PMT-0199,F-20,2022-06-01,18435.82,93.87,30.6
PMT-0199,F-20,2022-07-01,18403.36,91.68,30.4
PMT-0199,F-20,2022-08-01,16314.68,92.9,22.8
PMT-0199,F-20,2022-09-01,14197.55,95.4,17.3
PMT-0199,F-20,2022-10-01,11369.83,95.21,15.0
PMT-0199,F-20,2022-11-01,10143.96,91.17,6.2
PMT-0199,F-20,2022-12-01,9048.48,91.47,2.6
PMT-0199,F-20,2023-01-01,9619.6,97.45,5.8
PMT-0199,F-20,2023-02-01,11719.58,88.55,11.6
PMT-0199,F-20,2023-03-01,13826.14,94.39,18.9
PMT-0199,F-20,2023-04-01,16391.17,94.2,24.2
PMT-0199,F-20,2023-05-01,18346.72,89.65,31.4
PMT-0199,F-20,2023-06-01,18622.21,94.35,30.4
PMT-0199,F-20,2023-07-01,18059.86,91.24,30.1
PMT-0199,F-20,2023-08-01,16187.78,92.2,26.3
PMT-0199,F-20,2023-09-01,14045.13,88.09,17.8
PMT-0199,F-20,2023-10-01,11580.71,93.3,11.1
PMT-0199,F-20,2023-11-01,9713.53,94.96,8.0
PMT-0199,F-20,2023-12-01,9327.46,91.23,2.8
PMT-0199,F-20,2024-01-01,9624.0,95.16,2.7
PMT-0199,F-20,2024-02-01,11420.24,89.71,11.5
PMT-0199,F-20,2024-03-01,13670.2,87.87,16.8
PMT-0199,F-20,2024-04-01,16572.07,89.76,24.6
PMT-0199,F-20,2024-05-01,18478.88,96.93,31.7
PMT-0199,F-20,2024-06-01,18777.87,88.56,30.8
PMT-0199,F-20,2024-07-01,18569.03,89.4,29.3
PMT-0199,F-20,2024-08-01,17153.77,94.81,25.1
PMT-0199,F-20,2024-09-01,13819.47,94.92,18.4
PMT-0199,F-20,2024-10-01,10997.9,96.83,12.9
PMT-0199,F-20,2024-11-01,9657.18,94.25,5.9
PMT-0199,F-20,2024-12-01,9181.67,92.6,1.0
PMT-0200,F-20,2022-01-01,7772.79,90.98,4.5
PMT-0200,F-20,2022-02-01,9291.38,94.83,12.2
PMT-0200,F-20,2022-03-01,11092.26,97.86,16.4
PMT-0200,F-20,2022-04-01,12935.95,92.85,23.2
PMT-0200,F-20,2022-05-01,14532.32,93.69,30.9
PMT-0200,F-20,2022-06-01,15606.89,91.68,31.0
PMT-0200,F-20,2022-07-01,14571.66,90.83,30.2
PMT-0200,F-20,2022-08-01,13172.61,89.66,25.3
PMT-0200,F-20,2022-09-01,11293.16,95.44,17.3
PMT-0200,F-20,2022-10-01,9382.62,96.61,11.6
PMT-0200,F-20,2022-11-01,7736.65,94.61,6.9
PMT-0200,F-20,2022-12-01,7523.95,92.81,4.6
PMT-0200,F-20,2023-01-01,7783.26,89.9,9.4
PMT-0200,F-20,2023-02-01,9388.22,93.4,11.3
PMT-0200,F-20,2023-03-01,11246.64,84.28,19.3
PMT-0200,F-20,2023-04-01,13628.6,93.2,23.5
PMT-0200,F-20,2023-05-01,15068.1,91.45,30.6
PMT-0200,F-20,2023-06-01,15266.92,88.65,30.6
PMT-0200,F-20,2023-07-01,14863.48,93.19,31.3
PMT-0200,F-20,2023-08-01,13365.29,84.82,24.5
PMT-0200,F-20,2023-09-01,11208.87,90.47,18.5
PMT-0200,F-20,2023-10-01,9233.75,89.64,10.7
PMT-0200,F-20,2023-11-01,7831.67,91.59,4.7
PMT-0200,F-20,2023-12-01,7606.74,95.21,3.1
PMT-0200,F-20,2024-01-01,7784.81,89.81,4.8
PMT-0200,F-20,2024-02-01,9389.04,92.9,12.8
PMT-0200,F-20,2024-03-01,11012.44,89.52,20.6
PMT-0200,F-20,2024-04-01,13308.61,90.51,24.8
PMT-0200,F-20,2024-05-01,14493.76,89.63,30.1
PMT-0200,F-20,2024-06-01,15249.17,94.72,29.2
PMT-0200,F-20,2024-07-01,14494.22,88.87,31.8
PMT-0200,F-20,2024-08-01,13533.21,93.31,23.3
PMT-0200,F-20,2024-09-01,11105.02,94.86,18.4
PMT-0200,F-20,2024-10-01,9532.68,86.81,13.7
PMT-0200,F-20,2024-11-01,7790.94,95.31,4.8
PMT-0200,F-20,2024-12-01,7349.92,93.88,4.6
PMT-0201,F-21,2022-01-01,13171.72,91.82,6.7
PMT-0201,F-21,2022-02-01,15864.67,90.93,8.5
PMT-0201,F-21,2022-03-01,18920.75,92.14,20.4
PMT-0201,F-21,2022-04-01,22513.03,92.58,24.7
PMT-0201,F-21,2022-05-01,25641.35,93.36,27.3
PMT-0201,F-21,2022-06-01,27006.3,91.43,34.3
PMT-0201,F-21,2022-07-01,25036.59,84.52,31.8
PMT-0201,F-21,2022-08-01,23192.75,92.64,25.4
PMT-0201,F-21,2022-09-01,18780.76,85.8,15.7
PMT-0201,F-21,2022-10-01,15844.68,88.55,12.1
PMT-0201,F-21,2022-11-01,13155.21,91.33,5.0
PMT-0201,F-21,2022-12-01,12133.29,91.19,2.2
PMT-0201,F-21,2023-01-01,12247.85,89.79,5.2
PMT-0201,F-21,2023-02-01,15828.94,88.02,12.1
PMT-0201,F-21,2023-03-01,19396.72,88.52,18.4
PMT-0201,F-21,2023-04-01,22229.03,94.98,24.7
PMT-0201,F-21,2023-05-01,23749.33,89.11,30.8
PMT-0201,F-21,2023-06-01,26051.68,87.05,31.1
PMT-0201,F-21,2023-07-01,25371.48,95.67,29.8
PMT-0201,F-21,2023-08-01,22292.02,86.32,26.2
PMT-0201,F-21,2023-09-01,18967.89,89.36,17.7
PMT-0201,F-21,2023-10-01,15522.43,88.42,10.2
PMT-0201,F-21,2023-11-01,12936.18,91.13,7.9
PMT-0201,F-21,2023-12-01,12165.48,84.32,4.0
PMT-0201,F-21,2024-01-01,13391.61,85.61,5.2
PMT-0201,F-21,2024-02-01,16080.38,84.12,11.7
PMT-0201,F-21,2024-03-01,19593.98,90.93,16.8
PMT-0201,F-21,2024-04-01,21926.97,83.54,25.3
PMT-0201,F-21,2024-05-01,25060.63,84.2,27.9
PMT-0201,F-21,2024-06-01,25733.8,87.82,32.8
PMT-0201,F-21,2024-07-01,25679.09,86.94,31.0
PMT-0201,F-21,2024-08-01,22447.04,90.59,24.6
PMT-0201,F-21,2024-09-01,18344.9,93.81,16.3
PMT-0201,F-21,2024-10-01,16086.41,87.71,10.1
PMT-0201,F-21,2024-11-01,13557.71,87.14,6.6
PMT-0201,F-21,2024-12-01,13096.65,85.62,6.1
PMT-0202,F-21,2022-01-01,16687.87,87.58,4.5
PMT-0202,F-21,2022-02-01,19628.51,85.88,14.1
PMT-0202,F-21,2022-03-01,24337.1,87.91,16.7
PMT-0202,F-21,2022-04-01,28092.56,84.23,25.4
PMT-0202,F-21,2022-05-01,31098.84,92.12,28.7
PMT-0202,F-21,2022-06-01,31481.46,87.75,32.0
PMT-0202,F-21,2022-07-01,31411.35,87.5,28.1
PMT-0202,F-21,2022-08-01,28849.06,88.19,25.1
PMT-0202,F-21,2022-09-01,24597.98,93.76,17.0
PMT-0202,F-21,2022-10-01,20267.31,86.25,11.0
PMT-0202,F-21,2022-11-01,16356.56,92.72,7.0
PMT-0202,F-21,2022-12-01,15744.2,85.8,1.9
PMT-0202,F-21,2023-01-01,16817.65,86.98,6.6
PMT-0202,F-21,2023-02-01,20036.66,90.6,9.6
PMT-0202,F-21,2023-03-01,23773.13,87.14,15.4
PMT-0202,F-21,2023-04-01,27802.37,82.65,23.7
PMT-0202,F-21,2023-05-01,31537.59,86.6,27.2
PMT-0202,F-21,2023-06-01,32409.29,82.65,32.2
PMT-0202,F-21,2023-07-01,32143.26,89.79,30.7
PMT-0202,F-21,2023-08-01,28218.8,89.24,23.6
PMT-0202,F-21,2023-09-01,24715.07,83.21,21.4
PMT-0202,F-21,2023-10-01,20193.18,85.23,13.7
PMT-0202,F-21,2023-11-01,16980.74,86.14,6.1
PMT-0202,F-21,2023-12-01,15753.94,84.94,3.5
PMT-0202,F-21,2024-01-01,16770.7,87.58,5.6
PMT-0202,F-21,2024-02-01,20225.14,88.52,9.9
PMT-0202,F-21,2024-03-01,24381.75,81.54,18.6
PMT-0202,F-21,2024-04-01,27933.45,92.4,26.8
PMT-0202,F-21,2024-05-01,31700.23,89.34,30.4
PMT-0202,F-21,2024-06-01,32053.74,86.88,33.7
PMT-0202,F-21,2024-07-01,32014.8,87.13,29.4
PMT-0202,F-21,2024-08-01,27953.36,88.31,26.4
PMT-0202,F-21,2024-09-01,24119.71,92.91,18.1
PMT-0202,F-21,2024-10-01,19853.73,90.57,10.8
PMT-0202,F-21,2024-11-01,17274.89,86.51,7.5
PMT-0202,F-21,2024-12-01,16026.05,90.53,4.2
PMT-0203,F-21,2022-01-01,11658.88,89.44,5.4
PMT-0203,F-21,2022-02-01,13417.27,90.04,10.1
PMT-0203,F-21,2022-03-01,16814.33,85.5,18.8
PMT-0203,F-21,2022-04-01,19918.71,83.68,24.5
PMT-0203,F-21,2022-05-01,21517.3,82.58,32.1
PMT-0203,F-21,2022-06-01,22337.34,89.06,32.1
PMT-0203,F-21,2022-07-01,21458.78,83.29,30.0
PMT-0203,F-21,2022-08-01,19101.45,89.54,23.4
PMT-0203,F-21,2022-09-01,16104.25,87.66,18.1
PMT-0203,F-21,2022-10-01,13859.49,94.17,11.0
PMT-0203,F-21,2022-11-01,11266.35,89.47,6.5
PMT-0203,F-21,2022-12-01,10511.77,90.91,5.6
PMT-0203,F-21,2023-01-01,11813.26,84.67,6.4
PMT-0203,F-21,2023-02-01,13626.09,85.7,9.6
PMT-0203,F-21,2023-03-01,16528.95,87.36,20.1
PMT-0203,F-21,2023-04-01,19340.7,86.49,25.0
PMT-0203,F-21,2023-05-01,21318.38,88.93,29.5
PMT-0203,F-21,2023-06-01,21326.05,85.52,32.7
PMT-0203,F-21,2023-07-01,21702.36,87.97,29.1
PMT-0203,F-21,2023-08-01,19724.22,85.19,24.6
PMT-0203,F-21,2023-09-01,15947.5,80.63,18.5
PMT-0203,F-21,2023-10-01,13466.78,87.22,10.8
PMT-0203,F-21,2023-11-01,11359.65,84.96,7.0
PMT-0203,F-21,2023-12-01,10462.15,85.13,4.8
PMT-0203,F-21,2024-01-01,11056.8,88.23,7.6
PMT-0203,F-21,2024-02-01,13679.97,89.95,10.6
PMT-0203,F-21,2024-03-01,16256.38,89.6,18.6
PMT-0203,F-21,2024-04-01,19509.71,82.78,25.4
PMT-0203,F-21,2024-05-01,21587.72,88.35,31.5
PMT-0203,F-21,2024-06-01,22508.36,88.82,32.3
PMT-0203,F-21,2024-07-01,20682.25,91.91,31.2
PMT-0203,F-21,2024-08-01,19500.86,84.34,25.0
PMT-0203,F-21,2024-09-01,16317.65,88.07,21.0
PMT-0203,F-21,2024-10-01,13738.32,87.87,10.5
PMT-0203,F-21,2024-11-01,11331.15,86.58,4.1
PMT-0203,F-21,2024-12-01,11209.4,88.13,5.4
PMT-0204,F-21,2022-01-01,10725.79,88.19,6.7
PMT-0204,F-21,2022-02-01,13001.81,89.33,10.6
PMT-0204,F-21,2022-03-01,15383.61,94.61,17.0
PMT-0204,F-21,2022-04-01,18460.03,82.92,25.7
PMT-0204,F-21,2022-05-01,20595.24,89.75,28.5
PMT-0204,F-21,2022-06-01,21038.41,85.86,32.3
PMT-0204,F-21,2022-07-01,21000.43,89.05,28.9
PMT-0204,F-21,2022-08-01,18000.68,88.46,23.4
PMT-0204,F-21,2022-09-01,15511.4,87.09,22.0
PMT-0204,F-21,2022-10-01,12243.23,93.79,13.0
PMT-0204,F-21,2022-11-01,10862.07,83.16,8.1
PMT-0204,F-21,2022-12-01,9918.15,89.36,6.8
PMT-0204,F-21,2023-01-01,10896.05,87.61,5.7
PMT-0204,F-21,2023-02-01,12263.46,87.53,12.3
PMT-0204,F-21,2023-03-01,15609.82,84.96,16.6
PMT-0204,F-21,2023-04-01,17720.52,87.0,25.1
PMT-0204,F-21,2023-05-01,20737.47,82.76,29.2
PMT-0204,F-21,2023-06-01,20724.83,88.65,31.7
PMT-0204,F-21,2023-07-01,19438.17,85.79,31.9
PMT-0204,F-21,2023-08-01,18405.66,86.89,25.5
PMT-0204,F-21,2023-09-01,15552.26,90.66,18.9
PMT-0204,F-21,2023-10-01,12980.46,88.29,13.5
PMT-0204,F-21,2023-11-01,10930.65,92.23,7.3
PMT-0204,F-21,2023-12-01,9820.41,85.1,4.9
PMT-0204,F-21,2024-01-01,10673.75,92.48,4.3
PMT-0204,F-21,2024-02-01,13066.61,83.45,11.0
PMT-0204,F-21,2024-03-01,15142.03,89.91,16.4
PMT-0204,F-21,2024-04-01,18016.89,86.65,26.8
PMT-0204,F-21,2024-05-01,20463.27,85.46,31.0
PMT-0204,F-21,2024-06-01,21078.87,93.68,31.6
PMT-0204,F-21,2024-07-01,19982.02,84.8,29.8
PMT-0204,F-21,2024-08-01,17970.45,89.93,23.4
PMT-0204,F-21,2024-09-01,15167.8,84.2,17.2
PMT-0204,F-21,2024-10-01,12569.57,96.04,13.8
PMT-0204,F-21,2024-11-01,10641.29,85.27,5.5
PMT-0204,F-21,2024-12-01,10131.52,86.31,3.7
PMT-0205,F-21,2022-01-01,10299.76,89.01,6.2
PMT-0205,F-21,2022-02-01,11910.66,85.3,11.4
PMT-0205,F-21,2022-03-01,14443.35,88.48,19.9
PMT-0205,F-21,2022-04-01,17002.81,89.47,25.3
PMT-0205,F-21,2022-05-01,18939.92,90.45,29.2
PMT-0205,F-21,2022-06-01,19611.65,87.61,33.2
PMT-0205,F-21,2022-07-01,19293.9,89.8,29.5
PMT-0205,F-21,2022-08-01,17217.75,94.25,24.2
PMT-0205,F-21,2022-09-01,14592.64,88.58,18.4
PMT-0205,F-21,2022-10-01,12170.09,82.32,11.6
PMT-0205,F-21,2022-11-01,9952.43,85.59,6.6
PMT-0205,F-21,2022-12-01,9534.21,90.01,5.9
PMT-0205,F-21,2023-01-01,10344.69,87.99,5.4
PMT-0205,F-21,2023-02-01,11954.46,91.3,10.4
PMT-0205,F-21,2023-03-01,14446.6,89.52,16.3
PMT-0205,F-21,2023-04-01,17542.76,93.99,24.3
PMT-0205,F-21,2023-05-01,18792.32,89.82,31.1
PMT-0205,F-21,2023-06-01,19447.72,87.96,31.7
PMT-0205,F-21,2023-07-01,19313.08,88.08,31.4
PMT-0205,F-21,2023-08-01,17596.85,91.45,24.8
PMT-0205,F-21,2023-09-01,14904.96,95.17,16.7
PMT-0205,F-21,2023-10-01,12425.41,86.89,10.0
PMT-0205,F-21,2023-11-01,10207.3,85.67,7.2
PMT-0205,F-21,2023-12-01,9384.1,94.42,5.1
PMT-0205,F-21,2024-01-01,10370.18,87.88,6.8
PMT-0205,F-21,2024-02-01,12057.96,89.76,8.3
PMT-0205,F-21,2024-03-01,14850.46,89.95,17.1
PMT-0205,F-21,2024-04-01,17377.02,90.99,24.9
PMT-0205,F-21,2024-05-01,18893.55,86.09,31.9
PMT-0205,F-21,2024-06-01,19749.07,86.43,33.1
PMT-0205,F-21,2024-07-01,19321.94,95.89,31.3
PMT-0205,F-21,2024-08-01,17353.1,87.07,25.7
PMT-0205,F-21,2024-09-01,14295.75,88.95,16.9
PMT-0205,F-21,2024-10-01,12155.01,85.74,11.5
PMT-0205,F-21,2024-11-01,10224.39,89.78,5.7
PMT-0205,F-21,2024-12-01,9634.11,88.49,4.4
PMT-0206,F-21,2022-01-01,10124.45,83.2,3.9
PMT-0206,F-21,2022-02-01,11532.07,91.03,11.0
PMT-0206,F-21,2022-03-01,14778.33,89.19,18.3
PMT-0206,F-21,2022-04-01,16558.96,95.08,25.4
PMT-0206,F-21,2022-05-01,17431.59,90.3,31.0
PMT-0206,F-21,2022-06-01,19608.66,87.74,31.0
PMT-0206,F-21,2022-07-01,17705.86,91.07,31.3
PMT-0206,F-21,2022-08-01,17258.55,80.63,23.5
PMT-0206,F-21,2022-09-01,14509.4,85.06,18.0
PMT-0206,F-21,2022-10-01,11187.72,88.1,12.4
PMT-0206,F-21,2022-11-01,9810.58,85.49,6.8
PMT-0206,F-21,2022-12-01,8853.43,85.58,3.1
PMT-0206,F-21,2023-01-01,9378.33,84.41,5.2
PMT-0206,F-21,2023-02-01,11797.2,87.06,10.6
PMT-0206,F-21,2023-03-01,13911.37,95.71,17.4
PMT-0206,F-21,2023-04-01,16944.68,91.9,25.6
PMT-0206,F-21,2023-05-01,18352.11,90.84,29.9
PMT-0206,F-21,2023-06-01,19807.54,87.79,32.2
PMT-0206,F-21,2023-07-01,17607.44,82.16,29.9
PMT-0206,F-21,2023-08-01,17034.06,89.3,24.7
PMT-0206,F-21,2023-09-01,14403.23,83.06,15.8
PMT-0206,F-21,2023-10-01,12234.3,86.38,11.9
PMT-0206,F-21,2023-11-01,9930.88,85.6,5.7
PMT-0206,F-21,2023-12-01,9547.76,91.03,6.4
PMT-0206,F-21,2024-01-01,10111.15,90.23,7.1
PMT-0206,F-21,2024-02-01,12118.57,91.55,13.4
PMT-0206,F-21,2024-03-01,14216.7,86.48,18.3
PMT-0206,F-21,2024-04-01,15737.37,85.98,25.3
PMT-0206,F-21,2024-05-01,18694.42,84.73,30.4
PMT-0206,F-21,2024-06-01,19488.14,93.31,31.5
PMT-0206,F-21,2024-07-01,18300.62,87.27,30.1
PMT-0206,F-21,2024-08-01,16300.78,87.87,25.7
PMT-0206,F-21,2024-09-01,14086.85,89.78,17.5
PMT-0206,F-21,2024-10-01,12070.77,88.36,11.5
PMT-0206,F-21,2024-11-01,9770.71,87.16,6.5
PMT-0206,F-21,2024-12-01,9198.01,91.95,2.7
PMT-0207,F-21,2022-01-01,8076.44,90.9,5.4
PMT-0207,F-21,2022-02-01,9474.74,90.8,11.1
PMT-0207,F-21,2022-03-01,11828.51,87.67,17.7
PMT-0207,F-21,2022-04-01,13819.03,92.94,25.2
PMT-0207,F-21,2022-05-01,15055.25,87.61,31.3
PMT-0207,F-21,2022-06-01,15457.93,85.37,31.6
PMT-0207,F-21,2022-07-01,14747.75,88.65,29.7
PMT-0207,F-21,2022-08-01,13541.14,86.95,28.3
PMT-0207,F-21,2022-09-01,11637.26,86.89,19.1
PMT-0207,F-21,2022-10-01,9295.29,91.35,11.5
PMT-0207,F-21,2022-11-01,7964.68,87.69,5.4
PMT-0207,F-21,2022-12-01,7847.79,90.11,4.2
PMT-0207,F-21,2023-01-01,8129.27,90.16,6.1
PMT-0207,F-21,2023-02-01,9582.07,86.34,11.7
PMT-0207,F-21,2023-03-01,11741.19,86.09,16.2
PMT-0207,F-21,2023-04-01,13721.27,89.12,24.4
PMT-0207,F-21,2023-05-01,15249.02,90.83,31.4
PMT-0207,F-21,2023-06-01,15410.46,87.6,32.5
PMT-0207,F-21,2023-07-01,14396.48,86.82,28.1
PMT-0207,F-21,2023-08-01,14024.83,87.89,24.6
PMT-0207,F-21,2023-09-01,11398.79,91.63,18.2
PMT-0207,F-21,2023-10-01,9448.29,83.48,9.7
PMT-0207,F-21,2023-11-01,8421.9,90.17,5.8
PMT-0207,F-21,2023-12-01,7351.73,85.82,4.7
PMT-0207,F-21,2024-01-01,8129.3,82.72,5.6
PMT-0207,F-21,2024-02-01,9900.51,90.34,10.6
PMT-0207,F-21,2024-03-01,11633.64,87.1,17.7
PMT-0207,F-21,2024-04-01,13489.44,91.04,26.1
PMT-0207,F-21,2024-05-01,14931.79,90.21,30.1
PMT-0207,F-21,2024-06-01,16044.0,88.62,32.6
PMT-0207,F-21,2024-07-01,14953.03,93.69,29.4
PMT-0207,F-21,2024-08-01,13534.61,89.54,23.9
PMT-0207,F-21,2024-09-01,11961.34,82.07,13.8
PMT-0207,F-21,2024-10-01,9309.53,87.25,13.8
PMT-0207,F-21,2024-11-01,8192.65,93.09,4.4
PMT-0207,F-21,2024-12-01,7535.96,87.47,4.9
PMT-0208,F-21,2022-01-01,8903.65,88.1,7.2
PMT-0208,F-21,2022-02-01,10752.58,85.81,11.2
PMT-0208,F-21,2022-03-01,13116.07,88.67,17.5
PMT-0208,F-21,2022-04-01,15235.1,83.71,26.5
PMT-0208,F-21,2022-05-01,16513.65,85.26,30.3
PMT-0208,F-21,2022-06-01,16798.8,87.69,32.5
PMT-0208,F-21,2022-07-01,17204.34,86.84,29.3
PMT-0208,F-21,2022-08-01,15740.84,88.86,25.1
PMT-0208,F-21,2022-09-01,13165.35,92.86,17.9
PMT-0208,F-21,2022-10-01,10673.86,87.74,11.9
PMT-0208,F-21,2022-11-01,9340.81,86.85,5.6
PMT-0208,F-21,2022-12-01,8467.74,88.24,2.2
PMT-0208,F-21,2023-01-01,8996.07,87.44,5.5
PMT-0208,F-21,2023-02-01,10888.38,90.66,11.9
PMT-0208,F-21,2023-03-01,13005.49,90.73,19.9
PMT-0208,F-21,2023-04-01,15147.71,94.52,24.5
PMT-0208,F-21,2023-05-01,16759.35,88.48,29.1
PMT-0208,F-21,2023-06-01,18485.36,90.03,34.3
PMT-0208,F-21,2023-07-01,16797.47,94.69,30.3
PMT-0208,F-21,2023-08-01,15237.88,86.58,26.4
PMT-0208,F-21,2023-09-01,13279.06,91.22,17.3
PMT-0208,F-21,2023-10-01,10698.41,90.21,8.1
PMT-0208,F-21,2023-11-01,9263.3,92.05,3.0
PMT-0208,F-21,2023-12-01,8480.51,83.59,5.2
PMT-0208,F-21,2024-01-01,9228.43,86.27,6.6
PMT-0208,F-21,2024-02-01,10829.57,87.85,10.7
PMT-0208,F-21,2024-03-01,13035.43,90.52,18.1
PMT-0208,F-21,2024-04-01,15367.43,87.18,25.3
PMT-0208,F-21,2024-05-01,17084.31,88.11,29.0
PMT-0208,F-21,2024-06-01,17684.72,84.69,31.2
PMT-0208,F-21,2024-07-01,17155.46,88.73,27.0
PMT-0208,F-21,2024-08-01,15218.49,91.22,22.6
PMT-0208,F-21,2024-09-01,13013.9,85.53,17.6
PMT-0208,F-21,2024-10-01,10683.05,88.14,10.5
PMT-0208,F-21,2024-11-01,9116.21,85.36,5.3
PMT-0208,F-21,2024-12-01,8399.65,86.34,5.4
PMT-0209,F-21,2022-01-01,5284.47,87.79,5.0
PMT-0209,F-21,2022-02-01,6213.79,88.81,8.4
PMT-0209,F-21,2022-03-01,7334.83,85.62,18.4
PMT-0209,F-21,2022-04-01,8717.48,86.83,23.7
PMT-0209,F-21,2022-05-01,9870.19,92.59,29.2
PMT-0209,F-21,2022-06-01,10192.74,92.3,30.8
PMT-0209,F-21,2022-07-01,9734.67,86.96,28.5
PMT-0209,F-21,2022-08-01,8847.43,93.67,26.6
PMT-0209,F-21,2022-09-01,7514.35,89.18,18.6
PMT-0209,F-21,2022-10-01,6356.36,91.76,10.1
PMT-0209,F-21,2022-11-01,5335.29,90.4,4.7
PMT-0209,F-21,2022-12-01,4933.79,83.33,5.6
PMT-0209,F-21,2023-01-01,5352.48,90.64,6.5
PMT-0209,F-21,2023-02-01,6242.42,92.59,11.9
PMT-0209,F-21,2023-03-01,7664.4,89.27,18.7
PMT-0209,F-21,2023-04-01,8846.53,85.82,24.9
PMT-0209,F-21,2023-05-01,9752.73,87.95,31.8
PMT-0209,F-21,2023-06-01,10131.07,91.14,31.1
PMT-0209,F-21,2023-07-01,9705.01,92.86,31.0
PMT-0209,F-21,2023-08-01,8794.64,89.83,23.1
PMT-0209,F-21,2023-09-01,7527.18,88.02,17.7
PMT-0209,F-21,2023-10-01,6132.85,87.12,11.6
PMT-0209,F-21,2023-11-01,5289.55,86.41,4.8
PMT-0209,F-21,2023-12-01,4968.95,91.67,1.5
PMT-0209,F-21,2024-01-01,5103.56,90.34,6.7
PMT-0209,F-21,2024-02-01,6212.24,92.22,9.8
PMT-0209,F-21,2024-03-01,7630.74,88.56,16.8
PMT-0209,F-21,2024-04-01,8728.12,85.96,24.8
PMT-0209,F-21,2024-05-01,9691.1,92.32,29.4
PMT-0209,F-21,2024-06-01,10279.19,91.57,31.5
PMT-0209,F-21,2024-07-01,9634.74,90.05,29.0
PMT-0209,F-21,2024-08-01,8793.89,89.01,24.3
PMT-0209,F-21,2024-09-01,7218.57,84.56,18.6
PMT-0209,F-21,2024-10-01,6362.54,88.34,8.5
PMT-0209,F-21,2024-11-01,5001.88,90.09,6.5
PMT-0209,F-21,2024-12-01,4918.8,90.33,2.7
PMT-0210,F-21,2022-01-01,10647.38,85.26,6.6
PMT-0210,F-21,2022-02-01,12227.24,85.79,13.0
PMT-0210,F-21,2022-03-01,15174.1,88.78,18.9
PMT-0210,F-21,2022-04-01,17455.73,86.89,23.3
PMT-0210,F-21,2022-05-01,19367.18,89.87,30.8
PMT-0210,F-21,2022-06-01,20191.11,89.93,34.2
PMT-0210,F-21,2022-07-01,19980.87,85.81,28.6
PMT-0210,F-21,2022-08-01,17257.14,88.45,26.5
PMT-0210,F-21,2022-09-01,14928.37,89.89,17.7
PMT-0210,F-21,2022-10-01,12365.88,87.49,10.4
PMT-0210,F-21,2022-11-01,10372.17,84.63,6.8
PMT-0210,F-21,2022-12-01,9783.1,87.86,5.5
PMT-0210,F-21,2023-01-01,10503.33,87.97,5.5
PMT-0210,F-21,2023-02-01,12535.18,84.66,13.1
PMT-0210,F-21,2023-03-01,15265.44,88.93,19.5
PMT-0210,F-21,2023-04-01,17390.53,88.96,23.7
PMT-0210,F-21,2023-05-01,19709.52,91.32,32.4
PMT-0210,F-21,2023-06-01,19664.75,91.24,31.7
PMT-0210,F-21,2023-07-01,19524.46,87.08,29.1
PMT-0210,F-21,2023-08-01,17762.1,88.17,25.3
PMT-0210,F-21,2023-09-01,15004.21,86.2,17.2
PMT-0210,F-21,2023-10-01,12382.87,91.63,10.9
PMT-0210,F-21,2023-11-01,10477.94,90.92,6.1
PMT-0210,F-21,2023-12-01,9567.58,89.45,5.1
PMT-0210,F-21,2024-01-01,10257.88,94.22,5.7
PMT-0210,F-21,2024-02-01,12306.03,92.14,11.6
PMT-0210,F-21,2024-03-01,14377.13,88.4,16.2
PMT-0210,F-21,2024-04-01,17107.11,89.46,22.8
PMT-0210,F-21,2024-05-01,19156.97,85.76,31.6
PMT-0210,F-21,2024-06-01,20398.96,87.09,32.8
PMT-0210,F-21,2024-07-01,19333.02,93.97,30.4
PMT-0210,F-21,2024-08-01,17441.75,87.29,24.3
PMT-0210,F-21,2024-09-01,14766.69,86.44,16.2
PMT-0210,F-21,2024-10-01,12358.83,87.39,8.9
PMT-0210,F-21,2024-11-01,10434.1,94.61,4.6
PMT-0210,F-21,2024-12-01,9748.59,88.93,4.1
PMT-0211,F-22,2022-01-01,6633.35,88.95,4.9
PMT-0211,F-22,2022-02-01,7200.54,96.87,11.0
PMT-0211,F-22,2022-03-01,9752.29,92.55,17.4
PMT-0211,F-22,2022-04-01,11123.31,85.38,25.4
PMT-0211,F-22,2022-05-01,12650.46,83.07,30.8
PMT-0211,F-22,2022-06-01,12909.48,86.25,31.2
PMT-0211,F-22,2022-07-01,11606.7,89.68,30.9
PMT-0211,F-22,2022-08-01,11519.5,88.3,25.6
PMT-0211,F-22,2022-09-01,9267.57,89.6,18.7
PMT-0211,F-22,2022-10-01,8222.77,83.92,12.5
PMT-0211,F-22,2022-11-01,6703.96,90.69,4.9
PMT-0211,F-22,2022-12-01,6131.49,86.55,4.0
PMT-0211,F-22,2023-01-01,6356.82,94.96,7.4
PMT-0211,F-22,2023-02-01,7048.77,87.79,9.8
PMT-0211,F-22,2023-03-01,8845.2,90.75,20.3
PMT-0211,F-22,2023-04-01,10654.04,87.29,23.0
PMT-0211,F-22,2023-05-01,12741.46,94.96,28.1
PMT-0211,F-22,2023-06-01,13184.17,89.74,33.3
PMT-0211,F-22,2023-07-01,11992.59,87.56,28.2
PMT-0211,F-22,2023-08-01,11594.99,91.47,22.6
PMT-0211,F-22,2023-09-01,10168.98,90.21,18.9
PMT-0211,F-22,2023-10-01,7320.6,86.58,12.0
PMT-0211,F-22,2023-11-01,6762.25,91.37,8.3
PMT-0211,F-22,2023-12-01,6137.05,86.97,3.7
PMT-0211,F-22,2024-01-01,6880.7,85.9,6.7
PMT-0211,F-22,2024-02-01,7434.91,91.0,11.3
PMT-0211,F-22,2024-03-01,9984.26,86.7,19.2
PMT-0211,F-22,2024-04-01,11036.81,91.39,24.5
PMT-0211,F-22,2024-05-01,12107.97,93.91,27.5
PMT-0211,F-22,2024-06-01,12913.29,84.31,33.3
PMT-0211,F-22,2024-07-01,12522.67,92.89,30.0
PMT-0211,F-22,2024-08-01,10390.97,89.83,25.5
PMT-0211,F-22,2024-09-01,9078.36,90.92,19.7
PMT-0211,F-22,2024-10-01,7525.17,85.6,12.2
PMT-0211,F-22,2024-11-01,6969.77,89.89,5.6
PMT-0211,F-22,2024-12-01,6016.92,90.74,1.1
PMT-0212,F-22,2022-01-01,14457.83,89.81,5.8
PMT-0212,F-22,2022-02-01,17170.83,90.59,12.0
PMT-0212,F-22,2022-03-01,20881.87,87.83,19.6
PMT-0212,F-22,2022-04-01,25021.31,92.08,24.4
PMT-0212,F-22,2022-05-01,27613.4,86.9,31.2
PMT-0212,F-22,2022-06-01,28636.0,88.26,31.6
PMT-0212,F-22,2022-07-01,26798.26,96.58,30.2
PMT-0212,F-22,2022-08-01,24606.6,92.43,23.9
PMT-0212,F-22,2022-09-01,20663.23,93.78,19.4
PMT-0212,F-22,2022-10-01,17357.83,88.49,11.1
PMT-0212,F-22,2022-11-01,14752.66,88.66,7.6
PMT-0212,F-22,2022-12-01,13767.91,91.14,4.0
PMT-0212,F-22,2023-01-01,14855.99,89.49,4.7
PMT-0212,F-22,2023-02-01,17344.53,91.14,10.3
PMT-0212,F-22,2023-03-01,20739.32,83.57,17.4
PMT-0212,F-22,2023-04-01,24566.21,87.5,25.4
PMT-0212,F-22,2023-05-01,27023.59,80.86,29.4
PMT-0212,F-22,2023-06-01,28432.43,87.09,31.1
PMT-0212,F-22,2023-07-01,26894.41,91.75,31.2
PMT-0212,F-22,2023-08-01,24242.48,87.04,26.0
PMT-0212,F-22,2023-09-01,20921.59,88.26,18.8
PMT-0212,F-22,2023-10-01,17157.69,86.47,11.3
PMT-0212,F-22,2023-11-01,14515.6,89.08,5.1
PMT-0212,F-22,2023-12-01,13768.13,91.21,1.4
PMT-0212,F-22,2024-01-01,14244.89,89.87,7.6
PMT-0212,F-22,2024-02-01,17461.42,94.3,11.2
PMT-0212,F-22,2024-03-01,21122.7,90.67,17.7
PMT-0212,F-22,2024-04-01,24469.83,94.2,25.2
PMT-0212,F-22,2024-05-01,27057.05,89.06,30.6
PMT-0212,F-22,2024-06-01,28814.12,93.47,30.4
PMT-0212,F-22,2024-07-01,27548.54,87.89,29.2
PMT-0212,F-22,2024-08-01,24959.44,88.2,24.4
PMT-0212,F-22,2024-09-01,20925.78,87.31,16.7
PMT-0212,F-22,2024-10-01,17004.07,86.38,12.0
PMT-0212,F-22,2024-11-01,14529.17,94.53,3.3
PMT-0212,F-22,2024-12-01,13487.62,87.14,2.4
PMT-0213,F-22,2022-01-01,15557.4,87.71,7.3
PMT-0213,F-22,2022-02-01,18385.92,86.59,10.7
PMT-0213,F-22,2022-03-01,22058.43,91.6,16.0
PMT-0213,F-22,2022-04-01,26877.33,91.54,25.5
PMT-0213,F-22,2022-05-01,28136.16,89.16,28.8
PMT-0213,F-22,2022-06-01,31347.66,89.82,33.2
PMT-0213,F-22,2022-07-01,29439.56,90.83,31.5
PMT-0213,F-22,2022-08-01,27824.43,92.38,26.5
PMT-0213,F-22,2022-09-01,22655.44,92.58,17.0
PMT-0213,F-22,2022-10-01,18590.09,88.33,11.5
PMT-0213,F-22,2022-11-01,15372.77,88.06,7.8
PMT-0213,F-22,2022-12-01,14918.09,88.34,3.0
PMT-0213,F-22,2023-01-01,15514.83,87.46,5.6
PMT-0213,F-22,2023-02-01,18444.6,88.51,10.9
PMT-0213,F-22,2023-03-01,23494.64,93.08,17.8
PMT-0213,F-22,2023-04-01,27009.8,87.49,24.8
PMT-0213,F-22,2023-05-01,29445.1,85.77,31.4
PMT-0213,F-22,2023-06-01,30854.84,94.28,31.1
PMT-0213,F-22,2023-07-01,28261.22,91.84,28.0
PMT-0213,F-22,2023-08-01,25887.38,88.89,24.1
PMT-0213,F-22,2023-09-01,22133.89,93.81,19.0
PMT-0213,F-22,2023-10-01,18760.8,92.72,9.9
PMT-0213,F-22,2023-11-01,15578.11,90.26,5.1
PMT-0213,F-22,2023-12-01,14486.71,83.92,4.6
PMT-0213,F-22,2024-01-01,15673.76,81.51,7.2
PMT-0213,F-22,2024-02-01,18236.44,86.33,10.4
PMT-0213,F-22,2024-03-01,23632.0,85.3,16.4
PMT-0213,F-22,2024-04-01,25588.43,87.67,25.1
PMT-0213,F-22,2024-05-01,30266.26,89.02,31.2
PMT-0213,F-22,2024-06-01,30543.81,90.48,31.3
PMT-0213,F-22,2024-07-01,29743.83,88.48,30.6
PMT-0213,F-22,2024-08-01,27793.74,90.34,25.5
PMT-0213,F-22,2024-09-01,22843.63,88.87,18.3
PMT-0213,F-22,2024-10-01,18080.86,85.7,9.8
PMT-0213,F-22,2024-11-01,16135.68,90.47,5.4
PMT-0213,F-22,2024-12-01,15344.96,92.87,1.5
PMT-0214,F-22,2022-01-01,11309.32,89.24,4.7
PMT-0214,F-22,2022-02-01,14007.99,87.2,12.6
PMT-0214,F-22,2022-03-01,16254.79,90.95,17.3
PMT-0214,F-22,2022-04-01,19480.08,89.53,24.4
PMT-0214,F-22,2022-05-01,21574.89,97.76,29.5
PMT-0214,F-22,2022-06-01,22078.33,89.49,33.0
PMT-0214,F-22,2022-07-01,20270.46,91.07,30.7
PMT-0214,F-22,2022-08-01,19392.48,88.34,25.8
PMT-0214,F-22,2022-09-01,15708.62,93.05,17.4
PMT-0214,F-22,2022-10-01,14000.02,88.24,10.4
PMT-0214,F-22,2022-11-01,10831.15,93.26,5.6
PMT-0214,F-22,2022-12-01,10748.08,93.11,5.1
PMT-0214,F-22,2023-01-01,10961.21,87.84,3.8
PMT-0214,F-22,2023-02-01,13378.87,88.51,9.7
PMT-0214,F-22,2023-03-01,15836.92,82.07,18.2
PMT-0214,F-22,2023-04-01,19486.39,86.73,23.5
PMT-0214,F-22,2023-05-01,21066.21,92.07,29.1
PMT-0214,F-22,2023-06-01,21099.62,88.55,32.0
PMT-0214,F-22,2023-07-01,21122.06,89.23,29.3
PMT-0214,F-22,2023-08-01,19040.29,83.59,24.6
PMT-0214,F-22,2023-09-01,15400.49,85.58,18.6
PMT-0214,F-22,2023-10-01,13523.07,83.98,10.0
PMT-0214,F-22,2023-11-01,11004.17,91.69,5.0
PMT-0214,F-22,2023-12-01,10628.38,89.52,3.9
PMT-0214,F-22,2024-01-01,11204.88,89.57,5.5
PMT-0214,F-22,2024-02-01,13444.98,82.51,11.8
PMT-0214,F-22,2024-03-01,16559.57,88.92,18.1
PMT-0214,F-22,2024-04-01,19224.42,88.23,23.7
PMT-0214,F-22,2024-05-01,20914.5,94.16,30.4
PMT-0214,F-22,2024-06-01,22232.32,87.91,30.8
PMT-0214,F-22,2024-07-01,20766.02,90.94,29.8
PMT-0214,F-22,2024-08-01,19148.08,87.77,23.6
PMT-0214,F-22,2024-09-01,16309.47,92.52,17.5
PMT-0214,F-22,2024-10-01,13309.68,93.03,9.4
PMT-0214,F-22,2024-11-01,11392.85,93.61,6.2
PMT-0214,F-22,2024-12-01,10622.58,92.29,3.2
PMT-0215,F-22,2022-01-01,8822.29,89.5,4.4
PMT-0215,F-22,2022-02-01,10137.56,87.1,11.5
PMT-0215,F-22,2022-03-01,12834.05,90.25,20.1
PMT-0215,F-22,2022-04-01,14934.1,91.31,26.0
PMT-0215,F-22,2022-05-01,16646.94,87.75,29.3
PMT-0215,F-22,2022-06-01,17498.13,86.29,31.4
PMT-0215,F-22,2022-07-01,15860.07,93.45,28.8
PMT-0215,F-22,2022-08-01,14637.63,88.45,24.5
PMT-0215,F-22,2022-09-01,12448.79,90.97,18.3
PMT-0215,F-22,2022-10-01,10142.87,90.98,11.6
PMT-0215,F-22,2022-11-01,8823.63,86.06,5.5
PMT-0215,F-22,2022-12-01,8305.43,92.02,3.8
PMT-0215,F-22,2023-01-01,9022.11,96.8,7.3
PMT-0215,F-22,2023-02-01,10678.73,88.4,11.8
PMT-0215,F-22,2023-03-01,12291.21,89.44,18.1
PMT-0215,F-22,2023-04-01,14326.54,90.09,27.0
PMT-0215,F-22,2023-05-01,15363.88,91.71,29.0
PMT-0215,F-22,2023-06-01,17212.58,92.89,30.7
PMT-0215,F-22,2023-07-01,16273.97,89.73,29.0
PMT-0215,F-22,2023-08-01,14464.79,86.01,24.3
PMT-0215,F-22,2023-09-01,12600.63,87.46,17.5
PMT-0215,F-22,2023-10-01,10498.93,91.74,12.6
PMT-0215,F-22,2023-11-01,9037.11,85.83,5.2
PMT-0215,F-22,2023-12-01,7942.14,92.08,4.8
PMT-0215,F-22,2024-01-01,8579.49,93.72,4.9
PMT-0215,F-22,2024-02-01,10534.0,87.25,9.7
PMT-0215,F-22,2024-03-01,12226.15,90.24,19.5
PMT-0215,F-22,2024-04-01,14803.3,91.15,24.2
PMT-0215,F-22,2024-05-01,16410.38,90.78,30.3
PMT-0215,F-22,2024-06-01,17351.73,91.81,32.7
PMT-0215,F-22,2024-07-01,16102.32,88.41,30.4
PMT-0215,F-22,2024-08-01,14891.06,87.19,26.4
PMT-0215,F-22,2024-09-01,12306.39,84.37,17.2
PMT-0215,F-22,2024-10-01,10296.16,85.82,10.3
PMT-0215,F-22,2024-11-01,8854.93,92.5,6.5
PMT-0215,F-22,2024-12-01,8369.55,88.04,2.1
PMT-0216,F-22,2022-01-01,12835.58,90.83,6.0
PMT-0216,F-22,2022-02-01,15188.03,88.53,10.9
PMT-0216,F-22,2022-03-01,18256.4,87.17,18.6
PMT-0216,F-22,2022-04-01,21459.82,88.75,23.5
PMT-0216,F-22,2022-05-01,23880.46,90.49,31.1
PMT-0216,F-22,2022-06-01,24062.58,89.6,32.1
PMT-0216,F-22,2022-07-01,23915.16,87.91,28.8
PMT-0216,F-22,2022-08-01,21587.74,95.55,25.3
PMT-0216,F-22,2022-09-01,17618.63,93.32,17.0
PMT-0216,F-22,2022-10-01,14918.29,93.32,12.1
PMT-0216,F-22,2022-11-01,12412.47,86.22,4.7
PMT-0216,F-22,2022-12-01,11709.25,88.43,4.8
PMT-0216,F-22,2023-01-01,12381.8,88.48,7.5
PMT-0216,F-22,2023-02-01,15101.82,86.54,11.7
PMT-0216,F-22,2023-03-01,18354.39,88.55,19.3
PMT-0216,F-22,2023-04-01,21294.68,89.64,24.0
PMT-0216,F-22,2023-05-01,23147.28,93.19,33.0
PMT-0216,F-22,2023-06-01,24830.53,89.76,31.4
PMT-0216,F-22,2023-07-01,23428.16,88.23,29.1
PMT-0216,F-22,2023-08-01,21625.35,88.37,25.9
PMT-0216,F-22,2023-09-01,18282.5,85.62,17.4
PMT-0216,F-22,2023-10-01,14757.94,93.25,11.3
PMT-0216,F-22,2023-11-01,12581.52,94.95,7.7
PMT-0216,F-22,2023-12-01,11960.86,85.86,2.3
PMT-0216,F-22,2024-01-01,12418.29,86.89,8.6
PMT-0216,F-22,2024-02-01,15320.19,87.28,11.5
PMT-0216,F-22,2024-03-01,17805.96,87.91,18.6
PMT-0216,F-22,2024-04-01,21725.64,89.56,24.5
PMT-0216,F-22,2024-05-01,23186.9,84.43,28.3
PMT-0216,F-22,2024-06-01,24794.85,94.02,32.1
PMT-0216,F-22,2024-07-01,24261.97,86.15,29.7
PMT-0216,F-22,2024-08-01,20592.9,91.46,23.4
PMT-0216,F-22,2024-09-01,17509.22,87.64,17.2
PMT-0216,F-22,2024-10-01,14892.39,89.76,11.6
PMT-0216,F-22,2024-11-01,12474.83,89.31,7.0
PMT-0216,F-22,2024-12-01,11679.03,83.54,3.7
PMT-0217,F-22,2022-01-01,12897.03,87.22,6.9
PMT-0217,F-22,2022-02-01,15901.95,85.33,8.1
PMT-0217,F-22,2022-03-01,19712.36,94.15,18.7
PMT-0217,F-22,2022-04-01,22282.66,90.08,25.7
PMT-0217,F-22,2022-05-01,24718.19,88.28,31.1
PMT-0217,F-22,2022-06-01,25397.94,88.3,31.1
PMT-0217,F-22,2022-07-01,24549.22,88.11,30.9
PMT-0217,F-22,2022-08-01,22721.19,86.32,25.1
PMT-0217,F-22,2022-09-01,18659.06,85.81,18.6
PMT-0217,F-22,2022-10-01,15710.17,93.2,9.5
PMT-0217,F-22,2022-11-01,13005.27,92.55,5.3
PMT-0217,F-22,2022-12-01,12127.8,91.56,1.7
PMT-0217,F-22,2023-01-01,13203.03,89.53,5.9
PMT-0217,F-22,2023-02-01,15343.17,92.34,9.6
PMT-0217,F-22,2023-03-01,19467.95,90.97,18.5
PMT-0217,F-22,2023-04-01,22171.68,90.6,24.1
PMT-0217,F-22,2023-05-01,24737.26,88.59,29.6
PMT-0217,F-22,2023-06-01,25844.84,89.24,31.6
PMT-0217,F-22,2023-07-01,24645.77,91.15,30.0
PMT-0217,F-22,2023-08-01,22731.82,95.09,25.3
PMT-0217,F-22,2023-09-01,19040.06,91.33,17.2
PMT-0217,F-22,2023-10-01,15532.38,90.33,10.8
PMT-0217,F-22,2023-11-01,13066.68,88.57,6.2
PMT-0217,F-22,2023-12-01,11843.94,88.12,1.6
PMT-0217,F-22,2024-01-01,13284.82,91.18,4.4
PMT-0217,F-22,2024-02-01,15526.2,93.21,12.1
PMT-0217,F-22,2024-03-01,18606.93,85.11,17.4
PMT-0217,F-22,2024-04-01,21949.35,92.27,23.8
PMT-0217,F-22,2024-05-01,24394.59,86.11,30.0
PMT-0217,F-22,2024-06-01,25682.13,87.95,31.8
PMT-0217,F-22,2024-07-01,23999.11,86.97,32.1
PMT-0217,F-22,2024-08-01,23522.5,92.07,24.5
PMT-0217,F-22,2024-09-01,19156.28,86.6,18.3
PMT-0217,F-22,2024-10-01,15474.09,89.51,8.9
PMT-0217,F-22,2024-11-01,13073.54,88.61,6.0
PMT-0217,F-22,2024-12-01,12290.97,87.6,7.6
PMT-0218,F-22,2022-01-01,8180.01,90.7,3.5
PMT-0218,F-22,2022-02-01,9494.84,94.1,10.2
PMT-0218,F-22,2022-03-01,11810.05,85.07,19.4
PMT-0218,F-22,2022-04-01,13858.0,92.27,25.0
PMT-0218,F-22,2022-05-01,15638.0,83.47,30.1
PMT-0218,F-22,2022-06-01,15812.38,92.36,30.4
PMT-0218,F-22,2022-07-01,15085.57,84.61,28.7
PMT-0218,F-22,2022-08-01,13980.64,94.21,24.5
PMT-0218,F-22,2022-09-01,11917.74,84.21,18.8
PMT-0218,F-22,2022-10-01,9750.91,85.85,14.7
PMT-0218,F-22,2022-11-01,8130.55,88.76,6.4
PMT-0218,F-22,2022-12-01,7466.71,97.29,2.6
PMT-0218,F-22,2023-01-01,8249.77,87.96,5.6
PMT-0218,F-22,2023-02-01,9772.58,94.16,9.7
PMT-0218,F-22,2023-03-01,11715.09,91.08,17.4
PMT-0218,F-22,2023-04-01,13919.03,93.05,23.5
PMT-0218,F-22,2023-05-01,15089.41,91.75,28.6
PMT-0218,F-22,2023-06-01,15784.79,90.01,31.1
PMT-0218,F-22,2023-07-01,14938.96,92.16,28.5
PMT-0218,F-22,2023-08-01,14594.83,92.05,25.5
PMT-0218,F-22,2023-09-01,11460.75,85.72,17.6
PMT-0218,F-22,2023-10-01,10014.48,85.95,11.5
PMT-0218,F-22,2023-11-01,8228.94,79.39,6.8
PMT-0218,F-22,2023-12-01,7540.88,90.17,2.0
PMT-0218,F-22,2024-01-01,8230.89,95.75,5.3
PMT-0218,F-22,2024-02-01,9820.01,85.53,10.6
PMT-0218,F-22,2024-03-01,11990.88,91.24,20.8
PMT-0218,F-22,2024-04-01,13736.19,88.7,24.9
PMT-0218,F-22,2024-05-01,15199.66,86.51,29.6
PMT-0218,F-22,2024-06-01,15955.21,94.17,31.0
PMT-0218,F-22,2024-07-01,15199.36,86.54,30.9
PMT-0218,F-22,2024-08-01,14028.59,86.74,27.0
PMT-0218,F-22,2024-09-01,11606.81,88.08,19.3
PMT-0218,F-22,2024-10-01,9774.23,92.6,11.8
PMT-0218,F-22,2024-11-01,8226.23,85.03,4.4
PMT-0218,F-22,2024-12-01,7545.09,89.58,5.1
PMT-0219,F-22,2022-01-01,17563.37,88.45,7.1
PMT-0219,F-22,2022-02-01,21112.99,84.32,10.8
PMT-0219,F-22,2022-03-01,25356.82,87.77,18.4
PMT-0219,F-22,2022-04-01,29631.65,96.64,24.5
PMT-0219,F-22,2022-05-01,32459.05,90.06,28.4
PMT-0219,F-22,2022-06-01,34976.96,89.37,30.5
PMT-0219,F-22,2022-07-01,34214.36,89.79,28.3
PMT-0219,F-22,2022-08-01,29758.3,89.66,25.4
PMT-0219,F-22,2022-09-01,25780.19,93.99,19.8
PMT-0219,F-22,2022-10-01,20667.73,86.38,9.5
PMT-0219,F-22,2022-11-01,17627.09,85.72,4.3
PMT-0219,F-22,2022-12-01,17143.15,91.28,3.4
PMT-0219,F-22,2023-01-01,18207.77,90.04,6.3
PMT-0219,F-22,2023-02-01,21778.93,84.52,12.0
PMT-0219,F-22,2023-03-01,26514.29,82.53,17.7
PMT-0219,F-22,2023-04-01,31311.06,85.75,25.3
PMT-0219,F-22,2023-05-01,32636.17,84.66,30.1
PMT-0219,F-22,2023-06-01,35304.06,89.37,31.1
PMT-0219,F-22,2023-07-01,34047.0,89.64,27.7
PMT-0219,F-22,2023-08-01,30646.93,94.92,23.8
PMT-0219,F-22,2023-09-01,26328.84,90.99,18.8
PMT-0219,F-22,2023-10-01,20662.74,86.08,12.3
PMT-0219,F-22,2023-11-01,18701.21,87.85,7.5
PMT-0219,F-22,2023-12-01,16525.23,89.28,5.9
PMT-0219,F-22,2024-01-01,17518.49,94.62,4.7
PMT-0219,F-22,2024-02-01,20380.82,85.1,11.0
PMT-0219,F-22,2024-03-01,25744.32,87.82,19.5
PMT-0219,F-22,2024-04-01,30288.9,88.25,25.9
PMT-0219,F-22,2024-05-01,33599.99,89.6,31.4
PMT-0219,F-22,2024-06-01,35997.83,88.67,31.9
PMT-0219,F-22,2024-07-01,33920.83,84.45,28.6
PMT-0219,F-22,2024-08-01,29529.03,92.58,23.8
PMT-0219,F-22,2024-09-01,25078.96,85.05,18.0
PMT-0219,F-22,2024-10-01,21388.6,90.07,11.0
PMT-0219,F-22,2024-11-01,18068.91,83.12,4.1
PMT-0219,F-22,2024-12-01,16698.58,86.07,3.2
PMT-0220,F-22,2022-01-01,13021.42,87.55,7.4
PMT-0220,F-22,2022-02-01,15252.03,89.83,12.4
PMT-0220,F-22,2022-03-01,18431.51,90.42,18.9
PMT-0220,F-22,2022-04-01,22147.48,80.58,25.6
PMT-0220,F-22,2022-05-01,24286.91,89.21,32.2
PMT-0220,F-22,2022-06-01,25363.29,84.58,32.3
PMT-0220,F-22,2022-07-01,24839.39,91.22,31.2
PMT-0220,F-22,2022-08-01,21919.53,85.66,25.8
PMT-0220,F-22,2022-09-01,18847.28,86.15,17.6
PMT-0220,F-22,2022-10-01,15169.7,81.9,10.3
PMT-0220,F-22,2022-11-01,13398.13,85.95,5.5
PMT-0220,F-22,2022-12-01,12170.82,86.75,3.0
PMT-0220,F-22,2023-01-01,12791.69,87.41,6.7
PMT-0220,F-22,2023-02-01,15024.05,86.52,12.5
PMT-0220,F-22,2023-03-01,18284.58,89.76,18.6
PMT-0220,F-22,2023-04-01,22090.5,92.31,25.6
PMT-0220,F-22,2023-05-01,24254.14,87.72,28.7
PMT-0220,F-22,2023-06-01,25363.47,85.44,33.2
PMT-0220,F-22,2023-07-01,25437.81,88.76,31.9
PMT-0220,F-22,2023-08-01,22340.18,90.06,23.6
PMT-0220,F-22,2023-09-01,18919.91,90.61,16.0
PMT-0220,F-22,2023-10-01,14895.5,86.6,10.0
PMT-0220,F-22,2023-11-01,12919.88,87.03,5.3
PMT-0220,F-22,2023-12-01,12078.35,87.96,4.4
PMT-0220,F-22,2024-01-01,12828.41,85.95,7.5
PMT-0220,F-22,2024-02-01,15631.52,83.92,12.8
PMT-0220,F-22,2024-03-01,19080.05,90.1,16.6
PMT-0220,F-22,2024-04-01,22801.96,90.58,26.0
PMT-0220,F-22,2024-05-01,24707.15,90.87,30.1
PMT-0220,F-22,2024-06-01,25465.92,92.02,31.3
PMT-0220,F-22,2024-07-01,23467.81,92.23,29.1
PMT-0220,F-22,2024-08-01,21670.32,87.79,26.9
PMT-0220,F-22,2024-09-01,19196.4,93.26,18.8
PMT-0220,F-22,2024-10-01,15734.13,88.68,9.7
PMT-0220,F-22,2024-11-01,12821.12,92.72,4.8
PMT-0220,F-22,2024-12-01,12044.04,92.82,4.5
PMT-0221,F-23,2022-01-01,6386.49,90.26,7.2
PMT-0221,F-23,2022-02-01,7417.85,93.28,9.7
PMT-0221,F-23,2022-03-01,9348.34,90.35,18.4
PMT-0221,F-23,2022-04-01,11092.64,86.48,24.0
PMT-0221,F-23,2022-05-01,11666.66,90.09,32.1
PMT-0221,F-23,2022-06-01,12718.24,90.49,31.2
PMT-0221,F-23,2022-07-01,12052.53,88.29,31.1
PMT-0221,F-23,2022-08-01,10870.03,91.39,25.6
PMT-0221,F-23,2022-09-01,9152.47,90.22,20.2
PMT-0221,F-23,2022-10-01,7694.06,93.97,10.9
PMT-0221,F-23,2022-11-01,6409.73,88.29,7.0
PMT-0221,F-23,2022-12-01,5988.8,94.12,3.6
PMT-0221,F-23,2023-01-01,6445.98,88.94,7.4
PMT-0221,F-23,2023-02-01,7661.19,87.07,10.4
PMT-0221,F-23,2023-03-01,9385.0,87.92,16.7
PMT-0221,F-23,2023-04-01,11034.23,89.0,25.5
PMT-0221,F-23,2023-05-01,12234.32,90.19,29.0
PMT-0221,F-23,2023-06-01,12645.93,90.29,31.9
PMT-0221,F-23,2023-07-01,11830.72,89.16,30.5
PMT-0221,F-23,2023-08-01,10990.9,88.08,24.8
PMT-0221,F-23,2023-09-01,9476.7,91.47,18.5
PMT-0221,F-23,2023-10-01,7571.66,87.27,11.6
PMT-0221,F-23,2023-11-01,6518.78,87.31,3.5
PMT-0221,F-23,2023-12-01,6009.38,89.65,4.7
PMT-0221,F-23,2024-01-01,6556.8,88.82,4.2
PMT-0221,F-23,2024-02-01,7725.53,90.72,10.9
PMT-0221,F-23,2024-03-01,9454.53,94.29,17.9
PMT-0221,F-23,2024-04-01,11019.8,87.52,23.9
PMT-0221,F-23,2024-05-01,11813.26,96.65,28.7
PMT-0221,F-23,2024-06-01,12832.47,91.0,34.3
PMT-0221,F-23,2024-07-01,11853.59,93.64,28.7
PMT-0221,F-23,2024-08-01,10812.69,89.14,24.0
PMT-0221,F-23,2024-09-01,9234.92,89.04,17.7
PMT-0221,F-23,2024-10-01,7720.31,87.69,9.9
PMT-0221,F-23,2024-11-01,6459.42,88.27,5.9
PMT-0221,F-23,2024-12-01,6087.24,93.35,5.1
PMT-0222,F-23,2022-01-01,9481.89,90.96,6.4
PMT-0222,F-23,2022-02-01,11253.2,88.36,12.0
PMT-0222,F-23,2022-03-01,14022.55,88.23,18.7
PMT-0222,F-23,2022-04-01,15780.56,89.28,25.5
PMT-0222,F-23,2022-05-01,17346.72,96.37,32.5
PMT-0222,F-23,2022-06-01,18562.0,86.0,33.3
PMT-0222,F-23,2022-07-01,17797.33,88.39,30.4
PMT-0222,F-23,2022-08-01,15873.15,89.16,24.6
PMT-0222,F-23,2022-09-01,13576.25,90.76,18.0
PMT-0222,F-23,2022-10-01,11202.58,88.78,9.8
PMT-0222,F-23,2022-11-01,9623.07,86.89,5.0
PMT-0222,F-23,2022-12-01,8807.05,94.68,2.3
PMT-0222,F-23,2023-01-01,9698.1,90.36,6.9
PMT-0222,F-23,2023-02-01,11411.97,93.15,12.3
PMT-0222,F-23,2023-03-01,13629.12,90.25,18.0
PMT-0222,F-23,2023-04-01,16256.3,95.94,25.6
PMT-0222,F-23,2023-05-01,17741.2,91.61,29.8
PMT-0222,F-23,2023-06-01,18463.66,90.39,31.8
PMT-0222,F-23,2023-07-01,18497.82,88.16,29.1
PMT-0222,F-23,2023-08-01,16445.03,91.28,24.6
PMT-0222,F-23,2023-09-01,13598.68,92.45,16.9
PMT-0222,F-23,2023-10-01,11388.44,93.68,11.4
PMT-0222,F-23,2023-11-01,9559.73,93.37,6.9
PMT-0222,F-23,2023-12-01,8832.42,91.1,4.5
PMT-0222,F-23,2024-01-01,9545.92,90.73,5.0
PMT-0222,F-23,2024-02-01,11483.45,87.41,10.2
PMT-0222,F-23,2024-03-01,13979.11,89.33,19.2
PMT-0222,F-23,2024-04-01,15992.63,87.01,23.6
PMT-0222,F-23,2024-05-01,17942.07,92.13,30.3
PMT-0222,F-23,2024-06-01,18744.76,91.08,31.7
PMT-0222,F-23,2024-07-01,18128.91,83.73,30.6
PMT-0222,F-23,2024-08-01,15918.77,91.7,24.3
PMT-0222,F-23,2024-09-01,13789.55,94.54,20.0
PMT-0222,F-23,2024-10-01,11243.44,92.09,13.2
PMT-0222,F-23,2024-11-01,9732.43,93.85,7.2
PMT-0222,F-23,2024-12-01,8903.91,87.16,4.2
PMT-0223,F-23,2022-01-01,7566.47,87.71,6.0
PMT-0223,F-23,2022-02-01,8764.11,84.68,10.4
PMT-0223,F-23,2022-03-01,10375.15,94.38,16.9
PMT-0223,F-23,2022-04-01,12496.38,84.58,23.1
PMT-0223,F-23,2022-05-01,13889.26,96.38,30.0
PMT-0223,F-23,2022-06-01,14392.52,97.18,32.7
PMT-0223,F-23,2022-07-01,13643.22,88.42,29.7
PMT-0223,F-23,2022-08-01,12462.13,92.1,25.2
PMT-0223,F-23,2022-09-01,10636.85,88.78,18.4
PMT-0223,F-23,2022-10-01,8475.96,92.86,10.7
PMT-0223,F-23,2022-11-01,7552.3,89.78,6.3
PMT-0223,F-23,2022-12-01,6874.42,89.86,6.9
PMT-0223,F-23,2023-01-01,7601.73,87.98,4.5
PMT-0223,F-23,2023-02-01,8722.91,94.89,11.5
PMT-0223,F-23,2023-03-01,10540.76,88.71,17.6
PMT-0223,F-23,2023-04-01,12672.65,94.55,23.6
PMT-0223,F-23,2023-05-01,13902.18,90.8,30.8
PMT-0223,F-23,2023-06-01,14264.77,97.44,32.6
PMT-0223,F-23,2023-07-01,13340.37,90.5,30.7
PMT-0223,F-23,2023-08-01,12369.53,92.81,25.7
PMT-0223,F-23,2023-09-01,10558.99,87.42,18.7
PMT-0223,F-23,2023-10-01,8834.45,91.36,9.7
PMT-0223,F-23,2023-11-01,7230.94,88.33,6.1
PMT-0223,F-23,2023-12-01,6989.68,83.5,3.3
PMT-0223,F-23,2024-01-01,7425.35,89.09,5.5
PMT-0223,F-23,2024-02-01,8791.67,87.43,13.0
PMT-0223,F-23,2024-03-01,10626.81,88.9,20.1
PMT-0223,F-23,2024-04-01,12632.65,95.17,25.5
PMT-0223,F-23,2024-05-01,13988.78,90.18,32.3
PMT-0223,F-23,2024-06-01,14176.5,94.28,30.2
PMT-0223,F-23,2024-07-01,13901.47,90.5,29.1
PMT-0223,F-23,2024-08-01,12347.43,89.68,24.6
PMT-0223,F-23,2024-09-01,10646.59,90.68,20.1
PMT-0223,F-23,2024-10-01,8948.89,87.23,10.4
PMT-0223,F-23,2024-11-01,7622.24,92.58,5.5
PMT-0223,F-23,2024-12-01,6617.81,87.38,5.7
PMT-0224,F-23,2022-01-01,12551.77,89.5,6.0
PMT-0224,F-23,2022-02-01,15136.33,86.4,11.1
PMT-0224,F-23,2022-03-01,18325.3,92.67,18.0
PMT-0224,F-23,2022-04-01,20686.15,89.49,23.7
PMT-0224,F-23,2022-05-01,23236.85,91.38,31.2
PMT-0224,F-23,2022-06-01,24257.37,93.9,32.6
PMT-0224,F-23,2022-07-01,22915.2,87.33,31.9
PMT-0224,F-23,2022-08-01,21923.15,89.69,27.5
PMT-0224,F-23,2022-09-01,17899.39,91.72,19.8
PMT-0224,F-23,2022-10-01,15109.98,89.33,12.1
PMT-0224,F-23,2022-11-01,12242.87,89.61,7.2
PMT-0224,F-23,2022-12-01,11779.29,97.02,5.6
PMT-0224,F-23,2023-01-01,12604.45,88.21,4.7
PMT-0224,F-23,2023-02-01,15178.31,85.2,11.7
PMT-0224,F-23,2023-03-01,17682.43,89.18,18.3
PMT-0224,F-23,2023-04-01,21053.7,87.73,24.5
PMT-0224,F-23,2023-05-01,23429.71,93.41,30.6
PMT-0224,F-23,2023-06-01,24721.03,93.06,30.6
PMT-0224,F-23,2023-07-01,23612.69,91.53,31.8
PMT-0224,F-23,2023-08-01,20974.17,94.73,23.3
PMT-0224,F-23,2023-09-01,18077.68,89.84,17.4
PMT-0224,F-23,2023-10-01,14704.22,89.47,9.1
PMT-0224,F-23,2023-11-01,12047.84,92.15,7.6
PMT-0224,F-23,2023-12-01,11564.91,92.71,4.0
PMT-0224,F-23,2024-01-01,12321.99,90.15,4.1
PMT-0224,F-23,2024-02-01,14642.1,89.54,9.6
PMT-0224,F-23,2024-03-01,18178.59,92.18,18.7
PMT-0224,F-23,2024-04-01,21367.97,89.16,26.8
PMT-0224,F-23,2024-05-01,23339.86,90.84,31.5
PMT-0224,F-23,2024-06-01,23789.49,94.65,31.2
PMT-0224,F-23,2024-07-01,24058.08,89.6,28.8
PMT-0224,F-23,2024-08-01,21136.3,90.39,25.1
PMT-0224,F-23,2024-09-01,18045.34,91.18,16.7
PMT-0224,F-23,2024-10-01,14992.84,88.68,10.1
PMT-0224,F-23,2024-11-01,12387.5,88.57,4.6
PMT-0224,F-23,2024-12-01,11598.12,92.89,4.7
PMT-0225,F-23,2022-01-01,12674.92,91.42,5.8
PMT-0225,F-23,2022-02-01,15270.76,84.09,13.4
PMT-0225,F-23,2022-03-01,18619.6,94.88,20.0
PMT-0225,F-23,2022-04-01,22149.1,91.87,23.2
PMT-0225,F-23,2022-05-01,24893.96,88.63,30.4
PMT-0225,F-23,2022-06-01,26597.62,91.2,30.8
PMT-0225,F-23,2022-07-01,24869.98,90.96,28.5
PMT-0225,F-23,2022-08-01,21868.82,91.59,27.2
PMT-0225,F-23,2022-09-01,19349.01,92.9,16.5
PMT-0225,F-23,2022-10-01,16090.05,93.48,12.5
PMT-0225,F-23,2022-11-01,13267.88,88.9,5.3
PMT-0225,F-23,2022-12-01,12119.65,88.76,3.5
PMT-0225,F-23,2023-01-01,13207.27,81.59,6.0
PMT-0225,F-23,2023-02-01,15627.79,92.69,8.5
PMT-0225,F-23,2023-03-01,18887.55,90.2,16.5
PMT-0225,F-23,2023-04-01,22501.84,95.18,25.6
PMT-0225,F-23,2023-05-01,25156.52,92.8,31.6
PMT-0225,F-23,2023-06-01,25613.08,93.63,32.4
PMT-0225,F-23,2023-07-01,24939.75,90.4,28.1
PMT-0225,F-23,2023-08-01,22387.05,89.16,25.2
PMT-0225,F-23,2023-09-01,18415.17,88.31,16.6
PMT-0225,F-23,2023-10-01,15534.03,96.13,11.5
PMT-0225,F-23,2023-11-01,13080.48,90.42,7.4
PMT-0225,F-23,2023-12-01,12584.97,91.43,5.7
PMT-0225,F-23,2024-01-01,12822.76,88.32,5.3
PMT-0225,F-23,2024-02-01,15376.23,88.0,9.8
PMT-0225,F-23,2024-03-01,18498.71,91.26,16.6
PMT-0225,F-23,2024-04-01,22526.19,92.57,24.9
PMT-0225,F-23,2024-05-01,24969.52,90.61,31.5
PMT-0225,F-23,2024-06-01,25577.3,82.87,30.9
PMT-0225,F-23,2024-07-01,24944.28,90.62,30.3
PMT-0225,F-23,2024-08-01,21808.8,88.04,23.2
PMT-0225,F-23,2024-09-01,19159.15,93.81,15.4
PMT-0225,F-23,2024-10-01,15641.32,94.98,10.8
PMT-0225,F-23,2024-11-01,13579.23,94.27,6.6
PMT-0225,F-23,2024-12-01,12075.16,91.64,3.2
PMT-0226,F-23,2022-01-01,14219.82,89.44,6.9
PMT-0226,F-23,2022-02-01,16956.83,87.38,10.1
PMT-0226,F-23,2022-03-01,21215.81,92.56,17.9
PMT-0226,F-23,2022-04-01,24331.73,90.32,25.1
PMT-0226,F-23,2022-05-01,27779.93,90.18,26.7
PMT-0226,F-23,2022-06-01,29029.18,87.73,34.7
PMT-0226,F-23,2022-07-01,27481.7,92.8,30.5
PMT-0226,F-23,2022-08-01,24811.59,93.51,24.5
PMT-0226,F-23,2022-09-01,21613.42,82.02,17.5
PMT-0226,F-23,2022-10-01,17702.15,88.51,9.8
PMT-0226,F-23,2022-11-01,14703.6,89.92,6.4
PMT-0226,F-23,2022-12-01,13883.5,88.13,3.7
PMT-0226,F-23,2023-01-01,15152.62,95.4,5.0
PMT-0226,F-23,2023-02-01,17735.82,93.15,11.6
PMT-0226,F-23,2023-03-01,21389.06,86.45,19.6
PMT-0226,F-23,2023-04-01,24974.02,87.48,25.1
PMT-0226,F-23,2023-05-01,28164.51,89.18,31.4
PMT-0226,F-23,2023-06-01,28732.7,90.75,32.2
PMT-0226,F-23,2023-07-01,27704.5,98.41,29.6
PMT-0226,F-23,2023-08-01,24348.02,91.05,24.2
PMT-0226,F-23,2023-09-01,21326.52,86.64,16.6
PMT-0226,F-23,2023-10-01,17521.91,92.62,10.1
PMT-0226,F-23,2023-11-01,14673.78,91.7,6.0
PMT-0226,F-23,2023-12-01,13482.68,90.73,3.5
PMT-0226,F-23,2024-01-01,14782.73,84.72,3.9
PMT-0226,F-23,2024-02-01,17242.85,92.26,11.7
PMT-0226,F-23,2024-03-01,20803.71,90.99,17.2
PMT-0226,F-23,2024-04-01,25698.75,86.62,25.2
PMT-0226,F-23,2024-05-01,27391.6,94.97,30.5
PMT-0226,F-23,2024-06-01,28974.94,91.83,31.8
PMT-0226,F-23,2024-07-01,28818.06,91.46,28.7
PMT-0226,F-23,2024-08-01,24888.95,86.84,25.1
PMT-0226,F-23,2024-09-01,21223.68,84.88,16.9
PMT-0226,F-23,2024-10-01,17490.06,88.91,12.6
PMT-0226,F-23,2024-11-01,15133.74,89.4,8.2
PMT-0226,F-23,2024-12-01,14059.1,88.98,4.7
PMT-0227,F-23,2022-01-01,10155.38,87.76,8.4
PMT-0227,F-23,2022-02-01,11952.52,91.76,12.2
PMT-0227,F-23,2022-03-01,14932.76,88.57,19.8
PMT-0227,F-23,2022-04-01,16920.93,90.92,25.1
PMT-0227,F-23,2022-05-01,19015.67,91.79,27.8
PMT-0227,F-23,2022-06-01,20060.56,91.64,30.8
PMT-0227,F-23,2022-07-01,18796.0,93.48,28.9
PMT-0227,F-23,2022-08-01,17289.09,92.86,23.2
PMT-0227,F-23,2022-09-01,14521.55,88.28,17.4
PMT-0227,F-23,2022-10-01,11891.01,88.85,11.7
PMT-0227,F-23,2022-11-01,10217.96,96.88,6.2
PMT-0227,F-23,2022-12-01,9700.2,93.85,4.5
PMT-0227,F-23,2023-01-01,10257.07,90.16,6.6
PMT-0227,F-23,2023-02-01,12045.12,89.38,11.7
PMT-0227,F-23,2023-03-01,14901.75,87.64,17.3
PMT-0227,F-23,2023-04-01,17162.67,92.95,26.8
PMT-0227,F-23,2023-05-01,19532.97,87.05,31.5
PMT-0227,F-23,2023-06-01,19767.74,93.67,31.6
PMT-0227,F-23,2023-07-01,19147.61,93.64,29.1
PMT-0227,F-23,2023-08-01,17494.99,95.36,25.3
PMT-0227,F-23,2023-09-01,14813.31,86.9,19.0
PMT-0227,F-23,2023-10-01,12068.37,93.55,11.8
PMT-0227,F-23,2023-11-01,10422.86,93.97,6.6
PMT-0227,F-23,2023-12-01,9397.97,90.23,3.0
PMT-0227,F-23,2024-01-01,10008.29,84.36,4.8
PMT-0227,F-23,2024-02-01,12193.52,90.94,8.9
PMT-0227,F-23,2024-03-01,14758.05,93.17,17.6
PMT-0227,F-23,2024-04-01,17088.05,89.94,25.1
PMT-0227,F-23,2024-05-01,18914.12,90.37,32.2
PMT-0227,F-23,2024-06-01,20087.29,89.49,32.9
PMT-0227,F-23,2024-07-01,19125.62,90.4,29.3
PMT-0227,F-23,2024-08-01,16901.55,91.99,24.2
PMT-0227,F-23,2024-09-01,14307.37,92.39,17.4
PMT-0227,F-23,2024-10-01,12337.77,89.56,14.1
PMT-0227,F-23,2024-11-01,10194.96,93.94,5.7
PMT-0227,F-23,2024-12-01,9582.16,88.82,3.5
PMT-0228,F-23,2022-01-01,9112.09,89.31,6.3
PMT-0228,F-23,2022-02-01,10884.27,88.83,11.7
PMT-0228,F-23,2022-03-01,13251.65,91.15,18.2
PMT-0228,F-23,2022-04-01,15262.68,90.2,26.6
PMT-0228,F-23,2022-05-01,16881.81,88.81,29.2
PMT-0228,F-23,2022-06-01,17597.9,86.75,32.1
PMT-0228,F-23,2022-07-01,16861.77,85.85,31.5
PMT-0228,F-23,2022-08-01,15602.31,91.52,26.0
PMT-0228,F-23,2022-09-01,13132.08,79.83,19.5
PMT-0228,F-23,2022-10-01,10697.87,93.34,12.1
PMT-0228,F-23,2022-11-01,9038.67,91.64,4.8
PMT-0228,F-23,2022-12-01,8523.83,90.38,4.3
PMT-0228,F-23,2023-01-01,9059.61,93.49,4.6
PMT-0228,F-23,2023-02-01,11082.44,90.87,10.5
PMT-0228,F-23,2023-03-01,13596.52,90.33,18.3
PMT-0228,F-23,2023-04-01,15009.68,95.42,24.5
PMT-0228,F-23,2023-05-01,17006.0,89.86,30.4
PMT-0228,F-23,2023-06-01,18028.83,95.2,30.1
PMT-0228,F-23,2023-07-01,16744.62,84.66,30.3
PMT-0228,F-23,2023-08-01,15456.02,95.34,26.3
PMT-0228,F-23,2023-09-01,12981.95,85.23,14.9
PMT-0228,F-23,2023-10-01,10808.9,89.29,13.6
PMT-0228,F-23,2023-11-01,9325.0,97.22,3.9
PMT-0228,F-23,2023-12-01,8435.56,94.3,3.6
PMT-0228,F-23,2024-01-01,9249.23,89.89,5.5
PMT-0228,F-23,2024-02-01,10860.47,91.87,11.9
PMT-0228,F-23,2024-03-01,13200.13,86.04,16.1
PMT-0228,F-23,2024-04-01,15324.63,90.73,24.0
PMT-0228,F-23,2024-05-01,16820.18,88.95,31.0
PMT-0228,F-23,2024-06-01,17089.3,92.84,30.1
PMT-0228,F-23,2024-07-01,16633.74,92.36,28.9
PMT-0228,F-23,2024-08-01,15636.73,88.3,23.9
PMT-0228,F-23,2024-09-01,12950.39,91.08,17.8
PMT-0228,F-23,2024-10-01,10879.59,86.4,13.3
PMT-0228,F-23,2024-11-01,9149.86,87.28,6.4
PMT-0228,F-23,2024-12-01,8378.56,96.86,1.7
PMT-0229,F-23,2022-01-01,12658.09,85.73,5.3
PMT-0229,F-23,2022-02-01,15195.88,85.08,9.9
PMT-0229,F-23,2022-03-01,18134.21,86.42,18.4
PMT-0229,F-23,2022-04-01,21036.63,89.37,23.4
PMT-0229,F-23,2022-05-01,23237.27,92.03,31.3
PMT-0229,F-23,2022-06-01,25296.6,92.2,30.4
PMT-0229,F-23,2022-07-01,25466.79,94.83,29.6
PMT-0229,F-23,2022-08-01,21321.11,90.68,25.0
PMT-0229,F-23,2022-09-01,17688.38,94.36,16.7
PMT-0229,F-23,2022-10-01,14697.51,87.78,10.3
PMT-0229,F-23,2022-11-01,12618.01,89.89,6.5
PMT-0229,F-23,2022-12-01,11489.62,91.31,2.5
PMT-0229,F-23,2023-01-01,13031.34,95.04,6.2
PMT-0229,F-23,2023-02-01,14750.49,89.54,11.7
PMT-0229,F-23,2023-03-01,18308.31,91.59,15.7
PMT-0229,F-23,2023-04-01,22092.44,90.28,25.7
PMT-0229,F-23,2023-05-01,24051.17,98.77,31.8
PMT-0229,F-23,2023-06-01,25061.33,89.42,32.2
PMT-0229,F-23,2023-07-01,23322.37,89.5,33.3
PMT-0229,F-23,2023-08-01,21935.96,89.8,24.9
PMT-0229,F-23,2023-09-01,17740.88,90.59,15.5
PMT-0229,F-23,2023-10-01,15219.26,87.65,10.5
PMT-0229,F-23,2023-11-01,12415.17,88.65,4.5
PMT-0229,F-23,2023-12-01,11940.4,88.55,4.6
PMT-0229,F-23,2024-01-01,12193.49,87.72,5.3
PMT-0229,F-23,2024-02-01,14755.14,87.59,9.8
PMT-0229,F-23,2024-03-01,17681.46,86.64,16.8
PMT-0229,F-23,2024-04-01,21466.58,92.94,26.6
PMT-0229,F-23,2024-05-01,23939.51,89.14,30.8
PMT-0229,F-23,2024-06-01,25058.22,94.88,32.1
PMT-0229,F-23,2024-07-01,24178.32,85.76,30.8
PMT-0229,F-23,2024-08-01,22129.65,91.16,25.8
PMT-0229,F-23,2024-09-01,17746.94,90.44,18.6
PMT-0229,F-23,2024-10-01,14950.74,90.39,9.5
PMT-0229,F-23,2024-11-01,12618.89,89.16,6.2
PMT-0229,F-23,2024-12-01,11729.97,96.8,3.7
PMT-0230,F-23,2022-01-01,8976.78,90.72,7.9
PMT-0230,F-23,2022-02-01,10607.02,93.47,11.7
PMT-0230,F-23,2022-03-01,13001.89,91.89,18.2
PMT-0230,F-23,2022-04-01,15583.57,87.73,26.2
PMT-0230,F-23,2022-05-01,17398.14,88.93,32.3
PMT-0230,F-23,2022-06-01,17039.1,90.59,32.8
PMT-0230,F-23,2022-07-01,16479.78,91.91,28.9
PMT-0230,F-23,2022-08-01,15366.21,89.02,25.2
PMT-0230,F-23,2022-09-01,13247.93,87.97,18.2
PMT-0230,F-23,2022-10-01,10545.33,91.17,11.9
PMT-0230,F-23,2022-11-01,9380.75,87.6,5.0
PMT-0230,F-23,2022-12-01,8813.87,93.07,3.1
PMT-0230,F-23,2023-01-01,9285.66,92.57,6.6
PMT-0230,F-23,2023-02-01,11042.98,87.78,11.1
PMT-0230,F-23,2023-03-01,13782.41,90.23,17.7
PMT-0230,F-23,2023-04-01,15626.62,92.55,22.9
PMT-0230,F-23,2023-05-01,16912.46,91.98,29.3
PMT-0230,F-23,2023-06-01,17672.34,86.34,33.8
PMT-0230,F-23,2023-07-01,17191.39,93.24,31.4
PMT-0230,F-23,2023-08-01,15268.12,85.82,24.2
PMT-0230,F-23,2023-09-01,13135.04,86.64,17.0
PMT-0230,F-23,2023-10-01,10890.85,93.71,13.4
PMT-0230,F-23,2023-11-01,9164.47,88.8,5.4
PMT-0230,F-23,2023-12-01,8494.87,90.51,3.9
PMT-0230,F-23,2024-01-01,9187.95,90.57,5.8
PMT-0230,F-23,2024-02-01,11154.62,92.07,11.0
PMT-0230,F-23,2024-03-01,13317.54,91.74,16.2
PMT-0230,F-23,2024-04-01,15795.86,86.93,24.5
PMT-0230,F-23,2024-05-01,16614.21,93.39,29.3
PMT-0230,F-23,2024-06-01,17816.75,89.61,32.4
PMT-0230,F-23,2024-07-01,17063.53,90.76,28.7
PMT-0230,F-23,2024-08-01,15334.02,94.8,23.4
PMT-0230,F-23,2024-09-01,12909.7,90.25,18.7
PMT-0230,F-23,2024-10-01,11074.08,87.07,14.3
PMT-0230,F-23,2024-11-01,9418.23,92.79,7.6
PMT-0230,F-23,2024-12-01,8666.9,88.73,3.1
PMT-0231,F-24,2022-01-01,4513.13,82.17,6.4
PMT-0231,F-24,2022-02-01,5323.54,93.58,9.7
PMT-0231,F-24,2022-03-01,6332.31,85.69,15.7
PMT-0231,F-24,2022-04-01,7561.87,88.71,25.0
PMT-0231,F-24,2022-05-01,8431.84,86.88,29.2
PMT-0231,F-24,2022-06-01,8686.63,86.52,32.5
PMT-0231,F-24,2022-07-01,8199.76,88.44,30.2
PMT-0231,F-24,2022-08-01,7457.14,89.42,24.1
PMT-0231,F-24,2022-09-01,6575.56,91.98,17.2
PMT-0231,F-24,2022-10-01,5315.11,89.75,12.8
PMT-0231,F-24,2022-11-01,4431.93,88.95,5.6
PMT-0231,F-24,2022-12-01,4155.32,87.81,4.9
PMT-0231,F-24,2023-01-01,4504.0,85.76,4.9
PMT-0231,F-24,2023-02-01,5174.49,91.29,13.0
PMT-0231,F-24,2023-03-01,6401.8,89.73,17.3
PMT-0231,F-24,2023-04-01,7366.44,93.29,24.1
PMT-0231,F-24,2023-05-01,8260.76,92.28,26.8
PMT-0231,F-24,2023-06-01,8528.86,82.94,33.1
PMT-0231,F-24,2023-07-01,8285.18,89.16,30.2
PMT-0231,F-24,2023-08-01,7544.89,88.56,24.7
PMT-0231,F-24,2023-09-01,6374.44,88.87,17.4
PMT-0231,F-24,2023-10-01,5175.77,89.68,10.3
PMT-0231,F-24,2023-11-01,4431.03,91.05,5.0
PMT-0231,F-24,2023-12-01,4256.72,87.59,2.6
PMT-0231,F-24,2024-01-01,4444.75,88.69,6.7
PMT-0231,F-24,2024-02-01,5177.03,88.31,10.0
PMT-0231,F-24,2024-03-01,6438.0,91.12,16.8
PMT-0231,F-24,2024-04-01,7309.51,83.87,23.1
PMT-0231,F-24,2024-05-01,8083.9,85.14,30.9
PMT-0231,F-24,2024-06-01,8534.01,88.15,33.5
PMT-0231,F-24,2024-07-01,8327.72,89.35,30.3
PMT-0231,F-24,2024-08-01,7470.51,86.31,26.2
PMT-0231,F-24,2024-09-01,6475.7,87.4,17.6
PMT-0231,F-24,2024-10-01,5448.11,92.04,11.9
PMT-0231,F-24,2024-11-01,4472.22,92.54,5.8
PMT-0231,F-24,2024-12-01,4086.19,90.62,3.2
PMT-0232,F-24,2022-01-01,14432.52,93.6,5.3
PMT-0232,F-24,2022-02-01,16918.65,92.32,11.8
PMT-0232,F-24,2022-03-01,20224.17,85.11,16.3
PMT-0232,F-24,2022-04-01,24221.94,85.61,24.0
PMT-0232,F-24,2022-05-01,26906.54,85.44,30.7
PMT-0232,F-24,2022-06-01,29152.92,86.36,31.0
PMT-0232,F-24,2022-07-01,26600.58,87.34,30.6
PMT-0232,F-24,2022-08-01,24496.85,83.29,26.9
PMT-0232,F-24,2022-09-01,20487.62,92.32,18.1
PMT-0232,F-24,2022-10-01,17266.0,90.21,10.2
PMT-0232,F-24,2022-11-01,14590.55,92.52,4.8
PMT-0232,F-24,2022-12-01,13555.67,90.66,7.0
PMT-0232,F-24,2023-01-01,14773.37,83.38,6.5
PMT-0232,F-24,2023-02-01,17291.3,93.2,10.1
PMT-0232,F-24,2023-03-01,20746.39,90.24,15.0
PMT-0232,F-24,2023-04-01,24022.03,81.95,24.1
PMT-0232,F-24,2023-05-01,28422.5,90.44,27.6
PMT-0232,F-24,2023-06-01,28998.4,87.77,31.7
PMT-0232,F-24,2023-07-01,27013.04,89.68,30.4
PMT-0232,F-24,2023-08-01,23362.74,92.2,23.2
PMT-0232,F-24,2023-09-01,20549.65,85.89,20.0
PMT-0232,F-24,2023-10-01,17118.62,89.56,10.8
PMT-0232,F-24,2023-11-01,15208.22,85.29,5.7
PMT-0232,F-24,2023-12-01,13148.12,95.01,3.3
PMT-0232,F-24,2024-01-01,14539.5,85.97,8.3
PMT-0232,F-24,2024-02-01,16985.88,87.84,10.0
PMT-0232,F-24,2024-03-01,21227.19,88.74,15.6
PMT-0232,F-24,2024-04-01,24038.46,91.75,23.5
PMT-0232,F-24,2024-05-01,27028.72,88.39,30.2
PMT-0232,F-24,2024-06-01,27366.61,85.34,30.9
PMT-0232,F-24,2024-07-01,26940.4,86.86,31.1
PMT-0232,F-24,2024-08-01,23717.59,88.31,23.1
PMT-0232,F-24,2024-09-01,21304.16,90.43,19.7
PMT-0232,F-24,2024-10-01,17153.33,87.81,8.9
PMT-0232,F-24,2024-11-01,14729.07,84.97,5.8
PMT-0232,F-24,2024-12-01,13286.18,92.0,3.3
PMT-0233,F-24,2022-01-01,10704.83,88.88,7.8
PMT-0233,F-24,2022-02-01,12670.31,90.38,12.5
PMT-0233,F-24,2022-03-01,15919.06,88.48,17.7
PMT-0233,F-24,2022-04-01,17101.55,91.13,25.1
PMT-0233,F-24,2022-05-01,20045.52,88.3,31.2
PMT-0233,F-24,2022-06-01,20774.62,89.14,34.5
PMT-0233,F-24,2022-07-01,21134.39,85.99,29.7
PMT-0233,F-24,2022-08-01,18033.29,84.69,26.0
PMT-0233,F-24,2022-09-01,15297.08,90.34,20.2
PMT-0233,F-24,2022-10-01,12591.78,90.29,11.2
PMT-0233,F-24,2022-11-01,10046.41,88.44,4.2
PMT-0233,F-24,2022-12-01,9949.55,87.04,5.5
PMT-0233,F-24,2023-01-01,11206.35,87.33,6.7
PMT-0233,F-24,2023-02-01,12628.26,88.85,12.0
PMT-0233,F-24,2023-03-01,15330.17,84.79,16.2
PMT-0233,F-24,2023-04-01,18047.31,87.85,24.4
PMT-0233,F-24,2023-05-01,19228.38,90.39,29.9
PMT-0233,F-24,2023-06-01,20565.87,91.84,32.4
PMT-0233,F-24,2023-07-01,20495.23,86.15,29.7
PMT-0233,F-24,2023-08-01,17578.49,93.47,25.3
PMT-0233,F-24,2023-09-01,15323.33,89.26,19.4
PMT-0233,F-24,2023-10-01,12004.46,91.57,13.1
PMT-0233,F-24,2023-11-01,10561.0,92.49,4.9
PMT-0233,F-24,2023-12-01,10294.58,86.08,3.4
PMT-0233,F-24,2024-01-01,10873.35,85.81,5.5
PMT-0233,F-24,2024-02-01,13084.29,89.91,11.6
PMT-0233,F-24,2024-03-01,14928.18,99.41,16.3
PMT-0233,F-24,2024-04-01,18514.6,92.35,24.9
PMT-0233,F-24,2024-05-01,20001.0,90.7,29.7
PMT-0233,F-24,2024-06-01,20500.67,89.51,31.4
PMT-0233,F-24,2024-07-01,19344.41,89.07,30.0
PMT-0233,F-24,2024-08-01,17811.26,91.13,24.7
PMT-0233,F-24,2024-09-01,15359.99,93.52,19.0
PMT-0233,F-24,2024-10-01,12156.8,89.29,10.2
PMT-0233,F-24,2024-11-01,10736.83,91.08,6.0
PMT-0233,F-24,2024-12-01,9661.62,92.6,4.1
PMT-0234,F-24,2022-01-01,10385.18,89.65,5.9
PMT-0234,F-24,2022-02-01,12220.7,92.39,11.5
PMT-0234,F-24,2022-03-01,14749.19,89.82,17.3
PMT-0234,F-24,2022-04-01,17925.3,86.57,24.3
PMT-0234,F-24,2022-05-01,19456.54,91.16,30.3
PMT-0234,F-24,2022-06-01,19627.22,86.08,31.5
PMT-0234,F-24,2022-07-01,20417.64,86.92,30.4
PMT-0234,F-24,2022-08-01,17844.83,88.94,25.2
PMT-0234,F-24,2022-09-01,14199.1,86.76,18.8
PMT-0234,F-24,2022-10-01,12739.73,87.93,9.5
PMT-0234,F-24,2022-11-01,10243.03,91.77,6.0
PMT-0234,F-24,2022-12-01,10139.11,87.53,3.8
PMT-0234,F-24,2023-01-01,10735.83,87.24,5.1
PMT-0234,F-24,2023-02-01,12131.32,91.51,11.2
PMT-0234,F-24,2023-03-01,14795.47,83.62,17.0
PMT-0234,F-24,2023-04-01,17482.63,90.61,23.7
PMT-0234,F-24,2023-05-01,18730.33,95.6,29.8
PMT-0234,F-24,2023-06-01,19899.73,88.81,33.1
PMT-0234,F-24,2023-07-01,19053.46,86.67,30.2
PMT-0234,F-24,2023-08-01,18226.75,87.8,23.2
PMT-0234,F-24,2023-09-01,15394.46,90.94,19.5
PMT-0234,F-24,2023-10-01,12450.63,90.48,12.8
PMT-0234,F-24,2023-11-01,10884.82,87.06,7.5
PMT-0234,F-24,2023-12-01,9706.36,90.94,5.4
PMT-0234,F-24,2024-01-01,10526.76,87.36,5.8
PMT-0234,F-24,2024-02-01,12150.6,87.39,12.2
PMT-0234,F-24,2024-03-01,15107.19,86.98,18.9
PMT-0234,F-24,2024-04-01,17401.97,89.73,25.6
PMT-0234,F-24,2024-05-01,18863.81,82.87,31.2
PMT-0234,F-24,2024-06-01,19584.06,87.31,32.6
PMT-0234,F-24,2024-07-01,18694.13,87.09,28.8
PMT-0234,F-24,2024-08-01,17752.99,94.48,24.4
PMT-0234,F-24,2024-09-01,15397.47,92.06,19.4
PMT-0234,F-24,2024-10-01,12896.08,86.95,10.8
PMT-0234,F-24,2024-11-01,10558.03,87.79,6.3
PMT-0234,F-24,2024-12-01,9870.99,87.92,3.5
PMT-0235,F-24,2022-01-01,9887.75,89.26,5.5
PMT-0235,F-24,2022-02-01,12097.84,91.5,12.7
PMT-0235,F-24,2022-03-01,14691.13,88.38,18.7
PMT-0235,F-24,2022-04-01,17022.31,91.54,27.0
PMT-0235,F-24,2022-05-01,19251.53,83.96,29.6
PMT-0235,F-24,2022-06-01,19779.52,84.1,30.8
PMT-0235,F-24,2022-07-01,18785.65,92.86,32.9
PMT-0235,F-24,2022-08-01,17188.31,88.87,25.7
PMT-0235,F-24,2022-09-01,14474.6,95.28,17.3
PMT-0235,F-24,2022-10-01,11985.59,91.59,10.4
PMT-0235,F-24,2022-11-01,10007.55,85.14,6.0
PMT-0235,F-24,2022-12-01,9335.41,87.09,4.3
PMT-0235,F-24,2023-01-01,9881.76,88.36,5.5
PMT-0235,F-24,2023-02-01,11778.36,84.71,10.5
PMT-0235,F-24,2023-03-01,14111.83,87.36,17.0
PMT-0235,F-24,2023-04-01,17196.24,83.29,26.5
PMT-0235,F-24,2023-05-01,18841.35,90.76,29.4
PMT-0235,F-24,2023-06-01,19512.64,93.38,32.4
PMT-0235,F-24,2023-07-01,18625.29,85.07,28.8
PMT-0235,F-24,2023-08-01,17131.02,91.33,24.5
PMT-0235,F-24,2023-09-01,14543.27,85.97,19.7
PMT-0235,F-24,2023-10-01,11831.93,86.67,13.6
PMT-0235,F-24,2023-11-01,10279.02,95.98,7.0
PMT-0235,F-24,2023-12-01,9451.37,86.98,4.5
PMT-0235,F-24,2024-01-01,10285.82,83.75,6.7
PMT-0235,F-24,2024-02-01,11866.14,87.18,10.9
PMT-0235,F-24,2024-03-01,14562.35,96.23,17.7
PMT-0235,F-24,2024-04-01,17051.68,93.82,24.9
PMT-0235,F-24,2024-05-01,19014.59,88.6,31.1
PMT-0235,F-24,2024-06-01,19441.48,90.03,31.3
PMT-0235,F-24,2024-07-01,19114.52,93.71,29.8
PMT-0235,F-24,2024-08-01,16940.12,93.71,23.6
PMT-0235,F-24,2024-09-01,14393.05,91.57,18.0
PMT-0235,F-24,2024-10-01,12129.5,86.19,11.3
PMT-0235,F-24,2024-11-01,10172.87,88.11,5.1
PMT-0235,F-24,2024-12-01,9507.73,90.69,5.2
PMT-0236,F-24,2022-01-01,3479.64,89.43,5.1
PMT-0236,F-24,2022-02-01,4079.48,86.9,11.3
PMT-0236,F-24,2022-03-01,5016.79,87.77,18.5
PMT-0236,F-24,2022-04-01,6025.05,88.13,22.8
PMT-0236,F-24,2022-05-01,6387.93,89.06,29.3
PMT-0236,F-24,2022-06-01,6546.47,90.57,31.0
PMT-0236,F-24,2022-07-01,6593.33,90.4,28.3
PMT-0236,F-24,2022-08-01,6132.62,95.95,26.2
PMT-0236,F-24,2022-09-01,5037.66,88.4,17.9
PMT-0236,F-24,2022-10-01,4219.23,91.77,11.7
PMT-0236,F-24,2022-11-01,3523.81,90.87,6.7
PMT-0236,F-24,2022-12-01,3298.75,80.51,3.7
PMT-0236,F-24,2023-01-01,3503.11,89.71,6.9
PMT-0236,F-24,2023-02-01,4205.9,90.66,10.5
PMT-0236,F-24,2023-03-01,5124.79,88.92,19.2
PMT-0236,F-24,2023-04-01,6188.0,86.29,25.1
PMT-0236,F-24,2023-05-01,6586.06,91.38,29.9
PMT-0236,F-24,2023-06-01,6670.67,90.54,29.4
PMT-0236,F-24,2023-07-01,6572.64,93.66,29.9
PMT-0236,F-24,2023-08-01,6209.14,88.65,23.6
PMT-0236,F-24,2023-09-01,5150.84,87.62,16.6
PMT-0236,F-24,2023-10-01,4262.29,85.86,10.1
PMT-0236,F-24,2023-11-01,3487.38,84.66,4.4
PMT-0236,F-24,2023-12-01,3231.39,89.65,3.2
PMT-0236,F-24,2024-01-01,3676.57,91.0,6.5
PMT-0236,F-24,2024-02-01,4238.38,89.56,12.0
PMT-0236,F-24,2024-03-01,4971.85,95.51,17.5
PMT-0236,F-24,2024-04-01,5979.93,86.54,25.2
PMT-0236,F-24,2024-05-01,6405.28,91.24,28.7
PMT-0236,F-24,2024-06-01,6971.99,88.88,31.0
PMT-0236,F-24,2024-07-01,6637.86,81.61,29.1
PMT-0236,F-24,2024-08-01,5917.54,98.75,25.9
PMT-0236,F-24,2024-09-01,4976.03,86.77,18.6
PMT-0236,F-24,2024-10-01,4247.41,86.6,11.6
PMT-0236,F-24,2024-11-01,3554.74,90.37,6.9
PMT-0236,F-24,2024-12-01,3300.52,90.72,4.5
PMT-0237,F-24,2022-01-01,12172.54,87.57,5.1
PMT-0237,F-24,2022-02-01,14370.45,92.57,9.6
PMT-0237,F-24,2022-03-01,17845.67,91.67,17.7
PMT-0237,F-24,2022-04-01,21241.63,89.56,25.5
PMT-0237,F-24,2022-05-01,23452.41,86.8,31.7
PMT-0237,F-24,2022-06-01,23734.08,86.28,32.8
PMT-0237,F-24,2022-07-01,23031.15,86.07,32.6
PMT-0237,F-24,2022-08-01,21509.75,89.79,25.2
PMT-0237,F-24,2022-09-01,17194.61,87.0,19.5
PMT-0237,F-24,2022-10-01,14430.37,88.58,10.0
PMT-0237,F-24,2022-11-01,12614.79,88.95,8.2
PMT-0237,F-24,2022-12-01,11884.46,87.21,6.0
PMT-0237,F-24,2023-01-01,12349.53,85.78,7.2
PMT-0237,F-24,2023-02-01,14718.03,91.62,11.5
PMT-0237,F-24,2023-03-01,17825.5,90.74,18.2
PMT-0237,F-24,2023-04-01,20738.71,88.93,24.6
PMT-0237,F-24,2023-05-01,23303.9,89.34,29.9
PMT-0237,F-24,2023-06-01,24738.02,89.41,30.4
PMT-0237,F-24,2023-07-01,23281.99,82.55,29.1
PMT-0237,F-24,2023-08-01,21616.24,86.54,27.5
PMT-0237,F-24,2023-09-01,18031.59,91.29,17.2
PMT-0237,F-24,2023-10-01,14641.67,86.01,12.9
PMT-0237,F-24,2023-11-01,12507.68,89.64,5.3
PMT-0237,F-24,2023-12-01,11509.33,88.84,4.9
PMT-0237,F-24,2024-01-01,12420.67,90.08,5.9
PMT-0237,F-24,2024-02-01,14464.81,87.75,10.6
PMT-0237,F-24,2024-03-01,17948.82,93.84,18.0
PMT-0237,F-24,2024-04-01,20763.75,88.09,25.0
PMT-0237,F-24,2024-05-01,23205.62,87.62,31.6
PMT-0237,F-24,2024-06-01,24876.95,86.58,33.5
PMT-0237,F-24,2024-07-01,23961.12,85.23,29.6
PMT-0237,F-24,2024-08-01,21747.88,84.65,25.1
PMT-0237,F-24,2024-09-01,17295.31,83.99,18.6
PMT-0237,F-24,2024-10-01,15276.21,86.81,12.0
PMT-0237,F-24,2024-11-01,12452.96,94.66,4.5
PMT-0237,F-24,2024-12-01,11297.2,87.78,3.7
PMT-0238,F-24,2022-01-01,12614.87,92.31,5.5
PMT-0238,F-24,2022-02-01,15912.67,87.97,11.3
PMT-0238,F-24,2022-03-01,18881.22,90.16,18.8
PMT-0238,F-24,2022-04-01,22988.24,88.93,23.3
PMT-0238,F-24,2022-05-01,24568.44,85.67,31.5
PMT-0238,F-24,2022-06-01,25946.44,88.32,30.3
PMT-0238,F-24,2022-07-01,24772.98,90.66,29.3
PMT-0238,F-24,2022-08-01,23669.38,90.25,24.2
PMT-0238,F-24,2022-09-01,18880.33,86.13,19.8
PMT-0238,F-24,2022-10-01,15873.76,89.51,11.3
PMT-0238,F-24,2022-11-01,14123.36,91.46,8.6
PMT-0238,F-24,2022-12-01,12984.42,90.54,4.6
PMT-0238,F-24,2023-01-01,12830.85,92.01,6.0
PMT-0238,F-24,2023-02-01,15131.44,86.3,11.0
PMT-0238,F-24,2023-03-01,19149.97,93.49,18.7
PMT-0238,F-24,2023-04-01,21253.19,88.06,24.4
PMT-0238,F-24,2023-05-01,24401.66,92.21,31.3
PMT-0238,F-24,2023-06-01,25251.96,89.95,33.1
PMT-0238,F-24,2023-07-01,25813.58,88.98,29.2
PMT-0238,F-24,2023-08-01,22013.55,91.63,22.5
PMT-0238,F-24,2023-09-01,18820.78,86.68,17.7
PMT-0238,F-24,2023-10-01,15457.03,89.75,9.5
PMT-0238,F-24,2023-11-01,12929.32,88.34,7.2
PMT-0238,F-24,2023-12-01,12469.88,86.49,2.4
PMT-0238,F-24,2024-01-01,12822.72,90.83,6.1
PMT-0238,F-24,2024-02-01,14746.58,82.66,12.9
PMT-0238,F-24,2024-03-01,19211.13,87.68,17.3
PMT-0238,F-24,2024-04-01,23048.48,90.17,23.7
PMT-0238,F-24,2024-05-01,26079.23,97.49,31.8
PMT-0238,F-24,2024-06-01,24218.49,93.48,32.6
PMT-0238,F-24,2024-07-01,24667.48,89.73,30.0
PMT-0238,F-24,2024-08-01,21704.02,94.37,25.2
PMT-0238,F-24,2024-09-01,19273.32,91.08,17.7
PMT-0238,F-24,2024-10-01,14891.82,87.57,11.8
PMT-0238,F-24,2024-11-01,14081.06,90.51,6.2
PMT-0238,F-24,2024-12-01,13297.71,88.2,5.6
PMT-0239,F-24,2022-01-01,10872.35,85.18,4.8
PMT-0239,F-24,2022-02-01,12955.89,88.6,10.4
PMT-0239,F-24,2022-03-01,15074.11,85.73,19.7
PMT-0239,F-24,2022-04-01,18298.21,85.2,25.0
PMT-0239,F-24,2022-05-01,20663.96,84.06,30.2
PMT-0239,F-24,2022-06-01,20727.59,91.54,31.0
PMT-0239,F-24,2022-07-01,20052.11,89.35,31.0
PMT-0239,F-24,2022-08-01,18989.2,93.62,25.6
PMT-0239,F-24,2022-09-01,15175.26,92.05,16.7
PMT-0239,F-24,2022-10-01,12788.53,91.51,12.8
PMT-0239,F-24,2022-11-01,10607.28,89.35,5.8
PMT-0239,F-24,2022-12-01,10221.91,91.64,4.0
PMT-0239,F-24,2023-01-01,11218.4,87.88,5.9
PMT-0239,F-24,2023-02-01,12898.32,84.21,11.8
PMT-0239,F-24,2023-03-01,15567.99,92.77,21.0
PMT-0239,F-24,2023-04-01,18040.67,86.77,24.7
PMT-0239,F-24,2023-05-01,20606.24,91.22,29.5
PMT-0239,F-24,2023-06-01,20436.03,93.5,34.7
PMT-0239,F-24,2023-07-01,20146.09,90.82,31.5
PMT-0239,F-24,2023-08-01,18452.79,90.64,23.3
PMT-0239,F-24,2023-09-01,15470.75,90.27,17.7
PMT-0239,F-24,2023-10-01,13143.06,89.68,9.7
PMT-0239,F-24,2023-11-01,10840.5,85.54,6.2
PMT-0239,F-24,2023-12-01,10185.22,86.92,2.9
PMT-0239,F-24,2024-01-01,11211.64,89.29,4.2
PMT-0239,F-24,2024-02-01,13311.68,92.97,11.9
PMT-0239,F-24,2024-03-01,15660.18,88.19,16.2
PMT-0239,F-24,2024-04-01,18752.8,87.79,26.6
PMT-0239,F-24,2024-05-01,20729.8,89.49,30.2
PMT-0239,F-24,2024-06-01,21710.09,91.56,31.3
PMT-0239,F-24,2024-07-01,20149.58,91.2,32.7
PMT-0239,F-24,2024-08-01,18487.77,91.88,24.1
PMT-0239,F-24,2024-09-01,15028.37,88.49,16.7
PMT-0239,F-24,2024-10-01,12774.37,90.71,10.7
PMT-0239,F-24,2024-11-01,10759.97,91.43,6.4
PMT-0239,F-24,2024-12-01,10048.88,89.44,4.8
PMT-0240,F-24,2022-01-01,17411.02,85.53,4.5
PMT-0240,F-24,2022-02-01,20417.64,87.72,10.8
PMT-0240,F-24,2022-03-01,24845.71,86.99,19.0
PMT-0240,F-24,2022-04-01,28588.05,93.85,24.9
PMT-0240,F-24,2022-05-01,33242.94,92.61,32.2
PMT-0240,F-24,2022-06-01,33897.7,90.11,33.7
PMT-0240,F-24,2022-07-01,32877.48,89.72,30.1
PMT-0240,F-24,2022-08-01,29598.39,89.93,25.8
PMT-0240,F-24,2022-09-01,24333.12,88.76,17.8
PMT-0240,F-24,2022-10-01,20872.36,92.48,11.3
PMT-0240,F-24,2022-11-01,17303.25,90.12,5.6
PMT-0240,F-24,2022-12-01,16516.38,93.43,6.4
PMT-0240,F-24,2023-01-01,17583.26,89.66,6.9
PMT-0240,F-24,2023-02-01,20466.15,88.76,12.5
PMT-0240,F-24,2023-03-01,24338.42,90.67,18.1
PMT-0240,F-24,2023-04-01,30461.02,93.32,25.2
PMT-0240,F-24,2023-05-01,32142.33,89.39,31.9
PMT-0240,F-24,2023-06-01,33491.62,91.61,31.1
PMT-0240,F-24,2023-07-01,32523.85,89.86,29.7
PMT-0240,F-24,2023-08-01,29716.24,90.81,25.6
PMT-0240,F-24,2023-09-01,24618.74,88.82,17.0
PMT-0240,F-24,2023-10-01,19993.0,90.87,11.7
PMT-0240,F-24,2023-11-01,18042.69,88.78,6.6
PMT-0240,F-24,2023-12-01,15886.63,87.76,2.1
PMT-0240,F-24,2024-01-01,17253.79,88.95,6.1
PMT-0240,F-24,2024-02-01,20494.4,86.87,9.9
PMT-0240,F-24,2024-03-01,25353.98,87.81,16.6
PMT-0240,F-24,2024-04-01,29079.1,81.66,24.3
PMT-0240,F-24,2024-05-01,32986.31,87.22,31.3
PMT-0240,F-24,2024-06-01,34303.76,83.4,29.6
PMT-0240,F-24,2024-07-01,32628.03,80.83,28.6
PMT-0240,F-24,2024-08-01,29577.68,87.34,25.8
PMT-0240,F-24,2024-09-01,24940.61,89.18,20.4
PMT-0240,F-24,2024-10-01,20606.84,94.32,11.0
PMT-0240,F-24,2024-11-01,17892.73,87.11,5.7
PMT-0240,F-24,2024-12-01,15805.86,87.77,2.8
PMT-0241,F-25,2022-01-01,8122.47,96.47,5.9
PMT-0241,F-25,2022-02-01,9779.17,92.92,10.0
PMT-0241,F-25,2022-03-01,11920.47,100.0,16.5
PMT-0241,F-25,2022-04-01,14215.3,96.71,24.2
PMT-0241,F-25,2022-05-01,15161.4,95.73,29.1
PMT-0241,F-25,2022-06-01,15461.58,100.0,33.5
PMT-0241,F-25,2022-07-01,16045.36,100.0,28.3
PMT-0241,F-25,2022-08-01,14018.95,99.35,25.5
PMT-0241,F-25,2022-09-01,12005.99,100.0,18.3
PMT-0241,F-25,2022-10-01,10014.81,97.49,10.6
PMT-0241,F-25,2022-11-01,8421.19,97.97,7.1
PMT-0241,F-25,2022-12-01,7454.62,96.98,6.7
PMT-0241,F-25,2023-01-01,7952.7,96.64,5.8
PMT-0241,F-25,2023-02-01,9402.05,97.73,10.0
PMT-0241,F-25,2023-03-01,11581.13,100.0,18.9
PMT-0241,F-25,2023-04-01,13737.15,92.37,26.5
PMT-0241,F-25,2023-05-01,14343.32,100.0,28.6
PMT-0241,F-25,2023-06-01,15395.07,96.29,29.9
PMT-0241,F-25,2023-07-01,15987.72,100.0,28.4
PMT-0241,F-25,2023-08-01,13917.26,100.0,25.5
PMT-0241,F-25,2023-09-01,11908.44,99.35,17.9
PMT-0241,F-25,2023-10-01,10123.67,98.85,10.2
PMT-0241,F-25,2023-11-01,8289.69,95.0,6.4
PMT-0241,F-25,2023-12-01,8028.3,98.61,5.7
PMT-0241,F-25,2024-01-01,8294.17,93.82,6.1
PMT-0241,F-25,2024-02-01,9425.0,95.39,9.0
PMT-0241,F-25,2024-03-01,11870.91,100.0,17.6
PMT-0241,F-25,2024-04-01,14116.71,99.34,23.7
PMT-0241,F-25,2024-05-01,15156.63,96.81,29.8
PMT-0241,F-25,2024-06-01,16008.46,94.81,33.8
PMT-0241,F-25,2024-07-01,15952.25,97.99,31.8
PMT-0241,F-25,2024-08-01,14102.37,94.01,24.6
PMT-0241,F-25,2024-09-01,11481.56,100.0,18.8
PMT-0241,F-25,2024-10-01,9863.27,98.82,11.7
PMT-0241,F-25,2024-11-01,8065.38,96.21,6.7
PMT-0241,F-25,2024-12-01,7648.85,99.24,3.6
PMT-0242,F-25,2022-01-01,7624.1,93.71,8.7
PMT-0242,F-25,2022-02-01,8885.11,100.0,12.3
PMT-0242,F-25,2022-03-01,11106.96,96.33,18.9
PMT-0242,F-25,2022-04-01,12877.09,100.0,24.4
PMT-0242,F-25,2022-05-01,13728.99,97.36,30.6
PMT-0242,F-25,2022-06-01,14456.58,99.12,32.5
PMT-0242,F-25,2022-07-01,13834.59,100.0,30.9
PMT-0242,F-25,2022-08-01,12424.57,93.08,23.2
PMT-0242,F-25,2022-09-01,10886.94,99.32,16.9
PMT-0242,F-25,2022-10-01,8876.62,93.33,11.0
PMT-0242,F-25,2022-11-01,7438.07,100.0,6.9
PMT-0242,F-25,2022-12-01,6964.72,96.8,6.6
PMT-0242,F-25,2023-01-01,7735.09,94.12,4.4
PMT-0242,F-25,2023-02-01,9049.08,100.0,11.6
PMT-0242,F-25,2023-03-01,10511.44,97.27,18.0
PMT-0242,F-25,2023-04-01,12890.73,100.0,23.9
PMT-0242,F-25,2023-05-01,14159.46,100.0,29.2
PMT-0242,F-25,2023-06-01,14654.9,98.91,32.9
PMT-0242,F-25,2023-07-01,14137.69,98.61,30.1
PMT-0242,F-25,2023-08-01,12578.68,100.0,23.8
PMT-0242,F-25,2023-09-01,10942.51,100.0,18.9
PMT-0242,F-25,2023-10-01,8821.56,100.0,9.7
PMT-0242,F-25,2023-11-01,7810.64,98.49,4.9
PMT-0242,F-25,2023-12-01,7018.21,100.0,2.8
PMT-0242,F-25,2024-01-01,7582.89,94.1,6.0
PMT-0242,F-25,2024-02-01,8971.03,97.81,11.3
PMT-0242,F-25,2024-03-01,10753.11,97.83,18.4
PMT-0242,F-25,2024-04-01,12703.67,100.0,25.6
PMT-0242,F-25,2024-05-01,14078.14,99.26,33.0
PMT-0242,F-25,2024-06-01,14781.97,94.77,33.3
PMT-0242,F-25,2024-07-01,13939.2,98.9,29.9
PMT-0242,F-25,2024-08-01,12486.09,97.21,23.6
PMT-0242,F-25,2024-09-01,11008.13,98.03,18.3
PMT-0242,F-25,2024-10-01,9117.4,96.75,12.0
PMT-0242,F-25,2024-11-01,7604.49,100.0,8.4
PMT-0242,F-25,2024-12-01,7024.47,99.22,5.8
PMT-0243,F-25,2022-01-01,7972.78,96.57,8.0
PMT-0243,F-25,2022-02-01,9437.95,98.82,11.9
PMT-0243,F-25,2022-03-01,11479.96,100.0,21.4
PMT-0243,F-25,2022-04-01,13229.11,99.57,24.3
PMT-0243,F-25,2022-05-01,14927.47,100.0,32.4
PMT-0243,F-25,2022-06-01,15338.36,96.84,32.0
PMT-0243,F-25,2022-07-01,14828.33,100.0,31.3
PMT-0243,F-25,2022-08-01,13622.94,99.29,24.3
PMT-0243,F-25,2022-09-01,11492.63,97.49,17.5
PMT-0243,F-25,2022-10-01,9557.93,100.0,12.9
PMT-0243,F-25,2022-11-01,7754.88,100.0,6.3
PMT-0243,F-25,2022-12-01,7259.21,100.0,4.3
PMT-0243,F-25,2023-01-01,8088.07,94.1,5.8
PMT-0243,F-25,2023-02-01,9360.3,96.63,11.9
PMT-0243,F-25,2023-03-01,11365.63,100.0,17.5
PMT-0243,F-25,2023-04-01,13234.5,95.28,27.3
PMT-0243,F-25,2023-05-01,14912.91,100.0,31.3
PMT-0243,F-25,2023-06-01,14999.68,100.0,31.5
PMT-0243,F-25,2023-07-01,14832.09,97.58,29.0
PMT-0243,F-25,2023-08-01,13301.11,96.18,24.5
PMT-0243,F-25,2023-09-01,11614.69,98.47,17.5
PMT-0243,F-25,2023-10-01,9439.43,94.44,10.2
PMT-0243,F-25,2023-11-01,8055.72,95.1,8.3
PMT-0243,F-25,2023-12-01,7545.29,98.79,4.6
PMT-0243,F-25,2024-01-01,8025.75,100.0,7.2
PMT-0243,F-25,2024-02-01,9258.13,100.0,10.0
PMT-0243,F-25,2024-03-01,11650.29,95.09,17.2
PMT-0243,F-25,2024-04-01,13527.15,98.08,25.9
PMT-0243,F-25,2024-05-01,14605.72,98.73,30.9
PMT-0243,F-25,2024-06-01,15633.39,97.89,33.1
PMT-0243,F-25,2024-07-01,15053.56,99.46,29.2
PMT-0243,F-25,2024-08-01,13610.53,98.36,24.0
PMT-0243,F-25,2024-09-01,11567.04,94.23,16.6
PMT-0243,F-25,2024-10-01,9338.38,100.0,11.6
PMT-0243,F-25,2024-11-01,7895.19,98.94,4.5
PMT-0243,F-25,2024-12-01,7405.11,99.24,3.2
PMT-0244,F-25,2022-01-01,5100.11,100.0,6.0
PMT-0244,F-25,2022-02-01,6131.72,100.0,11.8
PMT-0244,F-25,2022-03-01,7228.63,98.2,17.0
PMT-0244,F-25,2022-04-01,8855.51,100.0,24.3
PMT-0244,F-25,2022-05-01,9363.84,100.0,30.6
PMT-0244,F-25,2022-06-01,10021.59,98.99,31.1
PMT-0244,F-25,2022-07-01,9732.28,95.82,29.1
PMT-0244,F-25,2022-08-01,8681.86,100.0,24.4
PMT-0244,F-25,2022-09-01,7371.04,95.6,18.0
PMT-0244,F-25,2022-10-01,6204.16,95.11,12.8
PMT-0244,F-25,2022-11-01,5115.11,100.0,6.4
PMT-0244,F-25,2022-12-01,4732.29,100.0,3.6
PMT-0244,F-25,2023-01-01,5286.21,100.0,5.0
PMT-0244,F-25,2023-02-01,6082.7,94.74,12.1
PMT-0244,F-25,2023-03-01,7552.27,93.38,18.7
PMT-0244,F-25,2023-04-01,8448.95,95.41,26.2
PMT-0244,F-25,2023-05-01,9685.12,98.57,29.3
PMT-0244,F-25,2023-06-01,10060.65,97.18,32.8
PMT-0244,F-25,2023-07-01,9559.01,95.35,32.5
PMT-0244,F-25,2023-08-01,8685.56,97.65,25.5
PMT-0244,F-25,2023-09-01,7408.74,95.39,19.1
PMT-0244,F-25,2023-10-01,6016.54,98.07,9.9
PMT-0244,F-25,2023-11-01,5302.37,96.73,5.0
PMT-0244,F-25,2023-12-01,4938.27,98.85,4.4
PMT-0244,F-25,2024-01-01,5051.3,99.81,8.2
PMT-0244,F-25,2024-02-01,6278.82,97.21,11.6
PMT-0244,F-25,2024-03-01,7567.91,99.51,17.3
PMT-0244,F-25,2024-04-01,8289.88,100.0,26.1
PMT-0244,F-25,2024-05-01,9690.13,100.0,29.7
PMT-0244,F-25,2024-06-01,9629.4,90.82,33.7
PMT-0244,F-25,2024-07-01,9824.76,94.61,30.6
PMT-0244,F-25,2024-08-01,8784.46,99.93,25.8
PMT-0244,F-25,2024-09-01,7479.77,99.19,17.5
PMT-0244,F-25,2024-10-01,5984.37,98.5,12.4
PMT-0244,F-25,2024-11-01,5069.47,93.22,5.1
PMT-0244,F-25,2024-12-01,4860.11,92.99,4.3
PMT-0245,F-25,2022-01-01,16784.91,97.19,5.2
PMT-0245,F-25,2022-02-01,19641.88,93.5,12.2
PMT-0245,F-25,2022-03-01,24181.56,97.89,17.5
PMT-0245,F-25,2022-04-01,28283.48,95.74,25.0
PMT-0245,F-25,2022-05-01,31251.47,100.0,29.8
PMT-0245,F-25,2022-06-01,32608.78,94.44,33.2
PMT-0245,F-25,2022-07-01,31448.93,95.09,29.9
PMT-0245,F-25,2022-08-01,28228.61,93.84,26.8
PMT-0245,F-25,2022-09-01,23522.34,100.0,18.6
PMT-0245,F-25,2022-10-01,19229.28,92.53,12.0
PMT-0245,F-25,2022-11-01,16941.59,100.0,7.4
PMT-0245,F-25,2022-12-01,14976.32,99.98,3.7
PMT-0245,F-25,2023-01-01,16630.77,100.0,7.5
PMT-0245,F-25,2023-02-01,18772.08,100.0,8.5
PMT-0245,F-25,2023-03-01,23497.31,96.84,18.3
PMT-0245,F-25,2023-04-01,27279.26,95.42,25.7
PMT-0245,F-25,2023-05-01,30721.73,97.01,28.6
PMT-0245,F-25,2023-06-01,32349.78,99.03,30.5
PMT-0245,F-25,2023-07-01,31683.72,96.09,29.6
PMT-0245,F-25,2023-08-01,28401.14,96.59,24.9
PMT-0245,F-25,2023-09-01,23530.33,95.74,19.1
PMT-0245,F-25,2023-10-01,19418.21,100.0,12.2
PMT-0245,F-25,2023-11-01,16495.46,100.0,6.1
PMT-0245,F-25,2023-12-01,15280.46,98.94,5.4
PMT-0245,F-25,2024-01-01,16523.15,97.69,5.0
PMT-0245,F-25,2024-02-01,19404.6,100.0,9.3
PMT-0245,F-25,2024-03-01,23506.34,94.11,17.7
PMT-0245,F-25,2024-04-01,27580.76,95.46,24.4
PMT-0245,F-25,2024-05-01,30992.15,95.07,31.0
PMT-0245,F-25,2024-06-01,31369.61,96.77,30.0
PMT-0245,F-25,2024-07-01,30218.17,95.39,28.9
PMT-0245,F-25,2024-08-01,28870.42,97.21,24.7
PMT-0245,F-25,2024-09-01,23857.93,93.85,18.9
PMT-0245,F-25,2024-10-01,19770.24,96.37,11.2
PMT-0245,F-25,2024-11-01,16517.27,96.92,3.2
PMT-0245,F-25,2024-12-01,14949.1,97.42,5.9
PMT-0246,F-25,2022-01-01,10676.68,99.31,5.6
PMT-0246,F-25,2022-02-01,12659.8,100.0,12.6
PMT-0246,F-25,2022-03-01,14675.08,95.27,16.6
PMT-0246,F-25,2022-04-01,18004.92,93.98,23.0
PMT-0246,F-25,2022-05-01,19033.96,96.99,31.4
PMT-0246,F-25,2022-06-01,20746.11,100.0,30.3
PMT-0246,F-25,2022-07-01,20076.43,94.96,29.6
PMT-0246,F-25,2022-08-01,18510.72,99.09,25.9
PMT-0246,F-25,2022-09-01,14313.56,97.68,18.9
PMT-0246,F-25,2022-10-01,13205.37,100.0,10.9
PMT-0246,F-25,2022-11-01,10399.72,95.58,4.1
PMT-0246,F-25,2022-12-01,9466.16,97.34,3.9
PMT-0246,F-25,2023-01-01,10522.31,97.24,6.2
PMT-0246,F-25,2023-02-01,11945.9,97.43,8.5
PMT-0246,F-25,2023-03-01,15045.02,94.83,19.0
PMT-0246,F-25,2023-04-01,18170.9,100.0,25.5
PMT-0246,F-25,2023-05-01,19758.01,100.0,31.2
PMT-0246,F-25,2023-06-01,19584.66,96.38,31.4
PMT-0246,F-25,2023-07-01,19460.33,100.0,29.6
PMT-0246,F-25,2023-08-01,16055.59,97.43,23.4
PMT-0246,F-25,2023-09-01,15738.76,96.97,20.4
PMT-0246,F-25,2023-10-01,12497.97,100.0,9.3
PMT-0246,F-25,2023-11-01,10096.14,100.0,5.1
PMT-0246,F-25,2023-12-01,9777.78,99.68,3.6
PMT-0246,F-25,2024-01-01,10626.55,97.02,6.6
PMT-0246,F-25,2024-02-01,11569.05,100.0,9.9
PMT-0246,F-25,2024-03-01,14954.71,99.57,18.2
PMT-0246,F-25,2024-04-01,17089.1,93.59,24.9
PMT-0246,F-25,2024-05-01,19672.05,92.91,30.4
PMT-0246,F-25,2024-06-01,20054.63,100.0,31.7
PMT-0246,F-25,2024-07-01,19299.41,100.0,29.1
PMT-0246,F-25,2024-08-01,16958.47,98.77,22.7
PMT-0246,F-25,2024-09-01,15303.17,100.0,17.0
PMT-0246,F-25,2024-10-01,12409.71,97.51,10.2
PMT-0246,F-25,2024-11-01,10678.85,96.2,6.6
PMT-0246,F-25,2024-12-01,9740.99,98.94,6.0
PMT-0247,F-25,2022-01-01,21207.07,96.71,7.6
PMT-0247,F-25,2022-02-01,25822.24,95.38,11.3
PMT-0247,F-25,2022-03-01,32522.71,96.09,16.7
PMT-0247,F-25,2022-04-01,36602.63,92.59,24.1
PMT-0247,F-25,2022-05-01,38879.98,100.0,31.2
PMT-0247,F-25,2022-06-01,43652.55,100.0,33.4
PMT-0247,F-25,2022-07-01,40047.02,92.98,29.7
PMT-0247,F-25,2022-08-01,36924.06,97.32,24.8
PMT-0247,F-25,2022-09-01,31203.19,100.0,17.4
PMT-0247,F-25,2022-10-01,25551.71,100.0,11.6
PMT-0247,F-25,2022-11-01,20538.25,96.51,5.9
PMT-0247,F-25,2022-12-01,20372.62,100.0,4.3
PMT-0247,F-25,2023-01-01,21714.84,92.57,3.9
PMT-0247,F-25,2023-02-01,25481.35,100.0,10.0
PMT-0247,F-25,2023-03-01,31111.43,95.0,17.9
PMT-0247,F-25,2023-04-01,37211.08,100.0,24.5
PMT-0247,F-25,2023-05-01,40798.4,100.0,31.9
PMT-0247,F-25,2023-06-01,44585.31,97.01,31.1
PMT-0247,F-25,2023-07-01,40024.98,93.93,29.8
PMT-0247,F-25,2023-08-01,36885.77,97.1,25.2
PMT-0247,F-25,2023-09-01,31368.55,95.23,17.8
PMT-0247,F-25,2023-10-01,25676.12,100.0,10.8
PMT-0247,F-25,2023-11-01,22086.98,93.0,7.4
PMT-0247,F-25,2023-12-01,19649.87,100.0,4.2
PMT-0247,F-25,2024-01-01,21989.63,100.0,6.4
PMT-0247,F-25,2024-02-01,26071.03,99.61,11.8
PMT-0247,F-25,2024-03-01,30748.48,98.37,18.1
PMT-0247,F-25,2024-04-01,37487.1,95.22,24.3
PMT-0247,F-25,2024-05-01,41504.71,96.87,27.8
PMT-0247,F-25,2024-06-01,42751.22,96.67,31.3
PMT-0247,F-25,2024-07-01,40534.8,99.87,33.0
PMT-0247,F-25,2024-08-01,36989.81,98.73,25.0
PMT-0247,F-25,2024-09-01,30816.57,98.38,17.9
PMT-0247,F-25,2024-10-01,25379.98,94.62,11.2
PMT-0247,F-25,2024-11-01,21249.91,99.94,5.4
PMT-0247,F-25,2024-12-01,20460.77,96.25,3.4
PMT-0248,F-25,2022-01-01,8609.3,96.72,6.2
PMT-0248,F-25,2022-02-01,10437.51,96.77,9.3
PMT-0248,F-25,2022-03-01,12092.18,99.81,20.6
PMT-0248,F-25,2022-04-01,15090.05,98.24,24.7
PMT-0248,F-25,2022-05-01,16430.43,95.33,32.1
PMT-0248,F-25,2022-06-01,16981.76,99.04,31.8
PMT-0248,F-25,2022-07-01,16771.97,98.97,29.9
PMT-0248,F-25,2022-08-01,14480.57,95.71,24.1
PMT-0248,F-25,2022-09-01,12068.77,98.93,17.8
PMT-0248,F-25,2022-10-01,10586.32,92.72,9.9
PMT-0248,F-25,2022-11-01,8830.78,97.93,4.2
PMT-0248,F-25,2022-12-01,8068.4,100.0,3.6
PMT-0248,F-25,2023-01-01,8725.43,97.29,6.4
PMT-0248,F-25,2023-02-01,10217.61,98.7,11.0
PMT-0248,F-25,2023-03-01,12492.7,96.83,19.9
PMT-0248,F-25,2023-04-01,15203.5,100.0,26.1
PMT-0248,F-25,2023-05-01,16365.79,94.74,32.4
PMT-0248,F-25,2023-06-01,17693.1,97.22,32.9
PMT-0248,F-25,2023-07-01,15866.67,99.64,31.4
PMT-0248,F-25,2023-08-01,14604.9,100.0,23.6
PMT-0248,F-25,2023-09-01,12657.05,95.91,18.7
PMT-0248,F-25,2023-10-01,10427.97,99.87,12.0
PMT-0248,F-25,2023-11-01,8552.46,96.02,4.8
PMT-0248,F-25,2023-12-01,8244.31,93.46,4.8
PMT-0248,F-25,2024-01-01,8600.48,100.0,4.9
PMT-0248,F-25,2024-02-01,10231.6,92.33,10.1
PMT-0248,F-25,2024-03-01,12693.0,100.0,17.2
PMT-0248,F-25,2024-04-01,14728.51,100.0,24.2
PMT-0248,F-25,2024-05-01,15955.92,93.51,30.1
PMT-0248,F-25,2024-06-01,17454.85,99.52,33.0
PMT-0248,F-25,2024-07-01,16128.42,100.0,30.6
PMT-0248,F-25,2024-08-01,14674.96,96.17,24.6
PMT-0248,F-25,2024-09-01,13375.82,99.36,17.8
PMT-0248,F-25,2024-10-01,10441.98,100.0,8.3
PMT-0248,F-25,2024-11-01,8710.93,100.0,2.8
PMT-0248,F-25,2024-12-01,7843.16,96.58,4.2
PMT-0249,F-25,2022-01-01,17659.49,94.79,5.8
PMT-0249,F-25,2022-02-01,19971.18,99.49,11.6
PMT-0249,F-25,2022-03-01,25677.37,100.0,16.0
PMT-0249,F-25,2022-04-01,30274.79,93.38,25.4
PMT-0249,F-25,2022-05-01,32295.85,96.35,28.9
PMT-0249,F-25,2022-06-01,33571.97,91.56,32.9
PMT-0249,F-25,2022-07-01,33311.45,100.0,29.4
PMT-0249,F-25,2022-08-01,29540.52,99.63,24.2
PMT-0249,F-25,2022-09-01,25891.39,98.94,17.9
PMT-0249,F-25,2022-10-01,21029.23,96.84,10.2
PMT-0249,F-25,2022-11-01,17916.02,95.4,7.2
PMT-0249,F-25,2022-12-01,15943.38,100.0,3.6
PMT-0249,F-25,2023-01-01,17413.1,94.7,5.8
PMT-0249,F-25,2023-02-01,20760.5,98.69,11.7
PMT-0249,F-25,2023-03-01,24924.94,96.2,17.6
PMT-0249,F-25,2023-04-01,29684.14,100.0,24.2
PMT-0249,F-25,2023-05-01,33212.82,100.0,28.8
PMT-0249,F-25,2023-06-01,33561.84,95.13,32.9
PMT-0249,F-25,2023-07-01,32994.97,98.3,28.9
PMT-0249,F-25,2023-08-01,30142.23,90.66,24.2
PMT-0249,F-25,2023-09-01,23827.81,100.0,17.0
PMT-0249,F-25,2023-10-01,21227.67,96.07,13.7
PMT-0249,F-25,2023-11-01,17831.62,100.0,6.4
PMT-0249,F-25,2023-12-01,16612.08,100.0,4.7
PMT-0249,F-25,2024-01-01,17709.71,95.59,4.8
PMT-0249,F-25,2024-02-01,20808.07,100.0,11.3
PMT-0249,F-25,2024-03-01,24743.17,100.0,15.7
PMT-0249,F-25,2024-04-01,29653.5,96.05,24.8
PMT-0249,F-25,2024-05-01,33592.52,97.04,29.4
PMT-0249,F-25,2024-06-01,33782.55,97.13,31.4
PMT-0249,F-25,2024-07-01,34219.0,100.0,29.6
PMT-0249,F-25,2024-08-01,30292.74,92.75,26.2
PMT-0249,F-25,2024-09-01,24599.66,100.0,19.1
PMT-0249,F-25,2024-10-01,21002.22,97.37,13.2
PMT-0249,F-25,2024-11-01,17835.59,97.12,5.2
PMT-0249,F-25,2024-12-01,16236.84,98.17,4.2
PMT-0250,F-25,2022-01-01,17042.5,100.0,5.6
PMT-0250,F-25,2022-02-01,20435.76,100.0,11.5
PMT-0250,F-25,2022-03-01,25035.89,97.44,18.1
PMT-0250,F-25,2022-04-01,30417.64,94.78,26.9
PMT-0250,F-25,2022-05-01,35065.53,95.92,31.8
PMT-0250,F-25,2022-06-01,31968.4,100.0,32.4
PMT-0250,F-25,2022-07-01,31714.54,94.89,30.3
PMT-0250,F-25,2022-08-01,29520.27,100.0,23.3
PMT-0250,F-25,2022-09-01,27337.63,100.0,17.1
PMT-0250,F-25,2022-10-01,20122.34,97.77,11.8
PMT-0250,F-25,2022-11-01,18440.99,92.47,4.4
PMT-0250,F-25,2022-12-01,15445.99,99.39,3.2
PMT-0250,F-25,2023-01-01,18126.5,97.22,4.8
PMT-0250,F-25,2023-02-01,21696.07,100.0,11.3
PMT-0250,F-25,2023-03-01,24820.23,100.0,17.2
PMT-0250,F-25,2023-04-01,28484.22,97.97,24.5
PMT-0250,F-25,2023-05-01,33502.46,100.0,28.4
PMT-0250,F-25,2023-06-01,32824.46,100.0,31.7
PMT-0250,F-25,2023-07-01,33536.61,100.0,28.1
PMT-0250,F-25,2023-08-01,31686.01,97.92,26.1
PMT-0250,F-25,2023-09-01,25151.22,97.99,18.7
PMT-0250,F-25,2023-10-01,20927.4,95.36,11.9
PMT-0250,F-25,2023-11-01,18209.57,93.71,4.3
PMT-0250,F-25,2023-12-01,16404.67,97.38,1.4
PMT-0250,F-25,2024-01-01,17962.81,100.0,5.6
PMT-0250,F-25,2024-02-01,19745.53,99.58,11.6
PMT-0250,F-25,2024-03-01,25915.69,94.89,18.8
PMT-0250,F-25,2024-04-01,30381.35,97.49,24.2
PMT-0250,F-25,2024-05-01,34046.34,98.34,33.4
PMT-0250,F-25,2024-06-01,33061.2,98.94,31.3
PMT-0250,F-25,2024-07-01,32919.42,100.0,29.5
PMT-0250,F-25,2024-08-01,31319.36,98.26,25.1
PMT-0250,F-25,2024-09-01,25589.0,95.49,17.4
PMT-0250,F-25,2024-10-01,21474.51,99.56,13.0
PMT-0250,F-25,2024-11-01,18061.67,100.0,5.1
PMT-0250,F-25,2024-12-01,16684.81,98.07,4.2
PMT-0251,F-26,2022-01-01,13894.84,99.42,5.7
PMT-0251,F-26,2022-02-01,17119.44,92.21,10.5
PMT-0251,F-26,2022-03-01,19355.6,93.42,19.5
PMT-0251,F-26,2022-04-01,23675.61,92.27,24.0
PMT-0251,F-26,2022-05-01,26055.72,90.02,29.6
PMT-0251,F-26,2022-06-01,28160.07,92.57,32.3
PMT-0251,F-26,2022-07-01,25292.32,91.77,31.5
PMT-0251,F-26,2022-08-01,22738.34,91.4,26.1
PMT-0251,F-26,2022-09-01,19408.43,89.42,18.4
PMT-0251,F-26,2022-10-01,16740.22,91.83,9.5
PMT-0251,F-26,2022-11-01,14185.04,91.9,7.2
PMT-0251,F-26,2022-12-01,13034.38,89.86,4.2
PMT-0251,F-26,2023-01-01,14238.08,92.59,6.8
PMT-0251,F-26,2023-02-01,16301.81,88.77,10.9
PMT-0251,F-26,2023-03-01,20833.12,93.73,17.7
PMT-0251,F-26,2023-04-01,23304.3,90.86,25.4
PMT-0251,F-26,2023-05-01,27105.87,93.06,31.0
PMT-0251,F-26,2023-06-01,27912.21,91.69,31.3
PMT-0251,F-26,2023-07-01,26077.4,96.41,27.9
PMT-0251,F-26,2023-08-01,23512.7,94.59,25.9
PMT-0251,F-26,2023-09-01,20261.32,89.65,16.9
PMT-0251,F-26,2023-10-01,17239.55,89.06,11.1
PMT-0251,F-26,2023-11-01,13706.24,96.74,4.9
PMT-0251,F-26,2023-12-01,13367.29,86.97,4.7
PMT-0251,F-26,2024-01-01,14087.64,97.34,4.7
PMT-0251,F-26,2024-02-01,16884.57,91.92,10.9
PMT-0251,F-26,2024-03-01,19737.13,91.75,16.7
PMT-0251,F-26,2024-04-01,23431.49,95.01,25.4
PMT-0251,F-26,2024-05-01,25522.55,89.82,31.2
PMT-0251,F-26,2024-06-01,26495.78,90.14,33.5
PMT-0251,F-26,2024-07-01,26075.02,94.4,31.4
PMT-0251,F-26,2024-08-01,23389.9,93.25,23.2
PMT-0251,F-26,2024-09-01,19968.79,93.7,18.0
PMT-0251,F-26,2024-10-01,16217.66,88.85,10.8
PMT-0251,F-26,2024-11-01,13577.35,93.2,6.0
PMT-0251,F-26,2024-12-01,13298.82,90.57,3.4
PMT-0252,F-26,2022-01-01,4618.83,88.46,6.9
PMT-0252,F-26,2022-02-01,5483.42,93.59,8.9
PMT-0252,F-26,2022-03-01,6680.8,92.8,18.4
PMT-0252,F-26,2022-04-01,7479.53,94.45,25.9
PMT-0252,F-26,2022-05-01,8499.97,88.05,32.5
PMT-0252,F-26,2022-06-01,9062.47,93.44,31.3
PMT-0252,F-26,2022-07-01,8563.25,88.02,30.8
PMT-0252,F-26,2022-08-01,7789.16,91.83,25.8
PMT-0252,F-26,2022-09-01,6568.69,93.92,17.5
PMT-0252,F-26,2022-10-01,5363.79,89.86,13.2
PMT-0252,F-26,2022-11-01,4563.43,91.91,6.9
PMT-0252,F-26,2022-12-01,4355.94,89.35,5.9
PMT-0252,F-26,2023-01-01,4693.89,89.74,5.9
PMT-0252,F-26,2023-02-01,5481.63,81.85,10.3
PMT-0252,F-26,2023-03-01,6555.91,91.37,16.4
PMT-0252,F-26,2023-04-01,7683.05,96.8,24.5
PMT-0252,F-26,2023-05-01,8796.21,84.2,30.6
PMT-0252,F-26,2023-06-01,8797.45,90.45,32.8
PMT-0252,F-26,2023-07-01,8389.16,94.31,29.5
PMT-0252,F-26,2023-08-01,7726.62,91.07,23.9
PMT-0252,F-26,2023-09-01,6732.0,90.9,20.8
PMT-0252,F-26,2023-10-01,5611.86,92.58,11.7
PMT-0252,F-26,2023-11-01,4557.17,89.14,7.4
PMT-0252,F-26,2023-12-01,4226.32,94.91,3.7
PMT-0252,F-26,2024-01-01,4607.31,94.66,5.8
PMT-0252,F-26,2024-02-01,5397.41,91.02,11.1
PMT-0252,F-26,2024-03-01,6486.03,87.1,16.9
PMT-0252,F-26,2024-04-01,7735.87,93.2,25.9
PMT-0252,F-26,2024-05-01,8442.83,92.0,29.9
PMT-0252,F-26,2024-06-01,8832.08,90.96,33.2
PMT-0252,F-26,2024-07-01,8487.54,90.14,30.5
PMT-0252,F-26,2024-08-01,7767.98,89.93,25.3
PMT-0252,F-26,2024-09-01,6645.98,88.9,17.0
PMT-0252,F-26,2024-10-01,5343.02,97.14,10.3
PMT-0252,F-26,2024-11-01,4628.44,89.02,6.5
PMT-0252,F-26,2024-12-01,4256.59,93.62,2.5
PMT-0253,F-26,2022-01-01,10657.7,93.45,6.2
PMT-0253,F-26,2022-02-01,12604.98,88.37,10.9
PMT-0253,F-26,2022-03-01,15507.34,87.36,17.2
PMT-0253,F-26,2022-04-01,18401.99,89.81,25.1
PMT-0253,F-26,2022-05-01,20473.94,92.01,29.2
PMT-0253,F-26,2022-06-01,20565.36,90.6,32.1
PMT-0253,F-26,2022-07-01,19773.55,91.51,30.7
PMT-0253,F-26,2022-08-01,18754.66,91.73,25.5
PMT-0253,F-26,2022-09-01,15261.01,88.2,18.2
PMT-0253,F-26,2022-10-01,12896.46,94.7,10.3
PMT-0253,F-26,2022-11-01,11249.06,93.37,5.6
PMT-0253,F-26,2022-12-01,10145.67,87.34,3.9
PMT-0253,F-26,2023-01-01,10853.49,91.79,6.8
PMT-0253,F-26,2023-02-01,12891.73,95.96,13.1
PMT-0253,F-26,2023-03-01,15229.52,88.34,17.1
PMT-0253,F-26,2023-04-01,17738.61,92.2,26.6
PMT-0253,F-26,2023-05-01,19449.63,89.79,26.9
PMT-0253,F-26,2023-06-01,20822.2,88.44,32.7
PMT-0253,F-26,2023-07-01,20067.48,92.27,30.6
PMT-0253,F-26,2023-08-01,18279.14,87.24,24.4
PMT-0253,F-26,2023-09-01,15720.1,87.48,17.5
PMT-0253,F-26,2023-10-01,12715.95,93.22,10.0
PMT-0253,F-26,2023-11-01,10957.15,88.09,6.0
PMT-0253,F-26,2023-12-01,10230.56,91.55,2.6
PMT-0253,F-26,2024-01-01,11039.96,87.89,6.1
PMT-0253,F-26,2024-02-01,13206.49,91.36,12.1
PMT-0253,F-26,2024-03-01,15618.97,96.87,19.6
PMT-0253,F-26,2024-04-01,17836.04,89.5,22.8
PMT-0253,F-26,2024-05-01,20002.14,88.82,31.5
PMT-0253,F-26,2024-06-01,21462.65,90.07,31.3
PMT-0253,F-26,2024-07-01,19768.16,96.04,28.2
PMT-0253,F-26,2024-08-01,18927.62,87.57,26.0
PMT-0253,F-26,2024-09-01,15646.38,87.29,19.0
PMT-0253,F-26,2024-10-01,12856.07,86.49,11.6
PMT-0253,F-26,2024-11-01,10771.03,91.95,4.8
PMT-0253,F-26,2024-12-01,9948.23,93.51,3.9
PMT-0254,F-26,2022-01-01,6838.0,90.95,4.4
PMT-0254,F-26,2022-02-01,8108.73,92.39,10.4
PMT-0254,F-26,2022-03-01,9991.74,95.04,16.6
PMT-0254,F-26,2022-04-01,11393.93,89.91,25.6
PMT-0254,F-26,2022-05-01,12608.26,91.96,30.2
PMT-0254,F-26,2022-06-01,13206.54,91.49,32.7
PMT-0254,F-26,2022-07-01,12902.04,87.07,29.1
PMT-0254,F-26,2022-08-01,11835.52,93.02,25.7
PMT-0254,F-26,2022-09-01,9825.45,90.48,17.3
PMT-0254,F-26,2022-10-01,8161.94,98.58,10.3
PMT-0254,F-26,2022-11-01,6703.29,90.06,6.3
PMT-0254,F-26,2022-12-01,6396.96,83.71,5.2
PMT-0254,F-26,2023-01-01,6747.06,93.84,7.1
PMT-0254,F-26,2023-02-01,8279.38,87.66,11.5
PMT-0254,F-26,2023-03-01,9843.53,87.94,17.2
PMT-0254,F-26,2023-04-01,11415.19,84.82,23.7
PMT-0254,F-26,2023-05-01,12866.0,90.74,31.4
PMT-0254,F-26,2023-06-01,13377.98,90.43,33.6
PMT-0254,F-26,2023-07-01,13039.72,93.06,32.1
PMT-0254,F-26,2023-08-01,11660.26,92.54,23.5
PMT-0254,F-26,2023-09-01,9924.68,94.26,17.4
PMT-0254,F-26,2023-10-01,8070.37,90.32,11.4
PMT-0254,F-26,2023-11-01,6958.67,89.92,6.2
PMT-0254,F-26,2023-12-01,6485.99,94.52,2.2
PMT-0254,F-26,2024-01-01,6986.84,92.27,5.5
PMT-0254,F-26,2024-02-01,8131.1,96.4,12.2
PMT-0254,F-26,2024-03-01,9796.0,87.3,18.1
PMT-0254,F-26,2024-04-01,11459.55,90.38,24.7
PMT-0254,F-26,2024-05-01,13020.71,96.35,29.0
PMT-0254,F-26,2024-06-01,13301.37,88.47,31.5
PMT-0254,F-26,2024-07-01,12791.77,86.2,28.3
PMT-0254,F-26,2024-08-01,11304.33,88.82,26.5
PMT-0254,F-26,2024-09-01,9924.11,91.67,19.2
PMT-0254,F-26,2024-10-01,7898.17,87.19,10.9
PMT-0254,F-26,2024-11-01,6934.85,89.26,5.4
PMT-0254,F-26,2024-12-01,6524.07,95.8,5.3
PMT-0255,F-26,2022-01-01,15805.09,88.48,6.7
PMT-0255,F-26,2022-02-01,18446.77,85.95,12.1
PMT-0255,F-26,2022-03-01,23489.46,91.85,18.1
PMT-0255,F-26,2022-04-01,26563.14,98.17,24.9
PMT-0255,F-26,2022-05-01,29566.3,93.81,30.9
PMT-0255,F-26,2022-06-01,31584.47,92.1,30.6
PMT-0255,F-26,2022-07-01,30385.41,92.67,31.5
PMT-0255,F-26,2022-08-01,26936.25,94.59,24.2
PMT-0255,F-26,2022-09-01,22505.92,89.3,18.2
PMT-0255,F-26,2022-10-01,19132.2,90.82,13.2
PMT-0255,F-26,2022-11-01,16236.52,91.47,4.7
PMT-0255,F-26,2022-12-01,15249.47,88.44,4.6
PMT-0255,F-26,2023-01-01,15608.94,90.69,7.3
PMT-0255,F-26,2023-02-01,18908.46,89.12,9.9
PMT-0255,F-26,2023-03-01,22391.64,88.89,18.2
PMT-0255,F-26,2023-04-01,26588.39,90.76,24.3
PMT-0255,F-26,2023-05-01,29694.99,92.33,29.3
PMT-0255,F-26,2023-06-01,31409.97,93.03,31.6
PMT-0255,F-26,2023-07-01,30555.4,92.95,29.6
PMT-0255,F-26,2023-08-01,26397.1,90.31,24.2
PMT-0255,F-26,2023-09-01,22492.0,92.53,18.7
PMT-0255,F-26,2023-10-01,18675.63,90.6,12.3
PMT-0255,F-26,2023-11-01,15558.5,95.83,7.2
PMT-0255,F-26,2023-12-01,15224.39,90.98,5.8
PMT-0255,F-26,2024-01-01,15971.07,89.37,4.8
PMT-0255,F-26,2024-02-01,18687.16,97.88,12.7
PMT-0255,F-26,2024-03-01,23148.57,88.66,16.8
PMT-0255,F-26,2024-04-01,26944.62,90.9,25.8
PMT-0255,F-26,2024-05-01,29290.59,95.58,28.5
PMT-0255,F-26,2024-06-01,31683.8,91.86,34.1
PMT-0255,F-26,2024-07-01,30489.02,91.52,32.2
PMT-0255,F-26,2024-08-01,26687.28,91.59,25.7
PMT-0255,F-26,2024-09-01,22709.91,93.24,17.0
PMT-0255,F-26,2024-10-01,18112.38,93.05,12.7
PMT-0255,F-26,2024-11-01,15668.31,90.38,5.6
PMT-0255,F-26,2024-12-01,14444.01,92.47,5.3
PMT-0256,F-26,2022-01-01,10847.65,94.73,6.5
PMT-0256,F-26,2022-02-01,12763.52,92.52,11.4
PMT-0256,F-26,2022-03-01,16143.92,89.68,17.5
PMT-0256,F-26,2022-04-01,18380.82,89.13,23.1
PMT-0256,F-26,2022-05-01,20469.42,88.9,30.8
PMT-0256,F-26,2022-06-01,21505.11,93.11,31.1
PMT-0256,F-26,2022-07-01,20481.05,92.99,30.4
PMT-0256,F-26,2022-08-01,18671.24,93.0,26.6
PMT-0256,F-26,2022-09-01,16067.5,94.08,18.3
PMT-0256,F-26,2022-10-01,12694.8,89.78,9.9
PMT-0256,F-26,2022-11-01,11090.67,96.24,5.8
PMT-0256,F-26,2022-12-01,10341.12,93.11,3.3
PMT-0256,F-26,2023-01-01,11508.77,90.78,4.4
PMT-0256,F-26,2023-02-01,12810.12,95.39,8.7
PMT-0256,F-26,2023-03-01,15402.41,93.18,18.4
PMT-0256,F-26,2023-04-01,18835.0,90.24,24.4
PMT-0256,F-26,2023-05-01,19973.44,96.0,30.3
PMT-0256,F-26,2023-06-01,21479.82,92.51,31.5
PMT-0256,F-26,2023-07-01,20468.74,90.39,32.4
PMT-0256,F-26,2023-08-01,18697.98,98.18,25.4
PMT-0256,F-26,2023-09-01,15917.3,95.28,16.0
PMT-0256,F-26,2023-10-01,12689.48,91.08,11.1
PMT-0256,F-26,2023-11-01,10898.97,89.72,5.7
PMT-0256,F-26,2023-12-01,10315.48,96.08,3.0
PMT-0256,F-26,2024-01-01,11272.46,92.57,4.0
PMT-0256,F-26,2024-02-01,13284.77,93.22,11.9
PMT-0256,F-26,2024-03-01,15529.96,90.55,17.1
PMT-0256,F-26,2024-04-01,17880.36,97.84,24.6
PMT-0256,F-26,2024-05-01,20498.72,96.34,28.7
PMT-0256,F-26,2024-06-01,21175.07,90.22,29.0
PMT-0256,F-26,2024-07-01,20957.5,90.86,29.8
PMT-0256,F-26,2024-08-01,19002.38,90.78,26.5
PMT-0256,F-26,2024-09-01,15441.66,87.67,16.5
PMT-0256,F-26,2024-10-01,13226.21,94.17,9.0
PMT-0256,F-26,2024-11-01,11008.28,95.6,6.1
PMT-0256,F-26,2024-12-01,10242.74,88.41,3.3
PMT-0257,F-26,2022-01-01,14104.54,92.56,4.0
PMT-0257,F-26,2022-02-01,16423.63,87.61,11.3
PMT-0257,F-26,2022-03-01,19420.22,91.07,20.0
PMT-0257,F-26,2022-04-01,23129.39,96.34,25.8
PMT-0257,F-26,2022-05-01,26588.65,88.35,31.2
PMT-0257,F-26,2022-06-01,26831.65,93.18,32.0
PMT-0257,F-26,2022-07-01,26338.41,87.83,29.9
PMT-0257,F-26,2022-08-01,23674.6,96.42,26.7
PMT-0257,F-26,2022-09-01,19924.43,92.01,17.9
PMT-0257,F-26,2022-10-01,16229.88,92.75,12.9
PMT-0257,F-26,2022-11-01,14075.87,91.16,6.4
PMT-0257,F-26,2022-12-01,12764.48,96.35,5.2
PMT-0257,F-26,2023-01-01,14106.28,91.49,8.3
PMT-0257,F-26,2023-02-01,16554.35,91.24,11.2
PMT-0257,F-26,2023-03-01,20020.55,92.28,17.7
PMT-0257,F-26,2023-04-01,23156.75,92.55,27.3
PMT-0257,F-26,2023-05-01,26183.63,90.91,29.0
PMT-0257,F-26,2023-06-01,27278.6,87.85,31.0
PMT-0257,F-26,2023-07-01,26367.8,88.88,30.4
PMT-0257,F-26,2023-08-01,23676.16,86.75,26.8
PMT-0257,F-26,2023-09-01,19884.68,93.94,17.1
PMT-0257,F-26,2023-10-01,16220.22,87.79,12.1
PMT-0257,F-26,2023-11-01,14044.28,88.9,5.4
PMT-0257,F-26,2023-12-01,13035.56,90.38,5.9
PMT-0257,F-26,2024-01-01,13800.97,92.82,5.2
PMT-0257,F-26,2024-02-01,16585.83,92.66,11.8
PMT-0257,F-26,2024-03-01,19773.97,95.49,19.3
PMT-0257,F-26,2024-04-01,22811.43,95.07,24.8
PMT-0257,F-26,2024-05-01,25454.66,86.79,30.0
PMT-0257,F-26,2024-06-01,27005.39,88.4,33.6
PMT-0257,F-26,2024-07-01,25404.83,93.17,30.2
PMT-0257,F-26,2024-08-01,23451.51,89.83,24.7
PMT-0257,F-26,2024-09-01,19764.81,89.14,18.2
PMT-0257,F-26,2024-10-01,16217.56,91.58,10.3
PMT-0257,F-26,2024-11-01,13276.14,87.72,9.1
PMT-0257,F-26,2024-12-01,13212.73,89.8,2.9
PMT-0258,F-26,2022-01-01,13877.97,95.15,2.3
PMT-0258,F-26,2022-02-01,17692.96,87.85,10.1
PMT-0258,F-26,2022-03-01,21365.93,90.27,19.5
PMT-0258,F-26,2022-04-01,24340.22,91.84,26.0
PMT-0258,F-26,2022-05-01,27318.78,89.13,29.1
PMT-0258,F-26,2022-06-01,28117.62,87.62,33.0
PMT-0258,F-26,2022-07-01,26248.23,88.91,29.9
PMT-0258,F-26,2022-08-01,24791.56,91.7,26.2
PMT-0258,F-26,2022-09-01,19985.26,93.82,18.5
PMT-0258,F-26,2022-10-01,17296.47,88.5,12.3
PMT-0258,F-26,2022-11-01,14275.57,92.03,5.7
PMT-0258,F-26,2022-12-01,13525.75,95.38,3.9
PMT-0258,F-26,2023-01-01,14462.88,90.99,3.5
PMT-0258,F-26,2023-02-01,17782.4,93.18,12.1
PMT-0258,F-26,2023-03-01,20335.75,96.16,17.8
PMT-0258,F-26,2023-04-01,24632.43,85.64,24.1
PMT-0258,F-26,2023-05-01,27123.7,94.67,29.5
PMT-0258,F-26,2023-06-01,29176.31,96.2,31.9
PMT-0258,F-26,2023-07-01,27610.74,91.12,31.5
PMT-0258,F-26,2023-08-01,25189.59,93.09,25.6
PMT-0258,F-26,2023-09-01,21370.93,88.15,18.8
PMT-0258,F-26,2023-10-01,17779.71,92.48,10.9
PMT-0258,F-26,2023-11-01,15331.45,92.4,5.6
PMT-0258,F-26,2023-12-01,13375.15,90.05,5.3
PMT-0258,F-26,2024-01-01,14971.12,88.47,7.5
PMT-0258,F-26,2024-02-01,17154.28,90.14,11.7
PMT-0258,F-26,2024-03-01,21559.88,93.97,16.4
PMT-0258,F-26,2024-04-01,25349.34,89.68,23.7
PMT-0258,F-26,2024-05-01,26830.54,88.41,31.1
PMT-0258,F-26,2024-06-01,27905.87,92.59,32.5
PMT-0258,F-26,2024-07-01,26982.44,91.35,28.8
PMT-0258,F-26,2024-08-01,24705.98,90.47,28.9
PMT-0258,F-26,2024-09-01,21295.55,86.69,17.6
PMT-0258,F-26,2024-10-01,17084.73,94.32,10.6
PMT-0258,F-26,2024-11-01,14835.21,90.31,5.0
PMT-0258,F-26,2024-12-01,12841.56,91.64,6.8
PMT-0259,F-26,2022-01-01,20627.83,87.1,4.9
PMT-0259,F-26,2022-02-01,25248.73,87.05,10.5
PMT-0259,F-26,2022-03-01,30077.69,90.11,18.7
PMT-0259,F-26,2022-04-01,35062.25,90.99,24.8
PMT-0259,F-26,2022-05-01,39074.66,89.76,30.2
PMT-0259,F-26,2022-06-01,40329.51,92.08,31.9
PMT-0259,F-26,2022-07-01,38231.77,88.0,31.2
PMT-0259,F-26,2022-08-01,35637.16,92.25,24.5
PMT-0259,F-26,2022-09-01,30881.15,91.53,18.6
PMT-0259,F-26,2022-10-01,24171.98,87.85,12.7
PMT-0259,F-26,2022-11-01,21067.57,92.07,5.0
PMT-0259,F-26,2022-12-01,19010.13,92.78,1.2
PMT-0259,F-26,2023-01-01,21144.01,85.45,5.4
PMT-0259,F-26,2023-02-01,24753.15,91.3,10.9
PMT-0259,F-26,2023-03-01,29631.21,93.03,19.9
PMT-0259,F-26,2023-04-01,35634.04,86.22,23.3
PMT-0259,F-26,2023-05-01,38309.55,91.21,29.9
PMT-0259,F-26,2023-06-01,40845.49,92.97,31.5
PMT-0259,F-26,2023-07-01,40162.32,92.86,30.3
PMT-0259,F-26,2023-08-01,35314.71,91.37,24.5
PMT-0259,F-26,2023-09-01,29840.67,92.59,18.5
PMT-0259,F-26,2023-10-01,24894.25,85.87,9.8
PMT-0259,F-26,2023-11-01,21137.96,91.36,6.7
PMT-0259,F-26,2023-12-01,18649.43,91.52,3.0
PMT-0259,F-26,2024-01-01,20609.29,86.46,5.7
PMT-0259,F-26,2024-02-01,24552.11,90.5,10.2
PMT-0259,F-26,2024-03-01,30438.29,94.72,18.0
PMT-0259,F-26,2024-04-01,35342.76,96.42,25.0
PMT-0259,F-26,2024-05-01,39456.58,90.0,27.2
PMT-0259,F-26,2024-06-01,40777.59,91.39,31.5
PMT-0259,F-26,2024-07-01,40341.84,86.0,30.1
PMT-0259,F-26,2024-08-01,34084.17,90.13,26.3
PMT-0259,F-26,2024-09-01,30963.33,93.76,18.2
PMT-0259,F-26,2024-10-01,24903.6,90.28,11.6
PMT-0259,F-26,2024-11-01,21056.91,91.54,4.2
PMT-0259,F-26,2024-12-01,19765.27,92.29,5.0
PMT-0260,F-26,2022-01-01,9109.97,88.37,6.2
PMT-0260,F-26,2022-02-01,10476.4,91.73,9.7
PMT-0260,F-26,2022-03-01,12823.16,94.36,18.8
PMT-0260,F-26,2022-04-01,15706.39,87.88,26.3
PMT-0260,F-26,2022-05-01,17014.3,90.02,30.0
PMT-0260,F-26,2022-06-01,17224.12,94.43,33.6
PMT-0260,F-26,2022-07-01,17015.0,95.09,30.4
PMT-0260,F-26,2022-08-01,15210.34,93.42,24.9
PMT-0260,F-26,2022-09-01,13355.1,93.66,17.8
PMT-0260,F-26,2022-10-01,10300.45,91.13,10.8
PMT-0260,F-26,2022-11-01,9084.84,87.83,5.7
PMT-0260,F-26,2022-12-01,8646.94,94.64,1.4
PMT-0260,F-26,2023-01-01,8981.67,91.92,7.4
PMT-0260,F-26,2023-02-01,10640.85,96.02,9.6
PMT-0260,F-26,2023-03-01,13304.9,83.25,17.7
PMT-0260,F-26,2023-04-01,15356.73,89.38,25.0
PMT-0260,F-26,2023-05-01,16611.84,92.83,30.1
PMT-0260,F-26,2023-06-01,17646.67,87.42,30.1
PMT-0260,F-26,2023-07-01,17371.41,92.1,30.7
PMT-0260,F-26,2023-08-01,15457.93,88.53,27.2
PMT-0260,F-26,2023-09-01,13419.93,87.82,17.5
PMT-0260,F-26,2023-10-01,10902.62,90.69,11.0
PMT-0260,F-26,2023-11-01,8995.85,91.39,7.3
PMT-0260,F-26,2023-12-01,8583.38,95.14,3.7
PMT-0260,F-26,2024-01-01,8965.05,91.08,6.0
PMT-0260,F-26,2024-02-01,10335.32,94.06,11.7
PMT-0260,F-26,2024-03-01,12528.25,86.46,19.6
PMT-0260,F-26,2024-04-01,14934.58,90.66,26.1
PMT-0260,F-26,2024-05-01,17218.65,91.46,29.1
PMT-0260,F-26,2024-06-01,17953.68,95.57,32.7
PMT-0260,F-26,2024-07-01,17245.28,86.52,30.5
PMT-0260,F-26,2024-08-01,15271.7,98.18,23.0
PMT-0260,F-26,2024-09-01,13305.26,90.6,17.8
PMT-0260,F-26,2024-10-01,11053.59,91.92,11.3
PMT-0260,F-26,2024-11-01,8982.05,91.87,7.4
PMT-0260,F-26,2024-12-01,8391.85,90.36,2.2
PMT-0261,F-27,2022-01-01,6409.22,93.34,4.9
PMT-0261,F-27,2022-02-01,7696.31,87.95,9.9
PMT-0261,F-27,2022-03-01,9134.8,92.7,16.6
PMT-0261,F-27,2022-04-01,10431.5,83.67,23.8
PMT-0261,F-27,2022-05-01,12080.2,95.56,30.2
PMT-0261,F-27,2022-06-01,12533.03,91.25,33.6
PMT-0261,F-27,2022-07-01,12042.28,83.61,31.5
PMT-0261,F-27,2022-08-01,10943.64,86.39,25.2
PMT-0261,F-27,2022-09-01,9233.93,89.84,18.8
PMT-0261,F-27,2022-10-01,7569.28,85.73,10.5
PMT-0261,F-27,2022-11-01,6475.26,82.88,5.2
PMT-0261,F-27,2022-12-01,6054.21,84.92,4.1
PMT-0261,F-27,2023-01-01,6517.77,88.74,6.3
PMT-0261,F-27,2023-02-01,7607.28,79.05,8.5
PMT-0261,F-27,2023-03-01,9118.69,88.25,19.3
PMT-0261,F-27,2023-04-01,10701.86,88.38,24.3
PMT-0261,F-27,2023-05-01,11943.57,88.02,30.7
PMT-0261,F-27,2023-06-01,12718.08,85.67,32.3
PMT-0261,F-27,2023-07-01,11872.16,87.64,30.4
PMT-0261,F-27,2023-08-01,10781.53,85.92,24.0
PMT-0261,F-27,2023-09-01,8950.36,86.51,17.8
PMT-0261,F-27,2023-10-01,7528.23,82.99,13.1
PMT-0261,F-27,2023-11-01,6406.88,89.43,7.8
PMT-0261,F-27,2023-12-01,5935.91,87.22,3.6
PMT-0261,F-27,2024-01-01,6434.21,85.42,6.3
PMT-0261,F-27,2024-02-01,7590.01,93.41,10.4
PMT-0261,F-27,2024-03-01,9236.13,86.91,17.4
PMT-0261,F-27,2024-04-01,10947.43,90.53,24.5
PMT-0261,F-27,2024-05-01,12147.69,85.51,32.4
PMT-0261,F-27,2024-06-01,12335.71,85.19,31.6
PMT-0261,F-27,2024-07-01,11847.65,89.72,31.5
PMT-0261,F-27,2024-08-01,11004.61,87.81,23.7
PMT-0261,F-27,2024-09-01,9246.21,93.05,17.7
PMT-0261,F-27,2024-10-01,7595.08,90.62,9.4
PMT-0261,F-27,2024-11-01,6411.03,88.94,6.9
PMT-0261,F-27,2024-12-01,5990.89,92.78,3.0
PMT-0262,F-27,2022-01-01,10082.61,84.57,7.6
PMT-0262,F-27,2022-02-01,12050.3,86.21,11.3
PMT-0262,F-27,2022-03-01,14182.13,86.91,19.0
PMT-0262,F-27,2022-04-01,16631.11,89.9,26.0
PMT-0262,F-27,2022-05-01,18765.81,83.43,31.2
PMT-0262,F-27,2022-06-01,18820.96,84.65,32.6
PMT-0262,F-27,2022-07-01,18259.52,84.64,28.9
PMT-0262,F-27,2022-08-01,17090.58,93.24,23.7
PMT-0262,F-27,2022-09-01,14807.83,88.51,20.4
PMT-0262,F-27,2022-10-01,12001.13,82.25,11.7
PMT-0262,F-27,2022-11-01,10339.76,86.27,4.8
PMT-0262,F-27,2022-12-01,9304.9,84.86,4.8
PMT-0262,F-27,2023-01-01,9811.66,89.45,5.2
PMT-0262,F-27,2023-02-01,12011.47,82.82,10.7
PMT-0262,F-27,2023-03-01,14294.96,89.0,17.8
PMT-0262,F-27,2023-04-01,16391.22,88.55,28.1
PMT-0262,F-27,2023-05-01,18838.98,83.72,29.8
PMT-0262,F-27,2023-06-01,18717.78,91.7,30.8
PMT-0262,F-27,2023-07-01,18763.93,83.28,30.4
PMT-0262,F-27,2023-08-01,16825.0,82.7,25.5
PMT-0262,F-27,2023-09-01,14196.75,86.99,16.2
PMT-0262,F-27,2023-10-01,11618.84,84.08,9.7
PMT-0262,F-27,2023-11-01,10031.63,82.86,4.4
PMT-0262,F-27,2023-12-01,9275.91,86.82,5.3
PMT-0262,F-27,2024-01-01,9870.27,92.25,6.1
PMT-0262,F-27,2024-02-01,11934.54,81.87,11.4
PMT-0262,F-27,2024-03-01,14431.91,87.96,20.9
PMT-0262,F-27,2024-04-01,16587.2,86.88,24.6
PMT-0262,F-27,2024-05-01,19072.47,86.81,29.1
PMT-0262,F-27,2024-06-01,19396.28,86.37,31.1
PMT-0262,F-27,2024-07-01,18978.6,86.97,30.9
PMT-0262,F-27,2024-08-01,16933.43,86.96,26.0
PMT-0262,F-27,2024-09-01,14362.95,81.06,16.9
PMT-0262,F-27,2024-10-01,11747.27,92.03,9.8
PMT-0262,F-27,2024-11-01,10203.49,81.59,5.4
PMT-0262,F-27,2024-12-01,9476.76,85.7,5.7
PMT-0263,F-27,2022-01-01,9302.67,88.51,5.9
PMT-0263,F-27,2022-02-01,10823.2,86.99,9.7
PMT-0263,F-27,2022-03-01,12716.75,93.92,18.4
PMT-0263,F-27,2022-04-01,15304.47,89.01,26.4
PMT-0263,F-27,2022-05-01,16873.98,86.87,30.3
PMT-0263,F-27,2022-06-01,18021.53,91.16,30.2
PMT-0263,F-27,2022-07-01,16050.19,86.66,28.0
PMT-0263,F-27,2022-08-01,15078.59,85.06,25.2
PMT-0263,F-27,2022-09-01,12688.6,91.73,18.7
PMT-0263,F-27,2022-10-01,10261.52,88.54,10.2
PMT-0263,F-27,2022-11-01,8472.95,84.28,3.5
PMT-0263,F-27,2022-12-01,8368.69,90.65,4.4
PMT-0263,F-27,2023-01-01,8753.83,85.79,5.9
PMT-0263,F-27,2023-02-01,11140.66,93.05,10.8
PMT-0263,F-27,2023-03-01,12583.29,87.75,17.2
PMT-0263,F-27,2023-04-01,14657.62,86.93,23.8
PMT-0263,F-27,2023-05-01,16651.37,84.03,31.0
PMT-0263,F-27,2023-06-01,16788.07,87.65,30.2
PMT-0263,F-27,2023-07-01,16333.81,89.58,30.2
PMT-0263,F-27,2023-08-01,15178.93,91.2,24.5
PMT-0263,F-27,2023-09-01,12629.11,86.15,18.3
PMT-0263,F-27,2023-10-01,10306.45,87.68,13.4
PMT-0263,F-27,2023-11-01,8923.2,87.44,6.2
PMT-0263,F-27,2023-12-01,8099.34,92.02,4.8
PMT-0263,F-27,2024-01-01,9285.74,91.36,4.6
PMT-0263,F-27,2024-02-01,10472.1,87.09,10.6
PMT-0263,F-27,2024-03-01,12972.87,88.39,18.2
PMT-0263,F-27,2024-04-01,14849.51,89.32,26.0
PMT-0263,F-27,2024-05-01,16927.41,89.34,32.0
PMT-0263,F-27,2024-06-01,17593.47,92.38,33.9
PMT-0263,F-27,2024-07-01,16992.03,89.63,29.3
PMT-0263,F-27,2024-08-01,14649.57,85.96,26.0
PMT-0263,F-27,2024-09-01,13051.72,85.66,16.3
PMT-0263,F-27,2024-10-01,10945.46,89.68,10.8
PMT-0263,F-27,2024-11-01,8833.31,88.06,7.4
PMT-0263,F-27,2024-12-01,8120.13,89.96,3.2
PMT-0264,F-27,2022-01-01,11006.6,85.76,6.9
PMT-0264,F-27,2022-02-01,14012.94,87.49,8.9
PMT-0264,F-27,2022-03-01,15763.38,87.85,18.7
PMT-0264,F-27,2022-04-01,19589.08,91.83,26.1
PMT-0264,F-27,2022-05-01,20056.91,89.72,31.6
PMT-0264,F-27,2022-06-01,21509.64,89.23,30.6
PMT-0264,F-27,2022-07-01,20374.18,88.92,30.3
PMT-0264,F-27,2022-08-01,17851.24,91.36,23.0
PMT-0264,F-27,2022-09-01,16037.69,88.78,17.4
PMT-0264,F-27,2022-10-01,12529.33,87.42,10.0
PMT-0264,F-27,2022-11-01,11195.09,87.74,4.6
PMT-0264,F-27,2022-12-01,10132.53,88.33,4.1
PMT-0264,F-27,2023-01-01,11293.34,90.79,5.8
PMT-0264,F-27,2023-02-01,13083.32,92.03,12.5
PMT-0264,F-27,2023-03-01,16166.25,87.55,17.4
PMT-0264,F-27,2023-04-01,19361.5,87.7,24.6
PMT-0264,F-27,2023-05-01,21718.65,88.88,30.1
PMT-0264,F-27,2023-06-01,20593.92,90.14,30.2
PMT-0264,F-27,2023-07-01,20694.44,87.29,29.6
PMT-0264,F-27,2023-08-01,18527.38,92.85,24.7
PMT-0264,F-27,2023-09-01,16394.85,87.45,20.0
PMT-0264,F-27,2023-10-01,13049.94,87.93,10.2
PMT-0264,F-27,2023-11-01,10824.17,83.68,5.8
PMT-0264,F-27,2023-12-01,10052.14,85.21,2.3
PMT-0264,F-27,2024-01-01,10722.82,89.77,7.0
PMT-0264,F-27,2024-02-01,12929.69,88.15,11.9
PMT-0264,F-27,2024-03-01,15818.69,84.84,17.7
PMT-0264,F-27,2024-04-01,17690.69,86.51,24.5
PMT-0264,F-27,2024-05-01,19869.89,86.72,32.0
PMT-0264,F-27,2024-06-01,22007.14,88.17,34.0
PMT-0264,F-27,2024-07-01,21101.21,88.42,31.5
PMT-0264,F-27,2024-08-01,18142.41,89.25,24.5
PMT-0264,F-27,2024-09-01,16330.03,85.27,19.9
PMT-0264,F-27,2024-10-01,13406.73,82.48,10.0
PMT-0264,F-27,2024-11-01,10722.9,89.47,5.0
PMT-0264,F-27,2024-12-01,10260.23,88.13,4.2
PMT-0265,F-27,2022-01-01,9089.08,90.3,4.4
PMT-0265,F-27,2022-02-01,10589.91,83.36,10.4
PMT-0265,F-27,2022-03-01,12605.91,88.03,17.5
PMT-0265,F-27,2022-04-01,15707.53,86.25,24.6
PMT-0265,F-27,2022-05-01,16890.92,91.46,29.3
PMT-0265,F-27,2022-06-01,16998.75,87.35,32.4
PMT-0265,F-27,2022-07-01,16384.28,88.66,30.7
PMT-0265,F-27,2022-08-01,15470.69,89.07,25.4
PMT-0265,F-27,2022-09-01,13320.59,86.62,19.2
PMT-0265,F-27,2022-10-01,10137.36,85.47,12.4
PMT-0265,F-27,2022-11-01,8995.92,91.88,5.7
PMT-0265,F-27,2022-12-01,8402.75,88.2,5.2
PMT-0265,F-27,2023-01-01,9219.76,90.7,8.1
PMT-0265,F-27,2023-02-01,10671.15,88.3,11.6
PMT-0265,F-27,2023-03-01,12841.68,86.55,16.2
PMT-0265,F-27,2023-04-01,15230.59,80.2,24.4
PMT-0265,F-27,2023-05-01,16849.72,89.81,29.9
PMT-0265,F-27,2023-06-01,17456.55,88.23,29.0
PMT-0265,F-27,2023-07-01,16436.33,90.35,31.2
PMT-0265,F-27,2023-08-01,14818.34,85.21,22.8
PMT-0265,F-27,2023-09-01,12905.46,86.71,19.6
PMT-0265,F-27,2023-10-01,10487.84,82.1,10.6
PMT-0265,F-27,2023-11-01,8951.48,85.88,5.8
PMT-0265,F-27,2023-12-01,8139.83,89.6,3.3
PMT-0265,F-27,2024-01-01,8786.73,91.16,5.4
PMT-0265,F-27,2024-02-01,10473.23,85.76,9.2
PMT-0265,F-27,2024-03-01,12798.43,87.2,17.0
PMT-0265,F-27,2024-04-01,14928.38,87.87,26.4
PMT-0265,F-27,2024-05-01,16624.45,85.37,31.9
PMT-0265,F-27,2024-06-01,16530.88,86.33,32.3
PMT-0265,F-27,2024-07-01,16834.66,91.88,31.2
PMT-0265,F-27,2024-08-01,15507.12,94.58,25.0
PMT-0265,F-27,2024-09-01,12924.23,82.59,19.6
PMT-0265,F-27,2024-10-01,10482.81,88.43,10.5
PMT-0265,F-27,2024-11-01,9206.18,82.05,5.9
PMT-0265,F-27,2024-12-01,8317.24,84.79,4.3
PMT-0266,F-27,2022-01-01,7036.37,82.96,7.3
PMT-0266,F-27,2022-02-01,8413.06,86.42,9.8
PMT-0266,F-27,2022-03-01,10031.34,80.83,15.4
PMT-0266,F-27,2022-04-01,12085.14,85.5,24.0
PMT-0266,F-27,2022-05-01,13341.12,89.24,31.1
PMT-0266,F-27,2022-06-01,13836.34,84.48,31.6
PMT-0266,F-27,2022-07-01,12799.64,87.26,29.5
PMT-0266,F-27,2022-08-01,11881.05,90.22,26.3
PMT-0266,F-27,2022-09-01,9976.68,89.35,15.6
PMT-0266,F-27,2022-10-01,8405.19,86.64,10.7
PMT-0266,F-27,2022-11-01,6982.76,89.84,5.6
PMT-0266,F-27,2022-12-01,6590.08,85.89,2.3
PMT-0266,F-27,2023-01-01,6849.68,93.2,7.2
PMT-0266,F-27,2023-02-01,8549.95,93.51,13.4
PMT-0266,F-27,2023-03-01,9957.45,87.21,18.5
PMT-0266,F-27,2023-04-01,11910.52,86.37,25.1
PMT-0266,F-27,2023-05-01,13043.3,88.93,30.1
PMT-0266,F-27,2023-06-01,13589.24,85.78,32.7
PMT-0266,F-27,2023-07-01,13220.23,87.32,28.6
PMT-0266,F-27,2023-08-01,11771.81,89.66,23.0
PMT-0266,F-27,2023-09-01,10038.56,92.11,18.2
PMT-0266,F-27,2023-10-01,8242.73,87.04,11.9
PMT-0266,F-27,2023-11-01,6947.8,87.17,5.7
PMT-0266,F-27,2023-12-01,6482.58,93.44,4.4
PMT-0266,F-27,2024-01-01,6779.3,87.51,5.7
PMT-0266,F-27,2024-02-01,8426.65,89.64,11.2
PMT-0266,F-27,2024-03-01,10274.63,92.98,17.1
PMT-0266,F-27,2024-04-01,12164.37,91.22,23.4
PMT-0266,F-27,2024-05-01,13221.3,87.01,28.8
PMT-0266,F-27,2024-06-01,13849.19,91.22,30.4
PMT-0266,F-27,2024-07-01,13022.8,90.46,30.6
PMT-0266,F-27,2024-08-01,11720.8,86.85,24.4
PMT-0266,F-27,2024-09-01,10093.86,88.0,17.3
PMT-0266,F-27,2024-10-01,8219.36,87.31,9.0
PMT-0266,F-27,2024-11-01,7218.82,92.99,5.8
PMT-0266,F-27,2024-12-01,6612.47,85.75,4.7
PMT-0267,F-27,2022-01-01,9374.96,88.81,6.4
PMT-0267,F-27,2022-02-01,10646.07,91.94,12.1
PMT-0267,F-27,2022-03-01,13001.16,88.96,18.3
PMT-0267,F-27,2022-04-01,15771.57,81.7,23.8
PMT-0267,F-27,2022-05-01,16461.5,88.4,27.7
PMT-0267,F-27,2022-06-01,18012.86,84.88,31.5
PMT-0267,F-27,2022-07-01,16436.18,84.05,29.3
PMT-0267,F-27,2022-08-01,15494.38,80.32,26.1
PMT-0267,F-27,2022-09-01,12954.46,90.15,16.7
PMT-0267,F-27,2022-10-01,10456.86,85.08,10.0
PMT-0267,F-27,2022-11-01,9033.44,88.35,5.6
PMT-0267,F-27,2022-12-01,8747.2,90.3,1.7
PMT-0267,F-27,2023-01-01,9303.86,81.59,5.6
PMT-0267,F-27,2023-02-01,10811.52,87.24,12.5
PMT-0267,F-27,2023-03-01,12787.77,85.14,17.1
PMT-0267,F-27,2023-04-01,15215.19,87.83,25.5
PMT-0267,F-27,2023-05-01,16715.4,88.45,30.3
PMT-0267,F-27,2023-06-01,17483.28,92.57,31.3
PMT-0267,F-27,2023-07-01,16261.64,89.64,28.7
PMT-0267,F-27,2023-08-01,15207.16,87.49,25.3
PMT-0267,F-27,2023-09-01,13017.89,89.22,19.1
PMT-0267,F-27,2023-10-01,10760.45,83.52,12.7
PMT-0267,F-27,2023-11-01,9372.28,87.08,4.8
PMT-0267,F-27,2023-12-01,8237.88,84.6,4.2
PMT-0267,F-27,2024-01-01,9176.92,92.39,4.0
PMT-0267,F-27,2024-02-01,10601.51,85.7,10.0
PMT-0267,F-27,2024-03-01,13375.47,84.59,15.6
PMT-0267,F-27,2024-04-01,14920.91,90.14,25.0
PMT-0267,F-27,2024-05-01,16818.31,86.45,32.6
PMT-0267,F-27,2024-06-01,17720.63,86.51,31.0
PMT-0267,F-27,2024-07-01,16987.61,89.04,30.7
PMT-0267,F-27,2024-08-01,14943.69,91.58,24.3
PMT-0267,F-27,2024-09-01,12906.73,86.7,18.7
PMT-0267,F-27,2024-10-01,10724.15,93.75,11.8
PMT-0267,F-27,2024-11-01,9093.88,90.48,4.4
PMT-0267,F-27,2024-12-01,8373.55,85.1,3.1
PMT-0268,F-27,2022-01-01,8057.08,96.08,6.1
PMT-0268,F-27,2022-02-01,9690.38,79.14,11.3
PMT-0268,F-27,2022-03-01,10894.25,86.94,18.0
PMT-0268,F-27,2022-04-01,13012.63,88.71,22.9
PMT-0268,F-27,2022-05-01,15021.19,86.9,29.4
PMT-0268,F-27,2022-06-01,15156.02,90.72,33.7
PMT-0268,F-27,2022-07-01,15103.77,83.37,32.5
PMT-0268,F-27,2022-08-01,13711.88,86.64,24.2
PMT-0268,F-27,2022-09-01,11403.56,87.73,17.3
PMT-0268,F-27,2022-10-01,9719.73,86.28,11.4
PMT-0268,F-27,2022-11-01,8031.09,87.81,6.5
PMT-0268,F-27,2022-12-01,7319.74,88.07,3.8
PMT-0268,F-27,2023-01-01,8068.61,87.53,7.2
PMT-0268,F-27,2023-02-01,9396.12,85.26,11.3
PMT-0268,F-27,2023-03-01,11790.16,90.58,18.6
PMT-0268,F-27,2023-04-01,13560.79,92.57,24.0
PMT-0268,F-27,2023-05-01,16051.07,85.12,28.8
PMT-0268,F-27,2023-06-01,15646.87,85.62,30.9
PMT-0268,F-27,2023-07-01,14810.54,84.78,31.6
PMT-0268,F-27,2023-08-01,13498.99,84.51,25.0
PMT-0268,F-27,2023-09-01,11934.52,89.27,16.0
PMT-0268,F-27,2023-10-01,9309.56,90.99,10.9
PMT-0268,F-27,2023-11-01,8055.65,91.96,6.2
PMT-0268,F-27,2023-12-01,7559.9,88.27,3.8
PMT-0268,F-27,2024-01-01,8130.81,85.59,7.1
PMT-0268,F-27,2024-02-01,9452.07,83.11,8.2
PMT-0268,F-27,2024-03-01,11686.03,87.61,17.5
PMT-0268,F-27,2024-04-01,13685.72,89.23,24.2
PMT-0268,F-27,2024-05-01,15138.23,89.6,29.1
PMT-0268,F-27,2024-06-01,14968.47,87.46,31.1
PMT-0268,F-27,2024-07-01,15042.59,86.69,31.8
PMT-0268,F-27,2024-08-01,13248.42,91.31,25.2
PMT-0268,F-27,2024-09-01,11598.42,88.95,18.0
PMT-0268,F-27,2024-10-01,9450.5,86.25,11.0
PMT-0268,F-27,2024-11-01,8102.19,85.2,4.9
PMT-0268,F-27,2024-12-01,7293.83,85.68,4.1
PMT-0269,F-27,2022-01-01,7884.24,87.88,5.7
PMT-0269,F-27,2022-02-01,9540.46,87.06,11.8
PMT-0269,F-27,2022-03-01,11238.09,88.54,18.5
PMT-0269,F-27,2022-04-01,13044.48,89.31,24.7
PMT-0269,F-27,2022-05-01,14811.94,90.88,31.1
PMT-0269,F-27,2022-06-01,15067.31,89.02,32.9
PMT-0269,F-27,2022-07-01,14842.53,88.46,30.5
PMT-0269,F-27,2022-08-01,13402.28,81.23,24.8
PMT-0269,F-27,2022-09-01,11541.17,92.08,14.7
PMT-0269,F-27,2022-10-01,9454.58,89.27,10.3
PMT-0269,F-27,2022-11-01,7658.39,85.4,5.4
PMT-0269,F-27,2022-12-01,7385.24,90.53,3.0
PMT-0269,F-27,2023-01-01,7633.03,86.23,4.4
PMT-0269,F-27,2023-02-01,9269.54,85.06,11.1
PMT-0269,F-27,2023-03-01,11369.63,91.92,18.0
PMT-0269,F-27,2023-04-01,13803.61,89.95,24.0
PMT-0269,F-27,2023-05-01,14824.3,86.92,29.7
PMT-0269,F-27,2023-06-01,15228.43,90.22,34.7
PMT-0269,F-27,2023-07-01,14696.9,89.01,29.1
PMT-0269,F-27,2023-08-01,13063.78,83.5,25.8
PMT-0269,F-27,2023-09-01,11263.47,82.85,19.3
PMT-0269,F-27,2023-10-01,9195.74,90.96,11.9
PMT-0269,F-27,2023-11-01,7874.83,88.45,6.4
PMT-0269,F-27,2023-12-01,7365.78,88.04,4.9
PMT-0269,F-27,2024-01-01,8084.87,84.24,5.7
PMT-0269,F-27,2024-02-01,9590.96,87.24,12.0
PMT-0269,F-27,2024-03-01,11666.2,84.57,17.9
PMT-0269,F-27,2024-04-01,13008.34,89.89,26.8
PMT-0269,F-27,2024-05-01,14726.56,86.5,31.2
PMT-0269,F-27,2024-06-01,15505.42,89.55,30.6
PMT-0269,F-27,2024-07-01,14634.11,90.97,28.7
PMT-0269,F-27,2024-08-01,13168.06,89.63,24.9
PMT-0269,F-27,2024-09-01,11296.31,92.47,17.7
PMT-0269,F-27,2024-10-01,9572.46,87.67,11.5
PMT-0269,F-27,2024-11-01,7902.38,87.81,4.9
PMT-0269,F-27,2024-12-01,7461.46,83.96,6.6
PMT-0270,F-27,2022-01-01,23031.1,95.33,6.7
PMT-0270,F-27,2022-02-01,28261.13,88.73,10.8
PMT-0270,F-27,2022-03-01,35497.56,89.68,19.0
PMT-0270,F-27,2022-04-01,41939.39,89.9,26.5
PMT-0270,F-27,2022-05-01,45833.39,82.46,29.7
PMT-0270,F-27,2022-06-01,47030.85,83.09,33.2
PMT-0270,F-27,2022-07-01,47792.17,90.2,30.5
PMT-0270,F-27,2022-08-01,41960.69,83.34,25.2
PMT-0270,F-27,2022-09-01,34095.46,92.27,19.3
PMT-0270,F-27,2022-10-01,29937.54,91.67,10.2
PMT-0270,F-27,2022-11-01,24413.07,85.29,5.9
PMT-0270,F-27,2022-12-01,23221.62,92.76,4.2
PMT-0270,F-27,2023-01-01,24645.64,85.68,5.5
PMT-0270,F-27,2023-02-01,30253.35,82.33,10.2
PMT-0270,F-27,2023-03-01,34346.65,86.05,18.5
PMT-0270,F-27,2023-04-01,43101.09,91.83,22.8
PMT-0270,F-27,2023-05-01,46973.24,92.59,31.6
PMT-0270,F-27,2023-06-01,46766.78,87.42,31.5
PMT-0270,F-27,2023-07-01,45483.22,85.91,29.9
PMT-0270,F-27,2023-08-01,42218.4,82.46,26.6
PMT-0270,F-27,2023-09-01,35381.36,88.29,18.6
PMT-0270,F-27,2023-10-01,28580.67,87.64,10.2
PMT-0270,F-27,2023-11-01,24481.1,87.39,5.4
PMT-0270,F-27,2023-12-01,22522.66,87.99,2.8
PMT-0270,F-27,2024-01-01,24281.77,87.98,4.2
PMT-0270,F-27,2024-02-01,29137.85,93.21,12.4
PMT-0270,F-27,2024-03-01,34450.18,92.95,18.5
PMT-0270,F-27,2024-04-01,41333.67,90.27,26.4
PMT-0270,F-27,2024-05-01,45081.19,87.16,31.8
PMT-0270,F-27,2024-06-01,48985.79,86.93,32.7
PMT-0270,F-27,2024-07-01,45498.96,82.8,28.8
PMT-0270,F-27,2024-08-01,42050.32,90.39,23.1
PMT-0270,F-27,2024-09-01,36046.5,92.01,19.4
PMT-0270,F-27,2024-10-01,28505.88,91.67,12.4
PMT-0270,F-27,2024-11-01,24314.0,85.26,4.8
PMT-0270,F-27,2024-12-01,22304.5,84.16,4.3
PMT-0271,F-28,2022-01-01,5279.7,88.31,6.4
PMT-0271,F-28,2022-02-01,6136.43,88.07,11.8
PMT-0271,F-28,2022-03-01,7456.72,91.81,15.6
PMT-0271,F-28,2022-04-01,8770.34,85.84,24.9
PMT-0271,F-28,2022-05-01,9639.49,90.53,27.5
PMT-0271,F-28,2022-06-01,9912.3,88.05,31.6
PMT-0271,F-28,2022-07-01,9751.41,92.39,30.4
PMT-0271,F-28,2022-08-01,8702.14,92.2,22.7
PMT-0271,F-28,2022-09-01,7398.68,86.67,17.2
PMT-0271,F-28,2022-10-01,6125.55,91.23,10.3
PMT-0271,F-28,2022-11-01,5115.71,90.73,6.8
PMT-0271,F-28,2022-12-01,4837.38,89.83,4.0
PMT-0271,F-28,2023-01-01,5093.81,88.62,7.6
PMT-0271,F-28,2023-02-01,6150.19,92.19,11.9
PMT-0271,F-28,2023-03-01,7204.6,89.53,17.8
PMT-0271,F-28,2023-04-01,8525.63,90.23,24.3
PMT-0271,F-28,2023-05-01,9734.8,90.3,29.4
PMT-0271,F-28,2023-06-01,9939.33,93.53,32.4
PMT-0271,F-28,2023-07-01,9382.65,87.61,31.3
PMT-0271,F-28,2023-08-01,8491.66,92.06,24.5
PMT-0271,F-28,2023-09-01,7240.19,89.04,18.5
PMT-0271,F-28,2023-10-01,6222.26,90.1,9.8
PMT-0271,F-28,2023-11-01,5192.95,89.22,3.3
PMT-0271,F-28,2023-12-01,4740.98,92.78,4.8
PMT-0271,F-28,2024-01-01,5073.41,87.06,6.1
PMT-0271,F-28,2024-02-01,6101.61,92.76,10.5
PMT-0271,F-28,2024-03-01,7224.4,87.38,18.2
PMT-0271,F-28,2024-04-01,8770.23,92.17,25.2
PMT-0271,F-28,2024-05-01,9506.7,90.45,30.0
PMT-0271,F-28,2024-06-01,9793.48,91.89,35.1
PMT-0271,F-28,2024-07-01,9711.64,85.07,31.7
PMT-0271,F-28,2024-08-01,8738.7,91.89,24.7
PMT-0271,F-28,2024-09-01,7270.86,85.7,19.2
PMT-0271,F-28,2024-10-01,6139.21,93.89,11.9
PMT-0271,F-28,2024-11-01,5179.99,89.05,6.9
PMT-0271,F-28,2024-12-01,4765.61,87.39,3.4
PMT-0272,F-28,2022-01-01,9953.63,85.27,6.4
PMT-0272,F-28,2022-02-01,12348.92,92.49,10.8
PMT-0272,F-28,2022-03-01,14901.17,93.67,17.4
PMT-0272,F-28,2022-04-01,17291.58,91.47,26.4
PMT-0272,F-28,2022-05-01,18945.09,87.49,31.0
PMT-0272,F-28,2022-06-01,20237.45,89.24,31.0
PMT-0272,F-28,2022-07-01,18393.17,83.36,29.9
PMT-0272,F-28,2022-08-01,16597.51,87.37,24.9
PMT-0272,F-28,2022-09-01,14314.57,93.26,17.7
PMT-0272,F-28,2022-10-01,12393.89,89.84,12.7
PMT-0272,F-28,2022-11-01,10543.42,86.66,5.6
PMT-0272,F-28,2022-12-01,9320.31,88.93,6.2
PMT-0272,F-28,2023-01-01,9978.38,86.58,7.5
PMT-0272,F-28,2023-02-01,12047.17,90.68,8.9
PMT-0272,F-28,2023-03-01,14900.18,88.03,19.2
PMT-0272,F-28,2023-04-01,16788.61,92.92,26.6
PMT-0272,F-28,2023-05-01,19669.38,84.06,29.5
PMT-0272,F-28,2023-06-01,18886.9,89.83,29.1
PMT-0272,F-28,2023-07-01,19702.94,91.42,31.9
PMT-0272,F-28,2023-08-01,17063.31,85.78,27.3
PMT-0272,F-28,2023-09-01,14066.82,91.57,16.5
PMT-0272,F-28,2023-10-01,11718.78,90.46,11.1
PMT-0272,F-28,2023-11-01,10180.11,86.25,5.2
PMT-0272,F-28,2023-12-01,9938.84,89.45,2.0
PMT-0272,F-28,2024-01-01,9865.51,89.15,5.3
PMT-0272,F-28,2024-02-01,12188.67,94.18,9.9
PMT-0272,F-28,2024-03-01,15358.17,93.46,17.1
PMT-0272,F-28,2024-04-01,16278.37,87.37,24.9
PMT-0272,F-28,2024-05-01,18822.91,90.93,29.4
PMT-0272,F-28,2024-06-01,18624.41,87.91,30.5
PMT-0272,F-28,2024-07-01,18366.23,88.84,29.0
PMT-0272,F-28,2024-08-01,16647.36,88.5,23.4
PMT-0272,F-28,2024-09-01,14083.16,87.66,16.7
PMT-0272,F-28,2024-10-01,12644.41,91.6,10.0
PMT-0272,F-28,2024-11-01,10822.83,87.51,7.1
PMT-0272,F-28,2024-12-01,9542.93,93.69,4.0
PMT-0273,F-28,2022-01-01,6942.02,89.33,6.9
PMT-0273,F-28,2022-02-01,8237.56,84.05,11.3
PMT-0273,F-28,2022-03-01,9491.82,92.07,18.1
PMT-0273,F-28,2022-04-01,11169.13,86.68,25.6
PMT-0273,F-28,2022-05-01,13057.84,83.69,30.3
PMT-0273,F-28,2022-06-01,13167.74,88.22,30.1
PMT-0273,F-28,2022-07-01,12763.8,88.25,30.7
PMT-0273,F-28,2022-08-01,11245.78,92.54,24.6
PMT-0273,F-28,2022-09-01,9526.01,87.72,15.2
PMT-0273,F-28,2022-10-01,8308.93,92.17,9.9
PMT-0273,F-28,2022-11-01,6951.26,92.98,6.8
PMT-0273,F-28,2022-12-01,6466.8,86.26,4.4
PMT-0273,F-28,2023-01-01,6800.62,86.15,4.0
PMT-0273,F-28,2023-02-01,8092.65,88.3,12.2
PMT-0273,F-28,2023-03-01,9795.64,91.34,16.8
PMT-0273,F-28,2023-04-01,11366.46,92.06,24.0
PMT-0273,F-28,2023-05-01,12325.88,93.18,30.2
PMT-0273,F-28,2023-06-01,13150.41,89.73,32.8
PMT-0273,F-28,2023-07-01,12435.28,85.67,32.3
PMT-0273,F-28,2023-08-01,11649.66,86.27,24.9
PMT-0273,F-28,2023-09-01,9817.38,93.17,19.6
PMT-0273,F-28,2023-10-01,7877.91,88.47,12.2
PMT-0273,F-28,2023-11-01,6730.95,85.64,7.5
PMT-0273,F-28,2023-12-01,6428.64,92.99,4.2
PMT-0273,F-28,2024-01-01,6835.64,90.19,4.1
PMT-0273,F-28,2024-02-01,8093.7,88.51,12.2
PMT-0273,F-28,2024-03-01,10197.31,94.09,19.5
PMT-0273,F-28,2024-04-01,11602.99,95.64,24.3
PMT-0273,F-28,2024-05-01,12842.46,92.82,30.0
PMT-0273,F-28,2024-06-01,13295.81,94.08,31.7
PMT-0273,F-28,2024-07-01,12752.76,90.85,31.4
PMT-0273,F-28,2024-08-01,11336.34,87.64,24.9
PMT-0273,F-28,2024-09-01,9820.23,92.33,15.5
PMT-0273,F-28,2024-10-01,7911.58,88.64,11.3
PMT-0273,F-28,2024-11-01,6839.75,89.99,6.3
PMT-0273,F-28,2024-12-01,6338.51,90.2,4.0
PMT-0274,F-28,2022-01-01,7789.66,89.71,6.2
PMT-0274,F-28,2022-02-01,9078.69,84.72,11.0
PMT-0274,F-28,2022-03-01,11383.87,97.94,18.8
PMT-0274,F-28,2022-04-01,13088.67,84.56,24.8
PMT-0274,F-28,2022-05-01,14512.45,92.84,29.2
PMT-0274,F-28,2022-06-01,15030.89,85.65,32.0
PMT-0274,F-28,2022-07-01,14461.21,88.49,29.8
PMT-0274,F-28,2022-08-01,12838.44,91.19,23.9
PMT-0274,F-28,2022-09-01,10880.83,84.65,15.7
PMT-0274,F-28,2022-10-01,8985.11,84.55,11.8
PMT-0274,F-28,2022-11-01,7902.29,87.7,3.6
PMT-0274,F-28,2022-12-01,7203.58,87.92,3.8
PMT-0274,F-28,2023-01-01,7666.37,87.97,5.1
PMT-0274,F-28,2023-02-01,9169.41,88.19,11.4
PMT-0274,F-28,2023-03-01,11087.54,89.97,20.3
PMT-0274,F-28,2023-04-01,13284.12,91.27,24.4
PMT-0274,F-28,2023-05-01,14236.11,93.01,30.3
PMT-0274,F-28,2023-06-01,15018.66,95.42,31.4
PMT-0274,F-28,2023-07-01,13817.53,91.2,31.2
PMT-0274,F-28,2023-08-01,13091.68,86.3,22.9
PMT-0274,F-28,2023-09-01,10905.74,90.56,20.6
PMT-0274,F-28,2023-10-01,9343.13,91.19,11.6
PMT-0274,F-28,2023-11-01,7660.28,88.14,6.3
PMT-0274,F-28,2023-12-01,7336.72,91.78,2.8
PMT-0274,F-28,2024-01-01,7405.64,94.02,5.9
PMT-0274,F-28,2024-02-01,9143.17,91.02,10.7
PMT-0274,F-28,2024-03-01,10864.37,93.76,18.2
PMT-0274,F-28,2024-04-01,12970.84,84.9,26.2
PMT-0274,F-28,2024-05-01,14697.48,87.55,30.4
PMT-0274,F-28,2024-06-01,15079.38,95.28,31.9
PMT-0274,F-28,2024-07-01,14531.67,85.17,30.4
PMT-0274,F-28,2024-08-01,13118.61,88.96,24.3
PMT-0274,F-28,2024-09-01,11180.82,88.48,16.4
PMT-0274,F-28,2024-10-01,9279.29,91.26,11.7
PMT-0274,F-28,2024-11-01,7989.59,88.43,5.4
PMT-0274,F-28,2024-12-01,7237.22,87.41,5.3
PMT-0275,F-28,2022-01-01,12023.53,86.68,4.6
PMT-0275,F-28,2022-02-01,14398.5,93.07,11.5
PMT-0275,F-28,2022-03-01,17531.88,89.46,18.9
PMT-0275,F-28,2022-04-01,20643.75,94.65,25.1
PMT-0275,F-28,2022-05-01,22705.46,91.1,30.3
PMT-0275,F-28,2022-06-01,23335.1,90.34,32.9
PMT-0275,F-28,2022-07-01,22796.62,87.39,30.5
PMT-0275,F-28,2022-08-01,21220.49,92.91,23.7
PMT-0275,F-28,2022-09-01,17798.85,85.63,17.7
PMT-0275,F-28,2022-10-01,14281.06,85.82,10.6
PMT-0275,F-28,2022-11-01,12218.74,87.43,4.8
PMT-0275,F-28,2022-12-01,10895.35,96.83,4.9
PMT-0275,F-28,2023-01-01,11919.88,92.23,6.7
PMT-0275,F-28,2023-02-01,14692.14,95.84,11.6
PMT-0275,F-28,2023-03-01,17274.93,87.8,18.1
PMT-0275,F-28,2023-04-01,20562.52,87.15,24.3
PMT-0275,F-28,2023-05-01,22591.05,91.6,31.5
PMT-0275,F-28,2023-06-01,23571.85,91.66,30.8
PMT-0275,F-28,2023-07-01,23057.01,85.07,29.0
PMT-0275,F-28,2023-08-01,20834.93,87.71,25.7
PMT-0275,F-28,2023-09-01,17887.79,91.78,16.7
PMT-0275,F-28,2023-10-01,14572.13,91.38,11.1
PMT-0275,F-28,2023-11-01,11448.42,97.44,5.7
PMT-0275,F-28,2023-12-01,11252.37,89.85,4.1
PMT-0275,F-28,2024-01-01,12147.92,92.2,4.9
PMT-0275,F-28,2024-02-01,14010.46,90.45,12.0
PMT-0275,F-28,2024-03-01,17726.76,86.66,18.3
PMT-0275,F-28,2024-04-01,20699.38,94.27,24.1
PMT-0275,F-28,2024-05-01,22985.38,92.82,30.9
PMT-0275,F-28,2024-06-01,24496.84,87.89,31.4
PMT-0275,F-28,2024-07-01,22073.68,89.0,29.9
PMT-0275,F-28,2024-08-01,19797.04,90.34,23.3
PMT-0275,F-28,2024-09-01,17413.08,86.12,19.1
PMT-0275,F-28,2024-10-01,14175.77,84.75,11.0
PMT-0275,F-28,2024-11-01,12189.42,87.43,7.1
PMT-0275,F-28,2024-12-01,11678.07,91.5,5.9
PMT-0276,F-28,2022-01-01,6175.39,90.93,5.7
PMT-0276,F-28,2022-02-01,7404.87,91.23,10.7
PMT-0276,F-28,2022-03-01,9335.7,93.77,16.3
PMT-0276,F-28,2022-04-01,10691.37,92.56,25.3
PMT-0276,F-28,2022-05-01,11995.21,90.11,30.2
PMT-0276,F-28,2022-06-01,12178.11,89.0,33.0
PMT-0276,F-28,2022-07-01,12019.63,88.63,31.4
PMT-0276,F-28,2022-08-01,10610.89,91.32,24.4
PMT-0276,F-28,2022-09-01,9447.69,90.17,16.5
PMT-0276,F-28,2022-10-01,7767.46,86.55,11.4
PMT-0276,F-28,2022-11-01,6471.21,84.29,4.3
PMT-0276,F-28,2022-12-01,5980.18,87.35,2.2
PMT-0276,F-28,2023-01-01,6263.78,91.54,5.3
PMT-0276,F-28,2023-02-01,7697.92,95.16,8.6
PMT-0276,F-28,2023-03-01,9393.35,83.88,18.1
PMT-0276,F-28,2023-04-01,10520.46,92.76,25.3
PMT-0276,F-28,2023-05-01,11907.21,90.23,28.2
PMT-0276,F-28,2023-06-01,12542.25,91.73,30.8
PMT-0276,F-28,2023-07-01,11865.56,87.44,29.7
PMT-0276,F-28,2023-08-01,10799.67,89.16,26.1
PMT-0276,F-28,2023-09-01,9276.82,87.98,17.9
PMT-0276,F-28,2023-10-01,7577.0,88.53,11.5
PMT-0276,F-28,2023-11-01,6323.25,91.54,3.5
PMT-0276,F-28,2023-12-01,5982.71,89.0,3.1
PMT-0276,F-28,2024-01-01,6409.09,86.04,7.3
PMT-0276,F-28,2024-02-01,7677.07,88.65,9.2
PMT-0276,F-28,2024-03-01,9149.18,89.36,19.3
PMT-0276,F-28,2024-04-01,11043.61,93.12,26.1
PMT-0276,F-28,2024-05-01,11845.15,90.6,27.4
PMT-0276,F-28,2024-06-01,12270.64,83.84,32.3
PMT-0276,F-28,2024-07-01,11730.37,84.47,31.8
PMT-0276,F-28,2024-08-01,10667.25,94.78,25.7
PMT-0276,F-28,2024-09-01,9156.4,86.24,16.9
PMT-0276,F-28,2024-10-01,7523.9,85.31,9.9
PMT-0276,F-28,2024-11-01,6504.19,90.44,5.6
PMT-0276,F-28,2024-12-01,5978.88,87.29,3.5
PMT-0277,F-28,2022-01-01,10201.74,92.27,7.0
PMT-0277,F-28,2022-02-01,12047.31,85.17,11.8
PMT-0277,F-28,2022-03-01,14789.54,90.73,17.3
PMT-0277,F-28,2022-04-01,17435.82,89.52,25.8
PMT-0277,F-28,2022-05-01,19286.45,88.13,30.1
PMT-0277,F-28,2022-06-01,20574.5,92.72,34.7
PMT-0277,F-28,2022-07-01,19237.94,87.49,28.9
PMT-0277,F-28,2022-08-01,17671.25,95.46,22.8
PMT-0277,F-28,2022-09-01,14498.33,92.12,15.7
PMT-0277,F-28,2022-10-01,12748.99,91.67,10.4
PMT-0277,F-28,2022-11-01,10239.78,91.94,5.3
PMT-0277,F-28,2022-12-01,9879.87,85.75,3.8
PMT-0277,F-28,2023-01-01,10657.79,92.0,5.8
PMT-0277,F-28,2023-02-01,12178.21,88.26,11.9
PMT-0277,F-28,2023-03-01,15008.68,88.99,19.3
PMT-0277,F-28,2023-04-01,17268.62,93.41,26.8
PMT-0277,F-28,2023-05-01,20598.47,89.0,31.8
PMT-0277,F-28,2023-06-01,20804.94,96.79,31.9
PMT-0277,F-28,2023-07-01,19426.22,93.84,29.4
PMT-0277,F-28,2023-08-01,18166.04,96.96,25.6
PMT-0277,F-28,2023-09-01,15079.16,93.26,17.0
PMT-0277,F-28,2023-10-01,12835.46,96.06,12.9
PMT-0277,F-28,2023-11-01,10342.23,87.95,7.0
PMT-0277,F-28,2023-12-01,9883.96,92.21,3.5
PMT-0277,F-28,2024-01-01,10087.47,86.28,8.1
PMT-0277,F-28,2024-02-01,12713.74,91.86,10.7
PMT-0277,F-28,2024-03-01,14745.15,87.99,18.9
PMT-0277,F-28,2024-04-01,17681.82,90.43,26.0
PMT-0277,F-28,2024-05-01,20143.58,88.67,31.0
PMT-0277,F-28,2024-06-01,19847.22,90.18,32.4
PMT-0277,F-28,2024-07-01,20266.94,89.45,28.9
PMT-0277,F-28,2024-08-01,17551.71,90.71,25.1
PMT-0277,F-28,2024-09-01,15268.48,80.74,17.7
PMT-0277,F-28,2024-10-01,12280.35,87.53,10.4
PMT-0277,F-28,2024-11-01,10499.95,93.15,5.8
PMT-0277,F-28,2024-12-01,9704.46,94.45,2.2
PMT-0278,F-28,2022-01-01,11044.18,93.01,5.6
PMT-0278,F-28,2022-02-01,13295.7,93.44,10.6
PMT-0278,F-28,2022-03-01,16129.5,85.34,19.0
PMT-0278,F-28,2022-04-01,18830.47,90.25,25.9
PMT-0278,F-28,2022-05-01,21006.04,90.51,29.6
PMT-0278,F-28,2022-06-01,21507.53,86.27,29.5
PMT-0278,F-28,2022-07-01,21171.22,85.18,31.0
PMT-0278,F-28,2022-08-01,18669.99,89.95,24.3
PMT-0278,F-28,2022-09-01,15620.56,82.98,17.3
PMT-0278,F-28,2022-10-01,13373.03,90.03,9.4
PMT-0278,F-28,2022-11-01,11126.89,85.64,6.2
PMT-0278,F-28,2022-12-01,10295.72,91.94,4.0
PMT-0278,F-28,2023-01-01,11253.11,91.45,6.3
PMT-0278,F-28,2023-02-01,13060.38,89.36,10.6
PMT-0278,F-28,2023-03-01,16176.57,89.68,18.3
PMT-0278,F-28,2023-04-01,19144.24,90.79,25.0
PMT-0278,F-28,2023-05-01,20862.87,88.0,29.5
PMT-0278,F-28,2023-06-01,21927.82,88.18,30.8
PMT-0278,F-28,2023-07-01,21144.2,90.56,28.2
PMT-0278,F-28,2023-08-01,18396.37,91.5,25.2
PMT-0278,F-28,2023-09-01,15615.27,90.4,19.3
PMT-0278,F-28,2023-10-01,13113.09,86.4,10.0
PMT-0278,F-28,2023-11-01,10938.21,85.33,4.8
PMT-0278,F-28,2023-12-01,10439.86,87.27,5.1
PMT-0278,F-28,2024-01-01,11175.61,87.94,6.0
PMT-0278,F-28,2024-02-01,13368.28,85.84,9.9
PMT-0278,F-28,2024-03-01,15592.93,96.81,16.9
PMT-0278,F-28,2024-04-01,18714.24,90.36,25.4
PMT-0278,F-28,2024-05-01,20716.75,90.49,29.9
PMT-0278,F-28,2024-06-01,21590.96,91.7,33.1
PMT-0278,F-28,2024-07-01,20946.96,91.17,30.6
PMT-0278,F-28,2024-08-01,18323.57,84.98,25.1
PMT-0278,F-28,2024-09-01,16106.83,86.23,17.3
PMT-0278,F-28,2024-10-01,13195.65,92.38,12.1
PMT-0278,F-28,2024-11-01,11221.57,89.12,5.6
PMT-0278,F-28,2024-12-01,10517.04,79.94,3.3
PMT-0279,F-28,2022-01-01,15424.0,91.67,6.7
PMT-0279,F-28,2022-02-01,18217.05,93.77,10.8
PMT-0279,F-28,2022-03-01,21418.69,87.6,16.3
PMT-0279,F-28,2022-04-01,25931.11,85.7,24.1
PMT-0279,F-28,2022-05-01,28834.59,87.36,31.2
PMT-0279,F-28,2022-06-01,30245.64,89.11,34.1
PMT-0279,F-28,2022-07-01,29558.36,90.32,27.4
PMT-0279,F-28,2022-08-01,25402.76,86.13,23.8
PMT-0279,F-28,2022-09-01,22709.79,91.3,19.3
PMT-0279,F-28,2022-10-01,17628.29,94.3,10.4
PMT-0279,F-28,2022-11-01,15261.02,88.63,7.3
PMT-0279,F-28,2022-12-01,14724.78,93.76,3.4
PMT-0279,F-28,2023-01-01,15298.69,93.03,4.2
PMT-0279,F-28,2023-02-01,18065.45,93.85,10.3
PMT-0279,F-28,2023-03-01,22090.75,93.1,19.5
PMT-0279,F-28,2023-04-01,25618.42,85.62,24.5
PMT-0279,F-28,2023-05-01,29976.14,87.63,30.1
PMT-0279,F-28,2023-06-01,28908.86,91.11,33.2
PMT-0279,F-28,2023-07-01,29258.93,91.48,30.6
PMT-0279,F-28,2023-08-01,26082.42,94.96,25.3
PMT-0279,F-28,2023-09-01,22353.63,89.28,18.4
PMT-0279,F-28,2023-10-01,18224.75,86.99,10.0
PMT-0279,F-28,2023-11-01,15546.16,88.23,7.1
PMT-0279,F-28,2023-12-01,14501.4,92.86,3.7
PMT-0279,F-28,2024-01-01,15703.58,84.17,5.5
PMT-0279,F-28,2024-02-01,18773.56,90.52,11.5
PMT-0279,F-28,2024-03-01,22353.65,96.26,19.2
PMT-0279,F-28,2024-04-01,26014.91,92.48,25.3
PMT-0279,F-28,2024-05-01,29280.91,91.2,30.0
PMT-0279,F-28,2024-06-01,30330.18,86.96,33.1
PMT-0279,F-28,2024-07-01,28815.0,90.43,28.9
PMT-0279,F-28,2024-08-01,26466.67,90.46,27.3
PMT-0279,F-28,2024-09-01,22253.84,86.53,16.2
PMT-0279,F-28,2024-10-01,18449.08,89.16,10.9
PMT-0279,F-28,2024-11-01,15503.31,91.35,4.9
PMT-0279,F-28,2024-12-01,14161.1,87.6,5.3
PMT-0280,F-28,2022-01-01,12272.04,87.51,5.4
PMT-0280,F-28,2022-02-01,14438.54,92.31,10.5
PMT-0280,F-28,2022-03-01,17124.92,88.81,18.1
PMT-0280,F-28,2022-04-01,20645.3,92.52,24.3
PMT-0280,F-28,2022-05-01,22702.34,96.48,31.1
PMT-0280,F-28,2022-06-01,23527.47,91.45,32.4
PMT-0280,F-28,2022-07-01,22572.87,89.7,30.8
PMT-0280,F-28,2022-08-01,20289.27,89.13,25.3
PMT-0280,F-28,2022-09-01,17858.25,89.84,16.5
PMT-0280,F-28,2022-10-01,14642.06,81.29,11.0
PMT-0280,F-28,2022-11-01,12081.01,87.99,6.8
PMT-0280,F-28,2022-12-01,11731.64,88.6,3.6
PMT-0280,F-28,2023-01-01,12284.13,91.14,5.6
PMT-0280,F-28,2023-02-01,14574.39,92.87,9.8
PMT-0280,F-28,2023-03-01,17856.18,93.83,18.8
PMT-0280,F-28,2023-04-01,20607.4,90.67,24.2
PMT-0280,F-28,2023-05-01,22758.48,91.01,32.8
PMT-0280,F-28,2023-06-01,23981.55,88.26,32.4
PMT-0280,F-28,2023-07-01,22567.95,84.89,28.5
PMT-0280,F-28,2023-08-01,20808.42,88.57,25.1
PMT-0280,F-28,2023-09-01,17663.95,86.69,18.6
PMT-0280,F-28,2023-10-01,14799.32,88.8,10.3
PMT-0280,F-28,2023-11-01,12466.23,88.23,5.9
PMT-0280,F-28,2023-12-01,11436.03,89.59,3.0
PMT-0280,F-28,2024-01-01,12041.91,89.96,5.0
PMT-0280,F-28,2024-02-01,14713.15,89.21,11.1
PMT-0280,F-28,2024-03-01,17502.58,86.44,15.6
PMT-0280,F-28,2024-04-01,20840.51,85.73,24.7
PMT-0280,F-28,2024-05-01,22358.85,92.46,28.2
PMT-0280,F-28,2024-06-01,23849.08,89.33,33.4
PMT-0280,F-28,2024-07-01,23634.99,84.05,26.6
PMT-0280,F-28,2024-08-01,20149.76,91.28,28.1
PMT-0280,F-28,2024-09-01,17676.53,92.56,18.6
PMT-0280,F-28,2024-10-01,14379.22,94.4,11.4
PMT-0280,F-28,2024-11-01,12157.23,91.87,3.8
PMT-0280,F-28,2024-12-01,11316.64,93.74,2.8
PMT-0281,F-29,2022-01-01,8166.91,92.77,4.2
PMT-0281,F-29,2022-02-01,9513.35,99.5,12.4
PMT-0281,F-29,2022-03-01,11741.13,100.0,20.0
PMT-0281,F-29,2022-04-01,13392.54,94.54,26.5
PMT-0281,F-29,2022-05-01,15293.65,94.09,30.0
PMT-0281,F-29,2022-06-01,15280.04,94.36,33.2
PMT-0281,F-29,2022-07-01,15096.82,97.72,31.3
PMT-0281,F-29,2022-08-01,13575.02,100.0,26.3
PMT-0281,F-29,2022-09-01,11481.84,91.55,18.4
PMT-0281,F-29,2022-10-01,9317.96,97.04,11.7
PMT-0281,F-29,2022-11-01,8187.27,94.53,6.4
PMT-0281,F-29,2022-12-01,7394.06,94.02,4.4
PMT-0281,F-29,2023-01-01,8177.98,96.89,5.3
PMT-0281,F-29,2023-02-01,9490.18,94.44,10.8
PMT-0281,F-29,2023-03-01,11518.4,98.75,16.7
PMT-0281,F-29,2023-04-01,13582.4,95.37,23.5
PMT-0281,F-29,2023-05-01,15417.12,93.2,30.8
PMT-0281,F-29,2023-06-01,15329.61,92.81,32.3
PMT-0281,F-29,2023-07-01,14933.33,89.82,31.2
PMT-0281,F-29,2023-08-01,13715.35,90.4,22.7
PMT-0281,F-29,2023-09-01,11309.15,94.69,19.9
PMT-0281,F-29,2023-10-01,9373.31,96.57,11.2
PMT-0281,F-29,2023-11-01,7943.02,96.46,6.2
PMT-0281,F-29,2023-12-01,7412.06,95.5,5.0
PMT-0281,F-29,2024-01-01,8081.96,93.28,4.8
PMT-0281,F-29,2024-02-01,9212.7,94.03,11.2
PMT-0281,F-29,2024-03-01,11467.87,97.86,18.4
PMT-0281,F-29,2024-04-01,14024.77,99.28,26.3
PMT-0281,F-29,2024-05-01,14867.85,93.64,30.9
PMT-0281,F-29,2024-06-01,15478.1,90.23,32.4
PMT-0281,F-29,2024-07-01,14926.22,99.75,29.9
PMT-0281,F-29,2024-08-01,13556.89,95.05,25.8
PMT-0281,F-29,2024-09-01,11465.75,93.28,18.8
PMT-0281,F-29,2024-10-01,9554.72,93.49,10.7
PMT-0281,F-29,2024-11-01,8089.63,96.64,7.5
PMT-0281,F-29,2024-12-01,7644.72,98.52,5.0
PMT-0282,F-29,2022-01-01,15301.18,93.6,6.7
PMT-0282,F-29,2022-02-01,17930.71,98.92,12.8
PMT-0282,F-29,2022-03-01,22360.23,90.13,17.5
PMT-0282,F-29,2022-04-01,25903.43,96.24,25.6
PMT-0282,F-29,2022-05-01,28246.76,96.53,29.1
PMT-0282,F-29,2022-06-01,29263.56,90.22,34.0
PMT-0282,F-29,2022-07-01,28794.77,91.23,29.2
PMT-0282,F-29,2022-08-01,26022.95,94.65,26.9
PMT-0282,F-29,2022-09-01,22386.79,92.56,17.2
PMT-0282,F-29,2022-10-01,18928.52,96.76,11.4
PMT-0282,F-29,2022-11-01,14972.76,94.37,7.2
PMT-0282,F-29,2022-12-01,13754.78,98.07,3.9
PMT-0282,F-29,2023-01-01,15074.82,100.0,6.4
PMT-0282,F-29,2023-02-01,18483.93,94.07,9.0
PMT-0282,F-29,2023-03-01,22294.05,94.34,16.7
PMT-0282,F-29,2023-04-01,25396.7,90.86,24.3
PMT-0282,F-29,2023-05-01,28931.11,94.72,30.0
PMT-0282,F-29,2023-06-01,29539.31,94.65,31.6
PMT-0282,F-29,2023-07-01,29405.75,99.01,30.3
PMT-0282,F-29,2023-08-01,25659.65,94.31,25.7
PMT-0282,F-29,2023-09-01,22443.07,95.44,18.2
PMT-0282,F-29,2023-10-01,17789.79,99.36,10.5
PMT-0282,F-29,2023-11-01,15175.82,95.18,6.1
PMT-0282,F-29,2023-12-01,14502.18,95.68,4.1
PMT-0282,F-29,2024-01-01,15282.14,90.46,4.6
PMT-0282,F-29,2024-02-01,18194.39,96.47,10.8
PMT-0282,F-29,2024-03-01,21633.93,98.54,14.9
PMT-0282,F-29,2024-04-01,25473.4,94.7,26.0
PMT-0282,F-29,2024-05-01,29267.19,100.0,32.5
PMT-0282,F-29,2024-06-01,29860.69,92.7,31.0
PMT-0282,F-29,2024-07-01,28716.09,94.47,30.2
PMT-0282,F-29,2024-08-01,25701.28,97.18,26.0
PMT-0282,F-29,2024-09-01,22250.85,92.49,18.5
PMT-0282,F-29,2024-10-01,17797.54,90.99,11.0
PMT-0282,F-29,2024-11-01,14724.56,94.19,6.3
PMT-0282,F-29,2024-12-01,13974.58,93.64,4.4
PMT-0283,F-29,2022-01-01,4474.15,95.22,6.7
PMT-0283,F-29,2022-02-01,5429.34,95.58,11.4
PMT-0283,F-29,2022-03-01,6168.12,88.51,18.5
PMT-0283,F-29,2022-04-01,7341.85,97.25,25.0
PMT-0283,F-29,2022-05-01,8101.88,98.84,30.9
PMT-0283,F-29,2022-06-01,8542.0,90.57,34.4
PMT-0283,F-29,2022-07-01,8310.76,96.88,31.3
PMT-0283,F-29,2022-08-01,7620.96,91.15,26.0
PMT-0283,F-29,2022-09-01,6374.69,93.9,16.5
PMT-0283,F-29,2022-10-01,5330.79,95.57,11.4
PMT-0283,F-29,2022-11-01,4508.45,100.0,6.1
PMT-0283,F-29,2022-12-01,4164.28,93.07,5.2
PMT-0283,F-29,2023-01-01,4463.23,95.08,4.7
PMT-0283,F-29,2023-02-01,5187.04,93.65,11.8
PMT-0283,F-29,2023-03-01,6307.62,97.46,17.7
PMT-0283,F-29,2023-04-01,7604.49,97.49,23.7
PMT-0283,F-29,2023-05-01,8335.18,93.24,32.0
PMT-0283,F-29,2023-06-01,8536.62,95.13,32.4
PMT-0283,F-29,2023-07-01,8364.8,96.44,30.2
PMT-0283,F-29,2023-08-01,7544.59,95.57,26.6
PMT-0283,F-29,2023-09-01,6274.23,98.15,17.0
PMT-0283,F-29,2023-10-01,5226.21,99.11,10.1
PMT-0283,F-29,2023-11-01,4357.42,94.65,5.4
PMT-0283,F-29,2023-12-01,4190.11,97.27,4.6
PMT-0283,F-29,2024-01-01,4475.39,95.45,5.2
PMT-0283,F-29,2024-02-01,5227.6,94.37,10.5
PMT-0283,F-29,2024-03-01,6411.77,94.82,17.1
PMT-0283,F-29,2024-04-01,7604.59,98.61,26.6
PMT-0283,F-29,2024-05-01,8294.1,92.79,31.5
PMT-0283,F-29,2024-06-01,8623.01,90.28,33.1
PMT-0283,F-29,2024-07-01,8265.22,99.44,29.1
PMT-0283,F-29,2024-08-01,7296.58,96.21,23.1
PMT-0283,F-29,2024-09-01,6382.1,100.0,17.6
PMT-0283,F-29,2024-10-01,5367.86,94.25,10.3
PMT-0283,F-29,2024-11-01,4405.09,100.0,6.8
PMT-0283,F-29,2024-12-01,4248.57,96.74,4.3
PMT-0284,F-29,2022-01-01,8123.99,92.34,4.8
PMT-0284,F-29,2022-02-01,9746.09,96.63,11.2
PMT-0284,F-29,2022-03-01,11826.74,96.82,18.0
PMT-0284,F-29,2022-04-01,14214.57,97.22,26.4
PMT-0284,F-29,2022-05-01,15470.64,98.08,30.3
PMT-0284,F-29,2022-06-01,16035.26,95.27,32.3
PMT-0284,F-29,2022-07-01,15646.68,98.29,30.4
PMT-0284,F-29,2022-08-01,13835.69,99.68,24.8
PMT-0284,F-29,2022-09-01,11832.66,92.37,17.9
PMT-0284,F-29,2022-10-01,10045.82,91.28,11.1
PMT-0284,F-29,2022-11-01,8141.0,92.97,7.3
PMT-0284,F-29,2022-12-01,7724.97,96.05,4.8
PMT-0284,F-29,2023-01-01,8197.16,95.72,3.4
PMT-0284,F-29,2023-02-01,9885.37,95.69,10.8
PMT-0284,F-29,2023-03-01,11571.14,98.86,17.7
PMT-0284,F-29,2023-04-01,14029.53,96.54,25.1
PMT-0284,F-29,2023-05-01,14980.85,95.35,31.9
PMT-0284,F-29,2023-06-01,16038.81,100.0,30.0
PMT-0284,F-29,2023-07-01,15418.71,95.1,31.8
PMT-0284,F-29,2023-08-01,13637.44,98.97,24.7
PMT-0284,F-29,2023-09-01,11960.05,91.23,18.2
PMT-0284,F-29,2023-10-01,9750.41,95.64,11.9
PMT-0284,F-29,2023-11-01,8233.21,100.0,5.9
PMT-0284,F-29,2023-12-01,7832.7,97.23,5.1
PMT-0284,F-29,2024-01-01,8139.56,94.3,5.7
PMT-0284,F-29,2024-02-01,9813.05,97.48,11.0
PMT-0284,F-29,2024-03-01,11906.59,93.54,17.4
PMT-0284,F-29,2024-04-01,14206.67,96.21,25.1
PMT-0284,F-29,2024-05-01,15017.58,93.72,29.8
PMT-0284,F-29,2024-06-01,16119.81,95.39,32.4
PMT-0284,F-29,2024-07-01,15199.45,93.3,29.1
PMT-0284,F-29,2024-08-01,13894.95,93.73,24.9
PMT-0284,F-29,2024-09-01,11613.62,95.14,18.1
PMT-0284,F-29,2024-10-01,9695.83,94.42,9.2
PMT-0284,F-29,2024-11-01,8133.77,95.09,6.2
PMT-0284,F-29,2024-12-01,7897.63,95.16,2.2
PMT-0285,F-29,2022-01-01,9731.33,94.43,5.9
PMT-0285,F-29,2022-02-01,11412.08,98.09,8.4
PMT-0285,F-29,2022-03-01,14135.19,94.37,17.5
PMT-0285,F-29,2022-04-01,16660.89,95.87,25.5
PMT-0285,F-29,2022-05-01,18075.73,90.55,29.6
PMT-0285,F-29,2022-06-01,19008.91,92.05,28.9
PMT-0285,F-29,2022-07-01,18041.71,95.86,30.7
PMT-0285,F-29,2022-08-01,16064.16,97.69,24.2
PMT-0285,F-29,2022-09-01,14247.0,97.6,17.9
PMT-0285,F-29,2022-10-01,11633.54,93.62,10.4
PMT-0285,F-29,2022-11-01,9771.84,99.84,3.9
PMT-0285,F-29,2022-12-01,9114.78,94.58,3.2
PMT-0285,F-29,2023-01-01,9754.88,88.4,6.4
PMT-0285,F-29,2023-02-01,11451.36,95.74,9.9
PMT-0285,F-29,2023-03-01,13755.26,96.63,20.2
PMT-0285,F-29,2023-04-01,16397.18,96.89,26.0
PMT-0285,F-29,2023-05-01,18608.62,96.29,29.0
PMT-0285,F-29,2023-06-01,18939.9,91.58,33.9
PMT-0285,F-29,2023-07-01,18776.97,93.68,32.8
PMT-0285,F-29,2023-08-01,16530.49,100.0,25.4
PMT-0285,F-29,2023-09-01,14209.8,96.51,16.6
PMT-0285,F-29,2023-10-01,11538.58,93.67,10.6
PMT-0285,F-29,2023-11-01,9503.75,100.0,5.9
PMT-0285,F-29,2023-12-01,9064.7,98.91,4.1
PMT-0285,F-29,2024-01-01,9974.67,98.39,6.4
PMT-0285,F-29,2024-02-01,11437.9,97.71,11.4
PMT-0285,F-29,2024-03-01,13973.05,99.16,16.1
PMT-0285,F-29,2024-04-01,16763.81,100.0,24.3
PMT-0285,F-29,2024-05-01,18838.87,98.4,29.6
PMT-0285,F-29,2024-06-01,19391.77,98.32,31.4
PMT-0285,F-29,2024-07-01,18301.0,94.01,31.2
PMT-0285,F-29,2024-08-01,16512.8,100.0,23.2
PMT-0285,F-29,2024-09-01,13713.21,94.66,17.8
PMT-0285,F-29,2024-10-01,11402.06,100.0,11.3
PMT-0285,F-29,2024-11-01,9852.18,98.44,5.9
PMT-0285,F-29,2024-12-01,9229.36,94.19,5.7
PMT-0286,F-29,2022-01-01,15760.97,96.53,5.4
PMT-0286,F-29,2022-02-01,18401.39,94.54,11.2
PMT-0286,F-29,2022-03-01,22189.86,97.44,16.7
PMT-0286,F-29,2022-04-01,25140.41,96.57,23.6
PMT-0286,F-29,2022-05-01,28671.58,94.54,30.2
PMT-0286,F-29,2022-06-01,29378.01,96.9,31.0
PMT-0286,F-29,2022-07-01,27832.47,100.0,30.1
PMT-0286,F-29,2022-08-01,26273.4,98.26,26.4
PMT-0286,F-29,2022-09-01,21353.53,91.85,16.2
PMT-0286,F-29,2022-10-01,17621.19,92.22,10.2
PMT-0286,F-29,2022-11-01,14856.06,98.14,4.7
PMT-0286,F-29,2022-12-01,13893.51,97.89,3.8
PMT-0286,F-29,2023-01-01,15058.25,92.41,4.8
PMT-0286,F-29,2023-02-01,18484.81,92.69,11.3
PMT-0286,F-29,2023-03-01,22144.81,99.92,17.2
PMT-0286,F-29,2023-04-01,26216.79,100.0,25.4
PMT-0286,F-29,2023-05-01,27323.91,97.49,30.7
PMT-0286,F-29,2023-06-01,29530.86,96.95,31.7
PMT-0286,F-29,2023-07-01,27963.84,94.42,31.0
PMT-0286,F-29,2023-08-01,25102.05,98.47,24.9
PMT-0286,F-29,2023-09-01,21236.1,96.47,19.1
PMT-0286,F-29,2023-10-01,17769.3,99.05,9.3
PMT-0286,F-29,2023-11-01,15294.84,95.59,5.5
PMT-0286,F-29,2023-12-01,14493.93,94.39,2.7
PMT-0286,F-29,2024-01-01,15773.05,98.03,5.4
PMT-0286,F-29,2024-02-01,17554.18,98.9,9.6
PMT-0286,F-29,2024-03-01,22258.38,94.82,16.7
PMT-0286,F-29,2024-04-01,24515.16,100.0,25.5
PMT-0286,F-29,2024-05-01,28028.27,93.68,30.2
PMT-0286,F-29,2024-06-01,29270.41,91.37,32.3
PMT-0286,F-29,2024-07-01,28227.7,99.13,30.0
PMT-0286,F-29,2024-08-01,25024.87,89.41,25.0
PMT-0286,F-29,2024-09-01,22676.08,95.17,18.1
PMT-0286,F-29,2024-10-01,17304.72,97.55,10.1
PMT-0286,F-29,2024-11-01,14167.85,95.78,7.3
PMT-0286,F-29,2024-12-01,14177.34,97.3,4.6
PMT-0287,F-29,2022-01-01,5698.03,97.11,5.6
PMT-0287,F-29,2022-02-01,6714.84,96.37,11.4
PMT-0287,F-29,2022-03-01,8333.98,98.25,16.1
PMT-0287,F-29,2022-04-01,9899.89,98.71,26.1
PMT-0287,F-29,2022-05-01,10839.66,98.06,28.7
PMT-0287,F-29,2022-06-01,11243.48,95.56,30.8
PMT-0287,F-29,2022-07-01,11018.6,93.34,28.7
PMT-0287,F-29,2022-08-01,9964.35,94.83,24.5
PMT-0287,F-29,2022-09-01,8380.65,97.62,20.9
PMT-0287,F-29,2022-10-01,6703.15,93.98,8.1
PMT-0287,F-29,2022-11-01,5979.5,95.53,5.0
PMT-0287,F-29,2022-12-01,5441.97,100.0,2.2
PMT-0287,F-29,2023-01-01,5818.44,93.03,7.0
PMT-0287,F-29,2023-02-01,6530.22,96.13,12.5
PMT-0287,F-29,2023-03-01,8200.67,93.22,16.0
PMT-0287,F-29,2023-04-01,9617.31,95.52,26.7
PMT-0287,F-29,2023-05-01,10627.52,90.99,31.0
PMT-0287,F-29,2023-06-01,11185.03,95.06,32.0
PMT-0287,F-29,2023-07-01,10954.81,89.26,29.8
PMT-0287,F-29,2023-08-01,9843.09,95.53,26.1
PMT-0287,F-29,2023-09-01,8423.42,94.08,15.7
PMT-0287,F-29,2023-10-01,6742.1,93.46,12.0
PMT-0287,F-29,2023-11-01,5978.33,97.62,6.6
PMT-0287,F-29,2023-12-01,5148.36,94.88,1.8
PMT-0287,F-29,2024-01-01,5847.33,94.28,6.2
PMT-0287,F-29,2024-02-01,6792.52,91.38,11.4
PMT-0287,F-29,2024-03-01,8098.26,96.05,18.6
PMT-0287,F-29,2024-04-01,9364.52,90.36,24.7
PMT-0287,F-29,2024-05-01,10628.41,89.53,28.6
PMT-0287,F-29,2024-06-01,11066.94,92.1,34.3
PMT-0287,F-29,2024-07-01,11129.86,97.37,32.9
PMT-0287,F-29,2024-08-01,10030.8,100.0,25.5
PMT-0287,F-29,2024-09-01,8522.26,95.96,16.4
PMT-0287,F-29,2024-10-01,7051.88,89.67,12.3
PMT-0287,F-29,2024-11-01,5588.21,96.8,6.8
PMT-0287,F-29,2024-12-01,5399.16,91.62,4.0
PMT-0288,F-29,2022-01-01,11408.22,96.09,7.6
PMT-0288,F-29,2022-02-01,13568.17,97.84,11.5
PMT-0288,F-29,2022-03-01,16399.54,91.53,16.7
PMT-0288,F-29,2022-04-01,19847.86,99.97,25.1
PMT-0288,F-29,2022-05-01,21365.76,97.65,31.8
PMT-0288,F-29,2022-06-01,22492.65,96.78,31.4
PMT-0288,F-29,2022-07-01,20450.88,100.0,28.1
PMT-0288,F-29,2022-08-01,19566.15,93.47,23.8
PMT-0288,F-29,2022-09-01,16198.92,97.98,19.2
PMT-0288,F-29,2022-10-01,13497.95,100.0,12.5
PMT-0288,F-29,2022-11-01,11194.61,92.61,4.4
PMT-0288,F-29,2022-12-01,10349.66,97.77,4.2
PMT-0288,F-29,2023-01-01,11265.5,95.74,5.5
PMT-0288,F-29,2023-02-01,13412.28,93.58,7.4
PMT-0288,F-29,2023-03-01,16061.5,98.52,17.6
PMT-0288,F-29,2023-04-01,18688.18,99.84,26.4
PMT-0288,F-29,2023-05-01,20976.3,98.17,32.1
PMT-0288,F-29,2023-06-01,21336.17,98.37,30.7
PMT-0288,F-29,2023-07-01,20641.41,95.69,31.2
PMT-0288,F-29,2023-08-01,18815.8,99.41,28.2
PMT-0288,F-29,2023-09-01,16356.13,99.16,18.8
PMT-0288,F-29,2023-10-01,13376.56,98.38,10.1
PMT-0288,F-29,2023-11-01,11249.77,93.16,8.8
PMT-0288,F-29,2023-12-01,10046.88,96.9,5.3
PMT-0288,F-29,2024-01-01,11312.27,89.78,5.1
PMT-0288,F-29,2024-02-01,13332.09,97.79,12.8
PMT-0288,F-29,2024-03-01,15166.35,97.4,19.8
PMT-0288,F-29,2024-04-01,19452.09,99.51,25.8
PMT-0288,F-29,2024-05-01,21971.46,96.4,30.7
PMT-0288,F-29,2024-06-01,21823.61,100.0,32.2
PMT-0288,F-29,2024-07-01,20989.22,93.2,28.7
PMT-0288,F-29,2024-08-01,19563.16,96.17,25.4
PMT-0288,F-29,2024-09-01,16132.79,94.47,18.5
PMT-0288,F-29,2024-10-01,13300.87,97.25,9.6
PMT-0288,F-29,2024-11-01,10966.4,99.21,6.2
PMT-0288,F-29,2024-12-01,10144.97,89.44,3.3
PMT-0289,F-29,2022-01-01,9424.59,95.53,3.5
PMT-0289,F-29,2022-02-01,11111.74,100.0,10.7
PMT-0289,F-29,2022-03-01,13705.83,98.36,18.5
PMT-0289,F-29,2022-04-01,16030.5,94.97,25.6
PMT-0289,F-29,2022-05-01,17665.68,93.12,31.6
PMT-0289,F-29,2022-06-01,18885.45,100.0,31.2
PMT-0289,F-29,2022-07-01,17673.04,95.82,32.2
PMT-0289,F-29,2022-08-01,15616.17,100.0,24.0
PMT-0289,F-29,2022-09-01,13772.23,99.35,17.3
PMT-0289,F-29,2022-10-01,11229.24,100.0,12.6
PMT-0289,F-29,2022-11-01,9526.35,98.55,5.2
PMT-0289,F-29,2022-12-01,8701.37,98.29,4.5
PMT-0289,F-29,2023-01-01,9539.42,93.57,6.2
PMT-0289,F-29,2023-02-01,11182.22,100.0,11.3
PMT-0289,F-29,2023-03-01,13629.89,98.92,18.1
PMT-0289,F-29,2023-04-01,15638.74,95.28,25.9
PMT-0289,F-29,2023-05-01,17850.64,98.95,30.4
PMT-0289,F-29,2023-06-01,18262.73,91.95,32.9
PMT-0289,F-29,2023-07-01,17902.47,95.65,30.2
PMT-0289,F-29,2023-08-01,15935.18,98.58,24.6
PMT-0289,F-29,2023-09-01,13923.04,98.05,17.5
PMT-0289,F-29,2023-10-01,11080.1,93.29,12.0
PMT-0289,F-29,2023-11-01,9494.21,100.0,6.2
PMT-0289,F-29,2023-12-01,8806.21,100.0,2.9
PMT-0289,F-29,2024-01-01,9298.08,96.68,6.6
PMT-0289,F-29,2024-02-01,11341.45,95.37,10.9
PMT-0289,F-29,2024-03-01,13743.4,97.75,18.0
PMT-0289,F-29,2024-04-01,15934.7,94.59,23.4
PMT-0289,F-29,2024-05-01,17733.09,96.46,28.0
PMT-0289,F-29,2024-06-01,17708.16,94.35,30.1
PMT-0289,F-29,2024-07-01,17866.39,94.75,32.0
PMT-0289,F-29,2024-08-01,15824.58,100.0,25.1
PMT-0289,F-29,2024-09-01,13652.46,96.44,17.3
PMT-0289,F-29,2024-10-01,11118.58,94.27,11.4
PMT-0289,F-29,2024-11-01,9399.84,94.08,7.5
PMT-0289,F-29,2024-12-01,8701.78,94.73,4.0
PMT-0290,F-29,2022-01-01,7213.45,97.54,6.0
PMT-0290,F-29,2022-02-01,8593.19,95.52,10.6
PMT-0290,F-29,2022-03-01,10131.67,96.95,18.3
PMT-0290,F-29,2022-04-01,12024.84,95.15,23.0
PMT-0290,F-29,2022-05-01,13494.33,99.45,30.3
PMT-0290,F-29,2022-06-01,14070.77,95.45,35.0
PMT-0290,F-29,2022-07-01,13459.23,95.37,29.8
PMT-0290,F-29,2022-08-01,11968.17,92.98,25.2
PMT-0290,F-29,2022-09-01,10573.37,98.17,18.0
PMT-0290,F-29,2022-10-01,8440.37,94.37,13.6
PMT-0290,F-29,2022-11-01,7199.19,96.69,7.1
PMT-0290,F-29,2022-12-01,6524.3,96.46,4.4
PMT-0290,F-29,2023-01-01,7260.56,89.03,4.4
PMT-0290,F-29,2023-02-01,8408.89,93.08,9.2
PMT-0290,F-29,2023-03-01,10878.74,95.84,18.9
PMT-0290,F-29,2023-04-01,11561.71,100.0,24.9
PMT-0290,F-29,2023-05-01,13250.4,95.59,28.7
PMT-0290,F-29,2023-06-01,13821.0,93.64,32.7
PMT-0290,F-29,2023-07-01,13585.19,95.81,29.9
PMT-0290,F-29,2023-08-01,12017.53,96.07,23.3
PMT-0290,F-29,2023-09-01,10330.86,93.38,17.1
PMT-0290,F-29,2023-10-01,8425.89,93.11,10.7
PMT-0290,F-29,2023-11-01,7158.69,97.01,5.1
PMT-0290,F-29,2023-12-01,6715.46,91.41,3.1
PMT-0290,F-29,2024-01-01,7189.85,99.1,7.2
PMT-0290,F-29,2024-02-01,8181.7,96.18,11.6
PMT-0290,F-29,2024-03-01,10090.16,93.91,16.3
PMT-0290,F-29,2024-04-01,12185.58,91.48,26.4
PMT-0290,F-29,2024-05-01,13341.16,91.77,29.7
PMT-0290,F-29,2024-06-01,13675.55,92.87,31.4
PMT-0290,F-29,2024-07-01,12975.5,94.62,31.2
PMT-0290,F-29,2024-08-01,12312.1,90.98,24.9
PMT-0290,F-29,2024-09-01,10235.67,98.43,17.4
PMT-0290,F-29,2024-10-01,8720.32,90.81,9.9
PMT-0290,F-29,2024-11-01,7011.32,92.68,4.8
PMT-0290,F-29,2024-12-01,6731.46,97.18,4.6
PMT-0291,F-30,2022-01-01,19388.29,83.94,4.6
PMT-0291,F-30,2022-02-01,21687.09,88.84,10.5
PMT-0291,F-30,2022-03-01,27793.63,85.7,18.6
PMT-0291,F-30,2022-04-01,31603.69,91.51,24.2
PMT-0291,F-30,2022-05-01,33515.3,91.66,28.8
PMT-0291,F-30,2022-06-01,37512.65,91.97,31.6
PMT-0291,F-30,2022-07-01,37016.01,86.84,31.6
PMT-0291,F-30,2022-08-01,31740.05,90.93,22.9
PMT-0291,F-30,2022-09-01,26285.45,89.4,18.5
PMT-0291,F-30,2022-10-01,22300.62,89.7,11.5
PMT-0291,F-30,2022-11-01,17768.84,93.05,5.0
PMT-0291,F-30,2022-12-01,17572.5,94.21,4.7
PMT-0291,F-30,2023-01-01,18303.5,89.31,7.2
PMT-0291,F-30,2023-02-01,21816.31,93.94,11.8
PMT-0291,F-30,2023-03-01,26924.29,88.5,18.1
PMT-0291,F-30,2023-04-01,31538.25,83.31,25.1
PMT-0291,F-30,2023-05-01,35556.29,85.37,30.5
PMT-0291,F-30,2023-06-01,36334.13,89.39,32.8
PMT-0291,F-30,2023-07-01,35148.38,88.19,30.6
PMT-0291,F-30,2023-08-01,32310.99,83.66,26.9
PMT-0291,F-30,2023-09-01,27124.3,90.02,17.4
PMT-0291,F-30,2023-10-01,22706.99,89.76,12.6
PMT-0291,F-30,2023-11-01,18427.14,84.98,6.0
PMT-0291,F-30,2023-12-01,17260.21,94.72,3.3
PMT-0291,F-30,2024-01-01,19018.7,89.53,6.2
PMT-0291,F-30,2024-02-01,22601.76,96.48,10.0
PMT-0291,F-30,2024-03-01,26996.19,91.81,19.5
PMT-0291,F-30,2024-04-01,31056.74,90.66,24.5
PMT-0291,F-30,2024-05-01,34946.84,85.43,29.3
PMT-0291,F-30,2024-06-01,36157.16,88.74,32.1
PMT-0291,F-30,2024-07-01,36661.92,88.11,30.1
PMT-0291,F-30,2024-08-01,30759.8,84.82,25.0
PMT-0291,F-30,2024-09-01,26576.34,87.56,18.8
PMT-0291,F-30,2024-10-01,22369.46,93.1,9.9
PMT-0291,F-30,2024-11-01,19204.49,86.86,4.7
PMT-0291,F-30,2024-12-01,17052.74,87.39,2.1
PMT-0292,F-30,2022-01-01,10003.88,88.35,7.7
PMT-0292,F-30,2022-02-01,11426.95,91.74,13.1
PMT-0292,F-30,2022-03-01,14077.92,87.82,18.8
PMT-0292,F-30,2022-04-01,15954.25,93.22,26.1
PMT-0292,F-30,2022-05-01,18350.34,88.53,30.4
PMT-0292,F-30,2022-06-01,18648.36,88.2,34.0
PMT-0292,F-30,2022-07-01,19043.73,93.29,31.1
PMT-0292,F-30,2022-08-01,16393.38,90.3,25.2
PMT-0292,F-30,2022-09-01,14017.07,85.05,18.2
PMT-0292,F-30,2022-10-01,11406.91,87.64,10.5
PMT-0292,F-30,2022-11-01,9300.22,90.3,6.7
PMT-0292,F-30,2022-12-01,9149.4,88.46,6.2
PMT-0292,F-30,2023-01-01,9738.73,84.7,6.4
PMT-0292,F-30,2023-02-01,11220.57,87.67,9.5
PMT-0292,F-30,2023-03-01,13677.46,90.69,18.2
PMT-0292,F-30,2023-04-01,16063.29,91.14,24.5
PMT-0292,F-30,2023-05-01,18570.85,89.0,30.0
PMT-0292,F-30,2023-06-01,17724.92,88.47,31.7
PMT-0292,F-30,2023-07-01,19130.16,87.14,31.2
PMT-0292,F-30,2023-08-01,16232.21,85.35,23.8
PMT-0292,F-30,2023-09-01,14072.58,84.65,16.3
PMT-0292,F-30,2023-10-01,11439.17,92.32,11.6
PMT-0292,F-30,2023-11-01,9461.53,86.37,4.4
PMT-0292,F-30,2023-12-01,9391.91,88.94,3.0
PMT-0292,F-30,2024-01-01,9530.5,84.81,5.5
PMT-0292,F-30,2024-02-01,11309.04,93.56,11.4
PMT-0292,F-30,2024-03-01,14136.26,86.64,20.1
PMT-0292,F-30,2024-04-01,16438.46,87.01,24.6
PMT-0292,F-30,2024-05-01,17440.92,88.89,28.5
PMT-0292,F-30,2024-06-01,19507.57,81.75,31.1
PMT-0292,F-30,2024-07-01,18306.48,86.2,30.3
PMT-0292,F-30,2024-08-01,16459.16,87.63,24.1
PMT-0292,F-30,2024-09-01,14206.84,88.79,17.9
PMT-0292,F-30,2024-10-01,11610.54,90.44,10.6
PMT-0292,F-30,2024-11-01,10315.77,87.01,6.7
PMT-0292,F-30,2024-12-01,8617.22,91.08,4.2
PMT-0293,F-30,2022-01-01,17775.08,86.89,7.1
PMT-0293,F-30,2022-02-01,22145.18,90.25,11.4
PMT-0293,F-30,2022-03-01,27381.22,89.65,17.7
PMT-0293,F-30,2022-04-01,32045.29,89.5,26.1
PMT-0293,F-30,2022-05-01,35777.84,84.41,28.9
PMT-0293,F-30,2022-06-01,38102.25,87.04,32.5
PMT-0293,F-30,2022-07-01,34509.44,88.28,28.9
PMT-0293,F-30,2022-08-01,31209.82,91.88,24.8
PMT-0293,F-30,2022-09-01,27052.71,85.84,17.5
PMT-0293,F-30,2022-10-01,22069.67,86.61,9.9
PMT-0293,F-30,2022-11-01,18103.62,97.92,5.2
PMT-0293,F-30,2022-12-01,16347.64,89.77,2.1
PMT-0293,F-30,2023-01-01,18034.85,88.67,5.3
PMT-0293,F-30,2023-02-01,21830.38,83.56,12.0
PMT-0293,F-30,2023-03-01,26039.3,84.29,18.7
PMT-0293,F-30,2023-04-01,31449.93,93.11,24.8
PMT-0293,F-30,2023-05-01,35180.17,89.43,32.7
PMT-0293,F-30,2023-06-01,35616.8,86.44,31.6
PMT-0293,F-30,2023-07-01,34404.23,86.16,29.0
PMT-0293,F-30,2023-08-01,30567.47,87.24,24.2
PMT-0293,F-30,2023-09-01,24935.19,90.25,17.5
PMT-0293,F-30,2023-10-01,21574.82,89.06,13.5
PMT-0293,F-30,2023-11-01,17570.1,88.61,6.7
PMT-0293,F-30,2023-12-01,17128.34,88.35,2.9
PMT-0293,F-30,2024-01-01,19077.4,84.7,4.8
PMT-0293,F-30,2024-02-01,21397.61,95.17,9.7
PMT-0293,F-30,2024-03-01,26609.6,89.82,18.5
PMT-0293,F-30,2024-04-01,30600.8,88.85,24.1
PMT-0293,F-30,2024-05-01,33842.38,84.59,31.9
PMT-0293,F-30,2024-06-01,37398.04,91.69,33.1
PMT-0293,F-30,2024-07-01,34720.61,90.57,31.1
PMT-0293,F-30,2024-08-01,31413.25,83.08,27.0
PMT-0293,F-30,2024-09-01,24991.86,90.26,17.7
PMT-0293,F-30,2024-10-01,20234.87,88.7,11.0
PMT-0293,F-30,2024-11-01,18574.89,81.77,5.1
PMT-0293,F-30,2024-12-01,16765.2,91.59,3.8
PMT-0294,F-30,2022-01-01,10120.25,92.8,8.2
PMT-0294,F-30,2022-02-01,12248.94,85.98,10.7
PMT-0294,F-30,2022-03-01,14607.82,92.51,19.1
PMT-0294,F-30,2022-04-01,17317.59,89.2,26.4
PMT-0294,F-30,2022-05-01,19266.2,90.77,29.8
PMT-0294,F-30,2022-06-01,19607.25,89.17,31.1
PMT-0294,F-30,2022-07-01,18761.03,88.69,31.5
PMT-0294,F-30,2022-08-01,17432.83,86.43,23.9
PMT-0294,F-30,2022-09-01,14727.13,87.43,16.2
PMT-0294,F-30,2022-10-01,12178.85,89.75,11.8
PMT-0294,F-30,2022-11-01,10391.61,87.75,6.3
PMT-0294,F-30,2022-12-01,9805.07,86.1,3.0
PMT-0294,F-30,2023-01-01,10101.58,85.04,6.2
PMT-0294,F-30,2023-02-01,12092.55,90.69,11.8
PMT-0294,F-30,2023-03-01,14391.14,90.53,17.0
PMT-0294,F-30,2023-04-01,17802.84,91.25,24.6
PMT-0294,F-30,2023-05-01,19533.86,92.63,30.5
PMT-0294,F-30,2023-06-01,19473.77,84.88,31.6
PMT-0294,F-30,2023-07-01,19425.67,89.28,30.2
PMT-0294,F-30,2023-08-01,16960.29,89.68,26.0
PMT-0294,F-30,2023-09-01,14624.38,91.48,18.1
PMT-0294,F-30,2023-10-01,12183.98,86.87,9.6
PMT-0294,F-30,2023-11-01,10089.54,91.7,7.5
PMT-0294,F-30,2023-12-01,9573.87,87.99,3.6
PMT-0294,F-30,2024-01-01,10174.51,89.79,4.0
PMT-0294,F-30,2024-02-01,12665.25,90.65,12.4
PMT-0294,F-30,2024-03-01,15128.27,89.56,17.6
PMT-0294,F-30,2024-04-01,17237.95,87.4,23.2
PMT-0294,F-30,2024-05-01,19556.8,91.66,30.5
PMT-0294,F-30,2024-06-01,19586.46,90.15,33.6
PMT-0294,F-30,2024-07-01,19483.68,90.26,31.2
PMT-0294,F-30,2024-08-01,17167.28,90.44,23.5
PMT-0294,F-30,2024-09-01,14734.16,88.08,15.3
PMT-0294,F-30,2024-10-01,12093.53,83.03,9.2
PMT-0294,F-30,2024-11-01,10357.01,87.03,6.3
PMT-0294,F-30,2024-12-01,9551.91,82.64,5.1
PMT-0295,F-30,2022-01-01,12424.62,90.11,4.3
PMT-0295,F-30,2022-02-01,14742.44,88.94,12.1
PMT-0295,F-30,2022-03-01,17453.45,89.87,18.6
PMT-0295,F-30,2022-04-01,20196.63,86.04,24.1
PMT-0295,F-30,2022-05-01,23146.39,88.0,30.7
PMT-0295,F-30,2022-06-01,23893.24,86.23,30.2
PMT-0295,F-30,2022-07-01,22324.31,93.76,28.8
PMT-0295,F-30,2022-08-01,20706.95,93.07,22.9
PMT-0295,F-30,2022-09-01,17685.51,86.15,16.5
PMT-0295,F-30,2022-10-01,14695.78,89.91,10.1
PMT-0295,F-30,2022-11-01,12711.97,91.73,5.0
PMT-0295,F-30,2022-12-01,11588.68,83.68,5.1
PMT-0295,F-30,2023-01-01,12323.16,80.89,4.7
PMT-0295,F-30,2023-02-01,14773.14,86.53,10.2
PMT-0295,F-30,2023-03-01,17350.48,85.43,17.1
PMT-0295,F-30,2023-04-01,21233.85,91.98,24.6
PMT-0295,F-30,2023-05-01,22802.73,91.17,31.9
PMT-0295,F-30,2023-06-01,24172.42,87.48,30.8
PMT-0295,F-30,2023-07-01,23763.76,86.4,30.8
PMT-0295,F-30,2023-08-01,20535.28,90.7,24.3
PMT-0295,F-30,2023-09-01,17639.42,88.03,17.6
PMT-0295,F-30,2023-10-01,14676.24,92.22,12.1
PMT-0295,F-30,2023-11-01,12142.57,89.97,5.0
PMT-0295,F-30,2023-12-01,11631.15,91.34,4.7
PMT-0295,F-30,2024-01-01,12288.61,86.93,5.3
PMT-0295,F-30,2024-02-01,14019.05,88.45,8.7
PMT-0295,F-30,2024-03-01,18024.88,90.04,15.3
PMT-0295,F-30,2024-04-01,20464.43,83.89,25.0
PMT-0295,F-30,2024-05-01,22242.83,87.32,29.6
PMT-0295,F-30,2024-06-01,24214.84,93.99,34.2
PMT-0295,F-30,2024-07-01,22817.64,89.79,29.2
PMT-0295,F-30,2024-08-01,21074.12,92.94,25.2
PMT-0295,F-30,2024-09-01,17750.34,87.8,18.9
PMT-0295,F-30,2024-10-01,14364.33,87.74,12.3
PMT-0295,F-30,2024-11-01,12073.31,93.81,4.5
PMT-0295,F-30,2024-12-01,11615.28,88.69,4.5
PMT-0296,F-30,2022-01-01,8558.85,88.57,3.4
PMT-0296,F-30,2022-02-01,10224.48,86.09,11.7
PMT-0296,F-30,2022-03-01,12516.26,84.61,17.7
PMT-0296,F-30,2022-04-01,14636.46,87.95,24.7
PMT-0296,F-30,2022-05-01,16017.72,80.27,30.8
PMT-0296,F-30,2022-06-01,16507.26,87.17,33.0
PMT-0296,F-30,2022-07-01,16293.06,88.94,32.2
PMT-0296,F-30,2022-08-01,14094.53,89.89,23.2
PMT-0296,F-30,2022-09-01,12195.92,85.48,14.1
PMT-0296,F-30,2022-10-01,10128.0,86.74,10.7
PMT-0296,F-30,2022-11-01,8485.64,86.53,3.7
PMT-0296,F-30,2022-12-01,8117.31,93.1,6.3
PMT-0296,F-30,2023-01-01,8634.32,94.06,5.3
PMT-0296,F-30,2023-02-01,9988.43,93.77,11.7
PMT-0296,F-30,2023-03-01,12139.97,92.15,20.1
PMT-0296,F-30,2023-04-01,14623.35,87.58,24.1
PMT-0296,F-30,2023-05-01,16128.56,88.07,27.7
PMT-0296,F-30,2023-06-01,16467.44,85.29,32.4
PMT-0296,F-30,2023-07-01,15844.28,82.45,28.3
PMT-0296,F-30,2023-08-01,14445.85,87.53,25.0
PMT-0296,F-30,2023-09-01,12003.79,92.22,16.1
PMT-0296,F-30,2023-10-01,10100.22,93.2,11.7
PMT-0296,F-30,2023-11-01,8685.22,84.84,6.9
PMT-0296,F-30,2023-12-01,8077.47,86.69,5.2
PMT-0296,F-30,2024-01-01,8544.95,90.32,6.1
PMT-0296,F-30,2024-02-01,10270.88,85.73,13.1
PMT-0296,F-30,2024-03-01,12451.29,91.46,19.2
PMT-0296,F-30,2024-04-01,14413.48,88.6,25.3
PMT-0296,F-30,2024-05-01,15927.56,86.37,30.4
PMT-0296,F-30,2024-06-01,16484.5,89.17,34.1
PMT-0296,F-30,2024-07-01,15806.05,90.8,29.8
PMT-0296,F-30,2024-08-01,14391.97,91.58,25.1
PMT-0296,F-30,2024-09-01,12299.98,85.78,17.0
PMT-0296,F-30,2024-10-01,10182.58,90.34,10.1
PMT-0296,F-30,2024-11-01,8682.84,86.24,5.1
PMT-0296,F-30,2024-12-01,8076.1,85.91,2.2
PMT-0297,F-30,2022-01-01,16520.33,89.05,4.9
PMT-0297,F-30,2022-02-01,20094.52,91.54,12.4
PMT-0297,F-30,2022-03-01,24866.17,86.91,17.7
PMT-0297,F-30,2022-04-01,28426.71,85.06,26.7
PMT-0297,F-30,2022-05-01,31922.22,87.57,31.7
PMT-0297,F-30,2022-06-01,33058.83,82.65,31.3
PMT-0297,F-30,2022-07-01,32009.74,85.95,30.4
PMT-0297,F-30,2022-08-01,27989.92,88.49,25.7
PMT-0297,F-30,2022-09-01,23923.88,90.16,17.7
PMT-0297,F-30,2022-10-01,20309.27,89.86,11.8
PMT-0297,F-30,2022-11-01,16791.53,87.38,5.9
PMT-0297,F-30,2022-12-01,15194.29,88.09,4.7
PMT-0297,F-30,2023-01-01,16767.46,85.25,8.5
PMT-0297,F-30,2023-02-01,20431.68,93.78,10.0
PMT-0297,F-30,2023-03-01,24143.43,81.6,17.8
PMT-0297,F-30,2023-04-01,28099.36,91.66,25.4
PMT-0297,F-30,2023-05-01,31469.37,89.24,30.6
PMT-0297,F-30,2023-06-01,32176.44,89.52,32.2
PMT-0297,F-30,2023-07-01,31375.67,87.42,28.2
PMT-0297,F-30,2023-08-01,28223.71,87.03,24.0
PMT-0297,F-30,2023-09-01,24397.22,90.25,18.4
PMT-0297,F-30,2023-10-01,19941.86,90.8,10.3
PMT-0297,F-30,2023-11-01,16521.64,92.95,6.5
PMT-0297,F-30,2023-12-01,15315.48,90.6,4.5
PMT-0297,F-30,2024-01-01,17018.46,90.17,7.3
PMT-0297,F-30,2024-02-01,19283.39,88.06,9.8
PMT-0297,F-30,2024-03-01,24495.36,80.86,16.6
PMT-0297,F-30,2024-04-01,28797.06,84.46,22.9
PMT-0297,F-30,2024-05-01,31358.11,89.82,31.9
PMT-0297,F-30,2024-06-01,32942.67,88.22,31.6
PMT-0297,F-30,2024-07-01,31529.81,89.05,30.2
PMT-0297,F-30,2024-08-01,29206.19,90.72,26.4
PMT-0297,F-30,2024-09-01,24764.12,90.77,15.4
PMT-0297,F-30,2024-10-01,19777.23,84.14,13.5
PMT-0297,F-30,2024-11-01,16213.91,84.74,4.9
PMT-0297,F-30,2024-12-01,15760.19,84.13,4.2
PMT-0298,F-30,2022-01-01,18046.37,79.74,6.6
PMT-0298,F-30,2022-02-01,23034.77,90.75,9.9
PMT-0298,F-30,2022-03-01,27623.57,91.27,16.1
PMT-0298,F-30,2022-04-01,32072.83,92.8,25.1
PMT-0298,F-30,2022-05-01,36801.53,82.38,28.3
PMT-0298,F-30,2022-06-01,39020.9,83.87,32.6
PMT-0298,F-30,2022-07-01,35952.59,88.32,29.8
PMT-0298,F-30,2022-08-01,31471.8,88.14,25.4
PMT-0298,F-30,2022-09-01,27668.85,86.84,17.7
PMT-0298,F-30,2022-10-01,21445.87,91.0,12.3
PMT-0298,F-30,2022-11-01,18428.71,93.43,6.8
PMT-0298,F-30,2022-12-01,17542.51,94.14,4.3
PMT-0298,F-30,2023-01-01,18784.41,83.75,5.5
PMT-0298,F-30,2023-02-01,22415.42,88.55,13.0
PMT-0298,F-30,2023-03-01,28320.83,87.87,17.1
PMT-0298,F-30,2023-04-01,30734.87,86.64,24.6
PMT-0298,F-30,2023-05-01,36405.6,86.18,30.9
PMT-0298,F-30,2023-06-01,37156.4,83.06,32.1
PMT-0298,F-30,2023-07-01,35655.1,87.05,31.0
PMT-0298,F-30,2023-08-01,30520.88,88.29,24.7
PMT-0298,F-30,2023-09-01,26377.1,86.22,17.2
PMT-0298,F-30,2023-10-01,21162.34,81.96,11.3
PMT-0298,F-30,2023-11-01,18685.24,92.73,6.7
PMT-0298,F-30,2023-12-01,17376.69,91.63,2.4
PMT-0298,F-30,2024-01-01,19882.34,86.63,5.4
PMT-0298,F-30,2024-02-01,22457.15,84.69,12.8
PMT-0298,F-30,2024-03-01,27512.99,90.82,16.8
PMT-0298,F-30,2024-04-01,32381.84,86.61,25.1
PMT-0298,F-30,2024-05-01,35546.51,91.19,28.4
PMT-0298,F-30,2024-06-01,37255.57,92.83,32.6
PMT-0298,F-30,2024-07-01,36967.8,87.61,28.9
PMT-0298,F-30,2024-08-01,31319.04,90.24,24.7
PMT-0298,F-30,2024-09-01,26681.09,88.51,18.8
PMT-0298,F-30,2024-10-01,22049.33,89.42,7.9
PMT-0298,F-30,2024-11-01,17938.36,87.55,6.5
PMT-0298,F-30,2024-12-01,16654.62,90.03,4.5
PMT-0299,F-30,2022-01-01,9271.06,86.99,6.8
PMT-0299,F-30,2022-02-01,10732.63,83.62,11.4
PMT-0299,F-30,2022-03-01,13354.03,93.8,18.1
PMT-0299,F-30,2022-04-01,15501.27,85.44,26.3
PMT-0299,F-30,2022-05-01,17710.48,89.11,29.7
PMT-0299,F-30,2022-06-01,18123.01,93.08,31.5
PMT-0299,F-30,2022-07-01,17411.43,93.62,29.2
PMT-0299,F-30,2022-08-01,15785.82,93.02,24.4
PMT-0299,F-30,2022-09-01,13482.52,85.76,19.3
PMT-0299,F-30,2022-10-01,11058.37,90.24,12.1
PMT-0299,F-30,2022-11-01,9320.98,87.89,6.2
PMT-0299,F-30,2022-12-01,8674.21,92.94,3.1
PMT-0299,F-30,2023-01-01,9544.83,93.56,5.9
PMT-0299,F-30,2023-02-01,10881.96,92.34,10.8
PMT-0299,F-30,2023-03-01,13396.01,91.23,17.7
PMT-0299,F-30,2023-04-01,15702.37,85.88,21.5
PMT-0299,F-30,2023-05-01,16927.55,86.91,29.3
PMT-0299,F-30,2023-06-01,18255.78,90.89,31.1
PMT-0299,F-30,2023-07-01,17152.94,91.04,29.8
PMT-0299,F-30,2023-08-01,15270.09,93.62,25.4
PMT-0299,F-30,2023-09-01,13488.0,91.23,19.1
PMT-0299,F-30,2023-10-01,10906.1,92.05,10.7
PMT-0299,F-30,2023-11-01,9314.77,88.05,6.0
PMT-0299,F-30,2023-12-01,8831.79,88.15,5.0
PMT-0299,F-30,2024-01-01,9221.66,88.37,6.1
PMT-0299,F-30,2024-02-01,11275.71,85.98,13.4
PMT-0299,F-30,2024-03-01,13247.65,88.99,16.9
PMT-0299,F-30,2024-04-01,15348.99,93.2,24.8
PMT-0299,F-30,2024-05-01,16916.18,91.92,31.3
PMT-0299,F-30,2024-06-01,17757.01,89.9,32.9
PMT-0299,F-30,2024-07-01,17527.39,86.59,32.2
PMT-0299,F-30,2024-08-01,15482.45,91.53,25.2
PMT-0299,F-30,2024-09-01,13844.19,87.57,16.4
PMT-0299,F-30,2024-10-01,11183.45,87.3,10.1
PMT-0299,F-30,2024-11-01,9323.93,85.4,3.8
PMT-0299,F-30,2024-12-01,8776.2,89.12,3.0
PMT-0300,F-30,2022-01-01,10015.45,91.37,4.8
PMT-0300,F-30,2022-02-01,11570.71,90.31,12.0
PMT-0300,F-30,2022-03-01,14083.78,94.02,18.5
PMT-0300,F-30,2022-04-01,16659.07,92.52,26.0
PMT-0300,F-30,2022-05-01,18335.42,88.89,27.9
PMT-0300,F-30,2022-06-01,19086.88,83.65,31.5
PMT-0300,F-30,2022-07-01,18485.52,90.71,30.7
PMT-0300,F-30,2022-08-01,16492.99,86.01,24.5
PMT-0300,F-30,2022-09-01,14037.4,91.32,21.0
PMT-0300,F-30,2022-10-01,11555.87,89.58,10.1
PMT-0300,F-30,2022-11-01,9786.15,90.54,4.8
PMT-0300,F-30,2022-12-01,9266.77,86.88,4.0
PMT-0300,F-30,2023-01-01,9707.36,91.54,6.1
PMT-0300,F-30,2023-02-01,11501.48,87.43,9.6
PMT-0300,F-30,2023-03-01,13966.87,84.82,17.6
PMT-0300,F-30,2023-04-01,16322.55,89.98,24.9
PMT-0300,F-30,2023-05-01,19040.01,90.4,30.4
PMT-0300,F-30,2023-06-01,19480.55,85.78,31.3
PMT-0300,F-30,2023-07-01,18785.02,81.21,31.0
PMT-0300,F-30,2023-08-01,16379.59,89.19,27.0
PMT-0300,F-30,2023-09-01,14096.28,88.34,17.5
PMT-0300,F-30,2023-10-01,11658.6,85.48,12.4
PMT-0300,F-30,2023-11-01,9808.79,89.0,4.5
PMT-0300,F-30,2023-12-01,9158.41,90.79,4.1
PMT-0300,F-30,2024-01-01,9818.31,95.81,5.9
PMT-0300,F-30,2024-02-01,11705.74,88.72,11.6
PMT-0300,F-30,2024-03-01,13811.8,88.75,19.9
PMT-0300,F-30,2024-04-01,16085.38,89.69,23.4
PMT-0300,F-30,2024-05-01,17851.82,86.64,28.9
PMT-0300,F-30,2024-06-01,18992.52,85.42,32.1
PMT-0300,F-30,2024-07-01,18433.77,83.93,28.8
PMT-0300,F-30,2024-08-01,16445.99,86.52,23.2
PMT-0300,F-30,2024-09-01,14104.61,88.12,16.0
PMT-0300,F-30,2024-10-01,11645.29,91.32,11.0
PMT-0300,F-30,2024-11-01,9816.84,98.12,5.0
PMT-0300,F-30,2024-12-01,9073.32,90.55,3.8
